estimator,source,window,pool,pool_type,domain,cell,p_kind,J,tur_rank,p,floor,floor_kind,at_floor,p_lt_010,floor_lt_010,estimate,T
SDiD,sdid/sdid_results.csv,post2015,stable_all_oecd,istikrarlı OECD,math,,p_rank,5,1/6,0.167,0.1667,1/(J+1),True,False,False,12.85,
SDiD,sdid/sdid_results.csv,post2015,stable_all_oecd,istikrarlı OECD,reading,,p_rank,5,1/6,0.167,0.1667,1/(J+1),True,False,False,7.47,
SDiD,sdid/sdid_results.csv,post2015,stable_all_oecd,istikrarlı OECD,science,,p_rank,8,5/9,0.556,0.1111,1/(J+1),False,False,False,3.33,
SDiD,sdid/sdid_results.csv,post2015,stable_plus_ambiguous_oecd,belirsizler eklenmiş,math,,p_rank,8,2/9,0.222,0.1111,1/(J+1),False,False,False,23.88,
SDiD,sdid/sdid_results.csv,post2015,stable_plus_ambiguous_oecd,belirsizler eklenmiş,reading,,p_rank,8,4/9,0.444,0.1111,1/(J+1),False,False,False,10.11,
SDiD,sdid/sdid_results.csv,post2015,stable_plus_ambiguous_oecd,belirsizler eklenmiş,science,,p_rank,13,7/14,0.5,0.0714,1/(J+1),False,False,True,6.38,
SDiD,sdid/sdid_results.csv,post2015,all_participants,tüm katılımcılar,math,,p_rank,10,6/11,0.545,0.0909,1/(J+1),False,False,True,12.07,
SDiD,sdid/sdid_results.csv,post2015,all_participants,tüm katılımcılar,reading,,p_rank,10,7/11,0.636,0.0909,1/(J+1),False,False,True,10.13,
SDiD,sdid/sdid_results.csv,post2015,all_participants,tüm katılımcılar,science,,p_rank,18,8/19,0.421,0.0526,1/(J+1),False,False,True,-15.97,
SDiD,sdid/sdid_results.csv,post2018,stable_all_oecd,istikrarlı OECD,math,,p_rank,5,1/6,0.167,0.1667,1/(J+1),True,False,False,45.55,
SDiD,sdid/sdid_results.csv,post2018,stable_all_oecd,istikrarlı OECD,reading,,p_rank,5,1/6,0.167,0.1667,1/(J+1),True,False,False,20.5,
SDiD,sdid/sdid_results.csv,post2018,stable_all_oecd,istikrarlı OECD,science,,p_rank,8,1/9,0.111,0.1111,1/(J+1),True,False,False,45.98,
SDiD,sdid/sdid_results.csv,post2018,stable_plus_ambiguous_oecd,belirsizler eklenmiş,math,,p_rank,8,1/9,0.111,0.1111,1/(J+1),True,False,False,52.83,
SDiD,sdid/sdid_results.csv,post2018,stable_plus_ambiguous_oecd,belirsizler eklenmiş,reading,,p_rank,8,1/9,0.111,0.1111,1/(J+1),True,False,False,42.34,
SDiD,sdid/sdid_results.csv,post2018,stable_plus_ambiguous_oecd,belirsizler eklenmiş,science,,p_rank,13,1/14,0.071,0.0714,1/(J+1),True,True,True,56.37,
SDiD,sdid/sdid_results.csv,post2018,all_participants,tüm katılımcılar,math,,p_rank,10,1/11,0.091,0.0909,1/(J+1),True,True,True,51.77,
SDiD,sdid/sdid_results.csv,post2018,all_participants,tüm katılımcılar,reading,,p_rank,10,1/11,0.091,0.0909,1/(J+1),True,True,True,53.55,
SDiD,sdid/sdid_results.csv,post2018,all_participants,tüm katılımcılar,science,,p_rank,18,1/19,0.053,0.0526,1/(J+1),True,True,True,57.61,
SC ön-dönem arındırılmış (ablasyon),donor_ablation/ablation_grid.csv,2015–2025,c1=True;c2=L1;c3=on;c4=True,istikrarlı OECD,math,A_ladder:S0:none,p_gap,5,1/6,0.167,0.1667,1/(J+1),True,False,False,26.2,
SC ön-dönem arındırılmış (ablasyon),donor_ablation/ablation_grid.csv,2015–2025,c1=True;c2=L1;c3=on;c4=True,istikrarlı OECD,math,A_ladder:S0:none,p_ratio,5,2/6,0.333,0.1667,1/(J+1),False,False,False,26.2,
SC ön-dönem arındırılmış (ablasyon),donor_ablation/ablation_grid.csv,2015–2025,c1=True;c2=L1;c3=on;c4=True,istikrarlı OECD,reading,A_ladder:S0:none,p_gap,5,2/6,0.333,0.1667,1/(J+1),False,False,False,7.6,
SC ön-dönem arındırılmış (ablasyon),donor_ablation/ablation_grid.csv,2015–2025,c1=True;c2=L1;c3=on;c4=True,istikrarlı OECD,reading,A_ladder:S0:none,p_ratio,5,1/6,0.167,0.1667,1/(J+1),True,False,False,7.6,
SC ön-dönem arındırılmış (ablasyon),donor_ablation/ablation_grid.csv,2015–2025,c1=True;c2=L1;c3=on;c4=True,istikrarlı OECD,science,A_ladder:S0:none,p_gap,8,2/9,0.222,0.1111,1/(J+1),False,False,False,20.2,
SC ön-dönem arındırılmış (ablasyon),donor_ablation/ablation_grid.csv,2015–2025,c1=True;c2=L1;c3=on;c4=True,istikrarlı OECD,science,A_ladder:S0:none,p_ratio,8,8/9,0.889,0.1111,1/(J+1),False,False,False,20.2,
SC ön-dönem arındırılmış (ablasyon),donor_ablation/ablation_grid.csv,2015–2025,c1=False;c2=L1;c3=on;c4=True,tüm katılımcılar,math,A_ladder:S1:C1,p_gap,5,1/6,0.167,0.1667,1/(J+1),True,False,False,26.2,
SC ön-dönem arındırılmış (ablasyon),donor_ablation/ablation_grid.csv,2015–2025,c1=False;c2=L1;c3=on;c4=True,tüm katılımcılar,math,A_ladder:S1:C1,p_ratio,5,2/6,0.333,0.1667,1/(J+1),False,False,False,26.2,
SC ön-dönem arındırılmış (ablasyon),donor_ablation/ablation_grid.csv,2015–2025,c1=False;c2=L1;c3=on;c4=True,tüm katılımcılar,reading,A_ladder:S1:C1,p_gap,5,2/6,0.333,0.1667,1/(J+1),False,False,False,7.6,
SC ön-dönem arındırılmış (ablasyon),donor_ablation/ablation_grid.csv,2015–2025,c1=False;c2=L1;c3=on;c4=True,tüm katılımcılar,reading,A_ladder:S1:C1,p_ratio,5,1/6,0.167,0.1667,1/(J+1),True,False,False,7.6,
SC ön-dönem arındırılmış (ablasyon),donor_ablation/ablation_grid.csv,2015–2025,c1=False;c2=L1;c3=on;c4=True,tüm katılımcılar,science,A_ladder:S1:C1,p_gap,11,12/12,1.0,0.0833,1/(J+1),False,False,True,-36.1,
SC ön-dönem arındırılmış (ablasyon),donor_ablation/ablation_grid.csv,2015–2025,c1=False;c2=L1;c3=on;c4=True,tüm katılımcılar,science,A_ladder:S1:C1,p_ratio,11,8/12,0.667,0.0833,1/(J+1),False,False,True,-36.1,
SC ön-dönem arındırılmış (ablasyon),donor_ablation/ablation_grid.csv,2015–2025,c1=True;c2=L3;c3=on;c4=True,otokratikleşenleri içeren,math,A_ladder:S2:C2,p_gap,16,6/17,0.353,0.0588,1/(J+1),False,False,True,8.8,
SC ön-dönem arındırılmış (ablasyon),donor_ablation/ablation_grid.csv,2015–2025,c1=True;c2=L3;c3=on;c4=True,otokratikleşenleri içeren,math,A_ladder:S2:C2,p_ratio,16,8/17,0.471,0.0588,1/(J+1),False,False,True,8.8,
SC ön-dönem arındırılmış (ablasyon),donor_ablation/ablation_grid.csv,2015–2025,c1=True;c2=L3;c3=on;c4=True,otokratikleşenleri içeren,reading,A_ladder:S2:C2,p_gap,16,8/17,0.471,0.0588,1/(J+1),False,False,True,0.6,
SC ön-dönem arındırılmış (ablasyon),donor_ablation/ablation_grid.csv,2015–2025,c1=True;c2=L3;c3=on;c4=True,otokratikleşenleri içeren,reading,A_ladder:S2:C2,p_ratio,16,8/17,0.471,0.0588,1/(J+1),False,False,True,0.6,
SC ön-dönem arındırılmış (ablasyon),donor_ablation/ablation_grid.csv,2015–2025,c1=True;c2=L3;c3=on;c4=True,otokratikleşenleri içeren,science,A_ladder:S2:C2,p_gap,22,3/23,0.13,0.0435,1/(J+1),False,False,True,28.2,
SC ön-dönem arındırılmış (ablasyon),donor_ablation/ablation_grid.csv,2015–2025,c1=True;c2=L3;c3=on;c4=True,otokratikleşenleri içeren,science,A_ladder:S2:C2,p_ratio,22,21/23,0.913,0.0435,1/(J+1),False,False,True,28.2,
SC ön-dönem arındırılmış (ablasyon),donor_ablation/ablation_grid.csv,2015–2025,c1=True;c2=L1;c3=off;c4=True,istikrarlı OECD,math,A_ladder:S3:C3,p_gap,5,1/6,0.167,0.1667,1/(J+1),True,False,False,26.2,
SC ön-dönem arındırılmış (ablasyon),donor_ablation/ablation_grid.csv,2015–2025,c1=True;c2=L1;c3=off;c4=True,istikrarlı OECD,math,A_ladder:S3:C3,p_ratio,5,2/6,0.333,0.1667,1/(J+1),False,False,False,26.2,
SC ön-dönem arındırılmış (ablasyon),donor_ablation/ablation_grid.csv,2015–2025,c1=True;c2=L1;c3=off;c4=True,istikrarlı OECD,reading,A_ladder:S3:C3,p_gap,5,2/6,0.333,0.1667,1/(J+1),False,False,False,7.6,
SC ön-dönem arındırılmış (ablasyon),donor_ablation/ablation_grid.csv,2015–2025,c1=True;c2=L1;c3=off;c4=True,istikrarlı OECD,reading,A_ladder:S3:C3,p_ratio,5,1/6,0.167,0.1667,1/(J+1),True,False,False,7.6,
SC ön-dönem arındırılmış (ablasyon),donor_ablation/ablation_grid.csv,2015–2025,c1=True;c2=L1;c3=off;c4=True,istikrarlı OECD,science,A_ladder:S3:C3,p_gap,8,2/9,0.222,0.1111,1/(J+1),False,False,False,20.2,
SC ön-dönem arındırılmış (ablasyon),donor_ablation/ablation_grid.csv,2015–2025,c1=True;c2=L1;c3=off;c4=True,istikrarlı OECD,science,A_ladder:S3:C3,p_ratio,8,8/9,0.889,0.1111,1/(J+1),False,False,False,20.2,
SC ön-dönem arındırılmış (ablasyon),donor_ablation/ablation_grid.csv,2015–2025,c1=True;c2=L1;c3=on;c4=False,istikrarlı OECD,math,A_ladder:S4:C4,p_gap,12,1/13,0.077,0.0769,1/(J+1),True,True,True,26.2,
SC ön-dönem arındırılmış (ablasyon),donor_ablation/ablation_grid.csv,2015–2025,c1=True;c2=L1;c3=on;c4=False,istikrarlı OECD,math,A_ladder:S4:C4,p_ratio,12,10/13,0.769,0.0769,1/(J+1),False,False,True,26.2,
SC ön-dönem arındırılmış (ablasyon),donor_ablation/ablation_grid.csv,2015–2025,c1=True;c2=L1;c3=on;c4=False,istikrarlı OECD,reading,A_ladder:S4:C4,p_gap,12,6/13,0.462,0.0769,1/(J+1),False,False,True,3.7,
SC ön-dönem arındırılmış (ablasyon),donor_ablation/ablation_grid.csv,2015–2025,c1=True;c2=L1;c3=on;c4=False,istikrarlı OECD,reading,A_ladder:S4:C4,p_ratio,12,7/13,0.538,0.0769,1/(J+1),False,False,True,3.7,
SC ön-dönem arındırılmış (ablasyon),donor_ablation/ablation_grid.csv,2015–2025,c1=True;c2=L1;c3=on;c4=False,istikrarlı OECD,science,A_ladder:S4:C4,p_gap,15,2/16,0.125,0.0625,1/(J+1),False,False,True,20.2,
SC ön-dönem arındırılmış (ablasyon),donor_ablation/ablation_grid.csv,2015–2025,c1=True;c2=L1;c3=on;c4=False,istikrarlı OECD,science,A_ladder:S4:C4,p_ratio,15,15/16,0.938,0.0625,1/(J+1),False,False,True,20.2,
SC ön-dönem arındırılmış (ablasyon),donor_ablation/ablation_grid.csv,2015–2025,c1=False;c2=L3;c3=on;c4=True,otokratikleşenleri içeren,math,A_ladder:S12:C1+C2,p_gap,20,6/21,0.286,0.0476,1/(J+1),False,False,True,7.3,
SC ön-dönem arındırılmış (ablasyon),donor_ablation/ablation_grid.csv,2015–2025,c1=False;c2=L3;c3=on;c4=True,otokratikleşenleri içeren,math,A_ladder:S12:C1+C2,p_ratio,20,9/21,0.429,0.0476,1/(J+1),False,False,True,7.3,
SC ön-dönem arındırılmış (ablasyon),donor_ablation/ablation_grid.csv,2015–2025,c1=False;c2=L3;c3=on;c4=True,otokratikleşenleri içeren,reading,A_ladder:S12:C1+C2,p_gap,20,9/21,0.429,0.0476,1/(J+1),False,False,True,0.6,
SC ön-dönem arındırılmış (ablasyon),donor_ablation/ablation_grid.csv,2015–2025,c1=False;c2=L3;c3=on;c4=True,otokratikleşenleri içeren,reading,A_ladder:S12:C1+C2,p_ratio,20,12/21,0.571,0.0476,1/(J+1),False,False,True,0.6,
SC ön-dönem arındırılmış (ablasyon),donor_ablation/ablation_grid.csv,2015–2025,c1=False;c2=L3;c3=on;c4=True,otokratikleşenleri içeren,science,A_ladder:S12:C1+C2,p_gap,31,31/32,0.969,0.0312,1/(J+1),False,False,True,-32.0,
SC ön-dönem arındırılmış (ablasyon),donor_ablation/ablation_grid.csv,2015–2025,c1=False;c2=L3;c3=on;c4=True,otokratikleşenleri içeren,science,A_ladder:S12:C1+C2,p_ratio,31,29/32,0.906,0.0312,1/(J+1),False,False,True,-32.0,
SC ön-dönem arındırılmış (ablasyon),donor_ablation/ablation_grid.csv,2015–2025,c1=False;c2=L1;c3=off;c4=True,tüm katılımcılar,math,A_ladder:S13:C1+C3,p_gap,5,1/6,0.167,0.1667,1/(J+1),True,False,False,26.2,
SC ön-dönem arındırılmış (ablasyon),donor_ablation/ablation_grid.csv,2015–2025,c1=False;c2=L1;c3=off;c4=True,tüm katılımcılar,math,A_ladder:S13:C1+C3,p_ratio,5,2/6,0.333,0.1667,1/(J+1),False,False,False,26.2,
SC ön-dönem arındırılmış (ablasyon),donor_ablation/ablation_grid.csv,2015–2025,c1=False;c2=L1;c3=off;c4=True,tüm katılımcılar,reading,A_ladder:S13:C1+C3,p_gap,5,2/6,0.333,0.1667,1/(J+1),False,False,False,7.6,
SC ön-dönem arındırılmış (ablasyon),donor_ablation/ablation_grid.csv,2015–2025,c1=False;c2=L1;c3=off;c4=True,tüm katılımcılar,reading,A_ladder:S13:C1+C3,p_ratio,5,1/6,0.167,0.1667,1/(J+1),True,False,False,7.6,
SC ön-dönem arındırılmış (ablasyon),donor_ablation/ablation_grid.csv,2015–2025,c1=False;c2=L1;c3=off;c4=True,tüm katılımcılar,science,A_ladder:S13:C1+C3,p_gap,11,12/12,1.0,0.0833,1/(J+1),False,False,True,-36.1,
SC ön-dönem arındırılmış (ablasyon),donor_ablation/ablation_grid.csv,2015–2025,c1=False;c2=L1;c3=off;c4=True,tüm katılımcılar,science,A_ladder:S13:C1+C3,p_ratio,11,8/12,0.667,0.0833,1/(J+1),False,False,True,-36.1,
SC ön-dönem arındırılmış (ablasyon),donor_ablation/ablation_grid.csv,2015–2025,c1=False;c2=L1;c3=on;c4=False,tüm katılımcılar,math,A_ladder:S14:C1+C4,p_gap,12,1/13,0.077,0.0769,1/(J+1),True,True,True,26.2,
SC ön-dönem arındırılmış (ablasyon),donor_ablation/ablation_grid.csv,2015–2025,c1=False;c2=L1;c3=on;c4=False,tüm katılımcılar,math,A_ladder:S14:C1+C4,p_ratio,12,10/13,0.769,0.0769,1/(J+1),False,False,True,26.2,
SC ön-dönem arındırılmış (ablasyon),donor_ablation/ablation_grid.csv,2015–2025,c1=False;c2=L1;c3=on;c4=False,tüm katılımcılar,reading,A_ladder:S14:C1+C4,p_gap,12,6/13,0.462,0.0769,1/(J+1),False,False,True,3.7,
SC ön-dönem arındırılmış (ablasyon),donor_ablation/ablation_grid.csv,2015–2025,c1=False;c2=L1;c3=on;c4=False,tüm katılımcılar,reading,A_ladder:S14:C1+C4,p_ratio,12,7/13,0.538,0.0769,1/(J+1),False,False,True,3.7,
SC ön-dönem arındırılmış (ablasyon),donor_ablation/ablation_grid.csv,2015–2025,c1=False;c2=L1;c3=on;c4=False,tüm katılımcılar,science,A_ladder:S14:C1+C4,p_gap,18,19/19,1.0,0.0526,1/(J+1),False,False,True,-36.1,
SC ön-dönem arındırılmış (ablasyon),donor_ablation/ablation_grid.csv,2015–2025,c1=False;c2=L1;c3=on;c4=False,tüm katılımcılar,science,A_ladder:S14:C1+C4,p_ratio,18,15/19,0.789,0.0526,1/(J+1),False,False,True,-36.1,
SC ön-dönem arındırılmış (ablasyon),donor_ablation/ablation_grid.csv,2015–2025,c1=True;c2=L3;c3=off;c4=True,otokratikleşenleri içeren,math,A_ladder:S23:C2+C3,p_gap,16,6/17,0.353,0.0588,1/(J+1),False,False,True,8.8,
SC ön-dönem arındırılmış (ablasyon),donor_ablation/ablation_grid.csv,2015–2025,c1=True;c2=L3;c3=off;c4=True,otokratikleşenleri içeren,math,A_ladder:S23:C2+C3,p_ratio,16,8/17,0.471,0.0588,1/(J+1),False,False,True,8.8,
SC ön-dönem arındırılmış (ablasyon),donor_ablation/ablation_grid.csv,2015–2025,c1=True;c2=L3;c3=off;c4=True,otokratikleşenleri içeren,reading,A_ladder:S23:C2+C3,p_gap,16,8/17,0.471,0.0588,1/(J+1),False,False,True,0.6,
SC ön-dönem arındırılmış (ablasyon),donor_ablation/ablation_grid.csv,2015–2025,c1=True;c2=L3;c3=off;c4=True,otokratikleşenleri içeren,reading,A_ladder:S23:C2+C3,p_ratio,16,8/17,0.471,0.0588,1/(J+1),False,False,True,0.6,
SC ön-dönem arındırılmış (ablasyon),donor_ablation/ablation_grid.csv,2015–2025,c1=True;c2=L3;c3=off;c4=True,otokratikleşenleri içeren,science,A_ladder:S23:C2+C3,p_gap,22,3/23,0.13,0.0435,1/(J+1),False,False,True,28.2,
SC ön-dönem arındırılmış (ablasyon),donor_ablation/ablation_grid.csv,2015–2025,c1=True;c2=L3;c3=off;c4=True,otokratikleşenleri içeren,science,A_ladder:S23:C2+C3,p_ratio,22,21/23,0.913,0.0435,1/(J+1),False,False,True,28.2,
SC ön-dönem arındırılmış (ablasyon),donor_ablation/ablation_grid.csv,2015–2025,c1=True;c2=L3;c3=on;c4=False,otokratikleşenleri içeren,math,A_ladder:S24:C2+C4,p_gap,26,4/27,0.148,0.037,1/(J+1),False,False,True,9.6,
SC ön-dönem arındırılmış (ablasyon),donor_ablation/ablation_grid.csv,2015–2025,c1=True;c2=L3;c3=on;c4=False,otokratikleşenleri içeren,math,A_ladder:S24:C2+C4,p_ratio,26,14/27,0.519,0.037,1/(J+1),False,False,True,9.6,
SC ön-dönem arındırılmış (ablasyon),donor_ablation/ablation_grid.csv,2015–2025,c1=True;c2=L3;c3=on;c4=False,otokratikleşenleri içeren,reading,A_ladder:S24:C2+C4,p_gap,25,12/26,0.462,0.0385,1/(J+1),False,False,True,0.6,
SC ön-dönem arındırılmış (ablasyon),donor_ablation/ablation_grid.csv,2015–2025,c1=True;c2=L3;c3=on;c4=False,otokratikleşenleri içeren,reading,A_ladder:S24:C2+C4,p_ratio,25,16/26,0.615,0.0385,1/(J+1),False,False,True,0.6,
SC ön-dönem arındırılmış (ablasyon),donor_ablation/ablation_grid.csv,2015–2025,c1=True;c2=L3;c3=on;c4=False,otokratikleşenleri içeren,science,A_ladder:S24:C2+C4,p_gap,33,2/34,0.059,0.0294,1/(J+1),False,True,True,24.2,
SC ön-dönem arındırılmış (ablasyon),donor_ablation/ablation_grid.csv,2015–2025,c1=True;c2=L3;c3=on;c4=False,otokratikleşenleri içeren,science,A_ladder:S24:C2+C4,p_ratio,33,32/34,0.941,0.0294,1/(J+1),False,False,True,24.2,
SC ön-dönem arındırılmış (ablasyon),donor_ablation/ablation_grid.csv,2015–2025,c1=True;c2=L1;c3=off;c4=False,istikrarlı OECD,math,A_ladder:S34:C3+C4,p_gap,12,1/13,0.077,0.0769,1/(J+1),True,True,True,26.2,
SC ön-dönem arındırılmış (ablasyon),donor_ablation/ablation_grid.csv,2015–2025,c1=True;c2=L1;c3=off;c4=False,istikrarlı OECD,math,A_ladder:S34:C3+C4,p_ratio,12,10/13,0.769,0.0769,1/(J+1),False,False,True,26.2,
SC ön-dönem arındırılmış (ablasyon),donor_ablation/ablation_grid.csv,2015–2025,c1=True;c2=L1;c3=off;c4=False,istikrarlı OECD,reading,A_ladder:S34:C3+C4,p_gap,12,6/13,0.462,0.0769,1/(J+1),False,False,True,3.7,
SC ön-dönem arındırılmış (ablasyon),donor_ablation/ablation_grid.csv,2015–2025,c1=True;c2=L1;c3=off;c4=False,istikrarlı OECD,reading,A_ladder:S34:C3+C4,p_ratio,12,7/13,0.538,0.0769,1/(J+1),False,False,True,3.7,
SC ön-dönem arındırılmış (ablasyon),donor_ablation/ablation_grid.csv,2015–2025,c1=True;c2=L1;c3=off;c4=False,istikrarlı OECD,science,A_ladder:S34:C3+C4,p_gap,15,2/16,0.125,0.0625,1/(J+1),False,False,True,20.2,
SC ön-dönem arındırılmış (ablasyon),donor_ablation/ablation_grid.csv,2015–2025,c1=True;c2=L1;c3=off;c4=False,istikrarlı OECD,science,A_ladder:S34:C3+C4,p_ratio,15,15/16,0.938,0.0625,1/(J+1),False,False,True,20.2,
SC ön-dönem arındırılmış (ablasyon),donor_ablation/ablation_grid.csv,2015–2025,c1=False;c2=L3;c3=off;c4=True,otokratikleşenleri içeren,math,A_ladder:S123:C1+C2+C3,p_gap,21,7/22,0.318,0.0455,1/(J+1),False,False,True,7.3,
SC ön-dönem arındırılmış (ablasyon),donor_ablation/ablation_grid.csv,2015–2025,c1=False;c2=L3;c3=off;c4=True,otokratikleşenleri içeren,math,A_ladder:S123:C1+C2+C3,p_ratio,21,9/22,0.409,0.0455,1/(J+1),False,False,True,7.3,
SC ön-dönem arındırılmış (ablasyon),donor_ablation/ablation_grid.csv,2015–2025,c1=False;c2=L3;c3=off;c4=True,otokratikleşenleri içeren,reading,A_ladder:S123:C1+C2+C3,p_gap,21,9/22,0.409,0.0455,1/(J+1),False,False,True,0.6,
SC ön-dönem arındırılmış (ablasyon),donor_ablation/ablation_grid.csv,2015–2025,c1=False;c2=L3;c3=off;c4=True,otokratikleşenleri içeren,reading,A_ladder:S123:C1+C2+C3,p_ratio,21,12/22,0.545,0.0455,1/(J+1),False,False,True,0.6,
SC ön-dönem arındırılmış (ablasyon),donor_ablation/ablation_grid.csv,2015–2025,c1=False;c2=L3;c3=off;c4=True,otokratikleşenleri içeren,science,A_ladder:S123:C1+C2+C3,p_gap,33,33/34,0.971,0.0294,1/(J+1),False,False,True,-32.0,
SC ön-dönem arındırılmış (ablasyon),donor_ablation/ablation_grid.csv,2015–2025,c1=False;c2=L3;c3=off;c4=True,otokratikleşenleri içeren,science,A_ladder:S123:C1+C2+C3,p_ratio,33,31/34,0.912,0.0294,1/(J+1),False,False,True,-32.0,
SC ön-dönem arındırılmış (ablasyon),donor_ablation/ablation_grid.csv,2015–2025,c1=False;c2=L3;c3=on;c4=False,otokratikleşenleri içeren,math,A_ladder:S124:C1+C2+C4,p_gap,31,7/32,0.219,0.0312,1/(J+1),False,False,True,7.3,
SC ön-dönem arındırılmış (ablasyon),donor_ablation/ablation_grid.csv,2015–2025,c1=False;c2=L3;c3=on;c4=False,otokratikleşenleri içeren,math,A_ladder:S124:C1+C2+C4,p_ratio,31,17/32,0.531,0.0312,1/(J+1),False,False,True,7.3,
SC ön-dönem arındırılmış (ablasyon),donor_ablation/ablation_grid.csv,2015–2025,c1=False;c2=L3;c3=on;c4=False,otokratikleşenleri içeren,reading,A_ladder:S124:C1+C2+C4,p_gap,30,12/31,0.387,0.0323,1/(J+1),False,False,True,2.8,
SC ön-dönem arındırılmış (ablasyon),donor_ablation/ablation_grid.csv,2015–2025,c1=False;c2=L3;c3=on;c4=False,otokratikleşenleri içeren,reading,A_ladder:S124:C1+C2+C4,p_ratio,30,19/31,0.613,0.0323,1/(J+1),False,False,True,2.8,
SC ön-dönem arındırılmış (ablasyon),donor_ablation/ablation_grid.csv,2015–2025,c1=False;c2=L3;c3=on;c4=False,otokratikleşenleri içeren,science,A_ladder:S124:C1+C2+C4,p_gap,43,42/44,0.955,0.0227,1/(J+1),False,False,True,-32.0,
SC ön-dönem arındırılmış (ablasyon),donor_ablation/ablation_grid.csv,2015–2025,c1=False;c2=L3;c3=on;c4=False,otokratikleşenleri içeren,science,A_ladder:S124:C1+C2+C4,p_ratio,43,41/44,0.932,0.0227,1/(J+1),False,False,True,-32.0,
SC ön-dönem arındırılmış (ablasyon),donor_ablation/ablation_grid.csv,2015–2025,c1=False;c2=L1;c3=off;c4=False,tüm katılımcılar,math,A_ladder:S134:C1+C3+C4,p_gap,12,1/13,0.077,0.0769,1/(J+1),True,True,True,26.2,
SC ön-dönem arındırılmış (ablasyon),donor_ablation/ablation_grid.csv,2015–2025,c1=False;c2=L1;c3=off;c4=False,tüm katılımcılar,math,A_ladder:S134:C1+C3+C4,p_ratio,12,10/13,0.769,0.0769,1/(J+1),False,False,True,26.2,
SC ön-dönem arındırılmış (ablasyon),donor_ablation/ablation_grid.csv,2015–2025,c1=False;c2=L1;c3=off;c4=False,tüm katılımcılar,reading,A_ladder:S134:C1+C3+C4,p_gap,12,6/13,0.462,0.0769,1/(J+1),False,False,True,3.7,
SC ön-dönem arındırılmış (ablasyon),donor_ablation/ablation_grid.csv,2015–2025,c1=False;c2=L1;c3=off;c4=False,tüm katılımcılar,reading,A_ladder:S134:C1+C3+C4,p_ratio,12,7/13,0.538,0.0769,1/(J+1),False,False,True,3.7,
SC ön-dönem arındırılmış (ablasyon),donor_ablation/ablation_grid.csv,2015–2025,c1=False;c2=L1;c3=off;c4=False,tüm katılımcılar,science,A_ladder:S134:C1+C3+C4,p_gap,18,19/19,1.0,0.0526,1/(J+1),False,False,True,-36.1,
SC ön-dönem arındırılmış (ablasyon),donor_ablation/ablation_grid.csv,2015–2025,c1=False;c2=L1;c3=off;c4=False,tüm katılımcılar,science,A_ladder:S134:C1+C3+C4,p_ratio,18,15/19,0.789,0.0526,1/(J+1),False,False,True,-36.1,
SC ön-dönem arındırılmış (ablasyon),donor_ablation/ablation_grid.csv,2015–2025,c1=True;c2=L3;c3=off;c4=False,otokratikleşenleri içeren,math,A_ladder:S234:C2+C3+C4,p_gap,26,4/27,0.148,0.037,1/(J+1),False,False,True,9.6,
SC ön-dönem arındırılmış (ablasyon),donor_ablation/ablation_grid.csv,2015–2025,c1=True;c2=L3;c3=off;c4=False,otokratikleşenleri içeren,math,A_ladder:S234:C2+C3+C4,p_ratio,26,14/27,0.519,0.037,1/(J+1),False,False,True,9.6,
SC ön-dönem arındırılmış (ablasyon),donor_ablation/ablation_grid.csv,2015–2025,c1=True;c2=L3;c3=off;c4=False,otokratikleşenleri içeren,reading,A_ladder:S234:C2+C3+C4,p_gap,25,12/26,0.462,0.0385,1/(J+1),False,False,True,0.6,
SC ön-dönem arındırılmış (ablasyon),donor_ablation/ablation_grid.csv,2015–2025,c1=True;c2=L3;c3=off;c4=False,otokratikleşenleri içeren,reading,A_ladder:S234:C2+C3+C4,p_ratio,25,16/26,0.615,0.0385,1/(J+1),False,False,True,0.6,
SC ön-dönem arındırılmış (ablasyon),donor_ablation/ablation_grid.csv,2015–2025,c1=True;c2=L3;c3=off;c4=False,otokratikleşenleri içeren,science,A_ladder:S234:C2+C3+C4,p_gap,33,2/34,0.059,0.0294,1/(J+1),False,True,True,24.2,
SC ön-dönem arındırılmış (ablasyon),donor_ablation/ablation_grid.csv,2015–2025,c1=True;c2=L3;c3=off;c4=False,otokratikleşenleri içeren,science,A_ladder:S234:C2+C3+C4,p_ratio,33,32/34,0.941,0.0294,1/(J+1),False,False,True,24.2,
SC ön-dönem arındırılmış (ablasyon),donor_ablation/ablation_grid.csv,2015–2025,c1=False;c2=L3;c3=off;c4=False,otokratikleşenleri içeren,math,A_ladder:S1234:C1+C2+C3+C4,p_gap,32,8/33,0.242,0.0303,1/(J+1),False,False,True,7.3,
SC ön-dönem arındırılmış (ablasyon),donor_ablation/ablation_grid.csv,2015–2025,c1=False;c2=L3;c3=off;c4=False,otokratikleşenleri içeren,math,A_ladder:S1234:C1+C2+C3+C4,p_ratio,32,17/33,0.515,0.0303,1/(J+1),False,False,True,7.3,
SC ön-dönem arındırılmış (ablasyon),donor_ablation/ablation_grid.csv,2015–2025,c1=False;c2=L3;c3=off;c4=False,otokratikleşenleri içeren,reading,A_ladder:S1234:C1+C2+C3+C4,p_gap,31,12/32,0.375,0.0312,1/(J+1),False,False,True,2.8,
SC ön-dönem arındırılmış (ablasyon),donor_ablation/ablation_grid.csv,2015–2025,c1=False;c2=L3;c3=off;c4=False,otokratikleşenleri içeren,reading,A_ladder:S1234:C1+C2+C3+C4,p_ratio,31,19/32,0.594,0.0312,1/(J+1),False,False,True,2.8,
SC ön-dönem arındırılmış (ablasyon),donor_ablation/ablation_grid.csv,2015–2025,c1=False;c2=L3;c3=off;c4=False,otokratikleşenleri içeren,science,A_ladder:S1234:C1+C2+C3+C4,p_gap,45,44/46,0.957,0.0217,1/(J+1),False,False,True,-32.0,
SC ön-dönem arındırılmış (ablasyon),donor_ablation/ablation_grid.csv,2015–2025,c1=False;c2=L3;c3=off;c4=False,otokratikleşenleri içeren,science,A_ladder:S1234:C1+C2+C3+C4,p_ratio,45,43/46,0.935,0.0217,1/(J+1),False,False,True,-32.0,
SC ön-dönem arındırılmış (ablasyon),donor_ablation/ablation_grid.csv,2015–2025,c1=True;c2=L0;c3=on;c4=True,istikrarlı OECD,math,B_screen_ladder:B-L0:C2=L0,p_gap,5,1/6,0.167,0.1667,1/(J+1),True,False,False,26.2,
SC ön-dönem arındırılmış (ablasyon),donor_ablation/ablation_grid.csv,2015–2025,c1=True;c2=L0;c3=on;c4=True,istikrarlı OECD,math,B_screen_ladder:B-L0:C2=L0,p_ratio,5,2/6,0.333,0.1667,1/(J+1),False,False,False,26.2,
SC ön-dönem arındırılmış (ablasyon),donor_ablation/ablation_grid.csv,2015–2025,c1=True;c2=L0;c3=on;c4=True,istikrarlı OECD,reading,B_screen_ladder:B-L0:C2=L0,p_gap,5,2/6,0.333,0.1667,1/(J+1),False,False,False,7.6,
SC ön-dönem arındırılmış (ablasyon),donor_ablation/ablation_grid.csv,2015–2025,c1=True;c2=L0;c3=on;c4=True,istikrarlı OECD,reading,B_screen_ladder:B-L0:C2=L0,p_ratio,5,1/6,0.167,0.1667,1/(J+1),True,False,False,7.6,
SC ön-dönem arındırılmış (ablasyon),donor_ablation/ablation_grid.csv,2015–2025,c1=True;c2=L0;c3=on;c4=True,istikrarlı OECD,science,B_screen_ladder:B-L0:C2=L0,p_gap,7,1/8,0.125,0.125,1/(J+1),True,False,False,20.2,
SC ön-dönem arındırılmış (ablasyon),donor_ablation/ablation_grid.csv,2015–2025,c1=True;c2=L0;c3=on;c4=True,istikrarlı OECD,science,B_screen_ladder:B-L0:C2=L0,p_ratio,7,7/8,0.875,0.125,1/(J+1),False,False,False,20.2,
SC ön-dönem arındırılmış (ablasyon),donor_ablation/ablation_grid.csv,2015–2025,c1=True;c2=L1;c3=on;c4=True,istikrarlı OECD,math,B_screen_ladder:B-L1:C2=L1,p_gap,5,1/6,0.167,0.1667,1/(J+1),True,False,False,26.2,
SC ön-dönem arındırılmış (ablasyon),donor_ablation/ablation_grid.csv,2015–2025,c1=True;c2=L1;c3=on;c4=True,istikrarlı OECD,math,B_screen_ladder:B-L1:C2=L1,p_ratio,5,2/6,0.333,0.1667,1/(J+1),False,False,False,26.2,
SC ön-dönem arındırılmış (ablasyon),donor_ablation/ablation_grid.csv,2015–2025,c1=True;c2=L1;c3=on;c4=True,istikrarlı OECD,reading,B_screen_ladder:B-L1:C2=L1,p_gap,5,2/6,0.333,0.1667,1/(J+1),False,False,False,7.6,
SC ön-dönem arındırılmış (ablasyon),donor_ablation/ablation_grid.csv,2015–2025,c1=True;c2=L1;c3=on;c4=True,istikrarlı OECD,reading,B_screen_ladder:B-L1:C2=L1,p_ratio,5,1/6,0.167,0.1667,1/(J+1),True,False,False,7.6,
SC ön-dönem arındırılmış (ablasyon),donor_ablation/ablation_grid.csv,2015–2025,c1=True;c2=L1;c3=on;c4=True,istikrarlı OECD,science,B_screen_ladder:B-L1:C2=L1,p_gap,8,2/9,0.222,0.1111,1/(J+1),False,False,False,20.2,
SC ön-dönem arındırılmış (ablasyon),donor_ablation/ablation_grid.csv,2015–2025,c1=True;c2=L1;c3=on;c4=True,istikrarlı OECD,science,B_screen_ladder:B-L1:C2=L1,p_ratio,8,8/9,0.889,0.1111,1/(J+1),False,False,False,20.2,
SC ön-dönem arındırılmış (ablasyon),donor_ablation/ablation_grid.csv,2015–2025,c1=True;c2=L2;c3=on;c4=True,belirsizler eklenmiş,math,B_screen_ladder:B-L2:C2=L2,p_gap,8,1/9,0.111,0.1111,1/(J+1),True,False,False,34.1,
SC ön-dönem arındırılmış (ablasyon),donor_ablation/ablation_grid.csv,2015–2025,c1=True;c2=L2;c3=on;c4=True,belirsizler eklenmiş,math,B_screen_ladder:B-L2:C2=L2,p_ratio,8,6/9,0.667,0.1111,1/(J+1),False,False,False,34.1,
SC ön-dönem arındırılmış (ablasyon),donor_ablation/ablation_grid.csv,2015–2025,c1=True;c2=L2;c3=on;c4=True,belirsizler eklenmiş,reading,B_screen_ladder:B-L2:C2=L2,p_gap,8,3/9,0.333,0.1111,1/(J+1),False,False,False,6.7,
SC ön-dönem arındırılmış (ablasyon),donor_ablation/ablation_grid.csv,2015–2025,c1=True;c2=L2;c3=on;c4=True,belirsizler eklenmiş,reading,B_screen_ladder:B-L2:C2=L2,p_ratio,8,4/9,0.444,0.1111,1/(J+1),False,False,False,6.7,
SC ön-dönem arındırılmış (ablasyon),donor_ablation/ablation_grid.csv,2015–2025,c1=True;c2=L2;c3=on;c4=True,belirsizler eklenmiş,science,B_screen_ladder:B-L2:C2=L2,p_gap,13,2/14,0.143,0.0714,1/(J+1),False,False,True,20.2,
SC ön-dönem arındırılmış (ablasyon),donor_ablation/ablation_grid.csv,2015–2025,c1=True;c2=L2;c3=on;c4=True,belirsizler eklenmiş,science,B_screen_ladder:B-L2:C2=L2,p_ratio,13,14/14,1.0,0.0714,1/(J+1),False,False,True,20.2,
SC ön-dönem arındırılmış (ablasyon),donor_ablation/ablation_grid.csv,2015–2025,c1=True;c2=L3;c3=on;c4=True,otokratikleşenleri içeren,math,B_screen_ladder:B-L3:C2=L3,p_gap,16,6/17,0.353,0.0588,1/(J+1),False,False,True,8.8,
SC ön-dönem arındırılmış (ablasyon),donor_ablation/ablation_grid.csv,2015–2025,c1=True;c2=L3;c3=on;c4=True,otokratikleşenleri içeren,math,B_screen_ladder:B-L3:C2=L3,p_ratio,16,8/17,0.471,0.0588,1/(J+1),False,False,True,8.8,
SC ön-dönem arındırılmış (ablasyon),donor_ablation/ablation_grid.csv,2015–2025,c1=True;c2=L3;c3=on;c4=True,otokratikleşenleri içeren,reading,B_screen_ladder:B-L3:C2=L3,p_gap,16,8/17,0.471,0.0588,1/(J+1),False,False,True,0.6,
SC ön-dönem arındırılmış (ablasyon),donor_ablation/ablation_grid.csv,2015–2025,c1=True;c2=L3;c3=on;c4=True,otokratikleşenleri içeren,reading,B_screen_ladder:B-L3:C2=L3,p_ratio,16,8/17,0.471,0.0588,1/(J+1),False,False,True,0.6,
SC ön-dönem arındırılmış (ablasyon),donor_ablation/ablation_grid.csv,2015–2025,c1=True;c2=L3;c3=on;c4=True,otokratikleşenleri içeren,science,B_screen_ladder:B-L3:C2=L3,p_gap,22,3/23,0.13,0.0435,1/(J+1),False,False,True,28.2,
SC ön-dönem arındırılmış (ablasyon),donor_ablation/ablation_grid.csv,2015–2025,c1=True;c2=L3;c3=on;c4=True,otokratikleşenleri içeren,science,B_screen_ladder:B-L3:C2=L3,p_ratio,22,21/23,0.913,0.0435,1/(J+1),False,False,True,28.2,
SC ön-dönem arındırılmış (ablasyon),donor_ablation/ablation_grid.csv,2015–2025,c1=True;c2=L1;c3=adj;c4=True,istikrarlı OECD,math,C_mode_adjusted:C3-adj:C3=adj,p_gap,5,1/6,0.167,0.1667,1/(J+1),True,False,False,26.5,
SC ön-dönem arındırılmış (ablasyon),donor_ablation/ablation_grid.csv,2015–2025,c1=True;c2=L1;c3=adj;c4=True,istikrarlı OECD,math,C_mode_adjusted:C3-adj:C3=adj,p_ratio,5,2/6,0.333,0.1667,1/(J+1),False,False,False,26.5,
SC ön-dönem arındırılmış (ablasyon),donor_ablation/ablation_grid.csv,2015–2025,c1=True;c2=L1;c3=adj;c4=True,istikrarlı OECD,reading,C_mode_adjusted:C3-adj:C3=adj,p_gap,5,2/6,0.333,0.1667,1/(J+1),False,False,False,7.9,
SC ön-dönem arındırılmış (ablasyon),donor_ablation/ablation_grid.csv,2015–2025,c1=True;c2=L1;c3=adj;c4=True,istikrarlı OECD,reading,C_mode_adjusted:C3-adj:C3=adj,p_ratio,5,1/6,0.167,0.1667,1/(J+1),True,False,False,7.9,
SC ön-dönem arındırılmış (ablasyon),donor_ablation/ablation_grid.csv,2015–2025,c1=True;c2=L1;c3=adj;c4=True,istikrarlı OECD,science,C_mode_adjusted:C3-adj:C3=adj,p_gap,8,2/9,0.222,0.1111,1/(J+1),False,False,False,19.7,
SC ön-dönem arındırılmış (ablasyon),donor_ablation/ablation_grid.csv,2015–2025,c1=True;c2=L1;c3=adj;c4=True,istikrarlı OECD,science,C_mode_adjusted:C3-adj:C3=adj,p_ratio,8,8/9,0.889,0.1111,1/(J+1),False,False,False,19.7,
SC ön-dönem arındırılmış (ablasyon),donor_ablation/ablation_grid.csv,2015–2025,c1=True;c2=L1;c3=adj;c4=True,istikrarlı OECD,math,C_mode_adjusted:C3-adj+TUR:C3=adj; TUR also adjusted (diagnostic),p_gap,5,1/6,0.167,0.1667,1/(J+1),True,False,False,26.2,
SC ön-dönem arındırılmış (ablasyon),donor_ablation/ablation_grid.csv,2015–2025,c1=True;c2=L1;c3=adj;c4=True,istikrarlı OECD,math,C_mode_adjusted:C3-adj+TUR:C3=adj; TUR also adjusted (diagnostic),p_ratio,5,2/6,0.333,0.1667,1/(J+1),False,False,False,26.2,
SC ön-dönem arındırılmış (ablasyon),donor_ablation/ablation_grid.csv,2015–2025,c1=True;c2=L1;c3=adj;c4=True,istikrarlı OECD,reading,C_mode_adjusted:C3-adj+TUR:C3=adj; TUR also adjusted (diagnostic),p_gap,5,2/6,0.333,0.1667,1/(J+1),False,False,False,7.6,
SC ön-dönem arındırılmış (ablasyon),donor_ablation/ablation_grid.csv,2015–2025,c1=True;c2=L1;c3=adj;c4=True,istikrarlı OECD,reading,C_mode_adjusted:C3-adj+TUR:C3=adj; TUR also adjusted (diagnostic),p_ratio,5,1/6,0.167,0.1667,1/(J+1),True,False,False,7.6,
SC ön-dönem arındırılmış (ablasyon),donor_ablation/ablation_grid.csv,2015–2025,c1=True;c2=L1;c3=adj;c4=True,istikrarlı OECD,science,C_mode_adjusted:C3-adj+TUR:C3=adj; TUR also adjusted (diagnostic),p_gap,8,2/9,0.222,0.1111,1/(J+1),False,False,False,20.2,
SC ön-dönem arındırılmış (ablasyon),donor_ablation/ablation_grid.csv,2015–2025,c1=True;c2=L1;c3=adj;c4=True,istikrarlı OECD,science,C_mode_adjusted:C3-adj+TUR:C3=adj; TUR also adjusted (diagnostic),p_ratio,8,8/9,0.889,0.1111,1/(J+1),False,False,False,20.2,
SC ön-dönem arındırılmış (ablasyon),donor_ablation/ablation_grid.csv,2015–2025,c1=True;c2=L1;c3=adj;c4=True,istikrarlı OECD,math,A_ladder_adj_twin:S3-adj:C3=adj,p_gap,5,1/6,0.167,0.1667,1/(J+1),True,False,False,26.5,
SC ön-dönem arındırılmış (ablasyon),donor_ablation/ablation_grid.csv,2015–2025,c1=True;c2=L1;c3=adj;c4=True,istikrarlı OECD,math,A_ladder_adj_twin:S3-adj:C3=adj,p_ratio,5,2/6,0.333,0.1667,1/(J+1),False,False,False,26.5,
SC ön-dönem arındırılmış (ablasyon),donor_ablation/ablation_grid.csv,2015–2025,c1=True;c2=L1;c3=adj;c4=True,istikrarlı OECD,reading,A_ladder_adj_twin:S3-adj:C3=adj,p_gap,5,2/6,0.333,0.1667,1/(J+1),False,False,False,7.9,
SC ön-dönem arındırılmış (ablasyon),donor_ablation/ablation_grid.csv,2015–2025,c1=True;c2=L1;c3=adj;c4=True,istikrarlı OECD,reading,A_ladder_adj_twin:S3-adj:C3=adj,p_ratio,5,1/6,0.167,0.1667,1/(J+1),True,False,False,7.9,
SC ön-dönem arındırılmış (ablasyon),donor_ablation/ablation_grid.csv,2015–2025,c1=True;c2=L1;c3=adj;c4=True,istikrarlı OECD,science,A_ladder_adj_twin:S3-adj:C3=adj,p_gap,8,2/9,0.222,0.1111,1/(J+1),False,False,False,19.7,
SC ön-dönem arındırılmış (ablasyon),donor_ablation/ablation_grid.csv,2015–2025,c1=True;c2=L1;c3=adj;c4=True,istikrarlı OECD,science,A_ladder_adj_twin:S3-adj:C3=adj,p_ratio,8,8/9,0.889,0.1111,1/(J+1),False,False,False,19.7,
SC ön-dönem arındırılmış (ablasyon),donor_ablation/ablation_grid.csv,2015–2025,c1=False;c2=L1;c3=adj;c4=True,tüm katılımcılar,math,A_ladder_adj_twin:S13-adj:C1+C3=adj,p_gap,5,1/6,0.167,0.1667,1/(J+1),True,False,False,26.5,
SC ön-dönem arındırılmış (ablasyon),donor_ablation/ablation_grid.csv,2015–2025,c1=False;c2=L1;c3=adj;c4=True,tüm katılımcılar,math,A_ladder_adj_twin:S13-adj:C1+C3=adj,p_ratio,5,2/6,0.333,0.1667,1/(J+1),False,False,False,26.5,
SC ön-dönem arındırılmış (ablasyon),donor_ablation/ablation_grid.csv,2015–2025,c1=False;c2=L1;c3=adj;c4=True,tüm katılımcılar,reading,A_ladder_adj_twin:S13-adj:C1+C3=adj,p_gap,5,2/6,0.333,0.1667,1/(J+1),False,False,False,7.9,
SC ön-dönem arındırılmış (ablasyon),donor_ablation/ablation_grid.csv,2015–2025,c1=False;c2=L1;c3=adj;c4=True,tüm katılımcılar,reading,A_ladder_adj_twin:S13-adj:C1+C3=adj,p_ratio,5,1/6,0.167,0.1667,1/(J+1),True,False,False,7.9,
SC ön-dönem arındırılmış (ablasyon),donor_ablation/ablation_grid.csv,2015–2025,c1=False;c2=L1;c3=adj;c4=True,tüm katılımcılar,science,A_ladder_adj_twin:S13-adj:C1+C3=adj,p_gap,11,12/12,1.0,0.0833,1/(J+1),False,False,True,-36.7,
SC ön-dönem arındırılmış (ablasyon),donor_ablation/ablation_grid.csv,2015–2025,c1=False;c2=L1;c3=adj;c4=True,tüm katılımcılar,science,A_ladder_adj_twin:S13-adj:C1+C3=adj,p_ratio,11,8/12,0.667,0.0833,1/(J+1),False,False,True,-36.7,
SC ön-dönem arındırılmış (ablasyon),donor_ablation/ablation_grid.csv,2015–2025,c1=True;c2=L3;c3=adj;c4=True,otokratikleşenleri içeren,math,A_ladder_adj_twin:S23-adj:C2+C3=adj,p_gap,16,6/17,0.353,0.0588,1/(J+1),False,False,True,9.2,
SC ön-dönem arındırılmış (ablasyon),donor_ablation/ablation_grid.csv,2015–2025,c1=True;c2=L3;c3=adj;c4=True,otokratikleşenleri içeren,math,A_ladder_adj_twin:S23-adj:C2+C3=adj,p_ratio,16,8/17,0.471,0.0588,1/(J+1),False,False,True,9.2,
SC ön-dönem arındırılmış (ablasyon),donor_ablation/ablation_grid.csv,2015–2025,c1=True;c2=L3;c3=adj;c4=True,otokratikleşenleri içeren,reading,A_ladder_adj_twin:S23-adj:C2+C3=adj,p_gap,16,8/17,0.471,0.0588,1/(J+1),False,False,True,0.9,
SC ön-dönem arındırılmış (ablasyon),donor_ablation/ablation_grid.csv,2015–2025,c1=True;c2=L3;c3=adj;c4=True,otokratikleşenleri içeren,reading,A_ladder_adj_twin:S23-adj:C2+C3=adj,p_ratio,16,8/17,0.471,0.0588,1/(J+1),False,False,True,0.9,
SC ön-dönem arındırılmış (ablasyon),donor_ablation/ablation_grid.csv,2015–2025,c1=True;c2=L3;c3=adj;c4=True,otokratikleşenleri içeren,science,A_ladder_adj_twin:S23-adj:C2+C3=adj,p_gap,22,3/23,0.13,0.0435,1/(J+1),False,False,True,27.7,
SC ön-dönem arındırılmış (ablasyon),donor_ablation/ablation_grid.csv,2015–2025,c1=True;c2=L3;c3=adj;c4=True,otokratikleşenleri içeren,science,A_ladder_adj_twin:S23-adj:C2+C3=adj,p_ratio,22,21/23,0.913,0.0435,1/(J+1),False,False,True,27.7,
SC ön-dönem arındırılmış (ablasyon),donor_ablation/ablation_grid.csv,2015–2025,c1=True;c2=L1;c3=adj;c4=False,istikrarlı OECD,math,A_ladder_adj_twin:S34-adj:C3=adj+C4,p_gap,12,1/13,0.077,0.0769,1/(J+1),True,True,True,26.5,
SC ön-dönem arındırılmış (ablasyon),donor_ablation/ablation_grid.csv,2015–2025,c1=True;c2=L1;c3=adj;c4=False,istikrarlı OECD,math,A_ladder_adj_twin:S34-adj:C3=adj+C4,p_ratio,12,10/13,0.769,0.0769,1/(J+1),False,False,True,26.5,
SC ön-dönem arındırılmış (ablasyon),donor_ablation/ablation_grid.csv,2015–2025,c1=True;c2=L1;c3=adj;c4=False,istikrarlı OECD,reading,A_ladder_adj_twin:S34-adj:C3=adj+C4,p_gap,12,6/13,0.462,0.0769,1/(J+1),False,False,True,4.1,
SC ön-dönem arındırılmış (ablasyon),donor_ablation/ablation_grid.csv,2015–2025,c1=True;c2=L1;c3=adj;c4=False,istikrarlı OECD,reading,A_ladder_adj_twin:S34-adj:C3=adj+C4,p_ratio,12,7/13,0.538,0.0769,1/(J+1),False,False,True,4.1,
SC ön-dönem arındırılmış (ablasyon),donor_ablation/ablation_grid.csv,2015–2025,c1=True;c2=L1;c3=adj;c4=False,istikrarlı OECD,science,A_ladder_adj_twin:S34-adj:C3=adj+C4,p_gap,15,2/16,0.125,0.0625,1/(J+1),False,False,True,19.7,
SC ön-dönem arındırılmış (ablasyon),donor_ablation/ablation_grid.csv,2015–2025,c1=True;c2=L1;c3=adj;c4=False,istikrarlı OECD,science,A_ladder_adj_twin:S34-adj:C3=adj+C4,p_ratio,15,15/16,0.938,0.0625,1/(J+1),False,False,True,19.7,
SC ön-dönem arındırılmış (ablasyon),donor_ablation/ablation_grid.csv,2015–2025,c1=False;c2=L3;c3=adj;c4=True,otokratikleşenleri içeren,math,A_ladder_adj_twin:S123-adj:C1+C2+C3=adj,p_gap,21,7/22,0.318,0.0455,1/(J+1),False,False,True,7.6,
SC ön-dönem arındırılmış (ablasyon),donor_ablation/ablation_grid.csv,2015–2025,c1=False;c2=L3;c3=adj;c4=True,otokratikleşenleri içeren,math,A_ladder_adj_twin:S123-adj:C1+C2+C3=adj,p_ratio,21,9/22,0.409,0.0455,1/(J+1),False,False,True,7.6,
SC ön-dönem arındırılmış (ablasyon),donor_ablation/ablation_grid.csv,2015–2025,c1=False;c2=L3;c3=adj;c4=True,otokratikleşenleri içeren,reading,A_ladder_adj_twin:S123-adj:C1+C2+C3=adj,p_gap,21,9/22,0.409,0.0455,1/(J+1),False,False,True,0.9,
SC ön-dönem arındırılmış (ablasyon),donor_ablation/ablation_grid.csv,2015–2025,c1=False;c2=L3;c3=adj;c4=True,otokratikleşenleri içeren,reading,A_ladder_adj_twin:S123-adj:C1+C2+C3=adj,p_ratio,21,12/22,0.545,0.0455,1/(J+1),False,False,True,0.9,
SC ön-dönem arındırılmış (ablasyon),donor_ablation/ablation_grid.csv,2015–2025,c1=False;c2=L3;c3=adj;c4=True,otokratikleşenleri içeren,science,A_ladder_adj_twin:S123-adj:C1+C2+C3=adj,p_gap,33,33/34,0.971,0.0294,1/(J+1),False,False,True,-32.5,
SC ön-dönem arındırılmış (ablasyon),donor_ablation/ablation_grid.csv,2015–2025,c1=False;c2=L3;c3=adj;c4=True,otokratikleşenleri içeren,science,A_ladder_adj_twin:S123-adj:C1+C2+C3=adj,p_ratio,33,30/34,0.882,0.0294,1/(J+1),False,False,True,-32.5,
SC ön-dönem arındırılmış (ablasyon),donor_ablation/ablation_grid.csv,2015–2025,c1=False;c2=L1;c3=adj;c4=False,tüm katılımcılar,math,A_ladder_adj_twin:S134-adj:C1+C3=adj+C4,p_gap,12,1/13,0.077,0.0769,1/(J+1),True,True,True,26.5,
SC ön-dönem arındırılmış (ablasyon),donor_ablation/ablation_grid.csv,2015–2025,c1=False;c2=L1;c3=adj;c4=False,tüm katılımcılar,math,A_ladder_adj_twin:S134-adj:C1+C3=adj+C4,p_ratio,12,10/13,0.769,0.0769,1/(J+1),False,False,True,26.5,
SC ön-dönem arındırılmış (ablasyon),donor_ablation/ablation_grid.csv,2015–2025,c1=False;c2=L1;c3=adj;c4=False,tüm katılımcılar,reading,A_ladder_adj_twin:S134-adj:C1+C3=adj+C4,p_gap,12,6/13,0.462,0.0769,1/(J+1),False,False,True,4.1,
SC ön-dönem arındırılmış (ablasyon),donor_ablation/ablation_grid.csv,2015–2025,c1=False;c2=L1;c3=adj;c4=False,tüm katılımcılar,reading,A_ladder_adj_twin:S134-adj:C1+C3=adj+C4,p_ratio,12,7/13,0.538,0.0769,1/(J+1),False,False,True,4.1,
SC ön-dönem arındırılmış (ablasyon),donor_ablation/ablation_grid.csv,2015–2025,c1=False;c2=L1;c3=adj;c4=False,tüm katılımcılar,science,A_ladder_adj_twin:S134-adj:C1+C3=adj+C4,p_gap,18,19/19,1.0,0.0526,1/(J+1),False,False,True,-36.7,
SC ön-dönem arındırılmış (ablasyon),donor_ablation/ablation_grid.csv,2015–2025,c1=False;c2=L1;c3=adj;c4=False,tüm katılımcılar,science,A_ladder_adj_twin:S134-adj:C1+C3=adj+C4,p_ratio,18,15/19,0.789,0.0526,1/(J+1),False,False,True,-36.7,
SC ön-dönem arındırılmış (ablasyon),donor_ablation/ablation_grid.csv,2015–2025,c1=True;c2=L3;c3=adj;c4=False,otokratikleşenleri içeren,math,A_ladder_adj_twin:S234-adj:C2+C3=adj+C4,p_gap,26,4/27,0.148,0.037,1/(J+1),False,False,True,9.9,
SC ön-dönem arındırılmış (ablasyon),donor_ablation/ablation_grid.csv,2015–2025,c1=True;c2=L3;c3=adj;c4=False,otokratikleşenleri içeren,math,A_ladder_adj_twin:S234-adj:C2+C3=adj+C4,p_ratio,26,14/27,0.519,0.037,1/(J+1),False,False,True,9.9,
SC ön-dönem arındırılmış (ablasyon),donor_ablation/ablation_grid.csv,2015–2025,c1=True;c2=L3;c3=adj;c4=False,otokratikleşenleri içeren,reading,A_ladder_adj_twin:S234-adj:C2+C3=adj+C4,p_gap,25,11/26,0.423,0.0385,1/(J+1),False,False,True,0.9,
SC ön-dönem arındırılmış (ablasyon),donor_ablation/ablation_grid.csv,2015–2025,c1=True;c2=L3;c3=adj;c4=False,otokratikleşenleri içeren,reading,A_ladder_adj_twin:S234-adj:C2+C3=adj+C4,p_ratio,25,16/26,0.615,0.0385,1/(J+1),False,False,True,0.9,
SC ön-dönem arındırılmış (ablasyon),donor_ablation/ablation_grid.csv,2015–2025,c1=True;c2=L3;c3=adj;c4=False,otokratikleşenleri içeren,science,A_ladder_adj_twin:S234-adj:C2+C3=adj+C4,p_gap,33,2/34,0.059,0.0294,1/(J+1),False,True,True,23.7,
SC ön-dönem arındırılmış (ablasyon),donor_ablation/ablation_grid.csv,2015–2025,c1=True;c2=L3;c3=adj;c4=False,otokratikleşenleri içeren,science,A_ladder_adj_twin:S234-adj:C2+C3=adj+C4,p_ratio,33,32/34,0.941,0.0294,1/(J+1),False,False,True,23.7,
SC ön-dönem arındırılmış (ablasyon),donor_ablation/ablation_grid.csv,2015–2025,c1=False;c2=L3;c3=adj;c4=False,otokratikleşenleri içeren,math,A_ladder_adj_twin:S1234-adj:C1+C2+C3=adj+C4,p_gap,32,8/33,0.242,0.0303,1/(J+1),False,False,True,7.6,
SC ön-dönem arındırılmış (ablasyon),donor_ablation/ablation_grid.csv,2015–2025,c1=False;c2=L3;c3=adj;c4=False,otokratikleşenleri içeren,math,A_ladder_adj_twin:S1234-adj:C1+C2+C3=adj+C4,p_ratio,32,17/33,0.515,0.0303,1/(J+1),False,False,True,7.6,
SC ön-dönem arındırılmış (ablasyon),donor_ablation/ablation_grid.csv,2015–2025,c1=False;c2=L3;c3=adj;c4=False,otokratikleşenleri içeren,reading,A_ladder_adj_twin:S1234-adj:C1+C2+C3=adj+C4,p_gap,31,12/32,0.375,0.0312,1/(J+1),False,False,True,3.1,
SC ön-dönem arındırılmış (ablasyon),donor_ablation/ablation_grid.csv,2015–2025,c1=False;c2=L3;c3=adj;c4=False,otokratikleşenleri içeren,reading,A_ladder_adj_twin:S1234-adj:C1+C2+C3=adj+C4,p_ratio,31,19/32,0.594,0.0312,1/(J+1),False,False,True,3.1,
SC ön-dönem arındırılmış (ablasyon),donor_ablation/ablation_grid.csv,2015–2025,c1=False;c2=L3;c3=adj;c4=False,otokratikleşenleri içeren,science,A_ladder_adj_twin:S1234-adj:C1+C2+C3=adj+C4,p_gap,45,44/46,0.957,0.0217,1/(J+1),False,False,True,-32.5,
SC ön-dönem arındırılmış (ablasyon),donor_ablation/ablation_grid.csv,2015–2025,c1=False;c2=L3;c3=adj;c4=False,otokratikleşenleri içeren,science,A_ladder_adj_twin:S1234-adj:C1+C2+C3=adj+C4,p_ratio,45,42/46,0.913,0.0217,1/(J+1),False,False,True,-32.5,
SC ön-dönem arındırılmış (ablasyon),donor_ablation/ablation_grid.csv,2015–2025,c1=False;c2=L1;c3=adj;c4=True,tüm katılımcılar,math,C_mode_adjusted:S13-adj+TUR:C1 off; C3=adj; TUR also adjusted (diagnostic),p_gap,5,1/6,0.167,0.1667,1/(J+1),True,False,False,26.2,
SC ön-dönem arındırılmış (ablasyon),donor_ablation/ablation_grid.csv,2015–2025,c1=False;c2=L1;c3=adj;c4=True,tüm katılımcılar,math,C_mode_adjusted:S13-adj+TUR:C1 off; C3=adj; TUR also adjusted (diagnostic),p_ratio,5,2/6,0.333,0.1667,1/(J+1),False,False,False,26.2,
SC ön-dönem arındırılmış (ablasyon),donor_ablation/ablation_grid.csv,2015–2025,c1=False;c2=L1;c3=adj;c4=True,tüm katılımcılar,reading,C_mode_adjusted:S13-adj+TUR:C1 off; C3=adj; TUR also adjusted (diagnostic),p_gap,5,2/6,0.333,0.1667,1/(J+1),False,False,False,7.6,
SC ön-dönem arındırılmış (ablasyon),donor_ablation/ablation_grid.csv,2015–2025,c1=False;c2=L1;c3=adj;c4=True,tüm katılımcılar,reading,C_mode_adjusted:S13-adj+TUR:C1 off; C3=adj; TUR also adjusted (diagnostic),p_ratio,5,1/6,0.167,0.1667,1/(J+1),True,False,False,7.6,
SC ön-dönem arındırılmış (ablasyon),donor_ablation/ablation_grid.csv,2015–2025,c1=False;c2=L1;c3=adj;c4=True,tüm katılımcılar,science,C_mode_adjusted:S13-adj+TUR:C1 off; C3=adj; TUR also adjusted (diagnostic),p_gap,11,12/12,1.0,0.0833,1/(J+1),False,False,True,-36.1,
SC ön-dönem arındırılmış (ablasyon),donor_ablation/ablation_grid.csv,2015–2025,c1=False;c2=L1;c3=adj;c4=True,tüm katılımcılar,science,C_mode_adjusted:S13-adj+TUR:C1 off; C3=adj; TUR also adjusted (diagnostic),p_ratio,11,8/12,0.667,0.0833,1/(J+1),False,False,True,-36.1,
SC ön-dönem arındırılmış (ablasyon),donor_ablation/ablation_grid.csv,2015–2025,c1=True;c2=L1;c3=on;c4=True,istikrarlı OECD,math,E_level_floor_band:S0-lvl20:+libdem_2013 ≥ 0.200,p_gap,5,1/6,0.167,0.1667,1/(J+1),True,False,False,26.2,
SC ön-dönem arındırılmış (ablasyon),donor_ablation/ablation_grid.csv,2015–2025,c1=True;c2=L1;c3=on;c4=True,istikrarlı OECD,math,E_level_floor_band:S0-lvl20:+libdem_2013 ≥ 0.200,p_ratio,5,2/6,0.333,0.1667,1/(J+1),False,False,False,26.2,
SC ön-dönem arındırılmış (ablasyon),donor_ablation/ablation_grid.csv,2015–2025,c1=True;c2=L1;c3=on;c4=True,istikrarlı OECD,reading,E_level_floor_band:S0-lvl20:+libdem_2013 ≥ 0.200,p_gap,5,2/6,0.333,0.1667,1/(J+1),False,False,False,7.6,
SC ön-dönem arındırılmış (ablasyon),donor_ablation/ablation_grid.csv,2015–2025,c1=True;c2=L1;c3=on;c4=True,istikrarlı OECD,reading,E_level_floor_band:S0-lvl20:+libdem_2013 ≥ 0.200,p_ratio,5,1/6,0.167,0.1667,1/(J+1),True,False,False,7.6,
SC ön-dönem arındırılmış (ablasyon),donor_ablation/ablation_grid.csv,2015–2025,c1=True;c2=L1;c3=on;c4=True,istikrarlı OECD,science,E_level_floor_band:S0-lvl20:+libdem_2013 ≥ 0.200,p_gap,8,2/9,0.222,0.1111,1/(J+1),False,False,False,20.2,
SC ön-dönem arındırılmış (ablasyon),donor_ablation/ablation_grid.csv,2015–2025,c1=True;c2=L1;c3=on;c4=True,istikrarlı OECD,science,E_level_floor_band:S0-lvl20:+libdem_2013 ≥ 0.200,p_ratio,8,8/9,0.889,0.1111,1/(J+1),False,False,False,20.2,
SC ön-dönem arındırılmış (ablasyon),donor_ablation/ablation_grid.csv,2015–2025,c1=True;c2=L1;c3=on;c4=True,istikrarlı OECD,math,E_level_floor_missing_kept:S0-lvl20+nan:+libdem_2013 ≥ 0.200; libdem yoksa kalır,p_gap,5,1/6,0.167,0.1667,1/(J+1),True,False,False,26.2,
SC ön-dönem arındırılmış (ablasyon),donor_ablation/ablation_grid.csv,2015–2025,c1=True;c2=L1;c3=on;c4=True,istikrarlı OECD,math,E_level_floor_missing_kept:S0-lvl20+nan:+libdem_2013 ≥ 0.200; libdem yoksa kalır,p_ratio,5,2/6,0.333,0.1667,1/(J+1),False,False,False,26.2,
SC ön-dönem arındırılmış (ablasyon),donor_ablation/ablation_grid.csv,2015–2025,c1=True;c2=L1;c3=on;c4=True,istikrarlı OECD,reading,E_level_floor_missing_kept:S0-lvl20+nan:+libdem_2013 ≥ 0.200; libdem yoksa kalır,p_gap,5,2/6,0.333,0.1667,1/(J+1),False,False,False,7.6,
SC ön-dönem arındırılmış (ablasyon),donor_ablation/ablation_grid.csv,2015–2025,c1=True;c2=L1;c3=on;c4=True,istikrarlı OECD,reading,E_level_floor_missing_kept:S0-lvl20+nan:+libdem_2013 ≥ 0.200; libdem yoksa kalır,p_ratio,5,1/6,0.167,0.1667,1/(J+1),True,False,False,7.6,
SC ön-dönem arındırılmış (ablasyon),donor_ablation/ablation_grid.csv,2015–2025,c1=True;c2=L1;c3=on;c4=True,istikrarlı OECD,science,E_level_floor_missing_kept:S0-lvl20+nan:+libdem_2013 ≥ 0.200; libdem yoksa kalır,p_gap,8,2/9,0.222,0.1111,1/(J+1),False,False,False,20.2,
SC ön-dönem arındırılmış (ablasyon),donor_ablation/ablation_grid.csv,2015–2025,c1=True;c2=L1;c3=on;c4=True,istikrarlı OECD,science,E_level_floor_missing_kept:S0-lvl20+nan:+libdem_2013 ≥ 0.200; libdem yoksa kalır,p_ratio,8,8/9,0.889,0.1111,1/(J+1),False,False,False,20.2,
SC ön-dönem arındırılmış (ablasyon),donor_ablation/ablation_grid.csv,2015–2025,c1=True;c2=L1;c3=on;c4=True,istikrarlı OECD,math,E_level_floor_band:S0-lvl25:+libdem_2013 ≥ 0.250,p_gap,5,1/6,0.167,0.1667,1/(J+1),True,False,False,26.2,
SC ön-dönem arındırılmış (ablasyon),donor_ablation/ablation_grid.csv,2015–2025,c1=True;c2=L1;c3=on;c4=True,istikrarlı OECD,math,E_level_floor_band:S0-lvl25:+libdem_2013 ≥ 0.250,p_ratio,5,2/6,0.333,0.1667,1/(J+1),False,False,False,26.2,
SC ön-dönem arındırılmış (ablasyon),donor_ablation/ablation_grid.csv,2015–2025,c1=True;c2=L1;c3=on;c4=True,istikrarlı OECD,reading,E_level_floor_band:S0-lvl25:+libdem_2013 ≥ 0.250,p_gap,5,2/6,0.333,0.1667,1/(J+1),False,False,False,7.6,
SC ön-dönem arındırılmış (ablasyon),donor_ablation/ablation_grid.csv,2015–2025,c1=True;c2=L1;c3=on;c4=True,istikrarlı OECD,reading,E_level_floor_band:S0-lvl25:+libdem_2013 ≥ 0.250,p_ratio,5,1/6,0.167,0.1667,1/(J+1),True,False,False,7.6,
SC ön-dönem arındırılmış (ablasyon),donor_ablation/ablation_grid.csv,2015–2025,c1=True;c2=L1;c3=on;c4=True,istikrarlı OECD,science,E_level_floor_band:S0-lvl25:+libdem_2013 ≥ 0.250,p_gap,8,2/9,0.222,0.1111,1/(J+1),False,False,False,20.2,
SC ön-dönem arındırılmış (ablasyon),donor_ablation/ablation_grid.csv,2015–2025,c1=True;c2=L1;c3=on;c4=True,istikrarlı OECD,science,E_level_floor_band:S0-lvl25:+libdem_2013 ≥ 0.250,p_ratio,8,8/9,0.889,0.1111,1/(J+1),False,False,False,20.2,
SC ön-dönem arındırılmış (ablasyon),donor_ablation/ablation_grid.csv,2015–2025,c1=True;c2=L1;c3=on;c4=True,istikrarlı OECD,math,E_level_floor_missing_kept:S0-lvl25+nan:+libdem_2013 ≥ 0.250; libdem yoksa kalır,p_gap,5,1/6,0.167,0.1667,1/(J+1),True,False,False,26.2,
SC ön-dönem arındırılmış (ablasyon),donor_ablation/ablation_grid.csv,2015–2025,c1=True;c2=L1;c3=on;c4=True,istikrarlı OECD,math,E_level_floor_missing_kept:S0-lvl25+nan:+libdem_2013 ≥ 0.250; libdem yoksa kalır,p_ratio,5,2/6,0.333,0.1667,1/(J+1),False,False,False,26.2,
SC ön-dönem arındırılmış (ablasyon),donor_ablation/ablation_grid.csv,2015–2025,c1=True;c2=L1;c3=on;c4=True,istikrarlı OECD,reading,E_level_floor_missing_kept:S0-lvl25+nan:+libdem_2013 ≥ 0.250; libdem yoksa kalır,p_gap,5,2/6,0.333,0.1667,1/(J+1),False,False,False,7.6,
SC ön-dönem arındırılmış (ablasyon),donor_ablation/ablation_grid.csv,2015–2025,c1=True;c2=L1;c3=on;c4=True,istikrarlı OECD,reading,E_level_floor_missing_kept:S0-lvl25+nan:+libdem_2013 ≥ 0.250; libdem yoksa kalır,p_ratio,5,1/6,0.167,0.1667,1/(J+1),True,False,False,7.6,
SC ön-dönem arındırılmış (ablasyon),donor_ablation/ablation_grid.csv,2015–2025,c1=True;c2=L1;c3=on;c4=True,istikrarlı OECD,science,E_level_floor_missing_kept:S0-lvl25+nan:+libdem_2013 ≥ 0.250; libdem yoksa kalır,p_gap,8,2/9,0.222,0.1111,1/(J+1),False,False,False,20.2,
SC ön-dönem arındırılmış (ablasyon),donor_ablation/ablation_grid.csv,2015–2025,c1=True;c2=L1;c3=on;c4=True,istikrarlı OECD,science,E_level_floor_missing_kept:S0-lvl25+nan:+libdem_2013 ≥ 0.250; libdem yoksa kalır,p_ratio,8,8/9,0.889,0.1111,1/(J+1),False,False,False,20.2,
SC ön-dönem arındırılmış (ablasyon),donor_ablation/ablation_grid.csv,2015–2025,c1=True;c2=L1;c3=on;c4=True,istikrarlı OECD,math,E_level_floor:S0-lvl:+libdem_2013 ≥ 0.289,p_gap,5,1/6,0.167,0.1667,1/(J+1),True,False,False,26.2,
SC ön-dönem arındırılmış (ablasyon),donor_ablation/ablation_grid.csv,2015–2025,c1=True;c2=L1;c3=on;c4=True,istikrarlı OECD,math,E_level_floor:S0-lvl:+libdem_2013 ≥ 0.289,p_ratio,5,2/6,0.333,0.1667,1/(J+1),False,False,False,26.2,
SC ön-dönem arındırılmış (ablasyon),donor_ablation/ablation_grid.csv,2015–2025,c1=True;c2=L1;c3=on;c4=True,istikrarlı OECD,reading,E_level_floor:S0-lvl:+libdem_2013 ≥ 0.289,p_gap,5,2/6,0.333,0.1667,1/(J+1),False,False,False,7.6,
SC ön-dönem arındırılmış (ablasyon),donor_ablation/ablation_grid.csv,2015–2025,c1=True;c2=L1;c3=on;c4=True,istikrarlı OECD,reading,E_level_floor:S0-lvl:+libdem_2013 ≥ 0.289,p_ratio,5,1/6,0.167,0.1667,1/(J+1),True,False,False,7.6,
SC ön-dönem arındırılmış (ablasyon),donor_ablation/ablation_grid.csv,2015–2025,c1=True;c2=L1;c3=on;c4=True,istikrarlı OECD,science,E_level_floor:S0-lvl:+libdem_2013 ≥ 0.289,p_gap,8,2/9,0.222,0.1111,1/(J+1),False,False,False,20.2,
SC ön-dönem arındırılmış (ablasyon),donor_ablation/ablation_grid.csv,2015–2025,c1=True;c2=L1;c3=on;c4=True,istikrarlı OECD,science,E_level_floor:S0-lvl:+libdem_2013 ≥ 0.289,p_ratio,8,8/9,0.889,0.1111,1/(J+1),False,False,False,20.2,
SC ön-dönem arındırılmış (ablasyon),donor_ablation/ablation_grid.csv,2015–2025,c1=True;c2=L1;c3=on;c4=True,istikrarlı OECD,math,E_level_floor_missing_kept:S0-lvl289+nan:+libdem_2013 ≥ 0.289; libdem yoksa kalır,p_gap,5,1/6,0.167,0.1667,1/(J+1),True,False,False,26.2,
SC ön-dönem arındırılmış (ablasyon),donor_ablation/ablation_grid.csv,2015–2025,c1=True;c2=L1;c3=on;c4=True,istikrarlı OECD,math,E_level_floor_missing_kept:S0-lvl289+nan:+libdem_2013 ≥ 0.289; libdem yoksa kalır,p_ratio,5,2/6,0.333,0.1667,1/(J+1),False,False,False,26.2,
SC ön-dönem arındırılmış (ablasyon),donor_ablation/ablation_grid.csv,2015–2025,c1=True;c2=L1;c3=on;c4=True,istikrarlı OECD,reading,E_level_floor_missing_kept:S0-lvl289+nan:+libdem_2013 ≥ 0.289; libdem yoksa kalır,p_gap,5,2/6,0.333,0.1667,1/(J+1),False,False,False,7.6,
SC ön-dönem arındırılmış (ablasyon),donor_ablation/ablation_grid.csv,2015–2025,c1=True;c2=L1;c3=on;c4=True,istikrarlı OECD,reading,E_level_floor_missing_kept:S0-lvl289+nan:+libdem_2013 ≥ 0.289; libdem yoksa kalır,p_ratio,5,1/6,0.167,0.1667,1/(J+1),True,False,False,7.6,
SC ön-dönem arındırılmış (ablasyon),donor_ablation/ablation_grid.csv,2015–2025,c1=True;c2=L1;c3=on;c4=True,istikrarlı OECD,science,E_level_floor_missing_kept:S0-lvl289+nan:+libdem_2013 ≥ 0.289; libdem yoksa kalır,p_gap,8,2/9,0.222,0.1111,1/(J+1),False,False,False,20.2,
SC ön-dönem arındırılmış (ablasyon),donor_ablation/ablation_grid.csv,2015–2025,c1=True;c2=L1;c3=on;c4=True,istikrarlı OECD,science,E_level_floor_missing_kept:S0-lvl289+nan:+libdem_2013 ≥ 0.289; libdem yoksa kalır,p_ratio,8,8/9,0.889,0.1111,1/(J+1),False,False,False,20.2,
SC ön-dönem arındırılmış (ablasyon),donor_ablation/ablation_grid.csv,2015–2025,c1=True;c2=L1;c3=on;c4=True,istikrarlı OECD,math,E_level_floor_band:S0-lvl35:+libdem_2013 ≥ 0.350,p_gap,5,1/6,0.167,0.1667,1/(J+1),True,False,False,26.2,
SC ön-dönem arındırılmış (ablasyon),donor_ablation/ablation_grid.csv,2015–2025,c1=True;c2=L1;c3=on;c4=True,istikrarlı OECD,math,E_level_floor_band:S0-lvl35:+libdem_2013 ≥ 0.350,p_ratio,5,2/6,0.333,0.1667,1/(J+1),False,False,False,26.2,
SC ön-dönem arındırılmış (ablasyon),donor_ablation/ablation_grid.csv,2015–2025,c1=True;c2=L1;c3=on;c4=True,istikrarlı OECD,reading,E_level_floor_band:S0-lvl35:+libdem_2013 ≥ 0.350,p_gap,5,2/6,0.333,0.1667,1/(J+1),False,False,False,7.6,
SC ön-dönem arındırılmış (ablasyon),donor_ablation/ablation_grid.csv,2015–2025,c1=True;c2=L1;c3=on;c4=True,istikrarlı OECD,reading,E_level_floor_band:S0-lvl35:+libdem_2013 ≥ 0.350,p_ratio,5,1/6,0.167,0.1667,1/(J+1),True,False,False,7.6,
SC ön-dönem arındırılmış (ablasyon),donor_ablation/ablation_grid.csv,2015–2025,c1=True;c2=L1;c3=on;c4=True,istikrarlı OECD,science,E_level_floor_band:S0-lvl35:+libdem_2013 ≥ 0.350,p_gap,8,2/9,0.222,0.1111,1/(J+1),False,False,False,20.2,
SC ön-dönem arındırılmış (ablasyon),donor_ablation/ablation_grid.csv,2015–2025,c1=True;c2=L1;c3=on;c4=True,istikrarlı OECD,science,E_level_floor_band:S0-lvl35:+libdem_2013 ≥ 0.350,p_ratio,8,8/9,0.889,0.1111,1/(J+1),False,False,False,20.2,
SC ön-dönem arındırılmış (ablasyon),donor_ablation/ablation_grid.csv,2015–2025,c1=True;c2=L1;c3=on;c4=True,istikrarlı OECD,math,E_level_floor_missing_kept:S0-lvl35+nan:+libdem_2013 ≥ 0.350; libdem yoksa kalır,p_gap,5,1/6,0.167,0.1667,1/(J+1),True,False,False,26.2,
SC ön-dönem arındırılmış (ablasyon),donor_ablation/ablation_grid.csv,2015–2025,c1=True;c2=L1;c3=on;c4=True,istikrarlı OECD,math,E_level_floor_missing_kept:S0-lvl35+nan:+libdem_2013 ≥ 0.350; libdem yoksa kalır,p_ratio,5,2/6,0.333,0.1667,1/(J+1),False,False,False,26.2,
SC ön-dönem arındırılmış (ablasyon),donor_ablation/ablation_grid.csv,2015–2025,c1=True;c2=L1;c3=on;c4=True,istikrarlı OECD,reading,E_level_floor_missing_kept:S0-lvl35+nan:+libdem_2013 ≥ 0.350; libdem yoksa kalır,p_gap,5,2/6,0.333,0.1667,1/(J+1),False,False,False,7.6,
SC ön-dönem arındırılmış (ablasyon),donor_ablation/ablation_grid.csv,2015–2025,c1=True;c2=L1;c3=on;c4=True,istikrarlı OECD,reading,E_level_floor_missing_kept:S0-lvl35+nan:+libdem_2013 ≥ 0.350; libdem yoksa kalır,p_ratio,5,1/6,0.167,0.1667,1/(J+1),True,False,False,7.6,
SC ön-dönem arındırılmış (ablasyon),donor_ablation/ablation_grid.csv,2015–2025,c1=True;c2=L1;c3=on;c4=True,istikrarlı OECD,science,E_level_floor_missing_kept:S0-lvl35+nan:+libdem_2013 ≥ 0.350; libdem yoksa kalır,p_gap,8,2/9,0.222,0.1111,1/(J+1),False,False,False,20.2,
SC ön-dönem arındırılmış (ablasyon),donor_ablation/ablation_grid.csv,2015–2025,c1=True;c2=L1;c3=on;c4=True,istikrarlı OECD,science,E_level_floor_missing_kept:S0-lvl35+nan:+libdem_2013 ≥ 0.350; libdem yoksa kalır,p_ratio,8,8/9,0.889,0.1111,1/(J+1),False,False,False,20.2,
SC ön-dönem arındırılmış (ablasyon),donor_ablation/ablation_grid.csv,2015–2025,c1=False;c2=L1;c3=on;c4=True,tüm katılımcılar,math,E_level_floor_band:S1-lvl20:C1; +libdem_2013 ≥ 0.200,p_gap,5,1/6,0.167,0.1667,1/(J+1),True,False,False,26.2,
SC ön-dönem arındırılmış (ablasyon),donor_ablation/ablation_grid.csv,2015–2025,c1=False;c2=L1;c3=on;c4=True,tüm katılımcılar,math,E_level_floor_band:S1-lvl20:C1; +libdem_2013 ≥ 0.200,p_ratio,5,2/6,0.333,0.1667,1/(J+1),False,False,False,26.2,
SC ön-dönem arındırılmış (ablasyon),donor_ablation/ablation_grid.csv,2015–2025,c1=False;c2=L1;c3=on;c4=True,tüm katılımcılar,reading,E_level_floor_band:S1-lvl20:C1; +libdem_2013 ≥ 0.200,p_gap,5,2/6,0.333,0.1667,1/(J+1),False,False,False,7.6,
SC ön-dönem arındırılmış (ablasyon),donor_ablation/ablation_grid.csv,2015–2025,c1=False;c2=L1;c3=on;c4=True,tüm katılımcılar,reading,E_level_floor_band:S1-lvl20:C1; +libdem_2013 ≥ 0.200,p_ratio,5,1/6,0.167,0.1667,1/(J+1),True,False,False,7.6,
SC ön-dönem arındırılmış (ablasyon),donor_ablation/ablation_grid.csv,2015–2025,c1=False;c2=L1;c3=on;c4=True,tüm katılımcılar,science,E_level_floor_band:S1-lvl20:C1; +libdem_2013 ≥ 0.200,p_gap,10,2/11,0.182,0.0909,1/(J+1),False,False,True,20.2,
SC ön-dönem arındırılmış (ablasyon),donor_ablation/ablation_grid.csv,2015–2025,c1=False;c2=L1;c3=on;c4=True,tüm katılımcılar,science,E_level_floor_band:S1-lvl20:C1; +libdem_2013 ≥ 0.200,p_ratio,10,10/11,0.909,0.0909,1/(J+1),False,False,True,20.2,
SC ön-dönem arındırılmış (ablasyon),donor_ablation/ablation_grid.csv,2015–2025,c1=False;c2=L1;c3=on;c4=True,tüm katılımcılar,math,E_level_floor_missing_kept:S1-lvl20+nan:C1; +libdem_2013 ≥ 0.200; libdem yoksa kalır,p_gap,5,1/6,0.167,0.1667,1/(J+1),True,False,False,26.2,
SC ön-dönem arındırılmış (ablasyon),donor_ablation/ablation_grid.csv,2015–2025,c1=False;c2=L1;c3=on;c4=True,tüm katılımcılar,math,E_level_floor_missing_kept:S1-lvl20+nan:C1; +libdem_2013 ≥ 0.200; libdem yoksa kalır,p_ratio,5,2/6,0.333,0.1667,1/(J+1),False,False,False,26.2,
SC ön-dönem arındırılmış (ablasyon),donor_ablation/ablation_grid.csv,2015–2025,c1=False;c2=L1;c3=on;c4=True,tüm katılımcılar,reading,E_level_floor_missing_kept:S1-lvl20+nan:C1; +libdem_2013 ≥ 0.200; libdem yoksa kalır,p_gap,5,2/6,0.333,0.1667,1/(J+1),False,False,False,7.6,
SC ön-dönem arındırılmış (ablasyon),donor_ablation/ablation_grid.csv,2015–2025,c1=False;c2=L1;c3=on;c4=True,tüm katılımcılar,reading,E_level_floor_missing_kept:S1-lvl20+nan:C1; +libdem_2013 ≥ 0.200; libdem yoksa kalır,p_ratio,5,1/6,0.167,0.1667,1/(J+1),True,False,False,7.6,
SC ön-dönem arındırılmış (ablasyon),donor_ablation/ablation_grid.csv,2015–2025,c1=False;c2=L1;c3=on;c4=True,tüm katılımcılar,science,E_level_floor_missing_kept:S1-lvl20+nan:C1; +libdem_2013 ≥ 0.200; libdem yoksa kalır,p_gap,10,2/11,0.182,0.0909,1/(J+1),False,False,True,20.2,
SC ön-dönem arındırılmış (ablasyon),donor_ablation/ablation_grid.csv,2015–2025,c1=False;c2=L1;c3=on;c4=True,tüm katılımcılar,science,E_level_floor_missing_kept:S1-lvl20+nan:C1; +libdem_2013 ≥ 0.200; libdem yoksa kalır,p_ratio,10,10/11,0.909,0.0909,1/(J+1),False,False,True,20.2,
SC ön-dönem arındırılmış (ablasyon),donor_ablation/ablation_grid.csv,2015–2025,c1=False;c2=L1;c3=on;c4=True,tüm katılımcılar,math,E_level_floor_band:S1-lvl25:C1; +libdem_2013 ≥ 0.250,p_gap,5,1/6,0.167,0.1667,1/(J+1),True,False,False,26.2,
SC ön-dönem arındırılmış (ablasyon),donor_ablation/ablation_grid.csv,2015–2025,c1=False;c2=L1;c3=on;c4=True,tüm katılımcılar,math,E_level_floor_band:S1-lvl25:C1; +libdem_2013 ≥ 0.250,p_ratio,5,2/6,0.333,0.1667,1/(J+1),False,False,False,26.2,
SC ön-dönem arındırılmış (ablasyon),donor_ablation/ablation_grid.csv,2015–2025,c1=False;c2=L1;c3=on;c4=True,tüm katılımcılar,reading,E_level_floor_band:S1-lvl25:C1; +libdem_2013 ≥ 0.250,p_gap,5,2/6,0.333,0.1667,1/(J+1),False,False,False,7.6,
SC ön-dönem arındırılmış (ablasyon),donor_ablation/ablation_grid.csv,2015–2025,c1=False;c2=L1;c3=on;c4=True,tüm katılımcılar,reading,E_level_floor_band:S1-lvl25:C1; +libdem_2013 ≥ 0.250,p_ratio,5,1/6,0.167,0.1667,1/(J+1),True,False,False,7.6,
SC ön-dönem arındırılmış (ablasyon),donor_ablation/ablation_grid.csv,2015–2025,c1=False;c2=L1;c3=on;c4=True,tüm katılımcılar,science,E_level_floor_band:S1-lvl25:C1; +libdem_2013 ≥ 0.250,p_gap,10,2/11,0.182,0.0909,1/(J+1),False,False,True,20.2,
SC ön-dönem arındırılmış (ablasyon),donor_ablation/ablation_grid.csv,2015–2025,c1=False;c2=L1;c3=on;c4=True,tüm katılımcılar,science,E_level_floor_band:S1-lvl25:C1; +libdem_2013 ≥ 0.250,p_ratio,10,10/11,0.909,0.0909,1/(J+1),False,False,True,20.2,
SC ön-dönem arındırılmış (ablasyon),donor_ablation/ablation_grid.csv,2015–2025,c1=False;c2=L1;c3=on;c4=True,tüm katılımcılar,math,E_level_floor_missing_kept:S1-lvl25+nan:C1; +libdem_2013 ≥ 0.250; libdem yoksa kalır,p_gap,5,1/6,0.167,0.1667,1/(J+1),True,False,False,26.2,
SC ön-dönem arındırılmış (ablasyon),donor_ablation/ablation_grid.csv,2015–2025,c1=False;c2=L1;c3=on;c4=True,tüm katılımcılar,math,E_level_floor_missing_kept:S1-lvl25+nan:C1; +libdem_2013 ≥ 0.250; libdem yoksa kalır,p_ratio,5,2/6,0.333,0.1667,1/(J+1),False,False,False,26.2,
SC ön-dönem arındırılmış (ablasyon),donor_ablation/ablation_grid.csv,2015–2025,c1=False;c2=L1;c3=on;c4=True,tüm katılımcılar,reading,E_level_floor_missing_kept:S1-lvl25+nan:C1; +libdem_2013 ≥ 0.250; libdem yoksa kalır,p_gap,5,2/6,0.333,0.1667,1/(J+1),False,False,False,7.6,
SC ön-dönem arındırılmış (ablasyon),donor_ablation/ablation_grid.csv,2015–2025,c1=False;c2=L1;c3=on;c4=True,tüm katılımcılar,reading,E_level_floor_missing_kept:S1-lvl25+nan:C1; +libdem_2013 ≥ 0.250; libdem yoksa kalır,p_ratio,5,1/6,0.167,0.1667,1/(J+1),True,False,False,7.6,
SC ön-dönem arındırılmış (ablasyon),donor_ablation/ablation_grid.csv,2015–2025,c1=False;c2=L1;c3=on;c4=True,tüm katılımcılar,science,E_level_floor_missing_kept:S1-lvl25+nan:C1; +libdem_2013 ≥ 0.250; libdem yoksa kalır,p_gap,10,2/11,0.182,0.0909,1/(J+1),False,False,True,20.2,
SC ön-dönem arındırılmış (ablasyon),donor_ablation/ablation_grid.csv,2015–2025,c1=False;c2=L1;c3=on;c4=True,tüm katılımcılar,science,E_level_floor_missing_kept:S1-lvl25+nan:C1; +libdem_2013 ≥ 0.250; libdem yoksa kalır,p_ratio,10,10/11,0.909,0.0909,1/(J+1),False,False,True,20.2,
SC ön-dönem arındırılmış (ablasyon),donor_ablation/ablation_grid.csv,2015–2025,c1=False;c2=L1;c3=on;c4=True,tüm katılımcılar,math,E_level_floor:S1-lvl:C1; +libdem_2013 ≥ 0.289,p_gap,5,1/6,0.167,0.1667,1/(J+1),True,False,False,26.2,
SC ön-dönem arındırılmış (ablasyon),donor_ablation/ablation_grid.csv,2015–2025,c1=False;c2=L1;c3=on;c4=True,tüm katılımcılar,math,E_level_floor:S1-lvl:C1; +libdem_2013 ≥ 0.289,p_ratio,5,2/6,0.333,0.1667,1/(J+1),False,False,False,26.2,
SC ön-dönem arındırılmış (ablasyon),donor_ablation/ablation_grid.csv,2015–2025,c1=False;c2=L1;c3=on;c4=True,tüm katılımcılar,reading,E_level_floor:S1-lvl:C1; +libdem_2013 ≥ 0.289,p_gap,5,2/6,0.333,0.1667,1/(J+1),False,False,False,7.6,
SC ön-dönem arındırılmış (ablasyon),donor_ablation/ablation_grid.csv,2015–2025,c1=False;c2=L1;c3=on;c4=True,tüm katılımcılar,reading,E_level_floor:S1-lvl:C1; +libdem_2013 ≥ 0.289,p_ratio,5,1/6,0.167,0.1667,1/(J+1),True,False,False,7.6,
SC ön-dönem arındırılmış (ablasyon),donor_ablation/ablation_grid.csv,2015–2025,c1=False;c2=L1;c3=on;c4=True,tüm katılımcılar,science,E_level_floor:S1-lvl:C1; +libdem_2013 ≥ 0.289,p_gap,10,2/11,0.182,0.0909,1/(J+1),False,False,True,20.2,
SC ön-dönem arındırılmış (ablasyon),donor_ablation/ablation_grid.csv,2015–2025,c1=False;c2=L1;c3=on;c4=True,tüm katılımcılar,science,E_level_floor:S1-lvl:C1; +libdem_2013 ≥ 0.289,p_ratio,10,10/11,0.909,0.0909,1/(J+1),False,False,True,20.2,
SC ön-dönem arındırılmış (ablasyon),donor_ablation/ablation_grid.csv,2015–2025,c1=False;c2=L1;c3=on;c4=True,tüm katılımcılar,math,E_level_floor_missing_kept:S1-lvl289+nan:C1; +libdem_2013 ≥ 0.289; libdem yoksa kalır,p_gap,5,1/6,0.167,0.1667,1/(J+1),True,False,False,26.2,
SC ön-dönem arındırılmış (ablasyon),donor_ablation/ablation_grid.csv,2015–2025,c1=False;c2=L1;c3=on;c4=True,tüm katılımcılar,math,E_level_floor_missing_kept:S1-lvl289+nan:C1; +libdem_2013 ≥ 0.289; libdem yoksa kalır,p_ratio,5,2/6,0.333,0.1667,1/(J+1),False,False,False,26.2,
SC ön-dönem arındırılmış (ablasyon),donor_ablation/ablation_grid.csv,2015–2025,c1=False;c2=L1;c3=on;c4=True,tüm katılımcılar,reading,E_level_floor_missing_kept:S1-lvl289+nan:C1; +libdem_2013 ≥ 0.289; libdem yoksa kalır,p_gap,5,2/6,0.333,0.1667,1/(J+1),False,False,False,7.6,
SC ön-dönem arındırılmış (ablasyon),donor_ablation/ablation_grid.csv,2015–2025,c1=False;c2=L1;c3=on;c4=True,tüm katılımcılar,reading,E_level_floor_missing_kept:S1-lvl289+nan:C1; +libdem_2013 ≥ 0.289; libdem yoksa kalır,p_ratio,5,1/6,0.167,0.1667,1/(J+1),True,False,False,7.6,
SC ön-dönem arındırılmış (ablasyon),donor_ablation/ablation_grid.csv,2015–2025,c1=False;c2=L1;c3=on;c4=True,tüm katılımcılar,science,E_level_floor_missing_kept:S1-lvl289+nan:C1; +libdem_2013 ≥ 0.289; libdem yoksa kalır,p_gap,10,2/11,0.182,0.0909,1/(J+1),False,False,True,20.2,
SC ön-dönem arındırılmış (ablasyon),donor_ablation/ablation_grid.csv,2015–2025,c1=False;c2=L1;c3=on;c4=True,tüm katılımcılar,science,E_level_floor_missing_kept:S1-lvl289+nan:C1; +libdem_2013 ≥ 0.289; libdem yoksa kalır,p_ratio,10,10/11,0.909,0.0909,1/(J+1),False,False,True,20.2,
SC ön-dönem arındırılmış (ablasyon),donor_ablation/ablation_grid.csv,2015–2025,c1=False;c2=L1;c3=on;c4=True,tüm katılımcılar,math,E_level_floor_band:S1-lvl35:C1; +libdem_2013 ≥ 0.350,p_gap,5,1/6,0.167,0.1667,1/(J+1),True,False,False,26.2,
SC ön-dönem arındırılmış (ablasyon),donor_ablation/ablation_grid.csv,2015–2025,c1=False;c2=L1;c3=on;c4=True,tüm katılımcılar,math,E_level_floor_band:S1-lvl35:C1; +libdem_2013 ≥ 0.350,p_ratio,5,2/6,0.333,0.1667,1/(J+1),False,False,False,26.2,
SC ön-dönem arındırılmış (ablasyon),donor_ablation/ablation_grid.csv,2015–2025,c1=False;c2=L1;c3=on;c4=True,tüm katılımcılar,reading,E_level_floor_band:S1-lvl35:C1; +libdem_2013 ≥ 0.350,p_gap,5,2/6,0.333,0.1667,1/(J+1),False,False,False,7.6,
SC ön-dönem arındırılmış (ablasyon),donor_ablation/ablation_grid.csv,2015–2025,c1=False;c2=L1;c3=on;c4=True,tüm katılımcılar,reading,E_level_floor_band:S1-lvl35:C1; +libdem_2013 ≥ 0.350,p_ratio,5,1/6,0.167,0.1667,1/(J+1),True,False,False,7.6,
SC ön-dönem arındırılmış (ablasyon),donor_ablation/ablation_grid.csv,2015–2025,c1=False;c2=L1;c3=on;c4=True,tüm katılımcılar,science,E_level_floor_band:S1-lvl35:C1; +libdem_2013 ≥ 0.350,p_gap,10,2/11,0.182,0.0909,1/(J+1),False,False,True,20.2,
SC ön-dönem arındırılmış (ablasyon),donor_ablation/ablation_grid.csv,2015–2025,c1=False;c2=L1;c3=on;c4=True,tüm katılımcılar,science,E_level_floor_band:S1-lvl35:C1; +libdem_2013 ≥ 0.350,p_ratio,10,10/11,0.909,0.0909,1/(J+1),False,False,True,20.2,
SC ön-dönem arındırılmış (ablasyon),donor_ablation/ablation_grid.csv,2015–2025,c1=False;c2=L1;c3=on;c4=True,tüm katılımcılar,math,E_level_floor_missing_kept:S1-lvl35+nan:C1; +libdem_2013 ≥ 0.350; libdem yoksa kalır,p_gap,5,1/6,0.167,0.1667,1/(J+1),True,False,False,26.2,
SC ön-dönem arındırılmış (ablasyon),donor_ablation/ablation_grid.csv,2015–2025,c1=False;c2=L1;c3=on;c4=True,tüm katılımcılar,math,E_level_floor_missing_kept:S1-lvl35+nan:C1; +libdem_2013 ≥ 0.350; libdem yoksa kalır,p_ratio,5,2/6,0.333,0.1667,1/(J+1),False,False,False,26.2,
SC ön-dönem arındırılmış (ablasyon),donor_ablation/ablation_grid.csv,2015–2025,c1=False;c2=L1;c3=on;c4=True,tüm katılımcılar,reading,E_level_floor_missing_kept:S1-lvl35+nan:C1; +libdem_2013 ≥ 0.350; libdem yoksa kalır,p_gap,5,2/6,0.333,0.1667,1/(J+1),False,False,False,7.6,
SC ön-dönem arındırılmış (ablasyon),donor_ablation/ablation_grid.csv,2015–2025,c1=False;c2=L1;c3=on;c4=True,tüm katılımcılar,reading,E_level_floor_missing_kept:S1-lvl35+nan:C1; +libdem_2013 ≥ 0.350; libdem yoksa kalır,p_ratio,5,1/6,0.167,0.1667,1/(J+1),True,False,False,7.6,
SC ön-dönem arındırılmış (ablasyon),donor_ablation/ablation_grid.csv,2015–2025,c1=False;c2=L1;c3=on;c4=True,tüm katılımcılar,science,E_level_floor_missing_kept:S1-lvl35+nan:C1; +libdem_2013 ≥ 0.350; libdem yoksa kalır,p_gap,10,2/11,0.182,0.0909,1/(J+1),False,False,True,20.2,
SC ön-dönem arındırılmış (ablasyon),donor_ablation/ablation_grid.csv,2015–2025,c1=False;c2=L1;c3=on;c4=True,tüm katılımcılar,science,E_level_floor_missing_kept:S1-lvl35+nan:C1; +libdem_2013 ≥ 0.350; libdem yoksa kalır,p_ratio,10,10/11,0.909,0.0909,1/(J+1),False,False,True,20.2,
SC ön-dönem arındırılmış (ablasyon),donor_ablation/ablation_grid.csv,2015–2025,c1=False;c2=L3;c3=on;c4=True,otokratikleşenleri içeren,math,E_level_floor_band:S12-lvl20:C1+C2; +libdem_2013 ≥ 0.200,p_gap,19,5/20,0.25,0.05,1/(J+1),False,False,True,7.3,
SC ön-dönem arındırılmış (ablasyon),donor_ablation/ablation_grid.csv,2015–2025,c1=False;c2=L3;c3=on;c4=True,otokratikleşenleri içeren,math,E_level_floor_band:S12-lvl20:C1+C2; +libdem_2013 ≥ 0.200,p_ratio,19,8/20,0.4,0.05,1/(J+1),False,False,True,7.3,
SC ön-dönem arındırılmış (ablasyon),donor_ablation/ablation_grid.csv,2015–2025,c1=False;c2=L3;c3=on;c4=True,otokratikleşenleri içeren,reading,E_level_floor_band:S12-lvl20:C1+C2; +libdem_2013 ≥ 0.200,p_gap,19,12/20,0.6,0.05,1/(J+1),False,False,True,0.6,
SC ön-dönem arındırılmış (ablasyon),donor_ablation/ablation_grid.csv,2015–2025,c1=False;c2=L3;c3=on;c4=True,otokratikleşenleri içeren,reading,E_level_floor_band:S12-lvl20:C1+C2; +libdem_2013 ≥ 0.200,p_ratio,19,10/20,0.5,0.05,1/(J+1),False,False,True,0.6,
SC ön-dönem arındırılmış (ablasyon),donor_ablation/ablation_grid.csv,2015–2025,c1=False;c2=L3;c3=on;c4=True,otokratikleşenleri içeren,science,E_level_floor_band:S12-lvl20:C1+C2; +libdem_2013 ≥ 0.200,p_gap,29,3/30,0.1,0.0333,1/(J+1),False,False,True,28.2,
SC ön-dönem arındırılmış (ablasyon),donor_ablation/ablation_grid.csv,2015–2025,c1=False;c2=L3;c3=on;c4=True,otokratikleşenleri içeren,science,E_level_floor_band:S12-lvl20:C1+C2; +libdem_2013 ≥ 0.200,p_ratio,29,29/30,0.967,0.0333,1/(J+1),False,False,True,28.2,
SC ön-dönem arındırılmış (ablasyon),donor_ablation/ablation_grid.csv,2015–2025,c1=False;c2=L3;c3=on;c4=True,otokratikleşenleri içeren,math,E_level_floor_missing_kept:S12-lvl20+nan:C1+C2; +libdem_2013 ≥ 0.200; libdem yoksa kalır,p_gap,20,6/21,0.286,0.0476,1/(J+1),False,False,True,7.3,
SC ön-dönem arındırılmış (ablasyon),donor_ablation/ablation_grid.csv,2015–2025,c1=False;c2=L3;c3=on;c4=True,otokratikleşenleri içeren,math,E_level_floor_missing_kept:S12-lvl20+nan:C1+C2; +libdem_2013 ≥ 0.200; libdem yoksa kalır,p_ratio,20,9/21,0.429,0.0476,1/(J+1),False,False,True,7.3,
SC ön-dönem arındırılmış (ablasyon),donor_ablation/ablation_grid.csv,2015–2025,c1=False;c2=L3;c3=on;c4=True,otokratikleşenleri içeren,reading,E_level_floor_missing_kept:S12-lvl20+nan:C1+C2; +libdem_2013 ≥ 0.200; libdem yoksa kalır,p_gap,20,9/21,0.429,0.0476,1/(J+1),False,False,True,0.6,
SC ön-dönem arındırılmış (ablasyon),donor_ablation/ablation_grid.csv,2015–2025,c1=False;c2=L3;c3=on;c4=True,otokratikleşenleri içeren,reading,E_level_floor_missing_kept:S12-lvl20+nan:C1+C2; +libdem_2013 ≥ 0.200; libdem yoksa kalır,p_ratio,20,12/21,0.571,0.0476,1/(J+1),False,False,True,0.6,
SC ön-dönem arındırılmış (ablasyon),donor_ablation/ablation_grid.csv,2015–2025,c1=False;c2=L3;c3=on;c4=True,otokratikleşenleri içeren,science,E_level_floor_missing_kept:S12-lvl20+nan:C1+C2; +libdem_2013 ≥ 0.200; libdem yoksa kalır,p_gap,30,4/31,0.129,0.0323,1/(J+1),False,False,True,28.2,
SC ön-dönem arındırılmış (ablasyon),donor_ablation/ablation_grid.csv,2015–2025,c1=False;c2=L3;c3=on;c4=True,otokratikleşenleri içeren,science,E_level_floor_missing_kept:S12-lvl20+nan:C1+C2; +libdem_2013 ≥ 0.200; libdem yoksa kalır,p_ratio,30,30/31,0.968,0.0323,1/(J+1),False,False,True,28.2,
SC ön-dönem arındırılmış (ablasyon),donor_ablation/ablation_grid.csv,2015–2025,c1=False;c2=L3;c3=on;c4=True,otokratikleşenleri içeren,math,E_level_floor_band:S12-lvl25:C1+C2; +libdem_2013 ≥ 0.250,p_gap,19,5/20,0.25,0.05,1/(J+1),False,False,True,7.3,
SC ön-dönem arındırılmış (ablasyon),donor_ablation/ablation_grid.csv,2015–2025,c1=False;c2=L3;c3=on;c4=True,otokratikleşenleri içeren,math,E_level_floor_band:S12-lvl25:C1+C2; +libdem_2013 ≥ 0.250,p_ratio,19,8/20,0.4,0.05,1/(J+1),False,False,True,7.3,
SC ön-dönem arındırılmış (ablasyon),donor_ablation/ablation_grid.csv,2015–2025,c1=False;c2=L3;c3=on;c4=True,otokratikleşenleri içeren,reading,E_level_floor_band:S12-lvl25:C1+C2; +libdem_2013 ≥ 0.250,p_gap,19,12/20,0.6,0.05,1/(J+1),False,False,True,0.6,
SC ön-dönem arındırılmış (ablasyon),donor_ablation/ablation_grid.csv,2015–2025,c1=False;c2=L3;c3=on;c4=True,otokratikleşenleri içeren,reading,E_level_floor_band:S12-lvl25:C1+C2; +libdem_2013 ≥ 0.250,p_ratio,19,10/20,0.5,0.05,1/(J+1),False,False,True,0.6,
SC ön-dönem arındırılmış (ablasyon),donor_ablation/ablation_grid.csv,2015–2025,c1=False;c2=L3;c3=on;c4=True,otokratikleşenleri içeren,science,E_level_floor_band:S12-lvl25:C1+C2; +libdem_2013 ≥ 0.250,p_gap,29,3/30,0.1,0.0333,1/(J+1),False,False,True,28.2,
SC ön-dönem arındırılmış (ablasyon),donor_ablation/ablation_grid.csv,2015–2025,c1=False;c2=L3;c3=on;c4=True,otokratikleşenleri içeren,science,E_level_floor_band:S12-lvl25:C1+C2; +libdem_2013 ≥ 0.250,p_ratio,29,29/30,0.967,0.0333,1/(J+1),False,False,True,28.2,
SC ön-dönem arındırılmış (ablasyon),donor_ablation/ablation_grid.csv,2015–2025,c1=False;c2=L3;c3=on;c4=True,otokratikleşenleri içeren,math,E_level_floor_missing_kept:S12-lvl25+nan:C1+C2; +libdem_2013 ≥ 0.250; libdem yoksa kalır,p_gap,20,6/21,0.286,0.0476,1/(J+1),False,False,True,7.3,
SC ön-dönem arındırılmış (ablasyon),donor_ablation/ablation_grid.csv,2015–2025,c1=False;c2=L3;c3=on;c4=True,otokratikleşenleri içeren,math,E_level_floor_missing_kept:S12-lvl25+nan:C1+C2; +libdem_2013 ≥ 0.250; libdem yoksa kalır,p_ratio,20,9/21,0.429,0.0476,1/(J+1),False,False,True,7.3,
SC ön-dönem arındırılmış (ablasyon),donor_ablation/ablation_grid.csv,2015–2025,c1=False;c2=L3;c3=on;c4=True,otokratikleşenleri içeren,reading,E_level_floor_missing_kept:S12-lvl25+nan:C1+C2; +libdem_2013 ≥ 0.250; libdem yoksa kalır,p_gap,20,9/21,0.429,0.0476,1/(J+1),False,False,True,0.6,
SC ön-dönem arındırılmış (ablasyon),donor_ablation/ablation_grid.csv,2015–2025,c1=False;c2=L3;c3=on;c4=True,otokratikleşenleri içeren,reading,E_level_floor_missing_kept:S12-lvl25+nan:C1+C2; +libdem_2013 ≥ 0.250; libdem yoksa kalır,p_ratio,20,12/21,0.571,0.0476,1/(J+1),False,False,True,0.6,
SC ön-dönem arındırılmış (ablasyon),donor_ablation/ablation_grid.csv,2015–2025,c1=False;c2=L3;c3=on;c4=True,otokratikleşenleri içeren,science,E_level_floor_missing_kept:S12-lvl25+nan:C1+C2; +libdem_2013 ≥ 0.250; libdem yoksa kalır,p_gap,30,4/31,0.129,0.0323,1/(J+1),False,False,True,28.2,
SC ön-dönem arındırılmış (ablasyon),donor_ablation/ablation_grid.csv,2015–2025,c1=False;c2=L3;c3=on;c4=True,otokratikleşenleri içeren,science,E_level_floor_missing_kept:S12-lvl25+nan:C1+C2; +libdem_2013 ≥ 0.250; libdem yoksa kalır,p_ratio,30,30/31,0.968,0.0323,1/(J+1),False,False,True,28.2,
SC ön-dönem arındırılmış (ablasyon),donor_ablation/ablation_grid.csv,2015–2025,c1=False;c2=L3;c3=on;c4=True,otokratikleşenleri içeren,math,E_level_floor:S12-lvl:C1+C2; +libdem_2013 ≥ 0.289,p_gap,19,5/20,0.25,0.05,1/(J+1),False,False,True,7.3,
SC ön-dönem arındırılmış (ablasyon),donor_ablation/ablation_grid.csv,2015–2025,c1=False;c2=L3;c3=on;c4=True,otokratikleşenleri içeren,math,E_level_floor:S12-lvl:C1+C2; +libdem_2013 ≥ 0.289,p_ratio,19,8/20,0.4,0.05,1/(J+1),False,False,True,7.3,
SC ön-dönem arındırılmış (ablasyon),donor_ablation/ablation_grid.csv,2015–2025,c1=False;c2=L3;c3=on;c4=True,otokratikleşenleri içeren,reading,E_level_floor:S12-lvl:C1+C2; +libdem_2013 ≥ 0.289,p_gap,19,12/20,0.6,0.05,1/(J+1),False,False,True,0.6,
SC ön-dönem arındırılmış (ablasyon),donor_ablation/ablation_grid.csv,2015–2025,c1=False;c2=L3;c3=on;c4=True,otokratikleşenleri içeren,reading,E_level_floor:S12-lvl:C1+C2; +libdem_2013 ≥ 0.289,p_ratio,19,10/20,0.5,0.05,1/(J+1),False,False,True,0.6,
SC ön-dönem arındırılmış (ablasyon),donor_ablation/ablation_grid.csv,2015–2025,c1=False;c2=L3;c3=on;c4=True,otokratikleşenleri içeren,science,E_level_floor:S12-lvl:C1+C2; +libdem_2013 ≥ 0.289,p_gap,29,3/30,0.1,0.0333,1/(J+1),False,False,True,28.2,
SC ön-dönem arındırılmış (ablasyon),donor_ablation/ablation_grid.csv,2015–2025,c1=False;c2=L3;c3=on;c4=True,otokratikleşenleri içeren,science,E_level_floor:S12-lvl:C1+C2; +libdem_2013 ≥ 0.289,p_ratio,29,29/30,0.967,0.0333,1/(J+1),False,False,True,28.2,
SC ön-dönem arındırılmış (ablasyon),donor_ablation/ablation_grid.csv,2015–2025,c1=False;c2=L3;c3=on;c4=True,otokratikleşenleri içeren,math,E_level_floor_missing_kept:S12-lvl289+nan:C1+C2; +libdem_2013 ≥ 0.289; libdem yoksa kalır,p_gap,20,6/21,0.286,0.0476,1/(J+1),False,False,True,7.3,
SC ön-dönem arındırılmış (ablasyon),donor_ablation/ablation_grid.csv,2015–2025,c1=False;c2=L3;c3=on;c4=True,otokratikleşenleri içeren,math,E_level_floor_missing_kept:S12-lvl289+nan:C1+C2; +libdem_2013 ≥ 0.289; libdem yoksa kalır,p_ratio,20,9/21,0.429,0.0476,1/(J+1),False,False,True,7.3,
SC ön-dönem arındırılmış (ablasyon),donor_ablation/ablation_grid.csv,2015–2025,c1=False;c2=L3;c3=on;c4=True,otokratikleşenleri içeren,reading,E_level_floor_missing_kept:S12-lvl289+nan:C1+C2; +libdem_2013 ≥ 0.289; libdem yoksa kalır,p_gap,20,9/21,0.429,0.0476,1/(J+1),False,False,True,0.6,
SC ön-dönem arındırılmış (ablasyon),donor_ablation/ablation_grid.csv,2015–2025,c1=False;c2=L3;c3=on;c4=True,otokratikleşenleri içeren,reading,E_level_floor_missing_kept:S12-lvl289+nan:C1+C2; +libdem_2013 ≥ 0.289; libdem yoksa kalır,p_ratio,20,12/21,0.571,0.0476,1/(J+1),False,False,True,0.6,
SC ön-dönem arındırılmış (ablasyon),donor_ablation/ablation_grid.csv,2015–2025,c1=False;c2=L3;c3=on;c4=True,otokratikleşenleri içeren,science,E_level_floor_missing_kept:S12-lvl289+nan:C1+C2; +libdem_2013 ≥ 0.289; libdem yoksa kalır,p_gap,30,4/31,0.129,0.0323,1/(J+1),False,False,True,28.2,
SC ön-dönem arındırılmış (ablasyon),donor_ablation/ablation_grid.csv,2015–2025,c1=False;c2=L3;c3=on;c4=True,otokratikleşenleri içeren,science,E_level_floor_missing_kept:S12-lvl289+nan:C1+C2; +libdem_2013 ≥ 0.289; libdem yoksa kalır,p_ratio,30,30/31,0.968,0.0323,1/(J+1),False,False,True,28.2,
SC ön-dönem arındırılmış (ablasyon),donor_ablation/ablation_grid.csv,2015–2025,c1=False;c2=L3;c3=on;c4=True,otokratikleşenleri içeren,math,E_level_floor_band:S12-lvl35:C1+C2; +libdem_2013 ≥ 0.350,p_gap,19,5/20,0.25,0.05,1/(J+1),False,False,True,7.3,
SC ön-dönem arındırılmış (ablasyon),donor_ablation/ablation_grid.csv,2015–2025,c1=False;c2=L3;c3=on;c4=True,otokratikleşenleri içeren,math,E_level_floor_band:S12-lvl35:C1+C2; +libdem_2013 ≥ 0.350,p_ratio,19,8/20,0.4,0.05,1/(J+1),False,False,True,7.3,
SC ön-dönem arındırılmış (ablasyon),donor_ablation/ablation_grid.csv,2015–2025,c1=False;c2=L3;c3=on;c4=True,otokratikleşenleri içeren,reading,E_level_floor_band:S12-lvl35:C1+C2; +libdem_2013 ≥ 0.350,p_gap,19,12/20,0.6,0.05,1/(J+1),False,False,True,0.6,
SC ön-dönem arındırılmış (ablasyon),donor_ablation/ablation_grid.csv,2015–2025,c1=False;c2=L3;c3=on;c4=True,otokratikleşenleri içeren,reading,E_level_floor_band:S12-lvl35:C1+C2; +libdem_2013 ≥ 0.350,p_ratio,19,10/20,0.5,0.05,1/(J+1),False,False,True,0.6,
SC ön-dönem arındırılmış (ablasyon),donor_ablation/ablation_grid.csv,2015–2025,c1=False;c2=L3;c3=on;c4=True,otokratikleşenleri içeren,science,E_level_floor_band:S12-lvl35:C1+C2; +libdem_2013 ≥ 0.350,p_gap,29,3/30,0.1,0.0333,1/(J+1),False,False,True,28.2,
SC ön-dönem arındırılmış (ablasyon),donor_ablation/ablation_grid.csv,2015–2025,c1=False;c2=L3;c3=on;c4=True,otokratikleşenleri içeren,science,E_level_floor_band:S12-lvl35:C1+C2; +libdem_2013 ≥ 0.350,p_ratio,29,29/30,0.967,0.0333,1/(J+1),False,False,True,28.2,
SC ön-dönem arındırılmış (ablasyon),donor_ablation/ablation_grid.csv,2015–2025,c1=False;c2=L3;c3=on;c4=True,otokratikleşenleri içeren,math,E_level_floor_missing_kept:S12-lvl35+nan:C1+C2; +libdem_2013 ≥ 0.350; libdem yoksa kalır,p_gap,20,6/21,0.286,0.0476,1/(J+1),False,False,True,7.3,
SC ön-dönem arındırılmış (ablasyon),donor_ablation/ablation_grid.csv,2015–2025,c1=False;c2=L3;c3=on;c4=True,otokratikleşenleri içeren,math,E_level_floor_missing_kept:S12-lvl35+nan:C1+C2; +libdem_2013 ≥ 0.350; libdem yoksa kalır,p_ratio,20,9/21,0.429,0.0476,1/(J+1),False,False,True,7.3,
SC ön-dönem arındırılmış (ablasyon),donor_ablation/ablation_grid.csv,2015–2025,c1=False;c2=L3;c3=on;c4=True,otokratikleşenleri içeren,reading,E_level_floor_missing_kept:S12-lvl35+nan:C1+C2; +libdem_2013 ≥ 0.350; libdem yoksa kalır,p_gap,20,9/21,0.429,0.0476,1/(J+1),False,False,True,0.6,
SC ön-dönem arındırılmış (ablasyon),donor_ablation/ablation_grid.csv,2015–2025,c1=False;c2=L3;c3=on;c4=True,otokratikleşenleri içeren,reading,E_level_floor_missing_kept:S12-lvl35+nan:C1+C2; +libdem_2013 ≥ 0.350; libdem yoksa kalır,p_ratio,20,12/21,0.571,0.0476,1/(J+1),False,False,True,0.6,
SC ön-dönem arındırılmış (ablasyon),donor_ablation/ablation_grid.csv,2015–2025,c1=False;c2=L3;c3=on;c4=True,otokratikleşenleri içeren,science,E_level_floor_missing_kept:S12-lvl35+nan:C1+C2; +libdem_2013 ≥ 0.350; libdem yoksa kalır,p_gap,30,4/31,0.129,0.0323,1/(J+1),False,False,True,28.2,
SC ön-dönem arındırılmış (ablasyon),donor_ablation/ablation_grid.csv,2015–2025,c1=False;c2=L3;c3=on;c4=True,otokratikleşenleri içeren,science,E_level_floor_missing_kept:S12-lvl35+nan:C1+C2; +libdem_2013 ≥ 0.350; libdem yoksa kalır,p_ratio,30,30/31,0.968,0.0323,1/(J+1),False,False,True,28.2,
SC ön-dönem arındırılmış (ablasyon),donor_ablation/ablation_grid.csv,2015–2025,c1=False;c2=L1;c3=off;c4=True,tüm katılımcılar,math,E_level_floor_band:S13-lvl20:C1+C3; +libdem_2013 ≥ 0.200,p_gap,5,1/6,0.167,0.1667,1/(J+1),True,False,False,26.2,
SC ön-dönem arındırılmış (ablasyon),donor_ablation/ablation_grid.csv,2015–2025,c1=False;c2=L1;c3=off;c4=True,tüm katılımcılar,math,E_level_floor_band:S13-lvl20:C1+C3; +libdem_2013 ≥ 0.200,p_ratio,5,2/6,0.333,0.1667,1/(J+1),False,False,False,26.2,
SC ön-dönem arındırılmış (ablasyon),donor_ablation/ablation_grid.csv,2015–2025,c1=False;c2=L1;c3=off;c4=True,tüm katılımcılar,reading,E_level_floor_band:S13-lvl20:C1+C3; +libdem_2013 ≥ 0.200,p_gap,5,2/6,0.333,0.1667,1/(J+1),False,False,False,7.6,
SC ön-dönem arındırılmış (ablasyon),donor_ablation/ablation_grid.csv,2015–2025,c1=False;c2=L1;c3=off;c4=True,tüm katılımcılar,reading,E_level_floor_band:S13-lvl20:C1+C3; +libdem_2013 ≥ 0.200,p_ratio,5,1/6,0.167,0.1667,1/(J+1),True,False,False,7.6,
SC ön-dönem arındırılmış (ablasyon),donor_ablation/ablation_grid.csv,2015–2025,c1=False;c2=L1;c3=off;c4=True,tüm katılımcılar,science,E_level_floor_band:S13-lvl20:C1+C3; +libdem_2013 ≥ 0.200,p_gap,10,2/11,0.182,0.0909,1/(J+1),False,False,True,20.2,
SC ön-dönem arındırılmış (ablasyon),donor_ablation/ablation_grid.csv,2015–2025,c1=False;c2=L1;c3=off;c4=True,tüm katılımcılar,science,E_level_floor_band:S13-lvl20:C1+C3; +libdem_2013 ≥ 0.200,p_ratio,10,10/11,0.909,0.0909,1/(J+1),False,False,True,20.2,
SC ön-dönem arındırılmış (ablasyon),donor_ablation/ablation_grid.csv,2015–2025,c1=False;c2=L1;c3=off;c4=True,tüm katılımcılar,math,E_level_floor_missing_kept:S13-lvl20+nan:C1+C3; +libdem_2013 ≥ 0.200; libdem yoksa kalır,p_gap,5,1/6,0.167,0.1667,1/(J+1),True,False,False,26.2,
SC ön-dönem arındırılmış (ablasyon),donor_ablation/ablation_grid.csv,2015–2025,c1=False;c2=L1;c3=off;c4=True,tüm katılımcılar,math,E_level_floor_missing_kept:S13-lvl20+nan:C1+C3; +libdem_2013 ≥ 0.200; libdem yoksa kalır,p_ratio,5,2/6,0.333,0.1667,1/(J+1),False,False,False,26.2,
SC ön-dönem arındırılmış (ablasyon),donor_ablation/ablation_grid.csv,2015–2025,c1=False;c2=L1;c3=off;c4=True,tüm katılımcılar,reading,E_level_floor_missing_kept:S13-lvl20+nan:C1+C3; +libdem_2013 ≥ 0.200; libdem yoksa kalır,p_gap,5,2/6,0.333,0.1667,1/(J+1),False,False,False,7.6,
SC ön-dönem arındırılmış (ablasyon),donor_ablation/ablation_grid.csv,2015–2025,c1=False;c2=L1;c3=off;c4=True,tüm katılımcılar,reading,E_level_floor_missing_kept:S13-lvl20+nan:C1+C3; +libdem_2013 ≥ 0.200; libdem yoksa kalır,p_ratio,5,1/6,0.167,0.1667,1/(J+1),True,False,False,7.6,
SC ön-dönem arındırılmış (ablasyon),donor_ablation/ablation_grid.csv,2015–2025,c1=False;c2=L1;c3=off;c4=True,tüm katılımcılar,science,E_level_floor_missing_kept:S13-lvl20+nan:C1+C3; +libdem_2013 ≥ 0.200; libdem yoksa kalır,p_gap,10,2/11,0.182,0.0909,1/(J+1),False,False,True,20.2,
SC ön-dönem arındırılmış (ablasyon),donor_ablation/ablation_grid.csv,2015–2025,c1=False;c2=L1;c3=off;c4=True,tüm katılımcılar,science,E_level_floor_missing_kept:S13-lvl20+nan:C1+C3; +libdem_2013 ≥ 0.200; libdem yoksa kalır,p_ratio,10,10/11,0.909,0.0909,1/(J+1),False,False,True,20.2,
SC ön-dönem arındırılmış (ablasyon),donor_ablation/ablation_grid.csv,2015–2025,c1=False;c2=L1;c3=off;c4=True,tüm katılımcılar,math,E_level_floor_band:S13-lvl25:C1+C3; +libdem_2013 ≥ 0.250,p_gap,5,1/6,0.167,0.1667,1/(J+1),True,False,False,26.2,
SC ön-dönem arındırılmış (ablasyon),donor_ablation/ablation_grid.csv,2015–2025,c1=False;c2=L1;c3=off;c4=True,tüm katılımcılar,math,E_level_floor_band:S13-lvl25:C1+C3; +libdem_2013 ≥ 0.250,p_ratio,5,2/6,0.333,0.1667,1/(J+1),False,False,False,26.2,
SC ön-dönem arındırılmış (ablasyon),donor_ablation/ablation_grid.csv,2015–2025,c1=False;c2=L1;c3=off;c4=True,tüm katılımcılar,reading,E_level_floor_band:S13-lvl25:C1+C3; +libdem_2013 ≥ 0.250,p_gap,5,2/6,0.333,0.1667,1/(J+1),False,False,False,7.6,
SC ön-dönem arındırılmış (ablasyon),donor_ablation/ablation_grid.csv,2015–2025,c1=False;c2=L1;c3=off;c4=True,tüm katılımcılar,reading,E_level_floor_band:S13-lvl25:C1+C3; +libdem_2013 ≥ 0.250,p_ratio,5,1/6,0.167,0.1667,1/(J+1),True,False,False,7.6,
SC ön-dönem arındırılmış (ablasyon),donor_ablation/ablation_grid.csv,2015–2025,c1=False;c2=L1;c3=off;c4=True,tüm katılımcılar,science,E_level_floor_band:S13-lvl25:C1+C3; +libdem_2013 ≥ 0.250,p_gap,10,2/11,0.182,0.0909,1/(J+1),False,False,True,20.2,
SC ön-dönem arındırılmış (ablasyon),donor_ablation/ablation_grid.csv,2015–2025,c1=False;c2=L1;c3=off;c4=True,tüm katılımcılar,science,E_level_floor_band:S13-lvl25:C1+C3; +libdem_2013 ≥ 0.250,p_ratio,10,10/11,0.909,0.0909,1/(J+1),False,False,True,20.2,
SC ön-dönem arındırılmış (ablasyon),donor_ablation/ablation_grid.csv,2015–2025,c1=False;c2=L1;c3=off;c4=True,tüm katılımcılar,math,E_level_floor_missing_kept:S13-lvl25+nan:C1+C3; +libdem_2013 ≥ 0.250; libdem yoksa kalır,p_gap,5,1/6,0.167,0.1667,1/(J+1),True,False,False,26.2,
SC ön-dönem arındırılmış (ablasyon),donor_ablation/ablation_grid.csv,2015–2025,c1=False;c2=L1;c3=off;c4=True,tüm katılımcılar,math,E_level_floor_missing_kept:S13-lvl25+nan:C1+C3; +libdem_2013 ≥ 0.250; libdem yoksa kalır,p_ratio,5,2/6,0.333,0.1667,1/(J+1),False,False,False,26.2,
SC ön-dönem arındırılmış (ablasyon),donor_ablation/ablation_grid.csv,2015–2025,c1=False;c2=L1;c3=off;c4=True,tüm katılımcılar,reading,E_level_floor_missing_kept:S13-lvl25+nan:C1+C3; +libdem_2013 ≥ 0.250; libdem yoksa kalır,p_gap,5,2/6,0.333,0.1667,1/(J+1),False,False,False,7.6,
SC ön-dönem arındırılmış (ablasyon),donor_ablation/ablation_grid.csv,2015–2025,c1=False;c2=L1;c3=off;c4=True,tüm katılımcılar,reading,E_level_floor_missing_kept:S13-lvl25+nan:C1+C3; +libdem_2013 ≥ 0.250; libdem yoksa kalır,p_ratio,5,1/6,0.167,0.1667,1/(J+1),True,False,False,7.6,
SC ön-dönem arındırılmış (ablasyon),donor_ablation/ablation_grid.csv,2015–2025,c1=False;c2=L1;c3=off;c4=True,tüm katılımcılar,science,E_level_floor_missing_kept:S13-lvl25+nan:C1+C3; +libdem_2013 ≥ 0.250; libdem yoksa kalır,p_gap,10,2/11,0.182,0.0909,1/(J+1),False,False,True,20.2,
SC ön-dönem arındırılmış (ablasyon),donor_ablation/ablation_grid.csv,2015–2025,c1=False;c2=L1;c3=off;c4=True,tüm katılımcılar,science,E_level_floor_missing_kept:S13-lvl25+nan:C1+C3; +libdem_2013 ≥ 0.250; libdem yoksa kalır,p_ratio,10,10/11,0.909,0.0909,1/(J+1),False,False,True,20.2,
SC ön-dönem arındırılmış (ablasyon),donor_ablation/ablation_grid.csv,2015–2025,c1=False;c2=L1;c3=off;c4=True,tüm katılımcılar,math,E_level_floor:S13-lvl:C1+C3; +libdem_2013 ≥ 0.289,p_gap,5,1/6,0.167,0.1667,1/(J+1),True,False,False,26.2,
SC ön-dönem arındırılmış (ablasyon),donor_ablation/ablation_grid.csv,2015–2025,c1=False;c2=L1;c3=off;c4=True,tüm katılımcılar,math,E_level_floor:S13-lvl:C1+C3; +libdem_2013 ≥ 0.289,p_ratio,5,2/6,0.333,0.1667,1/(J+1),False,False,False,26.2,
SC ön-dönem arındırılmış (ablasyon),donor_ablation/ablation_grid.csv,2015–2025,c1=False;c2=L1;c3=off;c4=True,tüm katılımcılar,reading,E_level_floor:S13-lvl:C1+C3; +libdem_2013 ≥ 0.289,p_gap,5,2/6,0.333,0.1667,1/(J+1),False,False,False,7.6,
SC ön-dönem arındırılmış (ablasyon),donor_ablation/ablation_grid.csv,2015–2025,c1=False;c2=L1;c3=off;c4=True,tüm katılımcılar,reading,E_level_floor:S13-lvl:C1+C3; +libdem_2013 ≥ 0.289,p_ratio,5,1/6,0.167,0.1667,1/(J+1),True,False,False,7.6,
SC ön-dönem arındırılmış (ablasyon),donor_ablation/ablation_grid.csv,2015–2025,c1=False;c2=L1;c3=off;c4=True,tüm katılımcılar,science,E_level_floor:S13-lvl:C1+C3; +libdem_2013 ≥ 0.289,p_gap,10,2/11,0.182,0.0909,1/(J+1),False,False,True,20.2,
SC ön-dönem arındırılmış (ablasyon),donor_ablation/ablation_grid.csv,2015–2025,c1=False;c2=L1;c3=off;c4=True,tüm katılımcılar,science,E_level_floor:S13-lvl:C1+C3; +libdem_2013 ≥ 0.289,p_ratio,10,10/11,0.909,0.0909,1/(J+1),False,False,True,20.2,
SC ön-dönem arındırılmış (ablasyon),donor_ablation/ablation_grid.csv,2015–2025,c1=False;c2=L1;c3=off;c4=True,tüm katılımcılar,math,E_level_floor_missing_kept:S13-lvl289+nan:C1+C3; +libdem_2013 ≥ 0.289; libdem yoksa kalır,p_gap,5,1/6,0.167,0.1667,1/(J+1),True,False,False,26.2,
SC ön-dönem arındırılmış (ablasyon),donor_ablation/ablation_grid.csv,2015–2025,c1=False;c2=L1;c3=off;c4=True,tüm katılımcılar,math,E_level_floor_missing_kept:S13-lvl289+nan:C1+C3; +libdem_2013 ≥ 0.289; libdem yoksa kalır,p_ratio,5,2/6,0.333,0.1667,1/(J+1),False,False,False,26.2,
SC ön-dönem arındırılmış (ablasyon),donor_ablation/ablation_grid.csv,2015–2025,c1=False;c2=L1;c3=off;c4=True,tüm katılımcılar,reading,E_level_floor_missing_kept:S13-lvl289+nan:C1+C3; +libdem_2013 ≥ 0.289; libdem yoksa kalır,p_gap,5,2/6,0.333,0.1667,1/(J+1),False,False,False,7.6,
SC ön-dönem arındırılmış (ablasyon),donor_ablation/ablation_grid.csv,2015–2025,c1=False;c2=L1;c3=off;c4=True,tüm katılımcılar,reading,E_level_floor_missing_kept:S13-lvl289+nan:C1+C3; +libdem_2013 ≥ 0.289; libdem yoksa kalır,p_ratio,5,1/6,0.167,0.1667,1/(J+1),True,False,False,7.6,
SC ön-dönem arındırılmış (ablasyon),donor_ablation/ablation_grid.csv,2015–2025,c1=False;c2=L1;c3=off;c4=True,tüm katılımcılar,science,E_level_floor_missing_kept:S13-lvl289+nan:C1+C3; +libdem_2013 ≥ 0.289; libdem yoksa kalır,p_gap,10,2/11,0.182,0.0909,1/(J+1),False,False,True,20.2,
SC ön-dönem arındırılmış (ablasyon),donor_ablation/ablation_grid.csv,2015–2025,c1=False;c2=L1;c3=off;c4=True,tüm katılımcılar,science,E_level_floor_missing_kept:S13-lvl289+nan:C1+C3; +libdem_2013 ≥ 0.289; libdem yoksa kalır,p_ratio,10,10/11,0.909,0.0909,1/(J+1),False,False,True,20.2,
SC ön-dönem arındırılmış (ablasyon),donor_ablation/ablation_grid.csv,2015–2025,c1=False;c2=L1;c3=off;c4=True,tüm katılımcılar,math,E_level_floor_band:S13-lvl35:C1+C3; +libdem_2013 ≥ 0.350,p_gap,5,1/6,0.167,0.1667,1/(J+1),True,False,False,26.2,
SC ön-dönem arındırılmış (ablasyon),donor_ablation/ablation_grid.csv,2015–2025,c1=False;c2=L1;c3=off;c4=True,tüm katılımcılar,math,E_level_floor_band:S13-lvl35:C1+C3; +libdem_2013 ≥ 0.350,p_ratio,5,2/6,0.333,0.1667,1/(J+1),False,False,False,26.2,
SC ön-dönem arındırılmış (ablasyon),donor_ablation/ablation_grid.csv,2015–2025,c1=False;c2=L1;c3=off;c4=True,tüm katılımcılar,reading,E_level_floor_band:S13-lvl35:C1+C3; +libdem_2013 ≥ 0.350,p_gap,5,2/6,0.333,0.1667,1/(J+1),False,False,False,7.6,
SC ön-dönem arındırılmış (ablasyon),donor_ablation/ablation_grid.csv,2015–2025,c1=False;c2=L1;c3=off;c4=True,tüm katılımcılar,reading,E_level_floor_band:S13-lvl35:C1+C3; +libdem_2013 ≥ 0.350,p_ratio,5,1/6,0.167,0.1667,1/(J+1),True,False,False,7.6,
SC ön-dönem arındırılmış (ablasyon),donor_ablation/ablation_grid.csv,2015–2025,c1=False;c2=L1;c3=off;c4=True,tüm katılımcılar,science,E_level_floor_band:S13-lvl35:C1+C3; +libdem_2013 ≥ 0.350,p_gap,10,2/11,0.182,0.0909,1/(J+1),False,False,True,20.2,
SC ön-dönem arındırılmış (ablasyon),donor_ablation/ablation_grid.csv,2015–2025,c1=False;c2=L1;c3=off;c4=True,tüm katılımcılar,science,E_level_floor_band:S13-lvl35:C1+C3; +libdem_2013 ≥ 0.350,p_ratio,10,10/11,0.909,0.0909,1/(J+1),False,False,True,20.2,
SC ön-dönem arındırılmış (ablasyon),donor_ablation/ablation_grid.csv,2015–2025,c1=False;c2=L1;c3=off;c4=True,tüm katılımcılar,math,E_level_floor_missing_kept:S13-lvl35+nan:C1+C3; +libdem_2013 ≥ 0.350; libdem yoksa kalır,p_gap,5,1/6,0.167,0.1667,1/(J+1),True,False,False,26.2,
SC ön-dönem arındırılmış (ablasyon),donor_ablation/ablation_grid.csv,2015–2025,c1=False;c2=L1;c3=off;c4=True,tüm katılımcılar,math,E_level_floor_missing_kept:S13-lvl35+nan:C1+C3; +libdem_2013 ≥ 0.350; libdem yoksa kalır,p_ratio,5,2/6,0.333,0.1667,1/(J+1),False,False,False,26.2,
SC ön-dönem arındırılmış (ablasyon),donor_ablation/ablation_grid.csv,2015–2025,c1=False;c2=L1;c3=off;c4=True,tüm katılımcılar,reading,E_level_floor_missing_kept:S13-lvl35+nan:C1+C3; +libdem_2013 ≥ 0.350; libdem yoksa kalır,p_gap,5,2/6,0.333,0.1667,1/(J+1),False,False,False,7.6,
SC ön-dönem arındırılmış (ablasyon),donor_ablation/ablation_grid.csv,2015–2025,c1=False;c2=L1;c3=off;c4=True,tüm katılımcılar,reading,E_level_floor_missing_kept:S13-lvl35+nan:C1+C3; +libdem_2013 ≥ 0.350; libdem yoksa kalır,p_ratio,5,1/6,0.167,0.1667,1/(J+1),True,False,False,7.6,
SC ön-dönem arındırılmış (ablasyon),donor_ablation/ablation_grid.csv,2015–2025,c1=False;c2=L1;c3=off;c4=True,tüm katılımcılar,science,E_level_floor_missing_kept:S13-lvl35+nan:C1+C3; +libdem_2013 ≥ 0.350; libdem yoksa kalır,p_gap,10,2/11,0.182,0.0909,1/(J+1),False,False,True,20.2,
SC ön-dönem arındırılmış (ablasyon),donor_ablation/ablation_grid.csv,2015–2025,c1=False;c2=L1;c3=off;c4=True,tüm katılımcılar,science,E_level_floor_missing_kept:S13-lvl35+nan:C1+C3; +libdem_2013 ≥ 0.350; libdem yoksa kalır,p_ratio,10,10/11,0.909,0.0909,1/(J+1),False,False,True,20.2,
SC ön-dönem arındırılmış (ablasyon),donor_ablation/ablation_grid.csv,2015–2025,c1=False;c2=L1;c3=on;c4=False,tüm katılımcılar,math,E_level_floor_band:S14-lvl20:C1+C4; +libdem_2013 ≥ 0.200,p_gap,12,1/13,0.077,0.0769,1/(J+1),True,True,True,26.2,
SC ön-dönem arındırılmış (ablasyon),donor_ablation/ablation_grid.csv,2015–2025,c1=False;c2=L1;c3=on;c4=False,tüm katılımcılar,math,E_level_floor_band:S14-lvl20:C1+C4; +libdem_2013 ≥ 0.200,p_ratio,12,10/13,0.769,0.0769,1/(J+1),False,False,True,26.2,
SC ön-dönem arındırılmış (ablasyon),donor_ablation/ablation_grid.csv,2015–2025,c1=False;c2=L1;c3=on;c4=False,tüm katılımcılar,reading,E_level_floor_band:S14-lvl20:C1+C4; +libdem_2013 ≥ 0.200,p_gap,12,6/13,0.462,0.0769,1/(J+1),False,False,True,3.7,
SC ön-dönem arındırılmış (ablasyon),donor_ablation/ablation_grid.csv,2015–2025,c1=False;c2=L1;c3=on;c4=False,tüm katılımcılar,reading,E_level_floor_band:S14-lvl20:C1+C4; +libdem_2013 ≥ 0.200,p_ratio,12,7/13,0.538,0.0769,1/(J+1),False,False,True,3.7,
SC ön-dönem arındırılmış (ablasyon),donor_ablation/ablation_grid.csv,2015–2025,c1=False;c2=L1;c3=on;c4=False,tüm katılımcılar,science,E_level_floor_band:S14-lvl20:C1+C4; +libdem_2013 ≥ 0.200,p_gap,17,2/18,0.111,0.0556,1/(J+1),False,False,True,20.2,
SC ön-dönem arındırılmış (ablasyon),donor_ablation/ablation_grid.csv,2015–2025,c1=False;c2=L1;c3=on;c4=False,tüm katılımcılar,science,E_level_floor_band:S14-lvl20:C1+C4; +libdem_2013 ≥ 0.200,p_ratio,17,18/18,1.0,0.0556,1/(J+1),False,False,True,20.2,
SC ön-dönem arındırılmış (ablasyon),donor_ablation/ablation_grid.csv,2015–2025,c1=False;c2=L1;c3=on;c4=False,tüm katılımcılar,math,E_level_floor_missing_kept:S14-lvl20+nan:C1+C4; +libdem_2013 ≥ 0.200; libdem yoksa kalır,p_gap,12,1/13,0.077,0.0769,1/(J+1),True,True,True,26.2,
SC ön-dönem arındırılmış (ablasyon),donor_ablation/ablation_grid.csv,2015–2025,c1=False;c2=L1;c3=on;c4=False,tüm katılımcılar,math,E_level_floor_missing_kept:S14-lvl20+nan:C1+C4; +libdem_2013 ≥ 0.200; libdem yoksa kalır,p_ratio,12,10/13,0.769,0.0769,1/(J+1),False,False,True,26.2,
SC ön-dönem arındırılmış (ablasyon),donor_ablation/ablation_grid.csv,2015–2025,c1=False;c2=L1;c3=on;c4=False,tüm katılımcılar,reading,E_level_floor_missing_kept:S14-lvl20+nan:C1+C4; +libdem_2013 ≥ 0.200; libdem yoksa kalır,p_gap,12,6/13,0.462,0.0769,1/(J+1),False,False,True,3.7,
SC ön-dönem arındırılmış (ablasyon),donor_ablation/ablation_grid.csv,2015–2025,c1=False;c2=L1;c3=on;c4=False,tüm katılımcılar,reading,E_level_floor_missing_kept:S14-lvl20+nan:C1+C4; +libdem_2013 ≥ 0.200; libdem yoksa kalır,p_ratio,12,7/13,0.538,0.0769,1/(J+1),False,False,True,3.7,
SC ön-dönem arındırılmış (ablasyon),donor_ablation/ablation_grid.csv,2015–2025,c1=False;c2=L1;c3=on;c4=False,tüm katılımcılar,science,E_level_floor_missing_kept:S14-lvl20+nan:C1+C4; +libdem_2013 ≥ 0.200; libdem yoksa kalır,p_gap,17,2/18,0.111,0.0556,1/(J+1),False,False,True,20.2,
SC ön-dönem arındırılmış (ablasyon),donor_ablation/ablation_grid.csv,2015–2025,c1=False;c2=L1;c3=on;c4=False,tüm katılımcılar,science,E_level_floor_missing_kept:S14-lvl20+nan:C1+C4; +libdem_2013 ≥ 0.200; libdem yoksa kalır,p_ratio,17,18/18,1.0,0.0556,1/(J+1),False,False,True,20.2,
SC ön-dönem arındırılmış (ablasyon),donor_ablation/ablation_grid.csv,2015–2025,c1=False;c2=L1;c3=on;c4=False,tüm katılımcılar,math,E_level_floor_band:S14-lvl25:C1+C4; +libdem_2013 ≥ 0.250,p_gap,12,1/13,0.077,0.0769,1/(J+1),True,True,True,26.2,
SC ön-dönem arındırılmış (ablasyon),donor_ablation/ablation_grid.csv,2015–2025,c1=False;c2=L1;c3=on;c4=False,tüm katılımcılar,math,E_level_floor_band:S14-lvl25:C1+C4; +libdem_2013 ≥ 0.250,p_ratio,12,10/13,0.769,0.0769,1/(J+1),False,False,True,26.2,
SC ön-dönem arındırılmış (ablasyon),donor_ablation/ablation_grid.csv,2015–2025,c1=False;c2=L1;c3=on;c4=False,tüm katılımcılar,reading,E_level_floor_band:S14-lvl25:C1+C4; +libdem_2013 ≥ 0.250,p_gap,12,6/13,0.462,0.0769,1/(J+1),False,False,True,3.7,
SC ön-dönem arındırılmış (ablasyon),donor_ablation/ablation_grid.csv,2015–2025,c1=False;c2=L1;c3=on;c4=False,tüm katılımcılar,reading,E_level_floor_band:S14-lvl25:C1+C4; +libdem_2013 ≥ 0.250,p_ratio,12,7/13,0.538,0.0769,1/(J+1),False,False,True,3.7,
SC ön-dönem arındırılmış (ablasyon),donor_ablation/ablation_grid.csv,2015–2025,c1=False;c2=L1;c3=on;c4=False,tüm katılımcılar,science,E_level_floor_band:S14-lvl25:C1+C4; +libdem_2013 ≥ 0.250,p_gap,17,2/18,0.111,0.0556,1/(J+1),False,False,True,20.2,
SC ön-dönem arındırılmış (ablasyon),donor_ablation/ablation_grid.csv,2015–2025,c1=False;c2=L1;c3=on;c4=False,tüm katılımcılar,science,E_level_floor_band:S14-lvl25:C1+C4; +libdem_2013 ≥ 0.250,p_ratio,17,18/18,1.0,0.0556,1/(J+1),False,False,True,20.2,
SC ön-dönem arındırılmış (ablasyon),donor_ablation/ablation_grid.csv,2015–2025,c1=False;c2=L1;c3=on;c4=False,tüm katılımcılar,math,E_level_floor_missing_kept:S14-lvl25+nan:C1+C4; +libdem_2013 ≥ 0.250; libdem yoksa kalır,p_gap,12,1/13,0.077,0.0769,1/(J+1),True,True,True,26.2,
SC ön-dönem arındırılmış (ablasyon),donor_ablation/ablation_grid.csv,2015–2025,c1=False;c2=L1;c3=on;c4=False,tüm katılımcılar,math,E_level_floor_missing_kept:S14-lvl25+nan:C1+C4; +libdem_2013 ≥ 0.250; libdem yoksa kalır,p_ratio,12,10/13,0.769,0.0769,1/(J+1),False,False,True,26.2,
SC ön-dönem arındırılmış (ablasyon),donor_ablation/ablation_grid.csv,2015–2025,c1=False;c2=L1;c3=on;c4=False,tüm katılımcılar,reading,E_level_floor_missing_kept:S14-lvl25+nan:C1+C4; +libdem_2013 ≥ 0.250; libdem yoksa kalır,p_gap,12,6/13,0.462,0.0769,1/(J+1),False,False,True,3.7,
SC ön-dönem arındırılmış (ablasyon),donor_ablation/ablation_grid.csv,2015–2025,c1=False;c2=L1;c3=on;c4=False,tüm katılımcılar,reading,E_level_floor_missing_kept:S14-lvl25+nan:C1+C4; +libdem_2013 ≥ 0.250; libdem yoksa kalır,p_ratio,12,7/13,0.538,0.0769,1/(J+1),False,False,True,3.7,
SC ön-dönem arındırılmış (ablasyon),donor_ablation/ablation_grid.csv,2015–2025,c1=False;c2=L1;c3=on;c4=False,tüm katılımcılar,science,E_level_floor_missing_kept:S14-lvl25+nan:C1+C4; +libdem_2013 ≥ 0.250; libdem yoksa kalır,p_gap,17,2/18,0.111,0.0556,1/(J+1),False,False,True,20.2,
SC ön-dönem arındırılmış (ablasyon),donor_ablation/ablation_grid.csv,2015–2025,c1=False;c2=L1;c3=on;c4=False,tüm katılımcılar,science,E_level_floor_missing_kept:S14-lvl25+nan:C1+C4; +libdem_2013 ≥ 0.250; libdem yoksa kalır,p_ratio,17,18/18,1.0,0.0556,1/(J+1),False,False,True,20.2,
SC ön-dönem arındırılmış (ablasyon),donor_ablation/ablation_grid.csv,2015–2025,c1=False;c2=L1;c3=on;c4=False,tüm katılımcılar,math,E_level_floor:S14-lvl:C1+C4; +libdem_2013 ≥ 0.289,p_gap,12,1/13,0.077,0.0769,1/(J+1),True,True,True,26.2,
SC ön-dönem arındırılmış (ablasyon),donor_ablation/ablation_grid.csv,2015–2025,c1=False;c2=L1;c3=on;c4=False,tüm katılımcılar,math,E_level_floor:S14-lvl:C1+C4; +libdem_2013 ≥ 0.289,p_ratio,12,10/13,0.769,0.0769,1/(J+1),False,False,True,26.2,
SC ön-dönem arındırılmış (ablasyon),donor_ablation/ablation_grid.csv,2015–2025,c1=False;c2=L1;c3=on;c4=False,tüm katılımcılar,reading,E_level_floor:S14-lvl:C1+C4; +libdem_2013 ≥ 0.289,p_gap,12,6/13,0.462,0.0769,1/(J+1),False,False,True,3.7,
SC ön-dönem arındırılmış (ablasyon),donor_ablation/ablation_grid.csv,2015–2025,c1=False;c2=L1;c3=on;c4=False,tüm katılımcılar,reading,E_level_floor:S14-lvl:C1+C4; +libdem_2013 ≥ 0.289,p_ratio,12,7/13,0.538,0.0769,1/(J+1),False,False,True,3.7,
SC ön-dönem arındırılmış (ablasyon),donor_ablation/ablation_grid.csv,2015–2025,c1=False;c2=L1;c3=on;c4=False,tüm katılımcılar,science,E_level_floor:S14-lvl:C1+C4; +libdem_2013 ≥ 0.289,p_gap,17,2/18,0.111,0.0556,1/(J+1),False,False,True,20.2,
SC ön-dönem arındırılmış (ablasyon),donor_ablation/ablation_grid.csv,2015–2025,c1=False;c2=L1;c3=on;c4=False,tüm katılımcılar,science,E_level_floor:S14-lvl:C1+C4; +libdem_2013 ≥ 0.289,p_ratio,17,18/18,1.0,0.0556,1/(J+1),False,False,True,20.2,
SC ön-dönem arındırılmış (ablasyon),donor_ablation/ablation_grid.csv,2015–2025,c1=False;c2=L1;c3=on;c4=False,tüm katılımcılar,math,E_level_floor_missing_kept:S14-lvl289+nan:C1+C4; +libdem_2013 ≥ 0.289; libdem yoksa kalır,p_gap,12,1/13,0.077,0.0769,1/(J+1),True,True,True,26.2,
SC ön-dönem arındırılmış (ablasyon),donor_ablation/ablation_grid.csv,2015–2025,c1=False;c2=L1;c3=on;c4=False,tüm katılımcılar,math,E_level_floor_missing_kept:S14-lvl289+nan:C1+C4; +libdem_2013 ≥ 0.289; libdem yoksa kalır,p_ratio,12,10/13,0.769,0.0769,1/(J+1),False,False,True,26.2,
SC ön-dönem arındırılmış (ablasyon),donor_ablation/ablation_grid.csv,2015–2025,c1=False;c2=L1;c3=on;c4=False,tüm katılımcılar,reading,E_level_floor_missing_kept:S14-lvl289+nan:C1+C4; +libdem_2013 ≥ 0.289; libdem yoksa kalır,p_gap,12,6/13,0.462,0.0769,1/(J+1),False,False,True,3.7,
SC ön-dönem arındırılmış (ablasyon),donor_ablation/ablation_grid.csv,2015–2025,c1=False;c2=L1;c3=on;c4=False,tüm katılımcılar,reading,E_level_floor_missing_kept:S14-lvl289+nan:C1+C4; +libdem_2013 ≥ 0.289; libdem yoksa kalır,p_ratio,12,7/13,0.538,0.0769,1/(J+1),False,False,True,3.7,
SC ön-dönem arındırılmış (ablasyon),donor_ablation/ablation_grid.csv,2015–2025,c1=False;c2=L1;c3=on;c4=False,tüm katılımcılar,science,E_level_floor_missing_kept:S14-lvl289+nan:C1+C4; +libdem_2013 ≥ 0.289; libdem yoksa kalır,p_gap,17,2/18,0.111,0.0556,1/(J+1),False,False,True,20.2,
SC ön-dönem arındırılmış (ablasyon),donor_ablation/ablation_grid.csv,2015–2025,c1=False;c2=L1;c3=on;c4=False,tüm katılımcılar,science,E_level_floor_missing_kept:S14-lvl289+nan:C1+C4; +libdem_2013 ≥ 0.289; libdem yoksa kalır,p_ratio,17,18/18,1.0,0.0556,1/(J+1),False,False,True,20.2,
SC ön-dönem arındırılmış (ablasyon),donor_ablation/ablation_grid.csv,2015–2025,c1=False;c2=L1;c3=on;c4=False,tüm katılımcılar,math,E_level_floor_band:S14-lvl35:C1+C4; +libdem_2013 ≥ 0.350,p_gap,12,1/13,0.077,0.0769,1/(J+1),True,True,True,26.2,
SC ön-dönem arındırılmış (ablasyon),donor_ablation/ablation_grid.csv,2015–2025,c1=False;c2=L1;c3=on;c4=False,tüm katılımcılar,math,E_level_floor_band:S14-lvl35:C1+C4; +libdem_2013 ≥ 0.350,p_ratio,12,10/13,0.769,0.0769,1/(J+1),False,False,True,26.2,
SC ön-dönem arındırılmış (ablasyon),donor_ablation/ablation_grid.csv,2015–2025,c1=False;c2=L1;c3=on;c4=False,tüm katılımcılar,reading,E_level_floor_band:S14-lvl35:C1+C4; +libdem_2013 ≥ 0.350,p_gap,12,6/13,0.462,0.0769,1/(J+1),False,False,True,3.7,
SC ön-dönem arındırılmış (ablasyon),donor_ablation/ablation_grid.csv,2015–2025,c1=False;c2=L1;c3=on;c4=False,tüm katılımcılar,reading,E_level_floor_band:S14-lvl35:C1+C4; +libdem_2013 ≥ 0.350,p_ratio,12,7/13,0.538,0.0769,1/(J+1),False,False,True,3.7,
SC ön-dönem arındırılmış (ablasyon),donor_ablation/ablation_grid.csv,2015–2025,c1=False;c2=L1;c3=on;c4=False,tüm katılımcılar,science,E_level_floor_band:S14-lvl35:C1+C4; +libdem_2013 ≥ 0.350,p_gap,17,2/18,0.111,0.0556,1/(J+1),False,False,True,20.2,
SC ön-dönem arındırılmış (ablasyon),donor_ablation/ablation_grid.csv,2015–2025,c1=False;c2=L1;c3=on;c4=False,tüm katılımcılar,science,E_level_floor_band:S14-lvl35:C1+C4; +libdem_2013 ≥ 0.350,p_ratio,17,18/18,1.0,0.0556,1/(J+1),False,False,True,20.2,
SC ön-dönem arındırılmış (ablasyon),donor_ablation/ablation_grid.csv,2015–2025,c1=False;c2=L1;c3=on;c4=False,tüm katılımcılar,math,E_level_floor_missing_kept:S14-lvl35+nan:C1+C4; +libdem_2013 ≥ 0.350; libdem yoksa kalır,p_gap,12,1/13,0.077,0.0769,1/(J+1),True,True,True,26.2,
SC ön-dönem arındırılmış (ablasyon),donor_ablation/ablation_grid.csv,2015–2025,c1=False;c2=L1;c3=on;c4=False,tüm katılımcılar,math,E_level_floor_missing_kept:S14-lvl35+nan:C1+C4; +libdem_2013 ≥ 0.350; libdem yoksa kalır,p_ratio,12,10/13,0.769,0.0769,1/(J+1),False,False,True,26.2,
SC ön-dönem arındırılmış (ablasyon),donor_ablation/ablation_grid.csv,2015–2025,c1=False;c2=L1;c3=on;c4=False,tüm katılımcılar,reading,E_level_floor_missing_kept:S14-lvl35+nan:C1+C4; +libdem_2013 ≥ 0.350; libdem yoksa kalır,p_gap,12,6/13,0.462,0.0769,1/(J+1),False,False,True,3.7,
SC ön-dönem arındırılmış (ablasyon),donor_ablation/ablation_grid.csv,2015–2025,c1=False;c2=L1;c3=on;c4=False,tüm katılımcılar,reading,E_level_floor_missing_kept:S14-lvl35+nan:C1+C4; +libdem_2013 ≥ 0.350; libdem yoksa kalır,p_ratio,12,7/13,0.538,0.0769,1/(J+1),False,False,True,3.7,
SC ön-dönem arındırılmış (ablasyon),donor_ablation/ablation_grid.csv,2015–2025,c1=False;c2=L1;c3=on;c4=False,tüm katılımcılar,science,E_level_floor_missing_kept:S14-lvl35+nan:C1+C4; +libdem_2013 ≥ 0.350; libdem yoksa kalır,p_gap,17,2/18,0.111,0.0556,1/(J+1),False,False,True,20.2,
SC ön-dönem arındırılmış (ablasyon),donor_ablation/ablation_grid.csv,2015–2025,c1=False;c2=L1;c3=on;c4=False,tüm katılımcılar,science,E_level_floor_missing_kept:S14-lvl35+nan:C1+C4; +libdem_2013 ≥ 0.350; libdem yoksa kalır,p_ratio,17,18/18,1.0,0.0556,1/(J+1),False,False,True,20.2,
SC ön-dönem arındırılmış (ablasyon),donor_ablation/ablation_grid.csv,2015–2025,c1=False;c2=L3;c3=off;c4=True,otokratikleşenleri içeren,math,E_level_floor_band:S123-lvl20:C1+C2+C3; +libdem_2013 ≥ 0.200,p_gap,20,6/21,0.286,0.0476,1/(J+1),False,False,True,7.3,
SC ön-dönem arındırılmış (ablasyon),donor_ablation/ablation_grid.csv,2015–2025,c1=False;c2=L3;c3=off;c4=True,otokratikleşenleri içeren,math,E_level_floor_band:S123-lvl20:C1+C2+C3; +libdem_2013 ≥ 0.200,p_ratio,20,8/21,0.381,0.0476,1/(J+1),False,False,True,7.3,
SC ön-dönem arındırılmış (ablasyon),donor_ablation/ablation_grid.csv,2015–2025,c1=False;c2=L3;c3=off;c4=True,otokratikleşenleri içeren,reading,E_level_floor_band:S123-lvl20:C1+C2+C3; +libdem_2013 ≥ 0.200,p_gap,20,12/21,0.571,0.0476,1/(J+1),False,False,True,0.6,
SC ön-dönem arındırılmış (ablasyon),donor_ablation/ablation_grid.csv,2015–2025,c1=False;c2=L3;c3=off;c4=True,otokratikleşenleri içeren,reading,E_level_floor_band:S123-lvl20:C1+C2+C3; +libdem_2013 ≥ 0.200,p_ratio,20,10/21,0.476,0.0476,1/(J+1),False,False,True,0.6,
SC ön-dönem arındırılmış (ablasyon),donor_ablation/ablation_grid.csv,2015–2025,c1=False;c2=L3;c3=off;c4=True,otokratikleşenleri içeren,science,E_level_floor_band:S123-lvl20:C1+C2+C3; +libdem_2013 ≥ 0.200,p_gap,31,3/32,0.094,0.0312,1/(J+1),False,True,True,28.2,
SC ön-dönem arındırılmış (ablasyon),donor_ablation/ablation_grid.csv,2015–2025,c1=False;c2=L3;c3=off;c4=True,otokratikleşenleri içeren,science,E_level_floor_band:S123-lvl20:C1+C2+C3; +libdem_2013 ≥ 0.200,p_ratio,31,31/32,0.969,0.0312,1/(J+1),False,False,True,28.2,
SC ön-dönem arındırılmış (ablasyon),donor_ablation/ablation_grid.csv,2015–2025,c1=False;c2=L3;c3=off;c4=True,otokratikleşenleri içeren,math,E_level_floor_missing_kept:S123-lvl20+nan:C1+C2+C3; +libdem_2013 ≥ 0.200; libdem yoksa kalır,p_gap,21,7/22,0.318,0.0455,1/(J+1),False,False,True,7.3,
SC ön-dönem arındırılmış (ablasyon),donor_ablation/ablation_grid.csv,2015–2025,c1=False;c2=L3;c3=off;c4=True,otokratikleşenleri içeren,math,E_level_floor_missing_kept:S123-lvl20+nan:C1+C2+C3; +libdem_2013 ≥ 0.200; libdem yoksa kalır,p_ratio,21,9/22,0.409,0.0455,1/(J+1),False,False,True,7.3,
SC ön-dönem arındırılmış (ablasyon),donor_ablation/ablation_grid.csv,2015–2025,c1=False;c2=L3;c3=off;c4=True,otokratikleşenleri içeren,reading,E_level_floor_missing_kept:S123-lvl20+nan:C1+C2+C3; +libdem_2013 ≥ 0.200; libdem yoksa kalır,p_gap,21,9/22,0.409,0.0455,1/(J+1),False,False,True,0.6,
SC ön-dönem arındırılmış (ablasyon),donor_ablation/ablation_grid.csv,2015–2025,c1=False;c2=L3;c3=off;c4=True,otokratikleşenleri içeren,reading,E_level_floor_missing_kept:S123-lvl20+nan:C1+C2+C3; +libdem_2013 ≥ 0.200; libdem yoksa kalır,p_ratio,21,12/22,0.545,0.0455,1/(J+1),False,False,True,0.6,
SC ön-dönem arındırılmış (ablasyon),donor_ablation/ablation_grid.csv,2015–2025,c1=False;c2=L3;c3=off;c4=True,otokratikleşenleri içeren,science,E_level_floor_missing_kept:S123-lvl20+nan:C1+C2+C3; +libdem_2013 ≥ 0.200; libdem yoksa kalır,p_gap,32,4/33,0.121,0.0303,1/(J+1),False,False,True,28.2,
SC ön-dönem arındırılmış (ablasyon),donor_ablation/ablation_grid.csv,2015–2025,c1=False;c2=L3;c3=off;c4=True,otokratikleşenleri içeren,science,E_level_floor_missing_kept:S123-lvl20+nan:C1+C2+C3; +libdem_2013 ≥ 0.200; libdem yoksa kalır,p_ratio,32,32/33,0.97,0.0303,1/(J+1),False,False,True,28.2,
SC ön-dönem arındırılmış (ablasyon),donor_ablation/ablation_grid.csv,2015–2025,c1=False;c2=L3;c3=off;c4=True,otokratikleşenleri içeren,math,E_level_floor_band:S123-lvl25:C1+C2+C3; +libdem_2013 ≥ 0.250,p_gap,20,6/21,0.286,0.0476,1/(J+1),False,False,True,7.3,
SC ön-dönem arındırılmış (ablasyon),donor_ablation/ablation_grid.csv,2015–2025,c1=False;c2=L3;c3=off;c4=True,otokratikleşenleri içeren,math,E_level_floor_band:S123-lvl25:C1+C2+C3; +libdem_2013 ≥ 0.250,p_ratio,20,8/21,0.381,0.0476,1/(J+1),False,False,True,7.3,
SC ön-dönem arındırılmış (ablasyon),donor_ablation/ablation_grid.csv,2015–2025,c1=False;c2=L3;c3=off;c4=True,otokratikleşenleri içeren,reading,E_level_floor_band:S123-lvl25:C1+C2+C3; +libdem_2013 ≥ 0.250,p_gap,20,12/21,0.571,0.0476,1/(J+1),False,False,True,0.6,
SC ön-dönem arındırılmış (ablasyon),donor_ablation/ablation_grid.csv,2015–2025,c1=False;c2=L3;c3=off;c4=True,otokratikleşenleri içeren,reading,E_level_floor_band:S123-lvl25:C1+C2+C3; +libdem_2013 ≥ 0.250,p_ratio,20,10/21,0.476,0.0476,1/(J+1),False,False,True,0.6,
SC ön-dönem arındırılmış (ablasyon),donor_ablation/ablation_grid.csv,2015–2025,c1=False;c2=L3;c3=off;c4=True,otokratikleşenleri içeren,science,E_level_floor_band:S123-lvl25:C1+C2+C3; +libdem_2013 ≥ 0.250,p_gap,31,3/32,0.094,0.0312,1/(J+1),False,True,True,28.2,
SC ön-dönem arındırılmış (ablasyon),donor_ablation/ablation_grid.csv,2015–2025,c1=False;c2=L3;c3=off;c4=True,otokratikleşenleri içeren,science,E_level_floor_band:S123-lvl25:C1+C2+C3; +libdem_2013 ≥ 0.250,p_ratio,31,31/32,0.969,0.0312,1/(J+1),False,False,True,28.2,
SC ön-dönem arındırılmış (ablasyon),donor_ablation/ablation_grid.csv,2015–2025,c1=False;c2=L3;c3=off;c4=True,otokratikleşenleri içeren,math,E_level_floor_missing_kept:S123-lvl25+nan:C1+C2+C3; +libdem_2013 ≥ 0.250; libdem yoksa kalır,p_gap,21,7/22,0.318,0.0455,1/(J+1),False,False,True,7.3,
SC ön-dönem arındırılmış (ablasyon),donor_ablation/ablation_grid.csv,2015–2025,c1=False;c2=L3;c3=off;c4=True,otokratikleşenleri içeren,math,E_level_floor_missing_kept:S123-lvl25+nan:C1+C2+C3; +libdem_2013 ≥ 0.250; libdem yoksa kalır,p_ratio,21,9/22,0.409,0.0455,1/(J+1),False,False,True,7.3,
SC ön-dönem arındırılmış (ablasyon),donor_ablation/ablation_grid.csv,2015–2025,c1=False;c2=L3;c3=off;c4=True,otokratikleşenleri içeren,reading,E_level_floor_missing_kept:S123-lvl25+nan:C1+C2+C3; +libdem_2013 ≥ 0.250; libdem yoksa kalır,p_gap,21,9/22,0.409,0.0455,1/(J+1),False,False,True,0.6,
SC ön-dönem arındırılmış (ablasyon),donor_ablation/ablation_grid.csv,2015–2025,c1=False;c2=L3;c3=off;c4=True,otokratikleşenleri içeren,reading,E_level_floor_missing_kept:S123-lvl25+nan:C1+C2+C3; +libdem_2013 ≥ 0.250; libdem yoksa kalır,p_ratio,21,12/22,0.545,0.0455,1/(J+1),False,False,True,0.6,
SC ön-dönem arındırılmış (ablasyon),donor_ablation/ablation_grid.csv,2015–2025,c1=False;c2=L3;c3=off;c4=True,otokratikleşenleri içeren,science,E_level_floor_missing_kept:S123-lvl25+nan:C1+C2+C3; +libdem_2013 ≥ 0.250; libdem yoksa kalır,p_gap,32,4/33,0.121,0.0303,1/(J+1),False,False,True,28.2,
SC ön-dönem arındırılmış (ablasyon),donor_ablation/ablation_grid.csv,2015–2025,c1=False;c2=L3;c3=off;c4=True,otokratikleşenleri içeren,science,E_level_floor_missing_kept:S123-lvl25+nan:C1+C2+C3; +libdem_2013 ≥ 0.250; libdem yoksa kalır,p_ratio,32,32/33,0.97,0.0303,1/(J+1),False,False,True,28.2,
SC ön-dönem arındırılmış (ablasyon),donor_ablation/ablation_grid.csv,2015–2025,c1=False;c2=L3;c3=off;c4=True,otokratikleşenleri içeren,math,E_level_floor:S123-lvl:C1+C2+C3; +libdem_2013 ≥ 0.289,p_gap,20,6/21,0.286,0.0476,1/(J+1),False,False,True,7.3,
SC ön-dönem arındırılmış (ablasyon),donor_ablation/ablation_grid.csv,2015–2025,c1=False;c2=L3;c3=off;c4=True,otokratikleşenleri içeren,math,E_level_floor:S123-lvl:C1+C2+C3; +libdem_2013 ≥ 0.289,p_ratio,20,8/21,0.381,0.0476,1/(J+1),False,False,True,7.3,
SC ön-dönem arındırılmış (ablasyon),donor_ablation/ablation_grid.csv,2015–2025,c1=False;c2=L3;c3=off;c4=True,otokratikleşenleri içeren,reading,E_level_floor:S123-lvl:C1+C2+C3; +libdem_2013 ≥ 0.289,p_gap,20,12/21,0.571,0.0476,1/(J+1),False,False,True,0.6,
SC ön-dönem arındırılmış (ablasyon),donor_ablation/ablation_grid.csv,2015–2025,c1=False;c2=L3;c3=off;c4=True,otokratikleşenleri içeren,reading,E_level_floor:S123-lvl:C1+C2+C3; +libdem_2013 ≥ 0.289,p_ratio,20,10/21,0.476,0.0476,1/(J+1),False,False,True,0.6,
SC ön-dönem arındırılmış (ablasyon),donor_ablation/ablation_grid.csv,2015–2025,c1=False;c2=L3;c3=off;c4=True,otokratikleşenleri içeren,science,E_level_floor:S123-lvl:C1+C2+C3; +libdem_2013 ≥ 0.289,p_gap,31,3/32,0.094,0.0312,1/(J+1),False,True,True,28.2,
SC ön-dönem arındırılmış (ablasyon),donor_ablation/ablation_grid.csv,2015–2025,c1=False;c2=L3;c3=off;c4=True,otokratikleşenleri içeren,science,E_level_floor:S123-lvl:C1+C2+C3; +libdem_2013 ≥ 0.289,p_ratio,31,31/32,0.969,0.0312,1/(J+1),False,False,True,28.2,
SC ön-dönem arındırılmış (ablasyon),donor_ablation/ablation_grid.csv,2015–2025,c1=False;c2=L3;c3=off;c4=True,otokratikleşenleri içeren,math,E_level_floor_missing_kept:S123-lvl289+nan:C1+C2+C3; +libdem_2013 ≥ 0.289; libdem yoksa kalır,p_gap,21,7/22,0.318,0.0455,1/(J+1),False,False,True,7.3,
SC ön-dönem arındırılmış (ablasyon),donor_ablation/ablation_grid.csv,2015–2025,c1=False;c2=L3;c3=off;c4=True,otokratikleşenleri içeren,math,E_level_floor_missing_kept:S123-lvl289+nan:C1+C2+C3; +libdem_2013 ≥ 0.289; libdem yoksa kalır,p_ratio,21,9/22,0.409,0.0455,1/(J+1),False,False,True,7.3,
SC ön-dönem arındırılmış (ablasyon),donor_ablation/ablation_grid.csv,2015–2025,c1=False;c2=L3;c3=off;c4=True,otokratikleşenleri içeren,reading,E_level_floor_missing_kept:S123-lvl289+nan:C1+C2+C3; +libdem_2013 ≥ 0.289; libdem yoksa kalır,p_gap,21,9/22,0.409,0.0455,1/(J+1),False,False,True,0.6,
SC ön-dönem arındırılmış (ablasyon),donor_ablation/ablation_grid.csv,2015–2025,c1=False;c2=L3;c3=off;c4=True,otokratikleşenleri içeren,reading,E_level_floor_missing_kept:S123-lvl289+nan:C1+C2+C3; +libdem_2013 ≥ 0.289; libdem yoksa kalır,p_ratio,21,12/22,0.545,0.0455,1/(J+1),False,False,True,0.6,
SC ön-dönem arındırılmış (ablasyon),donor_ablation/ablation_grid.csv,2015–2025,c1=False;c2=L3;c3=off;c4=True,otokratikleşenleri içeren,science,E_level_floor_missing_kept:S123-lvl289+nan:C1+C2+C3; +libdem_2013 ≥ 0.289; libdem yoksa kalır,p_gap,32,4/33,0.121,0.0303,1/(J+1),False,False,True,28.2,
SC ön-dönem arındırılmış (ablasyon),donor_ablation/ablation_grid.csv,2015–2025,c1=False;c2=L3;c3=off;c4=True,otokratikleşenleri içeren,science,E_level_floor_missing_kept:S123-lvl289+nan:C1+C2+C3; +libdem_2013 ≥ 0.289; libdem yoksa kalır,p_ratio,32,32/33,0.97,0.0303,1/(J+1),False,False,True,28.2,
SC ön-dönem arındırılmış (ablasyon),donor_ablation/ablation_grid.csv,2015–2025,c1=False;c2=L3;c3=off;c4=True,otokratikleşenleri içeren,math,E_level_floor_band:S123-lvl35:C1+C2+C3; +libdem_2013 ≥ 0.350,p_gap,20,6/21,0.286,0.0476,1/(J+1),False,False,True,7.3,
SC ön-dönem arındırılmış (ablasyon),donor_ablation/ablation_grid.csv,2015–2025,c1=False;c2=L3;c3=off;c4=True,otokratikleşenleri içeren,math,E_level_floor_band:S123-lvl35:C1+C2+C3; +libdem_2013 ≥ 0.350,p_ratio,20,8/21,0.381,0.0476,1/(J+1),False,False,True,7.3,
SC ön-dönem arındırılmış (ablasyon),donor_ablation/ablation_grid.csv,2015–2025,c1=False;c2=L3;c3=off;c4=True,otokratikleşenleri içeren,reading,E_level_floor_band:S123-lvl35:C1+C2+C3; +libdem_2013 ≥ 0.350,p_gap,20,12/21,0.571,0.0476,1/(J+1),False,False,True,0.6,
SC ön-dönem arındırılmış (ablasyon),donor_ablation/ablation_grid.csv,2015–2025,c1=False;c2=L3;c3=off;c4=True,otokratikleşenleri içeren,reading,E_level_floor_band:S123-lvl35:C1+C2+C3; +libdem_2013 ≥ 0.350,p_ratio,20,10/21,0.476,0.0476,1/(J+1),False,False,True,0.6,
SC ön-dönem arındırılmış (ablasyon),donor_ablation/ablation_grid.csv,2015–2025,c1=False;c2=L3;c3=off;c4=True,otokratikleşenleri içeren,science,E_level_floor_band:S123-lvl35:C1+C2+C3; +libdem_2013 ≥ 0.350,p_gap,31,3/32,0.094,0.0312,1/(J+1),False,True,True,28.2,
SC ön-dönem arındırılmış (ablasyon),donor_ablation/ablation_grid.csv,2015–2025,c1=False;c2=L3;c3=off;c4=True,otokratikleşenleri içeren,science,E_level_floor_band:S123-lvl35:C1+C2+C3; +libdem_2013 ≥ 0.350,p_ratio,31,31/32,0.969,0.0312,1/(J+1),False,False,True,28.2,
SC ön-dönem arındırılmış (ablasyon),donor_ablation/ablation_grid.csv,2015–2025,c1=False;c2=L3;c3=off;c4=True,otokratikleşenleri içeren,math,E_level_floor_missing_kept:S123-lvl35+nan:C1+C2+C3; +libdem_2013 ≥ 0.350; libdem yoksa kalır,p_gap,21,7/22,0.318,0.0455,1/(J+1),False,False,True,7.3,
SC ön-dönem arındırılmış (ablasyon),donor_ablation/ablation_grid.csv,2015–2025,c1=False;c2=L3;c3=off;c4=True,otokratikleşenleri içeren,math,E_level_floor_missing_kept:S123-lvl35+nan:C1+C2+C3; +libdem_2013 ≥ 0.350; libdem yoksa kalır,p_ratio,21,9/22,0.409,0.0455,1/(J+1),False,False,True,7.3,
SC ön-dönem arındırılmış (ablasyon),donor_ablation/ablation_grid.csv,2015–2025,c1=False;c2=L3;c3=off;c4=True,otokratikleşenleri içeren,reading,E_level_floor_missing_kept:S123-lvl35+nan:C1+C2+C3; +libdem_2013 ≥ 0.350; libdem yoksa kalır,p_gap,21,9/22,0.409,0.0455,1/(J+1),False,False,True,0.6,
SC ön-dönem arındırılmış (ablasyon),donor_ablation/ablation_grid.csv,2015–2025,c1=False;c2=L3;c3=off;c4=True,otokratikleşenleri içeren,reading,E_level_floor_missing_kept:S123-lvl35+nan:C1+C2+C3; +libdem_2013 ≥ 0.350; libdem yoksa kalır,p_ratio,21,12/22,0.545,0.0455,1/(J+1),False,False,True,0.6,
SC ön-dönem arındırılmış (ablasyon),donor_ablation/ablation_grid.csv,2015–2025,c1=False;c2=L3;c3=off;c4=True,otokratikleşenleri içeren,science,E_level_floor_missing_kept:S123-lvl35+nan:C1+C2+C3; +libdem_2013 ≥ 0.350; libdem yoksa kalır,p_gap,32,4/33,0.121,0.0303,1/(J+1),False,False,True,28.2,
SC ön-dönem arındırılmış (ablasyon),donor_ablation/ablation_grid.csv,2015–2025,c1=False;c2=L3;c3=off;c4=True,otokratikleşenleri içeren,science,E_level_floor_missing_kept:S123-lvl35+nan:C1+C2+C3; +libdem_2013 ≥ 0.350; libdem yoksa kalır,p_ratio,32,32/33,0.97,0.0303,1/(J+1),False,False,True,28.2,
SC ön-dönem arındırılmış (ablasyon),donor_ablation/ablation_grid.csv,2015–2025,c1=False;c2=L3;c3=on;c4=False,otokratikleşenleri içeren,math,E_level_floor_band:S124-lvl20:C1+C2+C4; +libdem_2013 ≥ 0.200,p_gap,30,6/31,0.194,0.0323,1/(J+1),False,False,True,7.3,
SC ön-dönem arındırılmış (ablasyon),donor_ablation/ablation_grid.csv,2015–2025,c1=False;c2=L3;c3=on;c4=False,otokratikleşenleri içeren,math,E_level_floor_band:S124-lvl20:C1+C2+C4; +libdem_2013 ≥ 0.200,p_ratio,30,16/31,0.516,0.0323,1/(J+1),False,False,True,7.3,
SC ön-dönem arındırılmış (ablasyon),donor_ablation/ablation_grid.csv,2015–2025,c1=False;c2=L3;c3=on;c4=False,otokratikleşenleri içeren,reading,E_level_floor_band:S124-lvl20:C1+C2+C4; +libdem_2013 ≥ 0.200,p_gap,29,13/30,0.433,0.0333,1/(J+1),False,False,True,2.8,
SC ön-dönem arındırılmış (ablasyon),donor_ablation/ablation_grid.csv,2015–2025,c1=False;c2=L3;c3=on;c4=False,otokratikleşenleri içeren,reading,E_level_floor_band:S124-lvl20:C1+C2+C4; +libdem_2013 ≥ 0.200,p_ratio,29,18/30,0.6,0.0333,1/(J+1),False,False,True,2.8,
SC ön-dönem arındırılmış (ablasyon),donor_ablation/ablation_grid.csv,2015–2025,c1=False;c2=L3;c3=on;c4=False,otokratikleşenleri içeren,science,E_level_floor_band:S124-lvl20:C1+C2+C4; +libdem_2013 ≥ 0.200,p_gap,41,4/42,0.095,0.0238,1/(J+1),False,True,True,24.2,
SC ön-dönem arındırılmış (ablasyon),donor_ablation/ablation_grid.csv,2015–2025,c1=False;c2=L3;c3=on;c4=False,otokratikleşenleri içeren,science,E_level_floor_band:S124-lvl20:C1+C2+C4; +libdem_2013 ≥ 0.200,p_ratio,41,41/42,0.976,0.0238,1/(J+1),False,False,True,24.2,
SC ön-dönem arındırılmış (ablasyon),donor_ablation/ablation_grid.csv,2015–2025,c1=False;c2=L3;c3=on;c4=False,otokratikleşenleri içeren,math,E_level_floor_missing_kept:S124-lvl20+nan:C1+C2+C4; +libdem_2013 ≥ 0.200; libdem yoksa kalır,p_gap,31,7/32,0.219,0.0312,1/(J+1),False,False,True,7.3,
SC ön-dönem arındırılmış (ablasyon),donor_ablation/ablation_grid.csv,2015–2025,c1=False;c2=L3;c3=on;c4=False,otokratikleşenleri içeren,math,E_level_floor_missing_kept:S124-lvl20+nan:C1+C2+C4; +libdem_2013 ≥ 0.200; libdem yoksa kalır,p_ratio,31,17/32,0.531,0.0312,1/(J+1),False,False,True,7.3,
SC ön-dönem arındırılmış (ablasyon),donor_ablation/ablation_grid.csv,2015–2025,c1=False;c2=L3;c3=on;c4=False,otokratikleşenleri içeren,reading,E_level_floor_missing_kept:S124-lvl20+nan:C1+C2+C4; +libdem_2013 ≥ 0.200; libdem yoksa kalır,p_gap,30,12/31,0.387,0.0323,1/(J+1),False,False,True,2.8,
SC ön-dönem arındırılmış (ablasyon),donor_ablation/ablation_grid.csv,2015–2025,c1=False;c2=L3;c3=on;c4=False,otokratikleşenleri içeren,reading,E_level_floor_missing_kept:S124-lvl20+nan:C1+C2+C4; +libdem_2013 ≥ 0.200; libdem yoksa kalır,p_ratio,30,19/31,0.613,0.0323,1/(J+1),False,False,True,2.8,
SC ön-dönem arındırılmış (ablasyon),donor_ablation/ablation_grid.csv,2015–2025,c1=False;c2=L3;c3=on;c4=False,otokratikleşenleri içeren,science,E_level_floor_missing_kept:S124-lvl20+nan:C1+C2+C4; +libdem_2013 ≥ 0.200; libdem yoksa kalır,p_gap,42,5/43,0.116,0.0233,1/(J+1),False,False,True,24.2,
SC ön-dönem arındırılmış (ablasyon),donor_ablation/ablation_grid.csv,2015–2025,c1=False;c2=L3;c3=on;c4=False,otokratikleşenleri içeren,science,E_level_floor_missing_kept:S124-lvl20+nan:C1+C2+C4; +libdem_2013 ≥ 0.200; libdem yoksa kalır,p_ratio,42,42/43,0.977,0.0233,1/(J+1),False,False,True,24.2,
SC ön-dönem arındırılmış (ablasyon),donor_ablation/ablation_grid.csv,2015–2025,c1=False;c2=L3;c3=on;c4=False,otokratikleşenleri içeren,math,E_level_floor_band:S124-lvl25:C1+C2+C4; +libdem_2013 ≥ 0.250,p_gap,30,6/31,0.194,0.0323,1/(J+1),False,False,True,7.3,
SC ön-dönem arındırılmış (ablasyon),donor_ablation/ablation_grid.csv,2015–2025,c1=False;c2=L3;c3=on;c4=False,otokratikleşenleri içeren,math,E_level_floor_band:S124-lvl25:C1+C2+C4; +libdem_2013 ≥ 0.250,p_ratio,30,16/31,0.516,0.0323,1/(J+1),False,False,True,7.3,
SC ön-dönem arındırılmış (ablasyon),donor_ablation/ablation_grid.csv,2015–2025,c1=False;c2=L3;c3=on;c4=False,otokratikleşenleri içeren,reading,E_level_floor_band:S124-lvl25:C1+C2+C4; +libdem_2013 ≥ 0.250,p_gap,29,13/30,0.433,0.0333,1/(J+1),False,False,True,2.8,
SC ön-dönem arındırılmış (ablasyon),donor_ablation/ablation_grid.csv,2015–2025,c1=False;c2=L3;c3=on;c4=False,otokratikleşenleri içeren,reading,E_level_floor_band:S124-lvl25:C1+C2+C4; +libdem_2013 ≥ 0.250,p_ratio,29,18/30,0.6,0.0333,1/(J+1),False,False,True,2.8,
SC ön-dönem arındırılmış (ablasyon),donor_ablation/ablation_grid.csv,2015–2025,c1=False;c2=L3;c3=on;c4=False,otokratikleşenleri içeren,science,E_level_floor_band:S124-lvl25:C1+C2+C4; +libdem_2013 ≥ 0.250,p_gap,41,4/42,0.095,0.0238,1/(J+1),False,True,True,24.2,
SC ön-dönem arındırılmış (ablasyon),donor_ablation/ablation_grid.csv,2015–2025,c1=False;c2=L3;c3=on;c4=False,otokratikleşenleri içeren,science,E_level_floor_band:S124-lvl25:C1+C2+C4; +libdem_2013 ≥ 0.250,p_ratio,41,41/42,0.976,0.0238,1/(J+1),False,False,True,24.2,
SC ön-dönem arındırılmış (ablasyon),donor_ablation/ablation_grid.csv,2015–2025,c1=False;c2=L3;c3=on;c4=False,otokratikleşenleri içeren,math,E_level_floor_missing_kept:S124-lvl25+nan:C1+C2+C4; +libdem_2013 ≥ 0.250; libdem yoksa kalır,p_gap,31,7/32,0.219,0.0312,1/(J+1),False,False,True,7.3,
SC ön-dönem arındırılmış (ablasyon),donor_ablation/ablation_grid.csv,2015–2025,c1=False;c2=L3;c3=on;c4=False,otokratikleşenleri içeren,math,E_level_floor_missing_kept:S124-lvl25+nan:C1+C2+C4; +libdem_2013 ≥ 0.250; libdem yoksa kalır,p_ratio,31,17/32,0.531,0.0312,1/(J+1),False,False,True,7.3,
SC ön-dönem arındırılmış (ablasyon),donor_ablation/ablation_grid.csv,2015–2025,c1=False;c2=L3;c3=on;c4=False,otokratikleşenleri içeren,reading,E_level_floor_missing_kept:S124-lvl25+nan:C1+C2+C4; +libdem_2013 ≥ 0.250; libdem yoksa kalır,p_gap,30,12/31,0.387,0.0323,1/(J+1),False,False,True,2.8,
SC ön-dönem arındırılmış (ablasyon),donor_ablation/ablation_grid.csv,2015–2025,c1=False;c2=L3;c3=on;c4=False,otokratikleşenleri içeren,reading,E_level_floor_missing_kept:S124-lvl25+nan:C1+C2+C4; +libdem_2013 ≥ 0.250; libdem yoksa kalır,p_ratio,30,19/31,0.613,0.0323,1/(J+1),False,False,True,2.8,
SC ön-dönem arındırılmış (ablasyon),donor_ablation/ablation_grid.csv,2015–2025,c1=False;c2=L3;c3=on;c4=False,otokratikleşenleri içeren,science,E_level_floor_missing_kept:S124-lvl25+nan:C1+C2+C4; +libdem_2013 ≥ 0.250; libdem yoksa kalır,p_gap,42,5/43,0.116,0.0233,1/(J+1),False,False,True,24.2,
SC ön-dönem arındırılmış (ablasyon),donor_ablation/ablation_grid.csv,2015–2025,c1=False;c2=L3;c3=on;c4=False,otokratikleşenleri içeren,science,E_level_floor_missing_kept:S124-lvl25+nan:C1+C2+C4; +libdem_2013 ≥ 0.250; libdem yoksa kalır,p_ratio,42,42/43,0.977,0.0233,1/(J+1),False,False,True,24.2,
SC ön-dönem arındırılmış (ablasyon),donor_ablation/ablation_grid.csv,2015–2025,c1=False;c2=L3;c3=on;c4=False,otokratikleşenleri içeren,math,E_level_floor:S124-lvl:C1+C2+C4; +libdem_2013 ≥ 0.289,p_gap,30,6/31,0.194,0.0323,1/(J+1),False,False,True,7.3,
SC ön-dönem arındırılmış (ablasyon),donor_ablation/ablation_grid.csv,2015–2025,c1=False;c2=L3;c3=on;c4=False,otokratikleşenleri içeren,math,E_level_floor:S124-lvl:C1+C2+C4; +libdem_2013 ≥ 0.289,p_ratio,30,16/31,0.516,0.0323,1/(J+1),False,False,True,7.3,
SC ön-dönem arındırılmış (ablasyon),donor_ablation/ablation_grid.csv,2015–2025,c1=False;c2=L3;c3=on;c4=False,otokratikleşenleri içeren,reading,E_level_floor:S124-lvl:C1+C2+C4; +libdem_2013 ≥ 0.289,p_gap,29,13/30,0.433,0.0333,1/(J+1),False,False,True,2.8,
SC ön-dönem arındırılmış (ablasyon),donor_ablation/ablation_grid.csv,2015–2025,c1=False;c2=L3;c3=on;c4=False,otokratikleşenleri içeren,reading,E_level_floor:S124-lvl:C1+C2+C4; +libdem_2013 ≥ 0.289,p_ratio,29,18/30,0.6,0.0333,1/(J+1),False,False,True,2.8,
SC ön-dönem arındırılmış (ablasyon),donor_ablation/ablation_grid.csv,2015–2025,c1=False;c2=L3;c3=on;c4=False,otokratikleşenleri içeren,science,E_level_floor:S124-lvl:C1+C2+C4; +libdem_2013 ≥ 0.289,p_gap,41,4/42,0.095,0.0238,1/(J+1),False,True,True,24.2,
SC ön-dönem arındırılmış (ablasyon),donor_ablation/ablation_grid.csv,2015–2025,c1=False;c2=L3;c3=on;c4=False,otokratikleşenleri içeren,science,E_level_floor:S124-lvl:C1+C2+C4; +libdem_2013 ≥ 0.289,p_ratio,41,41/42,0.976,0.0238,1/(J+1),False,False,True,24.2,
SC ön-dönem arındırılmış (ablasyon),donor_ablation/ablation_grid.csv,2015–2025,c1=False;c2=L3;c3=on;c4=False,otokratikleşenleri içeren,math,E_level_floor_missing_kept:S124-lvl289+nan:C1+C2+C4; +libdem_2013 ≥ 0.289; libdem yoksa kalır,p_gap,31,7/32,0.219,0.0312,1/(J+1),False,False,True,7.3,
SC ön-dönem arındırılmış (ablasyon),donor_ablation/ablation_grid.csv,2015–2025,c1=False;c2=L3;c3=on;c4=False,otokratikleşenleri içeren,math,E_level_floor_missing_kept:S124-lvl289+nan:C1+C2+C4; +libdem_2013 ≥ 0.289; libdem yoksa kalır,p_ratio,31,17/32,0.531,0.0312,1/(J+1),False,False,True,7.3,
SC ön-dönem arındırılmış (ablasyon),donor_ablation/ablation_grid.csv,2015–2025,c1=False;c2=L3;c3=on;c4=False,otokratikleşenleri içeren,reading,E_level_floor_missing_kept:S124-lvl289+nan:C1+C2+C4; +libdem_2013 ≥ 0.289; libdem yoksa kalır,p_gap,30,12/31,0.387,0.0323,1/(J+1),False,False,True,2.8,
SC ön-dönem arındırılmış (ablasyon),donor_ablation/ablation_grid.csv,2015–2025,c1=False;c2=L3;c3=on;c4=False,otokratikleşenleri içeren,reading,E_level_floor_missing_kept:S124-lvl289+nan:C1+C2+C4; +libdem_2013 ≥ 0.289; libdem yoksa kalır,p_ratio,30,19/31,0.613,0.0323,1/(J+1),False,False,True,2.8,
SC ön-dönem arındırılmış (ablasyon),donor_ablation/ablation_grid.csv,2015–2025,c1=False;c2=L3;c3=on;c4=False,otokratikleşenleri içeren,science,E_level_floor_missing_kept:S124-lvl289+nan:C1+C2+C4; +libdem_2013 ≥ 0.289; libdem yoksa kalır,p_gap,42,5/43,0.116,0.0233,1/(J+1),False,False,True,24.2,
SC ön-dönem arındırılmış (ablasyon),donor_ablation/ablation_grid.csv,2015–2025,c1=False;c2=L3;c3=on;c4=False,otokratikleşenleri içeren,science,E_level_floor_missing_kept:S124-lvl289+nan:C1+C2+C4; +libdem_2013 ≥ 0.289; libdem yoksa kalır,p_ratio,42,42/43,0.977,0.0233,1/(J+1),False,False,True,24.2,
SC ön-dönem arındırılmış (ablasyon),donor_ablation/ablation_grid.csv,2015–2025,c1=False;c2=L3;c3=on;c4=False,otokratikleşenleri içeren,math,E_level_floor_band:S124-lvl35:C1+C2+C4; +libdem_2013 ≥ 0.350,p_gap,29,6/30,0.2,0.0333,1/(J+1),False,False,True,7.3,
SC ön-dönem arındırılmış (ablasyon),donor_ablation/ablation_grid.csv,2015–2025,c1=False;c2=L3;c3=on;c4=False,otokratikleşenleri içeren,math,E_level_floor_band:S124-lvl35:C1+C2+C4; +libdem_2013 ≥ 0.350,p_ratio,29,15/30,0.5,0.0333,1/(J+1),False,False,True,7.3,
SC ön-dönem arındırılmış (ablasyon),donor_ablation/ablation_grid.csv,2015–2025,c1=False;c2=L3;c3=on;c4=False,otokratikleşenleri içeren,reading,E_level_floor_band:S124-lvl35:C1+C2+C4; +libdem_2013 ≥ 0.350,p_gap,28,14/29,0.483,0.0345,1/(J+1),False,False,True,0.6,
SC ön-dönem arındırılmış (ablasyon),donor_ablation/ablation_grid.csv,2015–2025,c1=False;c2=L3;c3=on;c4=False,otokratikleşenleri içeren,reading,E_level_floor_band:S124-lvl35:C1+C2+C4; +libdem_2013 ≥ 0.350,p_ratio,28,19/29,0.655,0.0345,1/(J+1),False,False,True,0.6,
SC ön-dönem arındırılmış (ablasyon),donor_ablation/ablation_grid.csv,2015–2025,c1=False;c2=L3;c3=on;c4=False,otokratikleşenleri içeren,science,E_level_floor_band:S124-lvl35:C1+C2+C4; +libdem_2013 ≥ 0.350,p_gap,40,4/41,0.098,0.0244,1/(J+1),False,True,True,24.2,
SC ön-dönem arındırılmış (ablasyon),donor_ablation/ablation_grid.csv,2015–2025,c1=False;c2=L3;c3=on;c4=False,otokratikleşenleri içeren,science,E_level_floor_band:S124-lvl35:C1+C2+C4; +libdem_2013 ≥ 0.350,p_ratio,40,40/41,0.976,0.0244,1/(J+1),False,False,True,24.2,
SC ön-dönem arındırılmış (ablasyon),donor_ablation/ablation_grid.csv,2015–2025,c1=False;c2=L3;c3=on;c4=False,otokratikleşenleri içeren,math,E_level_floor_missing_kept:S124-lvl35+nan:C1+C2+C4; +libdem_2013 ≥ 0.350; libdem yoksa kalır,p_gap,30,7/31,0.226,0.0323,1/(J+1),False,False,True,7.3,
SC ön-dönem arındırılmış (ablasyon),donor_ablation/ablation_grid.csv,2015–2025,c1=False;c2=L3;c3=on;c4=False,otokratikleşenleri içeren,math,E_level_floor_missing_kept:S124-lvl35+nan:C1+C2+C4; +libdem_2013 ≥ 0.350; libdem yoksa kalır,p_ratio,30,16/31,0.516,0.0323,1/(J+1),False,False,True,7.3,
SC ön-dönem arındırılmış (ablasyon),donor_ablation/ablation_grid.csv,2015–2025,c1=False;c2=L3;c3=on;c4=False,otokratikleşenleri içeren,reading,E_level_floor_missing_kept:S124-lvl35+nan:C1+C2+C4; +libdem_2013 ≥ 0.350; libdem yoksa kalır,p_gap,29,13/30,0.433,0.0333,1/(J+1),False,False,True,0.6,
SC ön-dönem arındırılmış (ablasyon),donor_ablation/ablation_grid.csv,2015–2025,c1=False;c2=L3;c3=on;c4=False,otokratikleşenleri içeren,reading,E_level_floor_missing_kept:S124-lvl35+nan:C1+C2+C4; +libdem_2013 ≥ 0.350; libdem yoksa kalır,p_ratio,29,19/30,0.633,0.0333,1/(J+1),False,False,True,0.6,
SC ön-dönem arındırılmış (ablasyon),donor_ablation/ablation_grid.csv,2015–2025,c1=False;c2=L3;c3=on;c4=False,otokratikleşenleri içeren,science,E_level_floor_missing_kept:S124-lvl35+nan:C1+C2+C4; +libdem_2013 ≥ 0.350; libdem yoksa kalır,p_gap,41,5/42,0.119,0.0238,1/(J+1),False,False,True,24.2,
SC ön-dönem arındırılmış (ablasyon),donor_ablation/ablation_grid.csv,2015–2025,c1=False;c2=L3;c3=on;c4=False,otokratikleşenleri içeren,science,E_level_floor_missing_kept:S124-lvl35+nan:C1+C2+C4; +libdem_2013 ≥ 0.350; libdem yoksa kalır,p_ratio,41,41/42,0.976,0.0238,1/(J+1),False,False,True,24.2,
SC ön-dönem arındırılmış (ablasyon),donor_ablation/ablation_grid.csv,2015–2025,c1=False;c2=L1;c3=off;c4=False,tüm katılımcılar,math,E_level_floor_band:S134-lvl20:C1+C3+C4; +libdem_2013 ≥ 0.200,p_gap,12,1/13,0.077,0.0769,1/(J+1),True,True,True,26.2,
SC ön-dönem arındırılmış (ablasyon),donor_ablation/ablation_grid.csv,2015–2025,c1=False;c2=L1;c3=off;c4=False,tüm katılımcılar,math,E_level_floor_band:S134-lvl20:C1+C3+C4; +libdem_2013 ≥ 0.200,p_ratio,12,10/13,0.769,0.0769,1/(J+1),False,False,True,26.2,
SC ön-dönem arındırılmış (ablasyon),donor_ablation/ablation_grid.csv,2015–2025,c1=False;c2=L1;c3=off;c4=False,tüm katılımcılar,reading,E_level_floor_band:S134-lvl20:C1+C3+C4; +libdem_2013 ≥ 0.200,p_gap,12,6/13,0.462,0.0769,1/(J+1),False,False,True,3.7,
SC ön-dönem arındırılmış (ablasyon),donor_ablation/ablation_grid.csv,2015–2025,c1=False;c2=L1;c3=off;c4=False,tüm katılımcılar,reading,E_level_floor_band:S134-lvl20:C1+C3+C4; +libdem_2013 ≥ 0.200,p_ratio,12,7/13,0.538,0.0769,1/(J+1),False,False,True,3.7,
SC ön-dönem arındırılmış (ablasyon),donor_ablation/ablation_grid.csv,2015–2025,c1=False;c2=L1;c3=off;c4=False,tüm katılımcılar,science,E_level_floor_band:S134-lvl20:C1+C3+C4; +libdem_2013 ≥ 0.200,p_gap,17,2/18,0.111,0.0556,1/(J+1),False,False,True,20.2,
SC ön-dönem arındırılmış (ablasyon),donor_ablation/ablation_grid.csv,2015–2025,c1=False;c2=L1;c3=off;c4=False,tüm katılımcılar,science,E_level_floor_band:S134-lvl20:C1+C3+C4; +libdem_2013 ≥ 0.200,p_ratio,17,18/18,1.0,0.0556,1/(J+1),False,False,True,20.2,
SC ön-dönem arındırılmış (ablasyon),donor_ablation/ablation_grid.csv,2015–2025,c1=False;c2=L1;c3=off;c4=False,tüm katılımcılar,math,E_level_floor_missing_kept:S134-lvl20+nan:C1+C3+C4; +libdem_2013 ≥ 0.200; libdem yoksa kalır,p_gap,12,1/13,0.077,0.0769,1/(J+1),True,True,True,26.2,
SC ön-dönem arındırılmış (ablasyon),donor_ablation/ablation_grid.csv,2015–2025,c1=False;c2=L1;c3=off;c4=False,tüm katılımcılar,math,E_level_floor_missing_kept:S134-lvl20+nan:C1+C3+C4; +libdem_2013 ≥ 0.200; libdem yoksa kalır,p_ratio,12,10/13,0.769,0.0769,1/(J+1),False,False,True,26.2,
SC ön-dönem arındırılmış (ablasyon),donor_ablation/ablation_grid.csv,2015–2025,c1=False;c2=L1;c3=off;c4=False,tüm katılımcılar,reading,E_level_floor_missing_kept:S134-lvl20+nan:C1+C3+C4; +libdem_2013 ≥ 0.200; libdem yoksa kalır,p_gap,12,6/13,0.462,0.0769,1/(J+1),False,False,True,3.7,
SC ön-dönem arındırılmış (ablasyon),donor_ablation/ablation_grid.csv,2015–2025,c1=False;c2=L1;c3=off;c4=False,tüm katılımcılar,reading,E_level_floor_missing_kept:S134-lvl20+nan:C1+C3+C4; +libdem_2013 ≥ 0.200; libdem yoksa kalır,p_ratio,12,7/13,0.538,0.0769,1/(J+1),False,False,True,3.7,
SC ön-dönem arındırılmış (ablasyon),donor_ablation/ablation_grid.csv,2015–2025,c1=False;c2=L1;c3=off;c4=False,tüm katılımcılar,science,E_level_floor_missing_kept:S134-lvl20+nan:C1+C3+C4; +libdem_2013 ≥ 0.200; libdem yoksa kalır,p_gap,17,2/18,0.111,0.0556,1/(J+1),False,False,True,20.2,
SC ön-dönem arındırılmış (ablasyon),donor_ablation/ablation_grid.csv,2015–2025,c1=False;c2=L1;c3=off;c4=False,tüm katılımcılar,science,E_level_floor_missing_kept:S134-lvl20+nan:C1+C3+C4; +libdem_2013 ≥ 0.200; libdem yoksa kalır,p_ratio,17,18/18,1.0,0.0556,1/(J+1),False,False,True,20.2,
SC ön-dönem arındırılmış (ablasyon),donor_ablation/ablation_grid.csv,2015–2025,c1=False;c2=L1;c3=off;c4=False,tüm katılımcılar,math,E_level_floor_band:S134-lvl25:C1+C3+C4; +libdem_2013 ≥ 0.250,p_gap,12,1/13,0.077,0.0769,1/(J+1),True,True,True,26.2,
SC ön-dönem arındırılmış (ablasyon),donor_ablation/ablation_grid.csv,2015–2025,c1=False;c2=L1;c3=off;c4=False,tüm katılımcılar,math,E_level_floor_band:S134-lvl25:C1+C3+C4; +libdem_2013 ≥ 0.250,p_ratio,12,10/13,0.769,0.0769,1/(J+1),False,False,True,26.2,
SC ön-dönem arındırılmış (ablasyon),donor_ablation/ablation_grid.csv,2015–2025,c1=False;c2=L1;c3=off;c4=False,tüm katılımcılar,reading,E_level_floor_band:S134-lvl25:C1+C3+C4; +libdem_2013 ≥ 0.250,p_gap,12,6/13,0.462,0.0769,1/(J+1),False,False,True,3.7,
SC ön-dönem arındırılmış (ablasyon),donor_ablation/ablation_grid.csv,2015–2025,c1=False;c2=L1;c3=off;c4=False,tüm katılımcılar,reading,E_level_floor_band:S134-lvl25:C1+C3+C4; +libdem_2013 ≥ 0.250,p_ratio,12,7/13,0.538,0.0769,1/(J+1),False,False,True,3.7,
SC ön-dönem arındırılmış (ablasyon),donor_ablation/ablation_grid.csv,2015–2025,c1=False;c2=L1;c3=off;c4=False,tüm katılımcılar,science,E_level_floor_band:S134-lvl25:C1+C3+C4; +libdem_2013 ≥ 0.250,p_gap,17,2/18,0.111,0.0556,1/(J+1),False,False,True,20.2,
SC ön-dönem arındırılmış (ablasyon),donor_ablation/ablation_grid.csv,2015–2025,c1=False;c2=L1;c3=off;c4=False,tüm katılımcılar,science,E_level_floor_band:S134-lvl25:C1+C3+C4; +libdem_2013 ≥ 0.250,p_ratio,17,18/18,1.0,0.0556,1/(J+1),False,False,True,20.2,
SC ön-dönem arındırılmış (ablasyon),donor_ablation/ablation_grid.csv,2015–2025,c1=False;c2=L1;c3=off;c4=False,tüm katılımcılar,math,E_level_floor_missing_kept:S134-lvl25+nan:C1+C3+C4; +libdem_2013 ≥ 0.250; libdem yoksa kalır,p_gap,12,1/13,0.077,0.0769,1/(J+1),True,True,True,26.2,
SC ön-dönem arındırılmış (ablasyon),donor_ablation/ablation_grid.csv,2015–2025,c1=False;c2=L1;c3=off;c4=False,tüm katılımcılar,math,E_level_floor_missing_kept:S134-lvl25+nan:C1+C3+C4; +libdem_2013 ≥ 0.250; libdem yoksa kalır,p_ratio,12,10/13,0.769,0.0769,1/(J+1),False,False,True,26.2,
SC ön-dönem arındırılmış (ablasyon),donor_ablation/ablation_grid.csv,2015–2025,c1=False;c2=L1;c3=off;c4=False,tüm katılımcılar,reading,E_level_floor_missing_kept:S134-lvl25+nan:C1+C3+C4; +libdem_2013 ≥ 0.250; libdem yoksa kalır,p_gap,12,6/13,0.462,0.0769,1/(J+1),False,False,True,3.7,
SC ön-dönem arındırılmış (ablasyon),donor_ablation/ablation_grid.csv,2015–2025,c1=False;c2=L1;c3=off;c4=False,tüm katılımcılar,reading,E_level_floor_missing_kept:S134-lvl25+nan:C1+C3+C4; +libdem_2013 ≥ 0.250; libdem yoksa kalır,p_ratio,12,7/13,0.538,0.0769,1/(J+1),False,False,True,3.7,
SC ön-dönem arındırılmış (ablasyon),donor_ablation/ablation_grid.csv,2015–2025,c1=False;c2=L1;c3=off;c4=False,tüm katılımcılar,science,E_level_floor_missing_kept:S134-lvl25+nan:C1+C3+C4; +libdem_2013 ≥ 0.250; libdem yoksa kalır,p_gap,17,2/18,0.111,0.0556,1/(J+1),False,False,True,20.2,
SC ön-dönem arındırılmış (ablasyon),donor_ablation/ablation_grid.csv,2015–2025,c1=False;c2=L1;c3=off;c4=False,tüm katılımcılar,science,E_level_floor_missing_kept:S134-lvl25+nan:C1+C3+C4; +libdem_2013 ≥ 0.250; libdem yoksa kalır,p_ratio,17,18/18,1.0,0.0556,1/(J+1),False,False,True,20.2,
SC ön-dönem arındırılmış (ablasyon),donor_ablation/ablation_grid.csv,2015–2025,c1=False;c2=L1;c3=off;c4=False,tüm katılımcılar,math,E_level_floor:S134-lvl:C1+C3+C4; +libdem_2013 ≥ 0.289,p_gap,12,1/13,0.077,0.0769,1/(J+1),True,True,True,26.2,
SC ön-dönem arındırılmış (ablasyon),donor_ablation/ablation_grid.csv,2015–2025,c1=False;c2=L1;c3=off;c4=False,tüm katılımcılar,math,E_level_floor:S134-lvl:C1+C3+C4; +libdem_2013 ≥ 0.289,p_ratio,12,10/13,0.769,0.0769,1/(J+1),False,False,True,26.2,
SC ön-dönem arındırılmış (ablasyon),donor_ablation/ablation_grid.csv,2015–2025,c1=False;c2=L1;c3=off;c4=False,tüm katılımcılar,reading,E_level_floor:S134-lvl:C1+C3+C4; +libdem_2013 ≥ 0.289,p_gap,12,6/13,0.462,0.0769,1/(J+1),False,False,True,3.7,
SC ön-dönem arındırılmış (ablasyon),donor_ablation/ablation_grid.csv,2015–2025,c1=False;c2=L1;c3=off;c4=False,tüm katılımcılar,reading,E_level_floor:S134-lvl:C1+C3+C4; +libdem_2013 ≥ 0.289,p_ratio,12,7/13,0.538,0.0769,1/(J+1),False,False,True,3.7,
SC ön-dönem arındırılmış (ablasyon),donor_ablation/ablation_grid.csv,2015–2025,c1=False;c2=L1;c3=off;c4=False,tüm katılımcılar,science,E_level_floor:S134-lvl:C1+C3+C4; +libdem_2013 ≥ 0.289,p_gap,17,2/18,0.111,0.0556,1/(J+1),False,False,True,20.2,
SC ön-dönem arındırılmış (ablasyon),donor_ablation/ablation_grid.csv,2015–2025,c1=False;c2=L1;c3=off;c4=False,tüm katılımcılar,science,E_level_floor:S134-lvl:C1+C3+C4; +libdem_2013 ≥ 0.289,p_ratio,17,18/18,1.0,0.0556,1/(J+1),False,False,True,20.2,
SC ön-dönem arındırılmış (ablasyon),donor_ablation/ablation_grid.csv,2015–2025,c1=False;c2=L1;c3=off;c4=False,tüm katılımcılar,math,E_level_floor_missing_kept:S134-lvl289+nan:C1+C3+C4; +libdem_2013 ≥ 0.289; libdem yoksa kalır,p_gap,12,1/13,0.077,0.0769,1/(J+1),True,True,True,26.2,
SC ön-dönem arındırılmış (ablasyon),donor_ablation/ablation_grid.csv,2015–2025,c1=False;c2=L1;c3=off;c4=False,tüm katılımcılar,math,E_level_floor_missing_kept:S134-lvl289+nan:C1+C3+C4; +libdem_2013 ≥ 0.289; libdem yoksa kalır,p_ratio,12,10/13,0.769,0.0769,1/(J+1),False,False,True,26.2,
SC ön-dönem arındırılmış (ablasyon),donor_ablation/ablation_grid.csv,2015–2025,c1=False;c2=L1;c3=off;c4=False,tüm katılımcılar,reading,E_level_floor_missing_kept:S134-lvl289+nan:C1+C3+C4; +libdem_2013 ≥ 0.289; libdem yoksa kalır,p_gap,12,6/13,0.462,0.0769,1/(J+1),False,False,True,3.7,
SC ön-dönem arındırılmış (ablasyon),donor_ablation/ablation_grid.csv,2015–2025,c1=False;c2=L1;c3=off;c4=False,tüm katılımcılar,reading,E_level_floor_missing_kept:S134-lvl289+nan:C1+C3+C4; +libdem_2013 ≥ 0.289; libdem yoksa kalır,p_ratio,12,7/13,0.538,0.0769,1/(J+1),False,False,True,3.7,
SC ön-dönem arındırılmış (ablasyon),donor_ablation/ablation_grid.csv,2015–2025,c1=False;c2=L1;c3=off;c4=False,tüm katılımcılar,science,E_level_floor_missing_kept:S134-lvl289+nan:C1+C3+C4; +libdem_2013 ≥ 0.289; libdem yoksa kalır,p_gap,17,2/18,0.111,0.0556,1/(J+1),False,False,True,20.2,
SC ön-dönem arındırılmış (ablasyon),donor_ablation/ablation_grid.csv,2015–2025,c1=False;c2=L1;c3=off;c4=False,tüm katılımcılar,science,E_level_floor_missing_kept:S134-lvl289+nan:C1+C3+C4; +libdem_2013 ≥ 0.289; libdem yoksa kalır,p_ratio,17,18/18,1.0,0.0556,1/(J+1),False,False,True,20.2,
SC ön-dönem arındırılmış (ablasyon),donor_ablation/ablation_grid.csv,2015–2025,c1=False;c2=L1;c3=off;c4=False,tüm katılımcılar,math,E_level_floor_band:S134-lvl35:C1+C3+C4; +libdem_2013 ≥ 0.350,p_gap,12,1/13,0.077,0.0769,1/(J+1),True,True,True,26.2,
SC ön-dönem arındırılmış (ablasyon),donor_ablation/ablation_grid.csv,2015–2025,c1=False;c2=L1;c3=off;c4=False,tüm katılımcılar,math,E_level_floor_band:S134-lvl35:C1+C3+C4; +libdem_2013 ≥ 0.350,p_ratio,12,10/13,0.769,0.0769,1/(J+1),False,False,True,26.2,
SC ön-dönem arındırılmış (ablasyon),donor_ablation/ablation_grid.csv,2015–2025,c1=False;c2=L1;c3=off;c4=False,tüm katılımcılar,reading,E_level_floor_band:S134-lvl35:C1+C3+C4; +libdem_2013 ≥ 0.350,p_gap,12,6/13,0.462,0.0769,1/(J+1),False,False,True,3.7,
SC ön-dönem arındırılmış (ablasyon),donor_ablation/ablation_grid.csv,2015–2025,c1=False;c2=L1;c3=off;c4=False,tüm katılımcılar,reading,E_level_floor_band:S134-lvl35:C1+C3+C4; +libdem_2013 ≥ 0.350,p_ratio,12,7/13,0.538,0.0769,1/(J+1),False,False,True,3.7,
SC ön-dönem arındırılmış (ablasyon),donor_ablation/ablation_grid.csv,2015–2025,c1=False;c2=L1;c3=off;c4=False,tüm katılımcılar,science,E_level_floor_band:S134-lvl35:C1+C3+C4; +libdem_2013 ≥ 0.350,p_gap,17,2/18,0.111,0.0556,1/(J+1),False,False,True,20.2,
SC ön-dönem arındırılmış (ablasyon),donor_ablation/ablation_grid.csv,2015–2025,c1=False;c2=L1;c3=off;c4=False,tüm katılımcılar,science,E_level_floor_band:S134-lvl35:C1+C3+C4; +libdem_2013 ≥ 0.350,p_ratio,17,18/18,1.0,0.0556,1/(J+1),False,False,True,20.2,
SC ön-dönem arındırılmış (ablasyon),donor_ablation/ablation_grid.csv,2015–2025,c1=False;c2=L1;c3=off;c4=False,tüm katılımcılar,math,E_level_floor_missing_kept:S134-lvl35+nan:C1+C3+C4; +libdem_2013 ≥ 0.350; libdem yoksa kalır,p_gap,12,1/13,0.077,0.0769,1/(J+1),True,True,True,26.2,
SC ön-dönem arındırılmış (ablasyon),donor_ablation/ablation_grid.csv,2015–2025,c1=False;c2=L1;c3=off;c4=False,tüm katılımcılar,math,E_level_floor_missing_kept:S134-lvl35+nan:C1+C3+C4; +libdem_2013 ≥ 0.350; libdem yoksa kalır,p_ratio,12,10/13,0.769,0.0769,1/(J+1),False,False,True,26.2,
SC ön-dönem arındırılmış (ablasyon),donor_ablation/ablation_grid.csv,2015–2025,c1=False;c2=L1;c3=off;c4=False,tüm katılımcılar,reading,E_level_floor_missing_kept:S134-lvl35+nan:C1+C3+C4; +libdem_2013 ≥ 0.350; libdem yoksa kalır,p_gap,12,6/13,0.462,0.0769,1/(J+1),False,False,True,3.7,
SC ön-dönem arındırılmış (ablasyon),donor_ablation/ablation_grid.csv,2015–2025,c1=False;c2=L1;c3=off;c4=False,tüm katılımcılar,reading,E_level_floor_missing_kept:S134-lvl35+nan:C1+C3+C4; +libdem_2013 ≥ 0.350; libdem yoksa kalır,p_ratio,12,7/13,0.538,0.0769,1/(J+1),False,False,True,3.7,
SC ön-dönem arındırılmış (ablasyon),donor_ablation/ablation_grid.csv,2015–2025,c1=False;c2=L1;c3=off;c4=False,tüm katılımcılar,science,E_level_floor_missing_kept:S134-lvl35+nan:C1+C3+C4; +libdem_2013 ≥ 0.350; libdem yoksa kalır,p_gap,17,2/18,0.111,0.0556,1/(J+1),False,False,True,20.2,
SC ön-dönem arındırılmış (ablasyon),donor_ablation/ablation_grid.csv,2015–2025,c1=False;c2=L1;c3=off;c4=False,tüm katılımcılar,science,E_level_floor_missing_kept:S134-lvl35+nan:C1+C3+C4; +libdem_2013 ≥ 0.350; libdem yoksa kalır,p_ratio,17,18/18,1.0,0.0556,1/(J+1),False,False,True,20.2,
SC ön-dönem arındırılmış (ablasyon),donor_ablation/ablation_grid.csv,2015–2025,c1=False;c2=L3;c3=off;c4=False,otokratikleşenleri içeren,math,E_level_floor_band:S1234-lvl20:C1+C2+C3+C4; +libdem_2013 ≥ 0.200,p_gap,31,7/32,0.219,0.0312,1/(J+1),False,False,True,7.3,
SC ön-dönem arındırılmış (ablasyon),donor_ablation/ablation_grid.csv,2015–2025,c1=False;c2=L3;c3=off;c4=False,otokratikleşenleri içeren,math,E_level_floor_band:S1234-lvl20:C1+C2+C3+C4; +libdem_2013 ≥ 0.200,p_ratio,31,16/32,0.5,0.0312,1/(J+1),False,False,True,7.3,
SC ön-dönem arındırılmış (ablasyon),donor_ablation/ablation_grid.csv,2015–2025,c1=False;c2=L3;c3=off;c4=False,otokratikleşenleri içeren,reading,E_level_floor_band:S1234-lvl20:C1+C2+C3+C4; +libdem_2013 ≥ 0.200,p_gap,30,13/31,0.419,0.0323,1/(J+1),False,False,True,2.8,
SC ön-dönem arındırılmış (ablasyon),donor_ablation/ablation_grid.csv,2015–2025,c1=False;c2=L3;c3=off;c4=False,otokratikleşenleri içeren,reading,E_level_floor_band:S1234-lvl20:C1+C2+C3+C4; +libdem_2013 ≥ 0.200,p_ratio,30,18/31,0.581,0.0323,1/(J+1),False,False,True,2.8,
SC ön-dönem arındırılmış (ablasyon),donor_ablation/ablation_grid.csv,2015–2025,c1=False;c2=L3;c3=off;c4=False,otokratikleşenleri içeren,science,E_level_floor_band:S1234-lvl20:C1+C2+C3+C4; +libdem_2013 ≥ 0.200,p_gap,43,3/44,0.068,0.0227,1/(J+1),False,True,True,24.2,
SC ön-dönem arındırılmış (ablasyon),donor_ablation/ablation_grid.csv,2015–2025,c1=False;c2=L3;c3=off;c4=False,otokratikleşenleri içeren,science,E_level_floor_band:S1234-lvl20:C1+C2+C3+C4; +libdem_2013 ≥ 0.200,p_ratio,43,43/44,0.977,0.0227,1/(J+1),False,False,True,24.2,
SC ön-dönem arındırılmış (ablasyon),donor_ablation/ablation_grid.csv,2015–2025,c1=False;c2=L3;c3=off;c4=False,otokratikleşenleri içeren,math,E_level_floor_missing_kept:S1234-lvl20+nan:C1+C2+C3+C4; +libdem_2013 ≥ 0.200; libdem yoksa kalır,p_gap,32,8/33,0.242,0.0303,1/(J+1),False,False,True,7.3,
SC ön-dönem arındırılmış (ablasyon),donor_ablation/ablation_grid.csv,2015–2025,c1=False;c2=L3;c3=off;c4=False,otokratikleşenleri içeren,math,E_level_floor_missing_kept:S1234-lvl20+nan:C1+C2+C3+C4; +libdem_2013 ≥ 0.200; libdem yoksa kalır,p_ratio,32,17/33,0.515,0.0303,1/(J+1),False,False,True,7.3,
SC ön-dönem arındırılmış (ablasyon),donor_ablation/ablation_grid.csv,2015–2025,c1=False;c2=L3;c3=off;c4=False,otokratikleşenleri içeren,reading,E_level_floor_missing_kept:S1234-lvl20+nan:C1+C2+C3+C4; +libdem_2013 ≥ 0.200; libdem yoksa kalır,p_gap,31,12/32,0.375,0.0312,1/(J+1),False,False,True,2.8,
SC ön-dönem arındırılmış (ablasyon),donor_ablation/ablation_grid.csv,2015–2025,c1=False;c2=L3;c3=off;c4=False,otokratikleşenleri içeren,reading,E_level_floor_missing_kept:S1234-lvl20+nan:C1+C2+C3+C4; +libdem_2013 ≥ 0.200; libdem yoksa kalır,p_ratio,31,19/32,0.594,0.0312,1/(J+1),False,False,True,2.8,
SC ön-dönem arındırılmış (ablasyon),donor_ablation/ablation_grid.csv,2015–2025,c1=False;c2=L3;c3=off;c4=False,otokratikleşenleri içeren,science,E_level_floor_missing_kept:S1234-lvl20+nan:C1+C2+C3+C4; +libdem_2013 ≥ 0.200; libdem yoksa kalır,p_gap,44,4/45,0.089,0.0222,1/(J+1),False,True,True,24.2,
SC ön-dönem arındırılmış (ablasyon),donor_ablation/ablation_grid.csv,2015–2025,c1=False;c2=L3;c3=off;c4=False,otokratikleşenleri içeren,science,E_level_floor_missing_kept:S1234-lvl20+nan:C1+C2+C3+C4; +libdem_2013 ≥ 0.200; libdem yoksa kalır,p_ratio,44,44/45,0.978,0.0222,1/(J+1),False,False,True,24.2,
SC ön-dönem arındırılmış (ablasyon),donor_ablation/ablation_grid.csv,2015–2025,c1=False;c2=L3;c3=off;c4=False,otokratikleşenleri içeren,math,E_level_floor_band:S1234-lvl25:C1+C2+C3+C4; +libdem_2013 ≥ 0.250,p_gap,31,7/32,0.219,0.0312,1/(J+1),False,False,True,7.3,
SC ön-dönem arındırılmış (ablasyon),donor_ablation/ablation_grid.csv,2015–2025,c1=False;c2=L3;c3=off;c4=False,otokratikleşenleri içeren,math,E_level_floor_band:S1234-lvl25:C1+C2+C3+C4; +libdem_2013 ≥ 0.250,p_ratio,31,16/32,0.5,0.0312,1/(J+1),False,False,True,7.3,
SC ön-dönem arındırılmış (ablasyon),donor_ablation/ablation_grid.csv,2015–2025,c1=False;c2=L3;c3=off;c4=False,otokratikleşenleri içeren,reading,E_level_floor_band:S1234-lvl25:C1+C2+C3+C4; +libdem_2013 ≥ 0.250,p_gap,30,13/31,0.419,0.0323,1/(J+1),False,False,True,2.8,
SC ön-dönem arındırılmış (ablasyon),donor_ablation/ablation_grid.csv,2015–2025,c1=False;c2=L3;c3=off;c4=False,otokratikleşenleri içeren,reading,E_level_floor_band:S1234-lvl25:C1+C2+C3+C4; +libdem_2013 ≥ 0.250,p_ratio,30,18/31,0.581,0.0323,1/(J+1),False,False,True,2.8,
SC ön-dönem arındırılmış (ablasyon),donor_ablation/ablation_grid.csv,2015–2025,c1=False;c2=L3;c3=off;c4=False,otokratikleşenleri içeren,science,E_level_floor_band:S1234-lvl25:C1+C2+C3+C4; +libdem_2013 ≥ 0.250,p_gap,43,3/44,0.068,0.0227,1/(J+1),False,True,True,24.2,
SC ön-dönem arındırılmış (ablasyon),donor_ablation/ablation_grid.csv,2015–2025,c1=False;c2=L3;c3=off;c4=False,otokratikleşenleri içeren,science,E_level_floor_band:S1234-lvl25:C1+C2+C3+C4; +libdem_2013 ≥ 0.250,p_ratio,43,43/44,0.977,0.0227,1/(J+1),False,False,True,24.2,
SC ön-dönem arındırılmış (ablasyon),donor_ablation/ablation_grid.csv,2015–2025,c1=False;c2=L3;c3=off;c4=False,otokratikleşenleri içeren,math,E_level_floor_missing_kept:S1234-lvl25+nan:C1+C2+C3+C4; +libdem_2013 ≥ 0.250; libdem yoksa kalır,p_gap,32,8/33,0.242,0.0303,1/(J+1),False,False,True,7.3,
SC ön-dönem arındırılmış (ablasyon),donor_ablation/ablation_grid.csv,2015–2025,c1=False;c2=L3;c3=off;c4=False,otokratikleşenleri içeren,math,E_level_floor_missing_kept:S1234-lvl25+nan:C1+C2+C3+C4; +libdem_2013 ≥ 0.250; libdem yoksa kalır,p_ratio,32,17/33,0.515,0.0303,1/(J+1),False,False,True,7.3,
SC ön-dönem arındırılmış (ablasyon),donor_ablation/ablation_grid.csv,2015–2025,c1=False;c2=L3;c3=off;c4=False,otokratikleşenleri içeren,reading,E_level_floor_missing_kept:S1234-lvl25+nan:C1+C2+C3+C4; +libdem_2013 ≥ 0.250; libdem yoksa kalır,p_gap,31,12/32,0.375,0.0312,1/(J+1),False,False,True,2.8,
SC ön-dönem arındırılmış (ablasyon),donor_ablation/ablation_grid.csv,2015–2025,c1=False;c2=L3;c3=off;c4=False,otokratikleşenleri içeren,reading,E_level_floor_missing_kept:S1234-lvl25+nan:C1+C2+C3+C4; +libdem_2013 ≥ 0.250; libdem yoksa kalır,p_ratio,31,19/32,0.594,0.0312,1/(J+1),False,False,True,2.8,
SC ön-dönem arındırılmış (ablasyon),donor_ablation/ablation_grid.csv,2015–2025,c1=False;c2=L3;c3=off;c4=False,otokratikleşenleri içeren,science,E_level_floor_missing_kept:S1234-lvl25+nan:C1+C2+C3+C4; +libdem_2013 ≥ 0.250; libdem yoksa kalır,p_gap,44,4/45,0.089,0.0222,1/(J+1),False,True,True,24.2,
SC ön-dönem arındırılmış (ablasyon),donor_ablation/ablation_grid.csv,2015–2025,c1=False;c2=L3;c3=off;c4=False,otokratikleşenleri içeren,science,E_level_floor_missing_kept:S1234-lvl25+nan:C1+C2+C3+C4; +libdem_2013 ≥ 0.250; libdem yoksa kalır,p_ratio,44,44/45,0.978,0.0222,1/(J+1),False,False,True,24.2,
SC ön-dönem arındırılmış (ablasyon),donor_ablation/ablation_grid.csv,2015–2025,c1=False;c2=L3;c3=off;c4=False,otokratikleşenleri içeren,math,E_level_floor:S1234-lvl:C1+C2+C3+C4; +libdem_2013 ≥ 0.289,p_gap,31,7/32,0.219,0.0312,1/(J+1),False,False,True,7.3,
SC ön-dönem arındırılmış (ablasyon),donor_ablation/ablation_grid.csv,2015–2025,c1=False;c2=L3;c3=off;c4=False,otokratikleşenleri içeren,math,E_level_floor:S1234-lvl:C1+C2+C3+C4; +libdem_2013 ≥ 0.289,p_ratio,31,16/32,0.5,0.0312,1/(J+1),False,False,True,7.3,
SC ön-dönem arındırılmış (ablasyon),donor_ablation/ablation_grid.csv,2015–2025,c1=False;c2=L3;c3=off;c4=False,otokratikleşenleri içeren,reading,E_level_floor:S1234-lvl:C1+C2+C3+C4; +libdem_2013 ≥ 0.289,p_gap,30,13/31,0.419,0.0323,1/(J+1),False,False,True,2.8,
SC ön-dönem arındırılmış (ablasyon),donor_ablation/ablation_grid.csv,2015–2025,c1=False;c2=L3;c3=off;c4=False,otokratikleşenleri içeren,reading,E_level_floor:S1234-lvl:C1+C2+C3+C4; +libdem_2013 ≥ 0.289,p_ratio,30,18/31,0.581,0.0323,1/(J+1),False,False,True,2.8,
SC ön-dönem arındırılmış (ablasyon),donor_ablation/ablation_grid.csv,2015–2025,c1=False;c2=L3;c3=off;c4=False,otokratikleşenleri içeren,science,E_level_floor:S1234-lvl:C1+C2+C3+C4; +libdem_2013 ≥ 0.289,p_gap,43,3/44,0.068,0.0227,1/(J+1),False,True,True,24.2,
SC ön-dönem arındırılmış (ablasyon),donor_ablation/ablation_grid.csv,2015–2025,c1=False;c2=L3;c3=off;c4=False,otokratikleşenleri içeren,science,E_level_floor:S1234-lvl:C1+C2+C3+C4; +libdem_2013 ≥ 0.289,p_ratio,43,43/44,0.977,0.0227,1/(J+1),False,False,True,24.2,
SC ön-dönem arındırılmış (ablasyon),donor_ablation/ablation_grid.csv,2015–2025,c1=False;c2=L3;c3=off;c4=False,otokratikleşenleri içeren,math,E_level_floor_missing_kept:S1234-lvl289+nan:C1+C2+C3+C4; +libdem_2013 ≥ 0.289; libdem yoksa kalır,p_gap,32,8/33,0.242,0.0303,1/(J+1),False,False,True,7.3,
SC ön-dönem arındırılmış (ablasyon),donor_ablation/ablation_grid.csv,2015–2025,c1=False;c2=L3;c3=off;c4=False,otokratikleşenleri içeren,math,E_level_floor_missing_kept:S1234-lvl289+nan:C1+C2+C3+C4; +libdem_2013 ≥ 0.289; libdem yoksa kalır,p_ratio,32,17/33,0.515,0.0303,1/(J+1),False,False,True,7.3,
SC ön-dönem arındırılmış (ablasyon),donor_ablation/ablation_grid.csv,2015–2025,c1=False;c2=L3;c3=off;c4=False,otokratikleşenleri içeren,reading,E_level_floor_missing_kept:S1234-lvl289+nan:C1+C2+C3+C4; +libdem_2013 ≥ 0.289; libdem yoksa kalır,p_gap,31,12/32,0.375,0.0312,1/(J+1),False,False,True,2.8,
SC ön-dönem arındırılmış (ablasyon),donor_ablation/ablation_grid.csv,2015–2025,c1=False;c2=L3;c3=off;c4=False,otokratikleşenleri içeren,reading,E_level_floor_missing_kept:S1234-lvl289+nan:C1+C2+C3+C4; +libdem_2013 ≥ 0.289; libdem yoksa kalır,p_ratio,31,19/32,0.594,0.0312,1/(J+1),False,False,True,2.8,
SC ön-dönem arındırılmış (ablasyon),donor_ablation/ablation_grid.csv,2015–2025,c1=False;c2=L3;c3=off;c4=False,otokratikleşenleri içeren,science,E_level_floor_missing_kept:S1234-lvl289+nan:C1+C2+C3+C4; +libdem_2013 ≥ 0.289; libdem yoksa kalır,p_gap,44,4/45,0.089,0.0222,1/(J+1),False,True,True,24.2,
SC ön-dönem arındırılmış (ablasyon),donor_ablation/ablation_grid.csv,2015–2025,c1=False;c2=L3;c3=off;c4=False,otokratikleşenleri içeren,science,E_level_floor_missing_kept:S1234-lvl289+nan:C1+C2+C3+C4; +libdem_2013 ≥ 0.289; libdem yoksa kalır,p_ratio,44,44/45,0.978,0.0222,1/(J+1),False,False,True,24.2,
SC ön-dönem arındırılmış (ablasyon),donor_ablation/ablation_grid.csv,2015–2025,c1=False;c2=L3;c3=off;c4=False,otokratikleşenleri içeren,math,E_level_floor_band:S1234-lvl35:C1+C2+C3+C4; +libdem_2013 ≥ 0.350,p_gap,30,7/31,0.226,0.0323,1/(J+1),False,False,True,7.3,
SC ön-dönem arındırılmış (ablasyon),donor_ablation/ablation_grid.csv,2015–2025,c1=False;c2=L3;c3=off;c4=False,otokratikleşenleri içeren,math,E_level_floor_band:S1234-lvl35:C1+C2+C3+C4; +libdem_2013 ≥ 0.350,p_ratio,30,15/31,0.484,0.0323,1/(J+1),False,False,True,7.3,
SC ön-dönem arındırılmış (ablasyon),donor_ablation/ablation_grid.csv,2015–2025,c1=False;c2=L3;c3=off;c4=False,otokratikleşenleri içeren,reading,E_level_floor_band:S1234-lvl35:C1+C2+C3+C4; +libdem_2013 ≥ 0.350,p_gap,29,14/30,0.467,0.0333,1/(J+1),False,False,True,0.6,
SC ön-dönem arındırılmış (ablasyon),donor_ablation/ablation_grid.csv,2015–2025,c1=False;c2=L3;c3=off;c4=False,otokratikleşenleri içeren,reading,E_level_floor_band:S1234-lvl35:C1+C2+C3+C4; +libdem_2013 ≥ 0.350,p_ratio,29,19/30,0.633,0.0333,1/(J+1),False,False,True,0.6,
SC ön-dönem arındırılmış (ablasyon),donor_ablation/ablation_grid.csv,2015–2025,c1=False;c2=L3;c3=off;c4=False,otokratikleşenleri içeren,science,E_level_floor_band:S1234-lvl35:C1+C2+C3+C4; +libdem_2013 ≥ 0.350,p_gap,42,3/43,0.07,0.0233,1/(J+1),False,True,True,24.2,
SC ön-dönem arındırılmış (ablasyon),donor_ablation/ablation_grid.csv,2015–2025,c1=False;c2=L3;c3=off;c4=False,otokratikleşenleri içeren,science,E_level_floor_band:S1234-lvl35:C1+C2+C3+C4; +libdem_2013 ≥ 0.350,p_ratio,42,42/43,0.977,0.0233,1/(J+1),False,False,True,24.2,
SC ön-dönem arındırılmış (ablasyon),donor_ablation/ablation_grid.csv,2015–2025,c1=False;c2=L3;c3=off;c4=False,otokratikleşenleri içeren,math,E_level_floor_missing_kept:S1234-lvl35+nan:C1+C2+C3+C4; +libdem_2013 ≥ 0.350; libdem yoksa kalır,p_gap,31,8/32,0.25,0.0312,1/(J+1),False,False,True,7.3,
SC ön-dönem arındırılmış (ablasyon),donor_ablation/ablation_grid.csv,2015–2025,c1=False;c2=L3;c3=off;c4=False,otokratikleşenleri içeren,math,E_level_floor_missing_kept:S1234-lvl35+nan:C1+C2+C3+C4; +libdem_2013 ≥ 0.350; libdem yoksa kalır,p_ratio,31,16/32,0.5,0.0312,1/(J+1),False,False,True,7.3,
SC ön-dönem arındırılmış (ablasyon),donor_ablation/ablation_grid.csv,2015–2025,c1=False;c2=L3;c3=off;c4=False,otokratikleşenleri içeren,reading,E_level_floor_missing_kept:S1234-lvl35+nan:C1+C2+C3+C4; +libdem_2013 ≥ 0.350; libdem yoksa kalır,p_gap,30,13/31,0.419,0.0323,1/(J+1),False,False,True,0.6,
SC ön-dönem arındırılmış (ablasyon),donor_ablation/ablation_grid.csv,2015–2025,c1=False;c2=L3;c3=off;c4=False,otokratikleşenleri içeren,reading,E_level_floor_missing_kept:S1234-lvl35+nan:C1+C2+C3+C4; +libdem_2013 ≥ 0.350; libdem yoksa kalır,p_ratio,30,19/31,0.613,0.0323,1/(J+1),False,False,True,0.6,
SC ön-dönem arındırılmış (ablasyon),donor_ablation/ablation_grid.csv,2015–2025,c1=False;c2=L3;c3=off;c4=False,otokratikleşenleri içeren,science,E_level_floor_missing_kept:S1234-lvl35+nan:C1+C2+C3+C4; +libdem_2013 ≥ 0.350; libdem yoksa kalır,p_gap,43,4/44,0.091,0.0227,1/(J+1),False,True,True,24.2,
SC ön-dönem arındırılmış (ablasyon),donor_ablation/ablation_grid.csv,2015–2025,c1=False;c2=L3;c3=off;c4=False,otokratikleşenleri içeren,science,E_level_floor_missing_kept:S1234-lvl35+nan:C1+C2+C3+C4; +libdem_2013 ≥ 0.350; libdem yoksa kalır,p_ratio,43,43/44,0.977,0.0227,1/(J+1),False,False,True,24.2,
Konformal (SC),mc_conformal/conformal_results.csv,tüm post (tau0),stable_all_oecd,istikrarlı OECD,math,,conformal_p,5,,0.125,0.125,1/T (ızgara),True,False,False,,8.0
Konformal (SC),mc_conformal/conformal_results.csv,yalnız 2025,stable_all_oecd,istikrarlı OECD,math,,conformal_p,5,,0.125,0.125,1/T (ızgara),True,False,False,,8.0
Konformal (SC),mc_conformal/conformal_results.csv,2018–2025,stable_all_oecd,istikrarlı OECD,math,,conformal_p,5,,0.375,0.125,1/T (ızgara),False,False,False,,8.0
Matris tamamlama (MC),mc_conformal/conformal_results.csv,2015–2025,stable_all_oecd,istikrarlı OECD,math,,mc_p,5,1/6,0.167,0.1667,1/(J+1),True,False,False,24.46674013879462,
Konformal (SC),mc_conformal/conformal_results.csv,tüm post (tau0),stable_all_oecd,istikrarlı OECD,reading,,conformal_p,5,,0.125,0.125,1/T (ızgara),True,False,False,,8.0
Konformal (SC),mc_conformal/conformal_results.csv,yalnız 2025,stable_all_oecd,istikrarlı OECD,reading,,conformal_p,5,,0.25,0.125,1/T (ızgara),False,False,False,,8.0
Konformal (SC),mc_conformal/conformal_results.csv,2018–2025,stable_all_oecd,istikrarlı OECD,reading,,conformal_p,5,,0.375,0.125,1/T (ızgara),False,False,False,,8.0
Matris tamamlama (MC),mc_conformal/conformal_results.csv,2015–2025,stable_all_oecd,istikrarlı OECD,reading,,mc_p,5,1/6,0.167,0.1667,1/(J+1),True,False,False,11.399122047875451,
Konformal (SC),mc_conformal/conformal_results.csv,tüm post (tau0),stable_all_oecd,istikrarlı OECD,science,,conformal_p,8,,0.1429,0.143,1/T (ızgara),True,False,False,,7.0
Konformal (SC),mc_conformal/conformal_results.csv,yalnız 2025,stable_all_oecd,istikrarlı OECD,science,,conformal_p,8,,0.2857,0.143,1/T (ızgara),False,False,False,,7.0
Konformal (SC),mc_conformal/conformal_results.csv,2018–2025,stable_all_oecd,istikrarlı OECD,science,,conformal_p,8,,0.5714,0.143,1/T (ızgara),False,False,False,,7.0
Matris tamamlama (MC),mc_conformal/conformal_results.csv,2015–2025,stable_all_oecd,istikrarlı OECD,science,,mc_p,8,2/9,0.222,0.1111,1/(J+1),False,False,False,18.81335240082313,
Konformal (SC),mc_conformal/conformal_results.csv,tüm post (tau0),stable_plus_ambiguous_oecd,belirsizler eklenmiş,math,,conformal_p,8,,0.125,0.125,1/T (ızgara),True,False,False,,8.0
Konformal (SC),mc_conformal/conformal_results.csv,yalnız 2025,stable_plus_ambiguous_oecd,belirsizler eklenmiş,math,,conformal_p,8,,0.125,0.125,1/T (ızgara),True,False,False,,8.0
Konformal (SC),mc_conformal/conformal_results.csv,2018–2025,stable_plus_ambiguous_oecd,belirsizler eklenmiş,math,,conformal_p,8,,0.375,0.125,1/T (ızgara),False,False,False,,8.0
Matris tamamlama (MC),mc_conformal/conformal_results.csv,2015–2025,stable_plus_ambiguous_oecd,belirsizler eklenmiş,math,,mc_p,8,1/9,0.111,0.1111,1/(J+1),True,False,False,30.677282584645454,
Konformal (SC),mc_conformal/conformal_results.csv,tüm post (tau0),stable_plus_ambiguous_oecd,belirsizler eklenmiş,reading,,conformal_p,8,,0.125,0.125,1/T (ızgara),True,False,False,,8.0
Konformal (SC),mc_conformal/conformal_results.csv,yalnız 2025,stable_plus_ambiguous_oecd,belirsizler eklenmiş,reading,,conformal_p,8,,0.25,0.125,1/T (ızgara),False,False,False,,8.0
Konformal (SC),mc_conformal/conformal_results.csv,2018–2025,stable_plus_ambiguous_oecd,belirsizler eklenmiş,reading,,conformal_p,8,,0.375,0.125,1/T (ızgara),False,False,False,,8.0
Matris tamamlama (MC),mc_conformal/conformal_results.csv,2015–2025,stable_plus_ambiguous_oecd,belirsizler eklenmiş,reading,,mc_p,8,2/9,0.222,0.1111,1/(J+1),False,False,False,15.038961864211911,
Konformal (SC),mc_conformal/conformal_results.csv,tüm post (tau0),stable_plus_ambiguous_oecd,belirsizler eklenmiş,science,,conformal_p,13,,0.1429,0.143,1/T (ızgara),True,False,False,,7.0
Konformal (SC),mc_conformal/conformal_results.csv,yalnız 2025,stable_plus_ambiguous_oecd,belirsizler eklenmiş,science,,conformal_p,13,,0.2857,0.143,1/T (ızgara),False,False,False,,7.0
Konformal (SC),mc_conformal/conformal_results.csv,2018–2025,stable_plus_ambiguous_oecd,belirsizler eklenmiş,science,,conformal_p,13,,0.5714,0.143,1/T (ızgara),False,False,False,,7.0
Matris tamamlama (MC),mc_conformal/conformal_results.csv,2015–2025,stable_plus_ambiguous_oecd,belirsizler eklenmiş,science,,mc_p,13,2/14,0.143,0.0714,1/(J+1),False,False,True,21.531384689912827,
Konformal (SC),mc_conformal/conformal_results.csv,tüm post (tau0),all_participants,tüm katılımcılar,math,,conformal_p,10,,0.5,0.125,1/T (ızgara),False,False,False,,8.0
Konformal (SC),mc_conformal/conformal_results.csv,yalnız 2025,all_participants,tüm katılımcılar,math,,conformal_p,10,,0.375,0.125,1/T (ızgara),False,False,False,,8.0
Konformal (SC),mc_conformal/conformal_results.csv,2018–2025,all_participants,tüm katılımcılar,math,,conformal_p,10,,1.0,0.125,1/T (ızgara),False,False,False,,8.0
Matris tamamlama (MC),mc_conformal/conformal_results.csv,2015–2025,all_participants,tüm katılımcılar,math,,mc_p,10,2/11,0.182,0.0909,1/(J+1),False,False,True,24.17181364761869,
Konformal (SC),mc_conformal/conformal_results.csv,tüm post (tau0),all_participants,tüm katılımcılar,reading,,conformal_p,10,,0.125,0.125,1/T (ızgara),True,False,False,,8.0
Konformal (SC),mc_conformal/conformal_results.csv,yalnız 2025,all_participants,tüm katılımcılar,reading,,conformal_p,10,,0.25,0.125,1/T (ızgara),False,False,False,,8.0
Konformal (SC),mc_conformal/conformal_results.csv,2018–2025,all_participants,tüm katılımcılar,reading,,conformal_p,10,,0.5,0.125,1/T (ızgara),False,False,False,,8.0
Matris tamamlama (MC),mc_conformal/conformal_results.csv,2015–2025,all_participants,tüm katılımcılar,reading,,mc_p,10,3/11,0.273,0.0909,1/(J+1),False,False,True,13.06901613448288,
Konformal (SC),mc_conformal/conformal_results.csv,tüm post (tau0),all_participants,tüm katılımcılar,science,,conformal_p,18,,0.1429,0.143,1/T (ızgara),True,False,False,,7.0
Konformal (SC),mc_conformal/conformal_results.csv,yalnız 2025,all_participants,tüm katılımcılar,science,,conformal_p,18,,0.2857,0.143,1/T (ızgara),False,False,False,,7.0
Konformal (SC),mc_conformal/conformal_results.csv,2018–2025,all_participants,tüm katılımcılar,science,,conformal_p,18,,0.8571,0.143,1/T (ızgara),False,False,False,,7.0
Matris tamamlama (MC),mc_conformal/conformal_results.csv,2015–2025,all_participants,tüm katılımcılar,science,,mc_p,18,6/19,0.316,0.0526,1/(J+1),False,False,True,42.92389935599107,
"SC (Synth, R)",synth/synth_summary.csv + TUR_levels_math_stable_plus_ambiguous_levels_placebo.csv,2015–2025,stable_plus_ambiguous,belirsizler eklenmiş,math,TUR_levels:levels,p_gap,8,9/9,1.0,0.1111,1/(J+1),False,False,False,-38.4,
"SC (Synth, R)",synth/synth_summary.csv + TUR_levels_math_stable_plus_ambiguous_levels_placebo.csv,2015–2025,stable_plus_ambiguous,belirsizler eklenmiş,math,TUR_levels:levels,p_ratio,8,8/9,0.889,0.1111,1/(J+1),False,False,False,-38.4,
"SC (Synth, R)",synth/synth_summary.csv + TUR_levels_reading_stable_plus_ambiguous_levels_placebo.csv,2015–2025,stable_plus_ambiguous,belirsizler eklenmiş,reading,TUR_levels:levels,p_gap,8,4/9,0.444,0.1111,1/(J+1),False,False,False,2.1,
"SC (Synth, R)",synth/synth_summary.csv + TUR_levels_reading_stable_plus_ambiguous_levels_placebo.csv,2015–2025,stable_plus_ambiguous,belirsizler eklenmiş,reading,TUR_levels:levels,p_ratio,8,7/9,0.778,0.1111,1/(J+1),False,False,False,2.1,
"SC (Synth, R)",synth/synth_summary.csv + TUR_levels_science_stable_plus_ambiguous_levels_placebo.csv,2015–2025,stable_plus_ambiguous,belirsizler eklenmiş,science,TUR_levels:levels,p_gap,13,3/14,0.214,0.0714,1/(J+1),False,False,True,8.8,
"SC (Synth, R)",synth/synth_summary.csv + TUR_levels_science_stable_plus_ambiguous_levels_placebo.csv,2015–2025,stable_plus_ambiguous,belirsizler eklenmiş,science,TUR_levels:levels,p_ratio,13,11/14,0.786,0.0714,1/(J+1),False,False,True,8.8,
"SC (Synth, R)",synth/synth_summary.csv + TUR_math_stable_clean_demeaned_placebo.csv,2015–2025,stable_clean,istikrarlı OECD,math,TUR:demeaned,p_gap,5,1/6,0.167,0.1667,1/(J+1),True,False,False,26.2,
"SC (Synth, R)",synth/synth_summary.csv + TUR_math_stable_clean_demeaned_placebo.csv,2015–2025,stable_clean,istikrarlı OECD,math,TUR:demeaned,p_ratio,5,2/6,0.333,0.1667,1/(J+1),False,False,False,26.2,
"SC (Synth, R)",synth/synth_summary.csv + TUR_reading_stable_clean_demeaned_placebo.csv,2015–2025,stable_clean,istikrarlı OECD,reading,TUR:demeaned,p_gap,5,2/6,0.333,0.1667,1/(J+1),False,False,False,7.6,
"SC (Synth, R)",synth/synth_summary.csv + TUR_reading_stable_clean_demeaned_placebo.csv,2015–2025,stable_clean,istikrarlı OECD,reading,TUR:demeaned,p_ratio,5,1/6,0.167,0.1667,1/(J+1),True,False,False,7.6,
"SC (Synth, R)",synth/synth_summary.csv + TUR_science_stable_clean_demeaned_placebo.csv,2015–2025,stable_clean,istikrarlı OECD,science,TUR:demeaned,p_gap,7,1/8,0.125,0.125,1/(J+1),True,False,False,20.2,
"SC (Synth, R)",synth/synth_summary.csv + TUR_science_stable_clean_demeaned_placebo.csv,2015–2025,stable_clean,istikrarlı OECD,science,TUR:demeaned,p_ratio,7,7/8,0.875,0.125,1/(J+1),False,False,False,20.2,
"SC (Synth, R)",synth/synth_summary.csv + TUR_math_stable_all_demeaned_placebo.csv,2015–2025,stable_all,istikrarlı OECD,math,TUR:demeaned,p_gap,5,1/6,0.167,0.1667,1/(J+1),True,False,False,26.2,
"SC (Synth, R)",synth/synth_summary.csv + TUR_math_stable_all_demeaned_placebo.csv,2015–2025,stable_all,istikrarlı OECD,math,TUR:demeaned,p_ratio,5,2/6,0.333,0.1667,1/(J+1),False,False,False,26.2,
"SC (Synth, R)",synth/synth_summary.csv + TUR_reading_stable_all_demeaned_placebo.csv,2015–2025,stable_all,istikrarlı OECD,reading,TUR:demeaned,p_gap,5,2/6,0.333,0.1667,1/(J+1),False,False,False,7.6,
"SC (Synth, R)",synth/synth_summary.csv + TUR_reading_stable_all_demeaned_placebo.csv,2015–2025,stable_all,istikrarlı OECD,reading,TUR:demeaned,p_ratio,5,1/6,0.167,0.1667,1/(J+1),True,False,False,7.6,
"SC (Synth, R)",synth/synth_summary.csv + TUR_science_stable_all_demeaned_placebo.csv,2015–2025,stable_all,istikrarlı OECD,science,TUR:demeaned,p_gap,8,2/9,0.222,0.1111,1/(J+1),False,False,False,20.2,
"SC (Synth, R)",synth/synth_summary.csv + TUR_science_stable_all_demeaned_placebo.csv,2015–2025,stable_all,istikrarlı OECD,science,TUR:demeaned,p_ratio,8,8/9,0.889,0.1111,1/(J+1),False,False,False,20.2,
"SC (Synth, R)",synth/synth_summary.csv + TUR_robust_ambig_math_stable_plus_ambiguous_demeaned_placebo.csv,2015–2025,stable_plus_ambiguous,belirsizler eklenmiş,math,TUR_robust_ambig:demeaned,p_gap,8,1/9,0.111,0.1111,1/(J+1),True,False,False,34.1,
"SC (Synth, R)",synth/synth_summary.csv + TUR_robust_ambig_math_stable_plus_ambiguous_demeaned_placebo.csv,2015–2025,stable_plus_ambiguous,belirsizler eklenmiş,math,TUR_robust_ambig:demeaned,p_ratio,8,6/9,0.667,0.1111,1/(J+1),False,False,False,34.1,
"SC (Synth, R)",synth/synth_summary.csv + TUR_robust_ambig_reading_stable_plus_ambiguous_demeaned_placebo.csv,2015–2025,stable_plus_ambiguous,belirsizler eklenmiş,reading,TUR_robust_ambig:demeaned,p_gap,8,3/9,0.333,0.1111,1/(J+1),False,False,False,6.7,
"SC (Synth, R)",synth/synth_summary.csv + TUR_robust_ambig_reading_stable_plus_ambiguous_demeaned_placebo.csv,2015–2025,stable_plus_ambiguous,belirsizler eklenmiş,reading,TUR_robust_ambig:demeaned,p_ratio,8,4/9,0.444,0.1111,1/(J+1),False,False,False,6.7,
"SC (Synth, R)",synth/synth_summary.csv + TUR_robust_ambig_science_stable_plus_ambiguous_demeaned_placebo.csv,2015–2025,stable_plus_ambiguous,belirsizler eklenmiş,science,TUR_robust_ambig:demeaned,p_gap,13,2/14,0.143,0.0714,1/(J+1),False,False,True,20.2,
"SC (Synth, R)",synth/synth_summary.csv + TUR_robust_ambig_science_stable_plus_ambiguous_demeaned_placebo.csv,2015–2025,stable_plus_ambiguous,belirsizler eklenmiş,science,TUR_robust_ambig:demeaned,p_ratio,13,14/14,1.0,0.0714,1/(J+1),False,False,True,20.2,
"SC (Synth, R)",synth/synth_summary.csv + TUR_allparticipants_math_stable_all_demeaned_placebo.csv,2015–2025,stable_all,tüm katılımcılar,math,TUR_allparticipants:demeaned,p_gap,5,1/6,0.167,0.1667,1/(J+1),True,False,False,26.2,
"SC (Synth, R)",synth/synth_summary.csv + TUR_allparticipants_math_stable_all_demeaned_placebo.csv,2015–2025,stable_all,tüm katılımcılar,math,TUR_allparticipants:demeaned,p_ratio,5,2/6,0.333,0.1667,1/(J+1),False,False,False,26.2,
"SC (Synth, R)",synth/synth_summary.csv + TUR_allparticipants_reading_stable_all_demeaned_placebo.csv,2015–2025,stable_all,tüm katılımcılar,reading,TUR_allparticipants:demeaned,p_gap,5,2/6,0.333,0.1667,1/(J+1),False,False,False,7.6,
"SC (Synth, R)",synth/synth_summary.csv + TUR_allparticipants_reading_stable_all_demeaned_placebo.csv,2015–2025,stable_all,tüm katılımcılar,reading,TUR_allparticipants:demeaned,p_ratio,5,1/6,0.167,0.1667,1/(J+1),True,False,False,7.6,
"SC (Synth, R)",synth/synth_summary.csv + TUR_allparticipants_science_stable_all_demeaned_placebo.csv,2015–2025,stable_all,tüm katılımcılar,science,TUR_allparticipants:demeaned,p_gap,11,12/12,1.0,0.0833,1/(J+1),False,False,True,-36.1,
"SC (Synth, R)",synth/synth_summary.csv + TUR_allparticipants_science_stable_all_demeaned_placebo.csv,2015–2025,stable_all,tüm katılımcılar,science,TUR_allparticipants:demeaned,p_ratio,11,8/12,0.667,0.0833,1/(J+1),False,False,True,-36.1,
"SC (Synth, R)",synth/synth_summary.csv + TUR_keepflagged_math_stable_plus_ambiguous_demeaned_placebo.csv,2015–2025,stable_plus_ambiguous,belirsizler eklenmiş (yıldızlılar tutulmuş),math,TUR_keepflagged:demeaned,p_gap,17,4/18,0.222,0.0556,1/(J+1),False,False,True,9.5,
"SC (Synth, R)",synth/synth_summary.csv + TUR_keepflagged_math_stable_plus_ambiguous_demeaned_placebo.csv,2015–2025,stable_plus_ambiguous,belirsizler eklenmiş (yıldızlılar tutulmuş),math,TUR_keepflagged:demeaned,p_ratio,17,10/18,0.556,0.0556,1/(J+1),False,False,True,9.5,
"SC (Synth, R)",synth/synth_summary.csv + TUR_keepflagged_reading_stable_plus_ambiguous_demeaned_placebo.csv,2015–2025,stable_plus_ambiguous,belirsizler eklenmiş (yıldızlılar tutulmuş),reading,TUR_keepflagged:demeaned,p_gap,17,6/18,0.333,0.0556,1/(J+1),False,False,True,6.7,
"SC (Synth, R)",synth/synth_summary.csv + TUR_keepflagged_reading_stable_plus_ambiguous_demeaned_placebo.csv,2015–2025,stable_plus_ambiguous,belirsizler eklenmiş (yıldızlılar tutulmuş),reading,TUR_keepflagged:demeaned,p_ratio,17,12/18,0.667,0.0556,1/(J+1),False,False,True,6.7,
"SC (Synth, R)",synth/synth_summary.csv + TUR_keepflagged_science_stable_plus_ambiguous_demeaned_placebo.csv,2015–2025,stable_plus_ambiguous,belirsizler eklenmiş (yıldızlılar tutulmuş),science,TUR_keepflagged:demeaned,p_gap,22,3/23,0.13,0.0435,1/(J+1),False,False,True,15.3,
"SC (Synth, R)",synth/synth_summary.csv + TUR_keepflagged_science_stable_plus_ambiguous_demeaned_placebo.csv,2015–2025,stable_plus_ambiguous,belirsizler eklenmiş (yıldızlılar tutulmuş),science,TUR_keepflagged:demeaned,p_ratio,22,23/23,1.0,0.0435,1/(J+1),False,False,True,15.3,
SC (donör kuralı ızgarası),robustness/donor_rule_grid.csv,2015–2025,stable_all,istikrarlı OECD,math,oecd_only=True;drop_asterisk=True;drop_paper2015=True,p yok (yalnız nokta kestirimi),5,,,0.1667,1/(J+1),False,,False,26.16,
SC (donör kuralı ızgarası),robustness/donor_rule_grid.csv,2015–2025,stable_all,istikrarlı OECD,reading,oecd_only=True;drop_asterisk=True;drop_paper2015=True,p yok (yalnız nokta kestirimi),5,,,0.1667,1/(J+1),False,,False,7.56,
SC (donör kuralı ızgarası),robustness/donor_rule_grid.csv,2015–2025,stable_all,istikrarlı OECD,science,oecd_only=True;drop_asterisk=True;drop_paper2015=True,p yok (yalnız nokta kestirimi),8,,,0.1111,1/(J+1),False,,False,20.2,
SC (donör kuralı ızgarası),robustness/donor_rule_grid.csv,2015–2025,stable_plus_ambiguous,belirsizler eklenmiş,math,oecd_only=True;drop_asterisk=True;drop_paper2015=True,p yok (yalnız nokta kestirimi),8,,,0.1111,1/(J+1),False,,False,34.07,
SC (donör kuralı ızgarası),robustness/donor_rule_grid.csv,2015–2025,stable_plus_ambiguous,belirsizler eklenmiş,reading,oecd_only=True;drop_asterisk=True;drop_paper2015=True,p yok (yalnız nokta kestirimi),8,,,0.1111,1/(J+1),False,,False,6.69,
SC (donör kuralı ızgarası),robustness/donor_rule_grid.csv,2015–2025,stable_plus_ambiguous,belirsizler eklenmiş,science,oecd_only=True;drop_asterisk=True;drop_paper2015=True,p yok (yalnız nokta kestirimi),13,,,0.0714,1/(J+1),False,,True,20.2,
SC (donör kuralı ızgarası),robustness/donor_rule_grid.csv,2015–2025,stable_all,tüm katılımcılar,math,oecd_only=False;drop_asterisk=True;drop_paper2015=True,p yok (yalnız nokta kestirimi),5,,,0.1667,1/(J+1),False,,False,26.16,
SC (donör kuralı ızgarası),robustness/donor_rule_grid.csv,2015–2025,stable_all,tüm katılımcılar,reading,oecd_only=False;drop_asterisk=True;drop_paper2015=True,p yok (yalnız nokta kestirimi),5,,,0.1667,1/(J+1),False,,False,7.56,
SC (donör kuralı ızgarası),robustness/donor_rule_grid.csv,2015–2025,stable_all,tüm katılımcılar,science,oecd_only=False;drop_asterisk=True;drop_paper2015=True,p yok (yalnız nokta kestirimi),11,,,0.0833,1/(J+1),False,,True,-36.14,
SC (donör kuralı ızgarası),robustness/donor_rule_grid.csv,2015–2025,stable_plus_ambiguous,tüm katılımcılar,math,oecd_only=False;drop_asterisk=True;drop_paper2015=True,p yok (yalnız nokta kestirimi),9,,,0.1,1/(J+1),False,,False,34.07,
SC (donör kuralı ızgarası),robustness/donor_rule_grid.csv,2015–2025,stable_plus_ambiguous,tüm katılımcılar,reading,oecd_only=False;drop_asterisk=True;drop_paper2015=True,p yok (yalnız nokta kestirimi),9,,,0.1,1/(J+1),False,,False,6.69,
SC (donör kuralı ızgarası),robustness/donor_rule_grid.csv,2015–2025,stable_plus_ambiguous,tüm katılımcılar,science,oecd_only=False;drop_asterisk=True;drop_paper2015=True,p yok (yalnız nokta kestirimi),17,,,0.0556,1/(J+1),False,,True,-36.14,
SC (donör kuralı ızgarası),robustness/donor_rule_grid.csv,2015–2025,stable_all,istikrarlı OECD,math,oecd_only=True;drop_asterisk=False;drop_paper2015=True,p yok (yalnız nokta kestirimi),12,,,0.0769,1/(J+1),False,,True,26.16,
SC (donör kuralı ızgarası),robustness/donor_rule_grid.csv,2015–2025,stable_all,istikrarlı OECD,reading,oecd_only=True;drop_asterisk=False;drop_paper2015=True,p yok (yalnız nokta kestirimi),12,,,0.0769,1/(J+1),False,,True,3.72,
SC (donör kuralı ızgarası),robustness/donor_rule_grid.csv,2015–2025,stable_all,istikrarlı OECD,science,oecd_only=True;drop_asterisk=False;drop_paper2015=True,p yok (yalnız nokta kestirimi),15,,,0.0625,1/(J+1),False,,True,20.2,
SC (donör kuralı ızgarası),robustness/donor_rule_grid.csv,2015–2025,stable_plus_ambiguous,belirsizler eklenmiş,math,oecd_only=True;drop_asterisk=False;drop_paper2015=True,p yok (yalnız nokta kestirimi),17,,,0.0556,1/(J+1),False,,True,9.51,
SC (donör kuralı ızgarası),robustness/donor_rule_grid.csv,2015–2025,stable_plus_ambiguous,belirsizler eklenmiş,reading,oecd_only=True;drop_asterisk=False;drop_paper2015=True,p yok (yalnız nokta kestirimi),17,,,0.0556,1/(J+1),False,,True,6.69,
SC (donör kuralı ızgarası),robustness/donor_rule_grid.csv,2015–2025,stable_plus_ambiguous,belirsizler eklenmiş,science,oecd_only=True;drop_asterisk=False;drop_paper2015=True,p yok (yalnız nokta kestirimi),22,,,0.0435,1/(J+1),False,,True,15.3,
SC (donör kuralı ızgarası),robustness/donor_rule_grid.csv,2015–2025,stable_all,tüm katılımcılar,math,oecd_only=False;drop_asterisk=False;drop_paper2015=True,p yok (yalnız nokta kestirimi),12,,,0.0769,1/(J+1),False,,True,26.16,
SC (donör kuralı ızgarası),robustness/donor_rule_grid.csv,2015–2025,stable_all,tüm katılımcılar,reading,oecd_only=False;drop_asterisk=False;drop_paper2015=True,p yok (yalnız nokta kestirimi),12,,,0.0769,1/(J+1),False,,True,3.72,
SC (donör kuralı ızgarası),robustness/donor_rule_grid.csv,2015–2025,stable_all,tüm katılımcılar,science,oecd_only=False;drop_asterisk=False;drop_paper2015=True,p yok (yalnız nokta kestirimi),18,,,0.0526,1/(J+1),False,,True,-36.14,
SC (donör kuralı ızgarası),robustness/donor_rule_grid.csv,2015–2025,stable_plus_ambiguous,tüm katılımcılar,math,oecd_only=False;drop_asterisk=False;drop_paper2015=True,p yok (yalnız nokta kestirimi),18,,,0.0526,1/(J+1),False,,True,9.51,
SC (donör kuralı ızgarası),robustness/donor_rule_grid.csv,2015–2025,stable_plus_ambiguous,tüm katılımcılar,reading,oecd_only=False;drop_asterisk=False;drop_paper2015=True,p yok (yalnız nokta kestirimi),18,,,0.0526,1/(J+1),False,,True,6.69,
SC (donör kuralı ızgarası),robustness/donor_rule_grid.csv,2015–2025,stable_plus_ambiguous,tüm katılımcılar,science,oecd_only=False;drop_asterisk=False;drop_paper2015=True,p yok (yalnız nokta kestirimi),26,,,0.037,1/(J+1),False,,True,-36.14,
SC (donör kuralı ızgarası),robustness/donor_rule_grid.csv,2015–2025,stable_all,istikrarlı OECD,math,oecd_only=True;drop_asterisk=True;drop_paper2015=False,p yok (yalnız nokta kestirimi),5,,,0.1667,1/(J+1),False,,False,26.16,
SC (donör kuralı ızgarası),robustness/donor_rule_grid.csv,2015–2025,stable_all,istikrarlı OECD,reading,oecd_only=True;drop_asterisk=True;drop_paper2015=False,p yok (yalnız nokta kestirimi),5,,,0.1667,1/(J+1),False,,False,7.56,
SC (donör kuralı ızgarası),robustness/donor_rule_grid.csv,2015–2025,stable_all,istikrarlı OECD,science,oecd_only=True;drop_asterisk=True;drop_paper2015=False,p yok (yalnız nokta kestirimi),8,,,0.1111,1/(J+1),False,,False,20.2,
SC (donör kuralı ızgarası),robustness/donor_rule_grid.csv,2015–2025,stable_plus_ambiguous,belirsizler eklenmiş,math,oecd_only=True;drop_asterisk=True;drop_paper2015=False,p yok (yalnız nokta kestirimi),8,,,0.1111,1/(J+1),False,,False,34.07,
SC (donör kuralı ızgarası),robustness/donor_rule_grid.csv,2015–2025,stable_plus_ambiguous,belirsizler eklenmiş,reading,oecd_only=True;drop_asterisk=True;drop_paper2015=False,p yok (yalnız nokta kestirimi),8,,,0.1111,1/(J+1),False,,False,6.69,
SC (donör kuralı ızgarası),robustness/donor_rule_grid.csv,2015–2025,stable_plus_ambiguous,belirsizler eklenmiş,science,oecd_only=True;drop_asterisk=True;drop_paper2015=False,p yok (yalnız nokta kestirimi),13,,,0.0714,1/(J+1),False,,True,20.2,
SC (donör kuralı ızgarası),robustness/donor_rule_grid.csv,2015–2025,stable_all,tüm katılımcılar,math,oecd_only=False;drop_asterisk=True;drop_paper2015=False,p yok (yalnız nokta kestirimi),5,,,0.1667,1/(J+1),False,,False,26.16,
SC (donör kuralı ızgarası),robustness/donor_rule_grid.csv,2015–2025,stable_all,tüm katılımcılar,reading,oecd_only=False;drop_asterisk=True;drop_paper2015=False,p yok (yalnız nokta kestirimi),5,,,0.1667,1/(J+1),False,,False,7.56,
SC (donör kuralı ızgarası),robustness/donor_rule_grid.csv,2015–2025,stable_all,tüm katılımcılar,science,oecd_only=False;drop_asterisk=True;drop_paper2015=False,p yok (yalnız nokta kestirimi),11,,,0.0833,1/(J+1),False,,True,-36.14,
SC (donör kuralı ızgarası),robustness/donor_rule_grid.csv,2015–2025,stable_plus_ambiguous,tüm katılımcılar,math,oecd_only=False;drop_asterisk=True;drop_paper2015=False,p yok (yalnız nokta kestirimi),9,,,0.1,1/(J+1),False,,False,34.07,
SC (donör kuralı ızgarası),robustness/donor_rule_grid.csv,2015–2025,stable_plus_ambiguous,tüm katılımcılar,reading,oecd_only=False;drop_asterisk=True;drop_paper2015=False,p yok (yalnız nokta kestirimi),9,,,0.1,1/(J+1),False,,False,6.69,
SC (donör kuralı ızgarası),robustness/donor_rule_grid.csv,2015–2025,stable_plus_ambiguous,tüm katılımcılar,science,oecd_only=False;drop_asterisk=True;drop_paper2015=False,p yok (yalnız nokta kestirimi),17,,,0.0556,1/(J+1),False,,True,-36.14,
SC (donör kuralı ızgarası),robustness/donor_rule_grid.csv,2015–2025,stable_all,istikrarlı OECD,math,oecd_only=True;drop_asterisk=False;drop_paper2015=False,p yok (yalnız nokta kestirimi),12,,,0.0769,1/(J+1),False,,True,26.16,
SC (donör kuralı ızgarası),robustness/donor_rule_grid.csv,2015–2025,stable_all,istikrarlı OECD,reading,oecd_only=True;drop_asterisk=False;drop_paper2015=False,p yok (yalnız nokta kestirimi),12,,,0.0769,1/(J+1),False,,True,3.72,
SC (donör kuralı ızgarası),robustness/donor_rule_grid.csv,2015–2025,stable_all,istikrarlı OECD,science,oecd_only=True;drop_asterisk=False;drop_paper2015=False,p yok (yalnız nokta kestirimi),15,,,0.0625,1/(J+1),False,,True,20.2,
SC (donör kuralı ızgarası),robustness/donor_rule_grid.csv,2015–2025,stable_plus_ambiguous,belirsizler eklenmiş,math,oecd_only=True;drop_asterisk=False;drop_paper2015=False,p yok (yalnız nokta kestirimi),17,,,0.0556,1/(J+1),False,,True,9.51,
SC (donör kuralı ızgarası),robustness/donor_rule_grid.csv,2015–2025,stable_plus_ambiguous,belirsizler eklenmiş,reading,oecd_only=True;drop_asterisk=False;drop_paper2015=False,p yok (yalnız nokta kestirimi),17,,,0.0556,1/(J+1),False,,True,6.69,
SC (donör kuralı ızgarası),robustness/donor_rule_grid.csv,2015–2025,stable_plus_ambiguous,belirsizler eklenmiş,science,oecd_only=True;drop_asterisk=False;drop_paper2015=False,p yok (yalnız nokta kestirimi),22,,,0.0435,1/(J+1),False,,True,15.3,
SC (donör kuralı ızgarası),robustness/donor_rule_grid.csv,2015–2025,stable_all,tüm katılımcılar,math,oecd_only=False;drop_asterisk=False;drop_paper2015=False,p yok (yalnız nokta kestirimi),12,,,0.0769,1/(J+1),False,,True,26.16,
SC (donör kuralı ızgarası),robustness/donor_rule_grid.csv,2015–2025,stable_all,tüm katılımcılar,reading,oecd_only=False;drop_asterisk=False;drop_paper2015=False,p yok (yalnız nokta kestirimi),12,,,0.0769,1/(J+1),False,,True,3.72,
SC (donör kuralı ızgarası),robustness/donor_rule_grid.csv,2015–2025,stable_all,tüm katılımcılar,science,oecd_only=False;drop_asterisk=False;drop_paper2015=False,p yok (yalnız nokta kestirimi),18,,,0.0526,1/(J+1),False,,True,-36.14,
SC (donör kuralı ızgarası),robustness/donor_rule_grid.csv,2015–2025,stable_plus_ambiguous,tüm katılımcılar,math,oecd_only=False;drop_asterisk=False;drop_paper2015=False,p yok (yalnız nokta kestirimi),18,,,0.0526,1/(J+1),False,,True,9.51,
SC (donör kuralı ızgarası),robustness/donor_rule_grid.csv,2015–2025,stable_plus_ambiguous,tüm katılımcılar,reading,oecd_only=False;drop_asterisk=False;drop_paper2015=False,p yok (yalnız nokta kestirimi),18,,,0.0526,1/(J+1),False,,True,6.69,
SC (donör kuralı ızgarası),robustness/donor_rule_grid.csv,2015–2025,stable_plus_ambiguous,tüm katılımcılar,science,oecd_only=False;drop_asterisk=False;drop_paper2015=False,p yok (yalnız nokta kestirimi),26,,,0.037,1/(J+1),False,,True,-36.14,
