kind,unit,domain,stat,period,estimate,se,n_units,lo95,hi95
level,AUS,math,P10,2015,371.23900000000003,2.486952722822762,,366.36457266326744,376.1134273367326
level,AUS,math,P25,2015,429.8107,1.978820670809312,,425.93221148521377,433.6891885147862
level,AUS,math,P50,2015,495.3505000000001,2.1341590573858853,,491.16754824752377,499.5334517524765
level,AUS,math,P75,2015,558.7731000000001,2.077352108253831,,554.7014898678226,562.8447101321776
level,AUS,math,P90,2015,613.2990000000001,2.8122003085761036,,607.787087395191,618.8109126048092
level,AUS,math,P90-P10,2015,242.06000000000003,3.6063366922373934,,234.99158008321473,249.12841991678533
level,AUS,reading,P10,2015,365.1005,2.735025974485639,,359.73984909000814,370.4611509099919
level,AUS,reading,P25,2015,434.91979999999995,2.431887812310975,,430.15329988787045,439.68630011212946
level,AUS,reading,P50,2015,508.70949999999993,2.0007129488981876,,504.78810262015946,512.6308973798403
level,AUS,reading,P75,2015,575.5482000000001,2.0030158583718083,,571.6222889175913,579.4741110824089
level,AUS,reading,P90,2015,630.5651,2.2324786160478944,,626.1894419125462,634.9407580874539
level,AUS,reading,P90-P10,2015,265.46459999999996,3.0127068356841087,,259.5596946020591,271.3695053979408
level,AUS,science,P10,2015,371.8371000000001,2.4786002105803355,,366.9790435872626,376.69515641273756
level,AUS,science,P25,2015,438.18730000000005,2.1842225433524094,,433.9062238150293,442.4683761849708
level,AUS,science,P50,2015,514.6793,1.8346474609883794,,511.0833909764628,518.2752090235373
level,AUS,science,P75,2015,582.9743999999998,1.9262409264333205,,579.1989677841905,586.7498322158092
level,AUS,science,P90,2015,639.3166000000001,2.2400324159360823,,634.9261364647654,643.7070635352349
level,AUS,science,P90-P10,2015,267.4795,3.2118099366937,,261.18435252408034,273.7746474759196
level,AUT,math,P10,2015,370.35979999999995,4.5377911306665,,361.46572938389363,379.25387061610627
level,AUT,math,P25,2015,431.0442999999999,3.8791950679948473,,423.44107766673,438.6475223332698
level,AUT,math,P50,2015,500.74089999999995,3.6299464156589925,,493.6262050253083,507.8555949746916
level,AUT,math,P75,2015,564.4496,3.363615917018795,,557.8569128026431,571.0422871973569
level,AUT,math,P90,2015,617.572,3.7180237168271164,,610.2846735150189,624.8593264849811
level,AUT,math,P90-P10,2015,247.21220000000002,5.521803459820809,,236.38946521875124,258.0349347812488
level,AUT,reading,P10,2015,346.6414,5.069213293829064,,336.705741944095,356.57705805590496
level,AUT,reading,P25,2015,416.7425,4.027438520532205,,408.8487204997569,424.6362795002431
level,AUT,reading,P50,2015,490.9135,3.338146345487096,,484.3707331628453,497.4562668371547
level,AUT,reading,P75,2015,558.5836999999999,3.146596700669906,,552.4163704666869,564.7510295333129
level,AUT,reading,P90,2015,611.2293000000001,2.991874490274538,,605.365225999062,617.0933740009382
level,AUT,reading,P90-P10,2015,264.5879,5.3961719197244085,,254.01140303734016,275.16439696265985
level,AUT,science,P10,2015,364.5394,3.4083395347946857,,357.8590545118024,371.2197454881976
level,AUT,science,P25,2015,423.9922,3.596468320604412,,416.94312209161535,431.0412779083847
level,AUT,science,P50,2015,497.8962,2.9045103590029684,,492.2033596963542,503.58904030364585
level,AUT,science,P75,2015,565.0944999999999,2.835802423673255,,559.5363272496004,570.6526727503995
level,AUT,science,P90,2015,620.7762999999999,3.020666338924437,,614.855793975708,626.6968060242917
level,AUT,science,P90-P10,2015,256.2369,3.9576407879779487,,248.4799240555632,263.99387594443675
level,BEL,math,P10,2015,374.3542,3.9124612830885215,,366.6857758851465,382.0226241148535
level,BEL,math,P25,2015,438.0405999999999,3.5460429315255375,,431.09035585420986,444.99084414579
level,BEL,math,P50,2015,512.7295,2.9681200616813883,,506.91198467910453,518.5470153208955
level,BEL,math,P75,2015,578.7088,2.4558078337099256,,573.8954166459285,583.5221833540714
level,BEL,math,P90,2015,629.6829,2.537166934791636,,624.7100528078084,634.6557471921916
level,BEL,math,P90-P10,2015,255.32869999999997,4.48425074380696,,246.53956854213834,264.1178314578616
level,BEL,reading,P10,2015,360.09610000000004,3.9026873644252467,,352.4468327657265,367.74536723427354
level,BEL,reading,P25,2015,429.2424000000001,3.7684666125627215,,421.85620543937716,436.628594560623
level,BEL,reading,P50,2015,507.1101,3.0020338643622537,,501.22611362584996,512.99408637415
level,BEL,reading,P75,2015,573.1786,2.2120132830623875,,568.8430539651977,577.5141460348023
level,BEL,reading,P90,2015,622.8441999999999,2.4925549981673307,,617.9587922035919,627.7296077964079
level,BEL,reading,P90-P10,2015,262.74809999999997,4.379328485560833,,254.16461616830074,271.3315838316992
level,BEL,science,P10,2015,363.8017,3.8385647416855035,,356.2781131062964,371.32528689370355
level,BEL,science,P25,2015,429.40829999999994,3.5425389887292225,,422.46492358209065,436.35167641790923
level,BEL,science,P50,2015,507.8371,2.8841376245287336,,502.1841902559237,513.4900097440764
level,BEL,science,P75,2015,576.8102,2.2371293942610064,,572.4254263872484,581.1949736127516
level,BEL,science,P90,2015,628.6854,2.117548995628891,,624.5350039685674,632.8357960314326
level,BEL,science,P90-P10,2015,264.8837,3.8423107988552827,,257.35277083424364,272.4146291657563
level,CAN,math,P10,2015,400.32060000000007,3.1688306015170804,,394.1096920210266,406.53150797897354
level,CAN,math,P25,2015,455.65500000000003,2.8594878737284413,,450.0504037674923,461.25959623250776
level,CAN,math,P50,2015,517.6514999999999,2.5415071231893482,,512.6701460385489,522.632853961451
level,CAN,math,P75,2015,576.5508,2.5768623755990063,,571.5001497438259,581.6014502561741
level,CAN,math,P90,2015,627.2517,3.192452239179861,,620.9944936112075,633.5089063887925
level,CAN,math,P90-P10,2015,226.93109999999996,3.4158466476930163,,220.23604057052165,233.62615942947826
level,CAN,reading,P10,2015,403.5663,3.581286508365392,,396.54697844360385,410.5856215563962
level,CAN,reading,P25,2015,465.80190000000005,2.7596117816742916,,460.3930609079184,471.21073909208167
level,CAN,reading,P50,2015,531.3151999999999,2.425917939209351,,526.5604008391496,536.0699991608502
level,CAN,reading,P75,2015,591.3081,2.413334632020821,,586.5779641212391,596.0382358787608
level,CAN,reading,P90,2015,641.9487,2.7116880497005758,,636.6337914225869,647.2636085774132
level,CAN,reading,P90-P10,2015,238.38240000000002,3.948887813394781,,230.64257988574624,246.1222201142538
level,CAN,science,P10,2015,403.68789999999996,2.9221251425784107,,397.96053472054626,409.41526527945365
level,CAN,science,P25,2015,465.36640000000006,2.5254641176315475,,460.41649032944224,470.31630967055787
level,CAN,science,P50,2015,531.2698,2.473090081254614,,526.422543440741,536.117056559259
level,CAN,science,P75,2015,592.6128,2.2447487929239007,,588.2130923658691,597.0125076341309
level,CAN,science,P90,2015,643.9225,2.569172589354176,,638.8869217248658,648.9580782751342
level,CAN,science,P90-P10,2015,240.2346,2.6784139870660635,,234.98490858535052,245.48429141464948
level,CHE,math,P10,2015,394.1643,4.41327671357185,,385.5142776413992,402.81432235860086
level,CHE,math,P25,2015,454.7598,3.921463969828954,,447.07373061913523,462.44586938086474
level,CHE,math,P50,2015,526.1143,3.3454953145153885,,519.5571291835498,532.6714708164501
level,CHE,math,P75,2015,589.8368000000002,3.441772013319105,,583.0909268538948,596.5826731461055
level,CHE,math,P90,2015,641.4260999999999,3.389658258585958,,634.7823698131714,648.0698301868284
level,CHE,math,P90-P10,2015,247.2618,4.872870511253539,,237.71097379794307,256.81262620205695
level,CHE,reading,P10,2015,359.7516,4.992703750529927,,349.96590064896134,369.53729935103866
level,CHE,reading,P25,2015,426.16060000000004,4.009777593860064,,418.30143591603434,434.01976408396575
level,CHE,reading,P50,2015,498.70470000000006,3.593173564320729,,491.6620798139314,505.7473201860687
level,CHE,reading,P75,2015,563.0649,3.5541055961927785,,556.0988530314621,570.0309469685378
level,CHE,reading,P90,2015,614.0917000000001,3.567639474809955,,607.0991266293726,621.0842733706276
level,CHE,reading,P90-P10,2015,254.34010000000004,5.561938438120691,,243.4387006612835,265.2414993387166
level,CHE,science,P10,2015,372.67629999999997,4.117438862461846,,364.60611982957477,380.7464801704252
level,CHE,science,P25,2015,433.14300000000003,4.291718096002532,,424.7312325318351,441.554767468165
level,CHE,science,P50,2015,509.1244,3.4518059735287676,,502.3588602918836,515.8899397081163
level,CHE,science,P75,2015,579.8684000000001,3.3309018427613752,,573.3398323881878,586.3969676118123
level,CHE,science,P90,2015,632.1557,2.921373603670406,,626.4298077368061,637.881592263194
level,CHE,science,P90-P10,2015,259.4794,4.602702248377813,,250.4581035931795,268.5006964068205
level,CHL,math,P10,2015,313.05129999999997,3.5496118859046444,,306.0940607036269,320.00853929637304
level,CHL,math,P25,2015,363.1894000000001,2.941319926873348,,357.4244129433283,368.95438705667186
level,CHL,math,P50,2015,421.6818,3.0013804306426133,,415.7990943559405,427.5645056440595
level,CHL,math,P75,2015,482.80879999999996,3.546754855498194,,475.8571604832235,489.76043951677644
level,CHL,math,P90,2015,533.8637000000001,3.6117330854529603,,526.7847031525123,540.9426968474879
level,CHL,math,P90-P10,2015,220.81239999999997,4.52195187477463,,211.94937432544168,229.67542567455826
level,CHL,reading,P10,2015,342.2829,3.729969519163513,,334.9721597424395,349.5936402575605
level,CHL,reading,P25,2015,397.92549999999994,3.3055738426851775,,391.44657526833697,404.4044247316629
level,CHL,reading,P50,2015,460.5004,3.0976590195931313,,454.4289883215975,466.5718116784025
level,CHL,reading,P75,2015,521.4027,3.23855008590093,,515.0551418316342,527.7502581683658
level,CHL,reading,P90,2015,571.7374,3.5044431401832914,,564.8686914452408,578.6061085547592
level,CHL,reading,P90-P10,2015,229.4545,4.6384982156584496,,220.36304349730943,238.54595650269056
level,CHL,science,P10,2015,335.60980000000006,2.7008871350189976,,330.3160612153628,340.9035387846373
level,CHL,science,P25,2015,385.1056,2.9523557280585293,,379.31898277300525,390.8922172269947
level,CHL,science,P50,2015,445.1495,3.151306724290031,,438.9729388203915,451.3260611796085
level,CHL,science,P75,2015,508.8745,3.236232948540977,,502.5314834208597,515.2175165791404
level,CHL,science,P90,2015,560.2313999999999,3.2982715370663875,,553.7667877873498,566.69601221265
level,CHL,science,P90-P10,2015,224.62160000000003,3.863534864243142,,217.04907166608348,232.19412833391658
level,COL,math,P10,2015,292.9851,3.1165599475490033,,286.8766425028039,299.09355749719606
level,COL,math,P25,2015,335.4687,2.904208672006117,,329.77645100286804,341.160948997132
level,COL,math,P50,2015,386.38579999999996,2.6135549565890295,,381.26323228508545,391.50836771491447
level,COL,math,P75,2015,441.37669999999997,2.6887127421872363,,436.10682302531296,446.646576974687
level,COL,math,P90,2015,492.0128000000001,3.3109558887460575,,485.5233264580578,498.5022735419424
level,COL,math,P90-P10,2015,199.0277,4.139181041717195,,190.91490515823432,207.1404948417657
level,COL,reading,P10,2015,307.60479999999995,4.446271686168333,,298.89010749511004,316.31949250488987
level,COL,reading,P25,2015,360.7194,3.9809367143787724,,352.9167640398176,368.5220359601824
level,COL,reading,P50,2015,425.20640000000003,3.478062664281175,,418.38939717800895,432.0234028219911
level,COL,reading,P75,2015,488.5017000000001,3.3128871736833334,,482.0084411395807,494.99495886041944
level,COL,reading,P90,2015,542.3877,3.145415197111857,,536.2226862136607,548.5527137863393
level,COL,reading,P90-P10,2015,234.78289999999998,4.777539380906355,,225.41892281342353,244.14687718657643
level,COL,science,P10,2015,315.2411,3.114670261573978,,309.136346287315,321.345853712685
level,COL,science,P25,2015,357.281,2.8407137709268313,,351.7132010089834,362.8487989910166
level,COL,science,P50,2015,411.64490000000006,2.7842728934140064,,406.1877251289086,417.10207487109153
level,COL,science,P75,2015,470.5777,2.8665502807769156,,464.95926144967723,476.19613855032276
level,COL,science,P90,2015,523.5024000000001,3.4340103284805537,,516.7717397561782,530.2330602438219
level,COL,science,P90-P10,2015,208.26129999999998,4.217097158920787,,199.99578956851525,216.5268104314847
level,CRI,math,P10,2015,314.5272,2.894673795956979,,308.85363935992433,320.20076064007566
level,CRI,math,P25,2015,352.86990000000003,2.4652436751318905,,348.03802239674155,357.7017776032585
level,CRI,math,P50,2015,397.616,2.5634073570802816,,392.5917215801226,402.64027841987735
level,CRI,math,P75,2015,444.995,3.0238345837694207,,439.06828421581196,450.92171578418805
level,CRI,math,P90,2015,488.8999999999999,4.183016421329358,,480.70128781419436,497.0987121858055
level,CRI,math,P90-P10,2015,174.37279999999998,4.224892344124804,,166.09201100551536,182.6535889944846
level,CRI,reading,P10,2015,326.33630000000005,3.4816278480363465,,319.5123094178488,333.1602905821513
level,CRI,reading,P25,2015,374.09929999999997,3.0193384824604657,,368.18139657437746,380.0172034256225
level,CRI,reading,P50,2015,426.7143,2.9672638783716057,,420.8984627983916,432.53013720160834
level,CRI,reading,P75,2015,480.4361,3.1547548050522054,,474.25278058209767,486.61941941790235
level,CRI,reading,P90,2015,530.1252000000001,3.7990130857310174,,522.6791343519673,537.5712656480329
level,CRI,reading,P90-P10,2015,203.7889,4.5307813960605925,,194.90856846372125,212.66923153627877
level,CRI,science,P10,2015,332.0802,2.2752773705150298,,327.62065635379054,336.53974364620944
level,CRI,science,P25,2015,370.45840000000004,2.3131995560502525,,365.92452887014156,374.9922711298585
level,CRI,science,P50,2015,415.9241999999999,2.306032983164911,,411.4043753529967,420.4440246470032
level,CRI,science,P75,2015,466.14670000000007,2.830943866353488,,460.59805002194724,471.6953499780529
level,CRI,science,P90,2015,513.7385,3.3394248295510645,,507.19322733407995,520.2837726659201
level,CRI,science,P90-P10,2015,181.65830000000005,3.5673208388399997,,174.66635115587366,188.65024884412645
level,CZE,math,P10,2015,373.4275,4.207823957027351,,365.1801650442264,381.67483495577363
level,CZE,math,P25,2015,430.55460000000005,3.388997507785716,,423.91216488474004,437.19703511526006
level,CZE,math,P50,2015,494.1965,2.800891493098425,,488.7067526735271,499.68624732647294
level,CZE,math,P75,2015,555.2121000000001,2.8506789142627564,,549.6247693280451,560.7994306719551
level,CZE,math,P90,2015,608.4871999999999,3.6193493056993877,,601.3932753608291,615.5811246391708
level,CZE,math,P90-P10,2015,235.05969999999996,5.541550368002711,,224.19826127871465,245.92113872128527
level,CZE,reading,P10,2015,352.14579999999995,4.777452700794988,,342.78199270644177,361.50960729355813
level,CZE,reading,P25,2015,418.0502,4.0253595839378145,,410.1604952154819,425.93990478451815
level,CZE,reading,P50,2015,492.3630999999999,3.0800250210022635,,486.3262509588355,498.39994904116435
level,CZE,reading,P75,2015,559.0169,2.840201428009419,,553.4501052011015,564.5836947988985
level,CZE,reading,P90,2015,614.3024,3.507214876428935,,607.4282588421993,621.1765411578008
level,CZE,reading,P90-P10,2015,262.1566,5.79931868689954,,250.78993537367694,273.5232646263231
level,CZE,science,P10,2015,366.96380000000005,3.713859612691056,,359.6846351591256,374.2429648408745
level,CZE,science,P25,2015,423.64609999999993,3.4195700464792016,,416.9437427089007,430.3484572910992
level,CZE,science,P50,2015,493.2958,2.990706163637979,,487.43401591926954,499.15758408073043
level,CZE,science,P75,2015,560.9372,2.489134325423197,,556.0584967221705,565.8159032778294
level,CZE,science,P90,2015,617.7375999999999,3.1313690097144358,,611.6001167409596,623.8750832590403
level,CZE,science,P90-P10,2015,250.7738,4.689166145844404,,241.58303435414496,259.96456564585503
level,DEU,math,P10,2015,389.3167,4.123233534025346,,381.2351622733103,397.39823772668973
level,DEU,math,P25,2015,445.19710000000003,3.452555563878248,,438.4300910947987,451.9641089052014
level,DEU,math,P50,2015,507.947,3.1644967986852004,,501.744586274577,514.149413725423
level,DEU,math,P75,2015,567.9878,3.3510097797363687,,561.4198208317167,574.5557791682833
level,DEU,math,P90,2015,619.5511,3.3535732868919945,,612.9780963576917,626.1241036423083
level,DEU,math,P90-P10,2015,230.2344,4.510644792044698,,221.39353620759238,239.0752637924076
level,DEU,reading,P10,2015,375.2025,5.267547536462185,,364.8781068285341,385.5268931714659
level,DEU,reading,P25,2015,442.16859999999997,3.760733653010925,,434.79756204009857,449.53963795990137
level,DEU,reading,P50,2015,515.5191,3.67618831543701,,508.31377090174345,522.7244290982566
level,DEU,reading,P75,2015,580.553,3.1113444234142795,,574.454764930108,586.651235069892
level,DEU,reading,P90,2015,633.5535,3.404460311937213,,626.8807577886031,640.2262422113969
level,DEU,reading,P90-P10,2015,258.351,5.52945046606501,,247.51327708651257,269.1887229134874
level,DEU,science,P10,2015,376.03819999999996,4.329953744877396,,367.55149066004026,384.52490933995966
level,DEU,science,P25,2015,439.3633,3.5717977428118095,,432.36257642408884,446.3640235759111
level,DEU,science,P50,2015,511.6432,3.299316295251355,,505.1765400613073,518.1098599386926
level,DEU,science,P75,2015,579.8876000000001,2.8008643156076762,,574.3979059414091,585.3772940585911
level,DEU,science,P90,2015,636.3982,2.890342886906131,,630.733127941664,642.063272058336
level,DEU,science,P90-P10,2015,260.35999999999996,4.3018096038502005,,251.92845317645356,268.79154682354635
level,DNK,math,P10,2015,405.1562,3.1874271664010005,,398.90884275385406,411.40355724614597
level,DNK,math,P25,2015,456.5712,2.927283294759462,,450.83372474227144,462.3086752577285
level,DNK,math,P50,2015,513.4731999999999,2.7354578976836765,,508.1117025205399,518.8346974794599
level,DNK,math,P75,2015,567.4315,2.5329809691349907,,562.4668573004955,572.3961426995046
level,DNK,math,P90,2015,614.0350999999998,2.869542514350795,,608.4107966718723,619.6594033281274
level,DNK,math,P90-P10,2015,208.8789,4.002502471995896,,201.03399515488803,216.72380484511194
level,DNK,reading,P10,2015,382.9088,4.333670777502345,,374.41480527609536,391.4027947239046
level,DNK,reading,P25,2015,442.66790000000003,3.2368870486248893,,436.3236013846952,449.01219861530484
level,DNK,reading,P50,2015,505.4148,2.7557806449957685,,500.0134699358083,510.8161300641917
level,DNK,reading,P75,2015,561.1793,2.6276467104616557,,556.0291124474952,566.3294875525048
level,DNK,reading,P90,2015,608.1944,3.3638473864675342,,601.6012591225236,614.7875408774763
level,DNK,reading,P90-P10,2015,225.28560000000002,4.331988640400104,,216.79490226481582,233.77629773518422
level,DNK,science,P10,2015,383.3576,3.580267122560676,,376.34027643978106,390.3749235602189
level,DNK,science,P25,2015,439.74890000000005,3.1240490370849057,,433.6257638873136,445.8720361126865
level,DNK,science,P50,2015,503.908,2.8228693485333065,,498.3751760768747,509.4408239231253
level,DNK,science,P75,2015,564.5218,2.7801904532084,,559.0726267117116,569.9709732882884
level,DNK,science,P90,2015,616.9802999999999,3.2001861594288648,,610.7079351275194,623.2526648724805
level,DNK,science,P90-P10,2015,233.62270000000004,4.005567145514147,,225.7717883947923,241.47361160520776
level,ESP,math,P10,2015,373.7402000000001,3.4259139046716034,,367.0254087468437,380.45499125315644
level,ESP,math,P25,2015,428.40160000000003,2.7632837666443146,,422.98556381737717,433.8176361826229
level,ESP,math,P50,2015,488.7115999999999,2.5904251166555676,,483.634366771355,493.7888332286448
level,ESP,math,P75,2015,545.5264000000001,2.5355671856170234,,540.5566883161907,550.4961116838094
level,ESP,math,P90,2015,593.4496,3.258855127102832,,587.0622439508785,599.8369560491216
level,ESP,math,P90-P10,2015,219.70940000000002,4.666712001148846,,210.56264447774828,228.85615552225175
level,ESP,reading,P10,2015,379.21979999999996,3.9312848348571454,,371.51448172368,386.92511827631995
level,ESP,reading,P25,2015,438.4746999999999,3.3099306876764363,,431.98723585215413,444.9621641478457
level,ESP,reading,P50,2015,501.5771999999999,2.567976914702399,,496.54396524718317,506.6104347528166
level,ESP,reading,P75,2015,557.8552,2.671649792939024,,552.6187664058394,563.0916335941605
level,ESP,reading,P90,2015,602.8586,2.9386864310436334,,597.0987745951545,608.6184254048455
level,ESP,reading,P90-P10,2015,223.6388,4.175761483250688,,215.45430749282866,231.82329250717135
level,ESP,science,P10,2015,373.9882,3.4613312247200865,,367.20399079954865,380.77240920045136
level,ESP,science,P25,2015,431.80730000000005,2.886426003247309,,426.1499050336353,437.4646949663648
level,ESP,science,P50,2015,496.1807,2.418435900535718,,491.44056563495,500.92083436505
level,ESP,science,P75,2015,555.6825,2.4262735682065544,,550.9270038063152,560.4379961936849
level,ESP,science,P90,2015,604.9776,2.44803425493463,,600.1794528603282,609.7757471396719
level,ESP,science,P90-P10,2015,230.9894,3.7692753498222706,,223.60162031434834,238.37717968565164
level,EST,math,P10,2015,414.65860000000004,3.0770527653187165,,408.62757657997537,420.6896234200247
level,EST,math,P25,2015,463.5255,2.630714690071045,,458.36929920746076,468.6817007925393
level,EST,math,P50,2015,520.6267,2.3408911008654605,,516.0385534423037,525.2148465576963
level,EST,math,P75,2015,575.8166,2.616092289401619,,570.6890591127728,580.9441408872271
level,EST,math,P90,2015,623.4575,2.702828122335733,,618.1599568802219,628.7550431197781
level,EST,math,P90-P10,2015,208.7989,3.731249563335179,,201.48565085586304,216.11214914413696
level,EST,reading,P10,2015,404.1139,4.032812171081394,,396.2095881446805,412.0182118553195
level,EST,reading,P25,2015,460.4928999999999,2.75851548965501,,455.0862096402761,465.89959035972373
level,EST,reading,P50,2015,522.5063,2.698981585400927,,517.2162960926142,527.7963039073858
level,EST,reading,P75,2015,581.0092000000001,2.5734189593914887,,575.9652988395927,586.0531011604074
level,EST,reading,P90,2015,630.0265,2.9277843926764966,,624.2880425903542,635.764957409646
level,EST,reading,P90-P10,2015,225.91259999999997,4.053874435853522,,217.96700610572708,233.85819389427286
level,EST,science,P10,2015,415.60240000000005,3.3143208204028145,,409.10633119201054,422.09846880798955
level,EST,science,P25,2015,472.93649999999997,2.704507849457603,,467.6356646150631,478.23733538493684
level,EST,science,P50,2015,536.5209,2.4126779164101637,,531.792051283836,541.2497487161639
level,EST,science,P75,2015,596.8907999999999,2.7002950249309174,,591.5982217511353,602.1833782488645
level,EST,science,P90,2015,648.1701,2.8846735947648265,,642.516139754261,653.8240602457391
level,EST,science,P90-P10,2015,232.56770000000006,3.9953698459036002,,224.73677510202901,240.3986248979711
level,FIN,math,P10,2015,404.04380000000003,3.7722057915613405,,396.65027664853983,411.43732335146024
level,FIN,math,P25,2015,456.37519999999995,3.0744572501138774,,450.3492637897767,462.40113621022317
level,FIN,math,P50,2015,513.8009,2.7085927861365833,,508.49205813917223,519.1097418608276
level,FIN,math,P75,2015,567.9761,2.3588945140326576,,563.352666752496,572.5995332475039
level,FIN,math,P90,2015,614.4329,2.8623833164961687,,608.8226286996676,620.0431713003325
level,FIN,math,P90-P10,2015,210.3891,4.024146035565271,,202.5017737702921,218.27642622970794
level,FIN,reading,P10,2015,400.6787,4.706926004009648,,391.4531250321411,409.9042749678589
level,FIN,reading,P25,2015,468.6816,3.6789208241004636,,461.4709151847631,475.8922848152369
level,FIN,reading,P50,2015,534.3968,2.7245316580204326,,529.0567179502799,539.7368820497201
level,FIN,reading,P75,2015,591.9103000000001,2.673449376845499,,586.670339221383,597.1502607786173
level,FIN,reading,P90,2015,639.9225,2.6453847598747857,,634.7375458706455,645.1074541293546
level,FIN,reading,P90-P10,2015,239.24379999999996,4.636125023299818,,230.15699495433233,248.3306050456676
level,FIN,science,P10,2015,401.5506,4.155884776902377,,393.4050658372713,409.69613416272864
level,FIN,science,P25,2015,466.0487999999999,3.510762681067716,,459.16770514510716,472.92989485489267
level,FIN,science,P50,2015,535.1841000000001,2.936598833684989,,529.4283662859775,540.9398337140226
level,FIN,science,P75,2015,598.9327,2.5261164537245304,,593.9815117506998,603.8838882493001
level,FIN,science,P90,2015,651.2009,2.6864331799908117,,645.935490967218,656.4663090327821
level,FIN,science,P90-P10,2015,249.65030000000002,4.361543715309473,,241.10167431799346,258.1989256820066
level,FRA,math,P10,2015,364.139,3.922595223049263,,356.4507133628235,371.82728663717654
level,FRA,math,P25,2015,424.9671,3.2501423044059043,,418.59682108336443,431.3373789166356
level,FRA,math,P50,2015,498.5379999999999,2.906732965222489,,492.8408033881638,504.235196611836
level,FRA,math,P75,2015,563.6584,2.6178810398658046,,558.5273531618631,568.789446838137
level,FRA,math,P90,2015,612.7947999999999,2.7099722829660924,,607.4832543253864,618.1063456746134
level,FRA,math,P90-P10,2015,248.65579999999994,4.537808916144933,,239.76169452435587,257.54990547564404
level,FRA,reading,P10,2015,343.90299999999996,5.681990939264947,,332.76629775904064,355.0397022409593
level,FRA,reading,P25,2015,422.68459999999993,3.716556917587387,,415.40014844152864,429.9690515584712
level,FRA,reading,P50,2015,509.74840000000006,2.857599731806785,,504.14750452565875,515.3492954743414
level,FRA,reading,P75,2015,582.5041,3.0688181261955947,,576.4892164726566,588.5189835273434
level,FRA,reading,P90,2015,636.8590999999999,2.98266262190531,,631.0130812610655,642.7051187389343
level,FRA,reading,P90-P10,2015,292.9561,6.2397428145895795,,280.7262040834044,305.1859959165956
level,FRA,science,P10,2015,355.1656,3.6750179870308135,,347.96256474541957,362.3686352545804
level,FRA,science,P25,2015,420.9874,3.3749137307492787,,414.3725690877314,427.60223091226857
level,FRA,science,P50,2015,501.1339000000001,2.5118006745936117,,496.21077067779663,506.05702932220356
level,FRA,science,P75,2015,571.1451,2.4120703269644155,,566.4174421591497,575.8727578408502
level,FRA,science,P90,2015,623.4105000000002,2.7550635471598426,,618.0105754475669,628.8104245524335
level,FRA,science,P90-P10,2015,268.2449,4.537875515223694,,259.35066399016154,277.1391360098384
level,GBR,math,P10,2015,370.9398,3.708559207727743,,363.6710239528536,378.2085760471464
level,GBR,math,P25,2015,429.78419999999994,3.215644792348115,,423.48153620699765,436.08686379300224
level,GBR,math,P50,2015,495.5819,2.935052276839,,489.8291975373956,501.33460246260444
level,GBR,math,P75,2015,556.4586,3.050962060928042,,550.4787143605811,562.438485639419
level,GBR,math,P90,2015,609.9753,3.0866091133043234,,603.9255461379234,616.0250538620764
level,GBR,math,P90-P10,2015,239.0355,3.854812576075093,,231.48006735089282,246.5909326491072
level,GBR,reading,P10,2015,371.7755,4.001500138697981,,363.932559728152,379.61844027184804
level,GBR,reading,P25,2015,431.89759999999995,3.184159409395898,,425.656647557584,438.1385524424159
level,GBR,reading,P50,2015,500.2571000000001,3.060366806718873,,494.2587810588311,506.25541894116907
level,GBR,reading,P75,2015,565.4536999999999,3.0480748741350463,,559.4794732466952,571.4279267533046
level,GBR,reading,P90,2015,621.2161,3.562946643580284,,614.2327245785826,628.1994754214173
level,GBR,reading,P90-P10,2015,249.44060000000005,3.5949196857819037,,242.39455741586752,256.4866425841326
level,GBR,science,P10,2015,376.6817000000001,3.208623643748544,,370.39279765825296,382.9706023417472
level,GBR,science,P25,2015,437.6077,2.9473894818597977,,431.8308166155548,443.38458338444525
level,GBR,science,P50,2015,512.1492000000001,3.321904194551347,,505.63826777867945,518.6601322213207
level,GBR,science,P75,2015,580.6015,3.071848967189342,,574.5806760243089,586.6223239756911
level,GBR,science,P90,2015,637.7993,3.16812457904252,,631.5897758250767,644.0088241749233
level,GBR,science,P90-P10,2015,261.1176,3.5048489636185067,,254.2480960313077,267.9871039686923
level,GRC,math,P10,2015,336.2996999999999,5.331069282777869,,325.8508042057553,346.7485957942445
level,GRC,math,P25,2015,390.6787,4.988972506605612,,380.900313887053,400.45708611294697
level,GRC,math,P50,2015,454.8271,4.023868190905093,,446.940318345826,462.713881654174
level,GRC,math,P75,2015,517.4342,4.042030114792424,,509.51182097500686,525.3565790249932
level,GRC,math,P90,2015,569.8862999999999,3.6859929172627424,,562.6617538821649,577.1108461178349
level,GRC,math,P90-P10,2015,233.5866,5.287926251744521,,223.22226454658073,243.95093545341928
level,GRC,reading,P10,2015,334.37800000000004,8.186564232461755,,318.332334104375,350.4236658956251
level,GRC,reading,P25,2015,399.62180000000006,6.063606759960974,,387.7371307504766,411.50646924952355
level,GRC,reading,P50,2015,473.23760000000004,4.636571466252478,,464.1499199261452,482.3252800738549
level,GRC,reading,P75,2015,538.6251,3.5878891393284604,,531.5928372869162,545.6573627130838
level,GRC,reading,P90,2015,590.0962999999999,3.6660629410551238,,582.9108166355319,597.281783364468
level,GRC,reading,P90-P10,2015,255.71830000000006,7.883697099852444,,240.26625368428927,271.17034631571084
level,GRC,science,P10,2015,333.4119,5.636612930011937,,322.3641386571766,344.4596613428234
level,GRC,science,P25,2015,387.80949999999996,5.247630303236353,,377.5241446056567,398.0948553943432
level,GRC,science,P50,2015,455.64549999999997,4.529646986858416,,446.76739190575745,464.5236080942425
level,GRC,science,P75,2015,521.5464000000001,3.8124425818627135,,514.0740125395491,529.018787460451
level,GRC,science,P90,2015,574.7950000000001,4.082168796594395,,566.7939491586751,582.796050841325
level,GRC,science,P90-P10,2015,241.38309999999996,5.920306378802451,,229.77929949754716,252.98690050245276
level,HUN,math,P10,2015,351.39520000000005,4.122023249300975,,343.31603443137016,359.47436556862993
level,HUN,math,P25,2015,410.6777,3.6859849828626357,,403.45316943358927,417.90223056641076
level,HUN,math,P50,2015,479.7138,3.306977292449675,,473.23212450679864,486.19547549320134
level,HUN,math,P75,2015,543.0604999999999,3.214127575252736,,536.7608099525046,549.3601900474953
level,HUN,math,P90,2015,597.5579,3.5426521150591945,,590.614301854484,604.501498145516
level,HUN,math,P90-P10,2015,246.1627,5.174158095606792,,236.02135013261068,256.3040498673893
level,HUN,reading,P10,2015,337.50269999999995,4.228551662606628,,329.21473874129094,345.79066125870895
level,HUN,reading,P25,2015,398.94859999999994,3.8688849141437234,,391.3655855682782,406.53161443172166
level,HUN,reading,P50,2015,475.0375,3.610140522965218,,467.9616245749882,482.11337542501184
level,HUN,reading,P75,2015,541.0391,3.1286886550118744,,534.9068702361767,547.1713297638232
level,HUN,reading,P90,2015,592.5041,3.167976067705618,,586.294866907297,598.713333092703
level,HUN,reading,P90-P10,2015,255.00140000000002,5.1446931969857035,,244.91780133390805,265.084998666092
level,HUN,science,P10,2015,346.84299999999996,4.063734942212089,,338.87807951326425,354.80792048673567
level,HUN,science,P25,2015,406.2948,3.475728311208077,,399.4823725100322,413.10722748996784
level,HUN,science,P50,2015,480.21590000000003,3.2553596959475937,,473.83539499594275,486.5964050040573
level,HUN,science,P75,2015,547.2156000000001,3.0318435248028264,,541.2731866913865,553.1580133086137
level,HUN,science,P90,2015,600.8848,3.4710124268320195,,594.0816156434092,607.6879843565908
level,HUN,science,P90-P10,2015,254.04179999999997,5.057100901372902,,244.12988223330908,263.95371776669083
level,IRL,math,P10,2015,399.83410000000003,3.7961616575167088,,392.39362315126726,407.2745768487328
level,IRL,math,P25,2015,450.1367,2.7341869220015793,,444.77769363287695,455.4957063671231
level,IRL,math,P50,2015,505.0397,2.331414081386852,,500.47012840048177,509.6092715995182
level,IRL,math,P75,2015,558.7196,2.209440109193069,,554.3890973859816,563.0501026140184
level,IRL,math,P90,2015,606.0969000000001,2.593299371028677,,601.014033232784,611.1797667672163
level,IRL,math,P90-P10,2015,206.26279999999997,4.2317609025873155,,197.96854863092884,214.5570513690711
level,IRL,reading,P10,2015,406.4,4.086337633369138,,398.39077823859645,414.4092217614035
level,IRL,reading,P25,2015,463.4788,3.063263944535125,,457.4748026687111,469.48279733128885
level,IRL,reading,P50,2015,524.4913,2.7196545623173054,,519.1607770578581,529.8218229421419
level,IRL,reading,P75,2015,581.7335999999999,2.6782541255659678,,576.4842219138906,586.9829780861093
level,IRL,reading,P90,2015,628.6152000000001,2.8093566439271758,,623.1088609779029,634.1215390220973
level,IRL,reading,P90-P10,2015,222.2152,4.155935519497652,,214.06956638178463,230.3608336182154
level,IRL,science,P10,2015,386.7181,3.912577643035065,,379.0494478196513,394.3867521803487
level,IRL,science,P25,2015,441.48850000000004,3.2407340497348907,,435.1366612625197,447.8403387374804
level,IRL,science,P50,2015,502.8879,2.8953399593139415,,497.2130336797447,508.5627663202553
level,IRL,science,P75,2015,564.5906,2.5276326874721677,,559.6364399325546,569.5447600674454
level,IRL,science,P90,2015,617.6234000000002,2.5291994056090905,,612.6661691650064,622.5806308349939
level,IRL,science,P90-P10,2015,230.90529999999998,4.096131499421811,,222.87688226113323,238.93371773886673
level,ISL,math,P10,2015,366.77250000000004,3.580866531302165,,359.7540015986478,373.7909984013523
level,ISL,math,P25,2015,424.3003999999999,3.015559414381786,,418.3899035478116,430.2108964521882
level,ISL,math,P50,2015,488.6388,2.666416416591132,,483.4126238234814,493.8649761765186
level,ISL,math,P75,2015,553.2414,2.6775458762539253,,547.9934100825423,558.4893899174577
level,ISL,math,P90,2015,608.2366999999999,3.980853271389595,,600.4342275880763,616.0391724119236
level,ISL,math,P90-P10,2015,241.46419999999998,4.641834589900847,,232.36620420379433,250.56219579620563
level,ISL,reading,P10,2015,350.4273,4.334645602519821,,341.93139461906117,358.92320538093884
level,ISL,reading,P25,2015,416.7872000000001,3.1761129177205096,,410.5620186812679,423.0123813187323
level,ISL,reading,P50,2015,484.79359999999997,2.5110322788756734,,479.87197673340364,489.7152232665963
level,ISL,reading,P75,2015,551.8463999999999,2.6322364634364535,,546.6872165316645,557.0055834683353
level,ISL,reading,P90,2015,606.6742999999999,3.982434859549565,,598.8687276752828,614.479872324717
level,ISL,reading,P90-P10,2015,256.24699999999996,5.656108867803417,,245.16102661910526,267.33297338089466
level,ISL,science,P10,2015,354.2912,3.0926101841504523,,348.2296840390651,360.3527159609349
level,ISL,science,P25,2015,408.3033,2.8900332557679027,,402.6388348186949,413.9677651813051
level,ISL,science,P50,2015,473.84659999999997,2.487531049722454,,468.97103914254393,478.722160857456
level,ISL,science,P75,2015,537.5150000000001,2.321040022274496,,532.965761556342,542.0642384436582
level,ISL,science,P90,2015,592.5350000000001,3.2667795146324514,,586.1321121513205,598.9378878486797
level,ISL,science,P90-P10,2015,238.24379999999996,4.066961686634811,,230.27255509419572,246.2150449058042
level,ISR,math,P10,2015,331.8854,4.6535338413105185,,322.7644736710314,341.0063263289686
level,ISR,math,P25,2015,395.9415000000001,4.333489611092251,,387.4478603622593,404.43513963774086
level,ISR,math,P50,2015,473.38099999999986,4.532581294852243,,464.49714066208946,482.26485933791025
level,ISR,math,P75,2015,544.8291000000002,4.259387282227337,,536.4807009268345,553.1774990731658
level,ISR,math,P90,2015,601.1936,4.913409163424324,,591.5633180396883,610.8238819603116
level,ISR,math,P90-P10,2015,269.3082,6.055775343009346,,257.43888032770167,281.17751967229833
level,ISR,reading,P10,2015,325.93100000000004,5.801831591977371,,314.5594100797244,337.3025899202757
level,ISR,reading,P25,2015,401.1844,5.132142712519464,,391.12540028346183,411.24339971653814
level,ISR,reading,P50,2015,485.2209,4.5906773681983895,,476.2231723583311,494.21862764166883
level,ISR,reading,P75,2015,561.6993,4.286786312093893,,553.297198828296,570.101401171704
level,ISR,reading,P90,2015,620.9368999999999,4.3257754403112525,,612.4583801369898,629.41541986301
level,ISR,reading,P90-P10,2015,295.00590000000005,6.242647421700719,,282.7703110534666,307.2414889465335
level,ISR,science,P10,2015,327.08629999999994,4.567128459376248,,318.1347282196225,336.0378717803774
level,ISR,science,P25,2015,388.50819999999993,4.359097566074376,,379.96436877049416,397.0520312295057
level,ISR,science,P50,2015,466.4608,4.618048095245435,,457.4094257333189,475.5121742666811
level,ISR,science,P75,2015,544.2183,4.124868123009781,,536.1335584789008,552.3030415210992
level,ISR,science,P90,2015,605.8794999999999,3.6641451742982785,,598.6977754583753,613.0612245416245
level,ISR,science,P90-P10,2015,278.79319999999996,5.223447602930037,,268.5552426982571,289.03115730174284
level,ITA,math,P10,2015,368.1272,3.8454050381952993,,360.59020612513723,375.6641938748628
level,ITA,math,P25,2015,425.6743,3.347899167554348,,419.1124176315935,432.23618236840656
level,ITA,math,P50,2015,490.88149999999996,3.2158881094928957,,484.57835930539386,497.18464069460606
level,ITA,math,P75,2015,554.9824000000001,3.631001131230894,,547.8656377827875,562.0991622172127
level,ITA,math,P90,2015,609.5192999999999,3.8235095109074844,,602.0252213586213,617.0133786413786
level,ITA,math,P90-P10,2015,241.39209999999997,5.01875359515576,,231.5553429534947,251.22885704650525
level,ITA,reading,P10,2015,358.55019999999996,4.205912013662037,,350.3066124532224,366.79378754677754
level,ITA,reading,P25,2015,421.2371,3.7295078085303532,,413.9272646952805,428.5469353047195
level,ITA,reading,P50,2015,489.06590000000006,3.3276635257422797,,482.5436794895452,495.5881205104549
level,ITA,reading,P75,2015,552.245,3.1176060864066857,,546.1344920706429,558.3555079293571
level,ITA,reading,P90,2015,602.2506,2.8508489949876785,,596.6629359698242,607.8382640301758
level,ITA,reading,P90-P10,2015,243.7004,4.569617420650343,,234.74394985552533,252.65685014447467
level,ITA,science,P10,2015,358.5156,3.7649593285393657,,351.13627971606286,365.89492028393715
level,ITA,science,P25,2015,415.08279999999996,3.228268932931909,,408.7553928914534,421.4102071085465
level,ITA,science,P50,2015,483.389,3.4883041229068446,,476.5519239191026,490.2260760808974
level,ITA,science,P75,2015,547.0930999999999,2.845326623215307,,541.5162598184979,552.6699401815019
level,ITA,science,P90,2015,598.5305,2.7738921688567006,,593.0936713490408,603.9673286509591
level,ITA,science,P90-P10,2015,240.01489999999998,4.273059624359737,,231.6397031362549,248.39009686374507
level,JPN,math,P10,2015,416.1111000000001,4.422941372234348,,407.44213491042075,424.7800650895794
level,JPN,math,P25,2015,473.59659999999997,3.520872994411723,,466.695688930953,480.49751106904694
level,JPN,math,P50,2015,536.0616,3.4645751528867157,,529.2710327003421,542.8521672996579
level,JPN,math,P75,2015,594.1205,3.469114118666816,,587.321036327413,600.919963672587
level,JPN,math,P90,2015,642.9337,4.202400795378756,,634.6969944410577,651.1704055589424
level,JPN,math,P90-P10,2015,226.82260000000002,5.2554506898922515,,216.52191664781122,237.12328335218882
level,JPN,reading,P10,2015,391.3023999999999,5.845542293159044,,379.8451371054082,402.75966289459166
level,JPN,reading,P25,2015,457.26720000000006,4.208852219231905,,449.01784965030555,465.51655034969457
level,JPN,reading,P50,2015,523.2266,3.4790810081271575,,516.4076012240707,530.0455987759292
level,JPN,reading,P75,2015,581.0194,3.446103403523729,,574.2650373290935,587.7737626709065
level,JPN,reading,P90,2015,628.9640999999999,3.6825945900199812,,621.7462146035607,636.1819853964391
level,JPN,reading,P90-P10,2015,237.66170000000002,5.7658056494975405,,226.36072092698484,248.9626790730152
level,JPN,science,P10,2015,411.94879999999995,4.427269135018661,,403.2713524953634,420.6262475046365
level,JPN,science,P25,2015,474.9063,3.9124449156221703,,467.23790796538054,482.57469203461943
level,JPN,science,P50,2015,544.7277,3.3513814411207905,,538.1589923754033,551.2964076245968
level,JPN,science,P75,2015,604.7395,3.18581332071489,,598.4953058913989,610.9836941086012
level,JPN,science,P90,2015,655.0409999999999,3.9904456346099697,,647.2197265561643,662.8622734438355
level,JPN,science,P90-P10,2015,243.0922,5.051837330230565,,233.1905988327481,252.9938011672519
level,KOR,math,P10,2015,391.4144,5.4529534469353855,,380.7266112440066,402.1021887559934
level,KOR,math,P25,2015,457.6469000000001,4.4674383794792805,,448.8907207762207,466.40307922377946
level,KOR,math,P50,2015,528.8751,4.273239871767867,,520.4995498513349,537.250650148665
level,KOR,math,P75,2015,594.2011,4.165894993675823,,586.0359458123954,602.3662541876046
level,KOR,math,P90,2015,649.1709,4.329246800798294,,640.6855762704353,657.6562237295647
level,KOR,math,P90-P10,2015,257.75649999999996,5.765688876833749,,246.4557498014058,269.0572501985941
level,KOR,reading,P10,2015,385.8565,5.55900706621445,,374.96084615021965,396.7521538497803
level,KOR,reading,P25,2015,454.98850000000004,4.446447429565415,,446.27346303805183,463.70353696194826
level,KOR,reading,P50,2015,524.4118000000001,3.934189638710025,,516.7007883081284,532.1228116918718
level,KOR,reading,P75,2015,586.1144,3.8881370046163277,,578.493651470952,593.735148529048
level,KOR,reading,P90,2015,636.9674000000001,4.332841929316648,,628.4750298185395,645.4597701814607
level,KOR,reading,P90-P10,2015,251.1109,5.492280707906729,,240.3460298125028,261.87577018749715
level,KOR,science,P10,2015,388.0861,4.458970603426561,,379.34651761728395,396.825682382716
level,KOR,science,P25,2015,451.06539999999995,3.7608126947509617,,443.6942071182881,458.4365928817118
level,KOR,science,P50,2015,520.3794,3.7328358667074846,,513.0630417012534,527.6957582987467
level,KOR,science,P75,2015,583.9307,3.263781574595125,,577.5336881137936,590.3277118862064
level,KOR,science,P90,2015,636.1992000000001,3.670173297755247,,629.0056603363998,643.3927396636004
level,KOR,science,P90-P10,2015,248.11309999999997,4.928231321117618,,238.45376661060945,257.7724333893905
level,LTU,math,P10,2015,365.38469999999995,3.8111091579603014,,357.91492605039775,372.85447394960215
level,LTU,math,P25,2015,418.93640000000005,3.0192992487220147,,413.0185734725049,424.8542265274952
level,LTU,math,P50,2015,478.5455,2.7043172377186497,,473.2450382140714,483.8459617859286
level,LTU,math,P75,2015,538.5803,2.88400375568025,,532.9276526388667,544.2329473611333
level,LTU,math,P90,2015,590.316,3.5469152734766816,,583.3640460639857,597.2679539360144
level,LTU,math,P90-P10,2015,224.93129999999996,4.714043671484883,,215.69177440388958,234.17082559611035
level,LTU,reading,P10,2015,347.4016,3.5324381601098125,,340.47802120618474,354.3251787938152
level,LTU,reading,P25,2015,407.15819999999997,3.0080780627614465,,401.2623669969875,413.0540330030124
level,LTU,reading,P50,2015,474.69630000000006,3.145740410548136,,468.5306487953257,480.8619512046744
level,LTU,reading,P75,2015,540.8585,3.6391951439233834,,533.7256775179102,547.9913224820899
level,LTU,reading,P90,2015,593.26,4.36102046958177,,584.7123998796197,601.8076001203802
level,LTU,reading,P90-P10,2015,245.8584,5.0057949402001425,,236.0470419172077,255.66975808279227
level,LTU,science,P10,2015,357.18809999999996,3.8239319287293285,,349.6931934196905,364.68300658030944
level,LTU,science,P25,2015,410.2852000000001,2.8658671861914486,,404.66810031506486,415.9022996849353
level,LTU,science,P50,2015,473.24790000000013,2.7570193308273274,,467.84414211157855,478.6516578884217
level,LTU,science,P75,2015,540.075,3.2729639985968544,,533.6599905627502,546.4900094372499
level,LTU,science,P90,2015,597.0324999999999,3.6569740968456452,,589.8648307701825,604.2001692298173
level,LTU,science,P90-P10,2015,239.8444,4.625540218720417,,230.778341171308,248.91045882869201
level,LUX,math,P10,2015,363.36319999999995,2.2404184232216795,,358.97197989048544,367.75442010951446
level,LUX,math,P25,2015,417.4055,2.1042107827718484,,413.2812468657672,421.52975313423286
level,LUX,math,P50,2015,486.5572,1.8617123833539215,,482.90824372862636,490.2061562713737
level,LUX,math,P75,2015,553.0897000000001,2.0155049998559744,,549.1393102002824,557.0400897997179
level,LUX,math,P90,2015,607.0204000000001,2.5238047312870058,,602.0737427266776,611.9670572733227
level,LUX,math,P90-P10,2015,243.65720000000002,3.224821773111399,,237.33654932470168,249.97785067529836
level,LUX,reading,P10,2015,336.43729999999994,2.915776173298935,,330.72237870033405,342.1522212996658
level,LUX,reading,P25,2015,405.26329999999996,2.144502235174095,,401.06007561905875,409.46652438094117
level,LUX,reading,P50,2015,487.0914000000001,2.374949070097201,,482.43649982260956,491.7463001773906
level,LUX,reading,P75,2015,560.6015000000001,2.1042242966365525,,556.4772203785925,564.7257796214077
level,LUX,reading,P90,2015,615.6931,2.546987678611742,,610.7010041499209,620.685195850079
level,LUX,reading,P90-P10,2015,279.2558,3.408049945023957,,272.5760221077531,285.93557789224695
level,LUX,science,P10,2015,350.9355,2.6225240005257024,,345.7953529589696,356.0756470410304
level,LUX,science,P25,2015,406.79890000000006,2.231586079575593,,402.4249912840319,411.17280871596824
level,LUX,science,P50,2015,482.26419999999996,1.7105401151553128,,478.91154137429555,485.61685862570437
level,LUX,science,P75,2015,556.3616,1.6696735500956257,,553.0890398418126,559.6341601581873
level,LUX,science,P90,2015,615.0471,2.282862335120347,,610.5726898231641,619.5215101768359
level,LUX,science,P90-P10,2015,264.1116,3.464057166419487,,257.3220479538178,270.90115204618223
level,LVA,math,P10,2015,381.536,3.0306099699565454,,375.59600445888515,387.47599554111486
level,LVA,math,P25,2015,429.75470000000007,2.667129037519139,,424.52712708646254,434.9822729135376
level,LVA,math,P50,2015,482.99580000000003,2.3327797670733204,,478.42355165653635,487.5680483434637
level,LVA,math,P75,2015,535.8739,2.0945889641857858,,531.7685056301959,539.9792943698042
level,LVA,math,P90,2015,581.7995,2.8722696520154334,,576.1698514820497,587.4291485179502
level,LVA,math,P90-P10,2015,200.2635,3.876692821422229,,192.66518207001243,207.86181792998755
level,LVA,reading,P10,2015,373.53630000000004,3.3577534323975935,,366.95510327250076,380.1174967274993
level,LVA,reading,P25,2015,431.15419999999995,2.9932164951213682,,425.2874956695621,437.0209043304378
level,LVA,reading,P50,2015,491.42089999999996,2.3061723035993857,,486.90080228494514,495.9409977150548
level,LVA,reading,P75,2015,547.9589,2.02559104735165,,543.9887415471908,551.9290584528092
level,LVA,reading,P90,2015,594.5271,2.48130145040417,,589.6637491572078,599.3904508427922
level,LVA,reading,P90-P10,2015,220.99079999999998,4.079580411907861,,212.99482239266058,228.98677760733938
level,LVA,science,P10,2015,381.8592,2.9985838057323,,375.98197574076465,387.7364242592353
level,LVA,science,P25,2015,432.26579999999996,2.4489518511894945,,427.46585437166857,437.06574562833134
level,LVA,science,P50,2015,491.02199999999993,2.1758999830210666,,486.7572360332787,495.2867639667212
level,LVA,science,P75,2015,548.361,1.9979861654231261,,544.4449471157707,552.2770528842293
level,LVA,science,P90,2015,596.1061,2.1577860012573553,,591.8768394375355,600.3353605624644
level,LVA,science,P90-P10,2015,214.24690000000004,3.4479905317767763,,207.48883855771757,221.0049614422825
level,MEX,math,P10,2015,311.9112,2.6166042357732784,,306.78265569788437,317.03974430211565
level,MEX,math,P25,2015,356.5462,2.5361568575526,,351.5753325591969,361.5170674408031
level,MEX,math,P50,2015,407.41499999999996,2.595014040745575,,402.32877248013864,412.5012275198613
level,MEX,math,P75,2015,459.2139000000001,2.9206077524873004,,453.48950880512496,464.9382911948752
level,MEX,math,P90,2015,504.91499999999996,3.5075459654864147,,498.0402099076466,511.7897900923533
level,MEX,math,P90-P10,2015,193.0038,3.9037517674952453,,185.35244653570933,200.6551534642907
level,MEX,reading,P10,2015,321.11350000000004,3.6214920901320378,,314.01537550334126,328.2116244966588
level,MEX,reading,P25,2015,369.7579,3.0141203929726066,,363.8502240297737,375.6655759702263
level,MEX,reading,P50,2015,424.6594999999999,2.7586976435146613,,419.2524526187112,430.0665473812887
level,MEX,reading,P75,2015,477.86229999999995,3.1807313118736324,,471.62806662872765,484.09653337127224
level,MEX,reading,P90,2015,522.8442,3.906861381381931,,515.1867516924914,530.5016483075086
level,MEX,reading,P90-P10,2015,201.73069999999998,4.521705694388665,,192.8681568389982,210.59324316100177
level,MEX,science,P10,2015,324.98960000000005,2.540737473101504,,320.0097545527211,329.969445447279
level,MEX,science,P25,2015,365.80530000000005,2.2028204065091943,,361.487772003242,370.1228279967581
level,MEX,science,P50,2015,413.51390000000004,2.398785449509352,,408.8122805189617,418.21551948103837
level,MEX,science,P75,2015,464.23040000000003,2.8410407909973996,,458.66196004964513,469.79883995035493
level,MEX,science,P90,2015,509.7491999999999,3.1383172161915756,,503.59809825626445,515.9003017437354
level,MEX,science,P90-P10,2015,184.7596,3.1781086485868006,,178.5305070487699,190.98869295123012
level,NLD,math,P10,2015,389.822,3.8960021298191747,,382.1858358255544,397.4581641744456
level,NLD,math,P25,2015,449.2679,3.300088287876215,,442.7997269557626,455.7360730442374
level,NLD,math,P50,2015,516.4415000000001,2.7585092333642054,,511.03482190260627,521.848178097394
level,NLD,math,P75,2015,578.8978,2.402142733870922,,574.189600241613,583.6059997583869
level,NLD,math,P90,2015,627.2393999999999,3.1089239423704735,,621.1459090729538,633.332890927046
level,NLD,math,P90-P10,2015,237.4174,4.509461832204709,,228.57885480887876,246.2559451911212
level,NLD,reading,P10,2015,368.0115,4.63000393484354,,358.93669228770665,377.0863077122934
level,NLD,reading,P25,2015,434.2246,3.975061819016152,,426.43347883472836,442.01572116527166
level,NLD,reading,P50,2015,508.523,2.988265167469432,,502.6660002717599,514.3799997282401
level,NLD,reading,P75,2015,576.7771,2.772957297924206,,571.3421036960685,582.2120963039315
level,NLD,reading,P90,2015,629.8189,3.085256408937333,,623.7717974384828,635.8660025615171
level,NLD,reading,P90-P10,2015,261.8074,5.474703640482387,,251.0769808646545,272.53781913534544
level,NLD,science,P10,2015,371.8567999999999,4.29799540987811,,363.4327289966388,380.280871003361
level,NLD,science,P25,2015,434.14609999999993,3.931472108652318,,426.4404146670414,441.85178533295846
level,NLD,science,P50,2015,511.62270000000007,2.9460742775579973,,505.8483944159864,517.3970055840138
level,NLD,science,P75,2015,583.2697999999999,2.508183880486704,,578.353759594246,588.1858404057539
level,NLD,science,P90,2015,638.2090999999999,2.925279004452213,,632.4755531512736,643.9426468487262
level,NLD,science,P90-P10,2015,266.35229999999996,5.156363574749173,,256.2458273934916,276.4587726065083
level,NOR,math,P10,2015,390.852,3.4179061518388423,,384.1529039423958,397.5510960576041
level,NOR,math,P25,2015,444.1839999999999,2.4683938186377183,,439.34594811547,449.02205188452984
level,NOR,math,P50,2015,503.6949000000001,2.696758653972907,,498.4092530382132,508.98054696178696
level,NOR,math,P75,2015,561.245,2.7202746630114656,,555.9132616604975,566.5767383395025
level,NOR,math,P90,2015,609.9092,3.0254443197101866,,603.9793291333681,615.839070866632
level,NOR,math,P90-P10,2015,219.05720000000002,3.443689784873833,,212.3075680216473,225.80683197835273
level,NOR,reading,P10,2015,380.9827,4.006651958930296,,373.12966216049665,388.8357378395034
level,NOR,reading,P25,2015,448.6612,3.260976222442191,,442.2696866040133,455.0527133959867
level,NOR,reading,P50,2015,518.2760999999998,2.8286941894136004,,512.7318593887492,523.8203406112505
level,NOR,reading,P75,2015,582.6283999999999,2.938009636830875,,576.8699011118114,588.3868988881885
level,NOR,reading,P90,2015,636.402,3.0177080036014092,,630.4872923129412,642.3167076870589
level,NOR,reading,P90-P10,2015,255.41929999999996,4.5812322448951015,,246.44008480000556,264.39851519999434
level,NOR,science,P10,2015,370.4076,3.2837044154937804,,363.9715393456322,376.8436606543678
level,NOR,science,P25,2015,431.5255,3.028690497191451,,425.58926662550476,437.4617333744953
level,NOR,science,P50,2015,501.2027000000001,2.694956903077381,,495.92058446996845,506.48481553003177
level,NOR,science,P75,2015,566.2149999999999,2.862628172385182,,560.604248782125,571.8257512178749
level,NOR,science,P90,2015,621.789,3.3028491170503065,,615.3154157305814,628.2625842694185
level,NOR,science,P90-P10,2015,251.38140000000004,4.236010112056444,,243.0788201803694,259.6839798196307
level,NZL,math,P10,2015,374.5976,3.8035740947751213,,367.14259477424076,382.05260522575924
level,NZL,math,P25,2015,430.61379999999997,3.190090056809615,,424.36122348865314,436.8663765113468
level,NZL,math,P50,2015,496.51050000000004,2.9007153040241613,,490.8250980041127,502.19590199588737
level,NZL,math,P75,2015,559.966,2.7594970996139367,,554.5573856847567,565.3746143152433
level,NZL,math,P90,2015,613.0938999999998,3.086736570752717,,607.0438963213245,619.1439036786752
level,NZL,math,P90-P10,2015,238.49630000000002,4.514637176451709,,229.64761113415466,247.34498886584538
level,NZL,reading,P10,2015,368.2857,4.47961235686502,,359.5056597805446,377.06574021945545
level,NZL,reading,P25,2015,438.5954,3.646431758506451,,431.44839375332737,445.7424062466726
level,NZL,reading,P50,2015,514.0451,3.288828027073887,,507.5989970669352,520.4912029330649
level,NZL,reading,P75,2015,584.1764000000001,3.3222679730034512,,577.6647547729133,590.6880452270868
level,NZL,reading,P90,2015,642.6283000000001,4.336566484751104,,634.1286296898879,651.1279703101122
level,NZL,reading,P90-P10,2015,274.3426,6.211425154145815,,262.1682066978742,286.5169933021258
level,NZL,science,P10,2015,374.46689999999995,3.83579518418281,,366.94874143900165,381.98505856099825
level,NZL,science,P25,2015,438.6064,3.80324552118903,,431.1520387784695,446.0607612215305
level,NZL,science,P50,2015,515.9571,3.030432044096821,,510.0174531935702,521.8967468064297
level,NZL,science,P75,2015,587.7117000000001,2.8450637172126765,,582.1353751142632,593.288024885737
level,NZL,science,P90,2015,647.3551,3.5321996281039487,,640.4319887289163,654.2782112710837
level,NZL,science,P90-P10,2015,272.88820000000004,4.638242358312507,,263.7972449777075,281.97915502229256
level,POL,math,P10,2015,391.4408,4.112700606184593,,383.37990681187824,399.5016931881218
level,POL,math,P25,2015,443.3415,3.0179535873759784,,437.42631096874305,449.25668903125694
level,POL,math,P50,2015,505.1612,2.5217529495042417,,500.2185642189717,510.1038357810283
level,POL,math,P75,2015,564.5194000000001,2.953962617024422,,558.7296332706322,570.309166729368
level,POL,math,P90,2015,617.2275999999999,3.6055967414870778,,610.1606303866853,624.2945696133146
level,POL,math,P90-P10,2015,225.7868,5.163648653003679,,215.6660486401128,235.9075513598872
level,POL,reading,P10,2015,385.83389999999997,3.6724647448576273,,378.63586910007905,393.0319308999209
level,POL,reading,P25,2015,446.3456,3.5292949352526524,,439.4281819269048,453.26301807309517
level,POL,reading,P50,2015,510.9611000000001,2.9817754578624895,,505.1168201025896,516.8053798974106
level,POL,reading,P75,2015,570.0780000000001,2.8211588494604234,,564.5485286550577,575.6074713449425
level,POL,reading,P90,2015,617.188,3.510277372231443,,610.3078563504264,624.0681436495736
level,POL,reading,P90-P10,2015,231.35409999999996,4.485250965974793,,222.56300810668935,240.14519189331057
level,POL,science,P10,2015,383.94410000000005,3.4472408677891213,,377.1875078991334,390.7006921008667
level,POL,science,P25,2015,436.7952,2.9120984857239245,,431.08748696798114,442.5029130320189
level,POL,science,P50,2015,502.01419999999996,3.007872736300156,,496.11876943685166,507.90963056314826
level,POL,science,P75,2015,565.2709000000001,3.0684936613915363,,559.2566524236727,571.2851475763275
level,POL,science,P90,2015,618.9262999999999,3.458520014238588,,612.1476007720922,625.7049992279075
level,POL,science,P90-P10,2015,234.98219999999992,4.0437054830797,,227.0565372531637,242.90786274683614
level,PRT,math,P10,2015,365.201,3.75045790100652,,357.85010251402724,372.5518974859728
level,PRT,math,P25,2015,424.04119999999995,3.1087610734288793,,417.9480282960793,430.1343717039206
level,PRT,math,P50,2015,494.5161,3.1354370180070403,,488.3706434447062,500.66155655529377
level,PRT,math,P75,2015,560.9449999999999,2.81104392668947,,555.4353539036886,566.4546460963113
level,PRT,math,P90,2015,613.734,3.5957595447044817,,606.6863112923793,620.7816887076208
level,PRT,math,P90-P10,2015,248.53299999999996,4.662955271367912,,239.39360766811885,257.67239233188104
level,PRT,reading,P10,2015,374.0003,3.7404644708615757,,366.6689896371113,381.3316103628887
level,PRT,reading,P25,2015,435.70589999999993,4.159036823926639,,427.5541878251037,443.85761217489613
level,PRT,reading,P50,2015,503.55150000000003,3.546367820664476,,496.60061907149765,510.5023809285024
level,PRT,reading,P75,2015,564.1392999999999,2.7508505957249034,,558.7476328323792,569.5309671676207
level,PRT,reading,P90,2015,613.5805,3.14221165768104,,607.4217651509452,619.7392348490548
level,PRT,reading,P90-P10,2015,239.58019999999996,4.081180482613655,,231.5810862540772,247.57931374592272
level,PRT,science,P10,2015,379.08450000000005,3.231847044562048,,372.7500797926584,385.41892020734167
level,PRT,science,P25,2015,434.67650000000003,3.378835872177149,,428.0539816905328,441.2990183094673
level,PRT,science,P50,2015,502.79920000000004,3.3012784869400664,,496.32869416559754,509.26970583440254
level,PRT,science,P75,2015,568.4075,2.743485202256438,,563.0302690035774,573.7847309964227
level,PRT,science,P90,2015,619.6835,3.087035146202395,,613.6329111134432,625.7340888865567
level,PRT,science,P90-P10,2015,240.599,3.7535625125413326,,233.24201747541898,247.955982524581
level,SVK,math,P10,2015,348.6829,4.214993233288362,,340.42151326275484,356.9442867372452
level,SVK,math,P25,2015,411.58410000000003,3.875007038058121,,403.9890862054061,419.17911379459395
level,SVK,math,P50,2015,479.03150000000005,3.165867024213112,,472.82640063254235,485.23659936745776
level,SVK,math,P75,2015,543.232,2.7836037776794074,,537.7761365957483,548.6878634042516
level,SVK,math,P90,2015,595.9077,3.315258993569647,,589.4097923726034,602.4056076273965
level,SVK,math,P90-P10,2015,247.22480000000002,4.851810570177781,,237.71525128245156,256.73434871754847
level,SVK,reading,P10,2015,312.1023,4.627814777696561,,303.03178303571474,321.1728169642853
level,SVK,reading,P25,2015,382.37399999999997,4.062707137761987,,374.41109400998647,390.33690599001346
level,SVK,reading,P50,2015,459.2685,3.271209451665651,,452.85692947473535,465.6800705252647
level,SVK,reading,P75,2015,527.7148999999998,3.121924794720225,,521.5959274023481,533.8338725976515
level,SVK,reading,P90,2015,582.9828,3.1661310045192077,,576.7771832311423,589.1884167688577
level,SVK,reading,P90-P10,2015,270.8805,5.253682710780661,,260.5832818868699,281.1777181131301
level,SVK,science,P10,2015,329.37,4.63542032104725,,320.2845761707474,338.4554238292526
level,SVK,science,P25,2015,391.24850000000004,3.646867016967361,,384.100640646744,398.39635935325606
level,SVK,science,P50,2015,462.7961,2.9423477690254254,,457.02909837271017,468.5631016272899
level,SVK,science,P75,2015,531.5126,2.783502598146604,,526.0569349076327,536.9682650923673
level,SVK,science,P90,2015,588.2767,3.2038291526616036,,581.9971948607832,594.5562051392168
level,SVK,science,P90-P10,2015,258.9067,5.168386796240735,,248.77666187936816,269.03673812063187
level,SVN,math,P10,2015,393.9681,2.513604931943137,,389.04143433339146,398.8947656666085
level,SVN,math,P25,2015,449.31620000000004,2.123923204564819,,445.153310519053,453.4790894809471
level,SVN,math,P50,2015,512.4397,1.9570630509913467,,508.60385642005696,516.275543579943
level,SVN,math,P75,2015,571.7261000000001,1.9016441761743412,,567.9988774146984,575.4533225853017
level,SVN,math,P90,2015,622.0849999999999,3.0472812262189826,,616.1123287966108,628.0576712033891
level,SVN,math,P90-P10,2015,228.1169,4.2827446573429855,,219.72272047160774,236.51107952839223
level,SVN,reading,P10,2015,381.6452,2.696407792889562,,376.3602407259364,386.93015927406356
level,SVN,reading,P25,2015,444.32939999999996,2.310784914386351,,439.8002615678027,448.85853843219724
level,SVN,reading,P50,2015,510.1376,1.953441303187784,,506.30885504575195,513.966344954248
level,SVN,reading,P75,2015,570.4721,2.126217559815241,,566.3047135827621,574.6394864172378
level,SVN,reading,P90,2015,620.645,3.370636872643231,,614.0385517296193,627.2514482703807
level,SVN,reading,P90-P10,2015,238.99979999999996,3.9763453064480037,,231.20616319936187,246.79343680063806
level,SVN,science,P10,2015,386.04290000000003,2.638006803651411,,380.87240666484325,391.2133933351568
level,SVN,science,P25,2015,445.4098,2.0594115949033176,,441.3733532739895,449.44624672601054
level,SVN,science,P50,2015,514.8477,1.8080072478652591,,511.30400579418415,518.3913942058159
level,SVN,science,P75,2015,580.7940999999998,2.059936618091818,,576.7566242285399,584.8315757714598
level,SVN,science,P90,2015,636.4689000000001,2.9805895294014846,,630.6269445223732,642.310855477627
level,SVN,science,P90-P10,2015,250.426,3.936246449911951,,242.71095695817257,258.1410430418274
level,SWE,math,P10,2015,375.7878,4.4077881536863535,,367.1485352187747,384.4270647812253
level,SWE,math,P25,2015,432.6920000000001,3.814517632967796,,425.2155454393832,440.168454560617
level,SWE,math,P50,2015,496.1266999999999,3.5306211213074397,,489.2066826022373,503.0467173977625
level,SWE,math,P75,2015,557.2479000000001,3.9549810652728437,,549.4961371120653,564.9996628879348
level,SWE,math,P90,2015,608.7146,3.9448412703597326,,600.9827111100949,616.4464888899051
level,SWE,math,P90-P10,2015,232.92680000000001,4.92186912231748,,223.27993652025776,242.57366347974227
level,SWE,reading,P10,2015,363.9245,4.621506049498963,,354.8663481429821,372.98265185701797
level,SWE,reading,P25,2015,432.9749,4.39844761749971,,424.3539426697006,441.5958573302994
level,SWE,reading,P50,2015,507.0983,4.101613753620505,,499.0591370429038,515.1374629570962
level,SWE,reading,P75,2015,573.2553,3.836121930485996,,565.7365010162475,580.7740989837525
level,SWE,reading,P90,2015,625.492,3.6193837260874537,,618.3980078968685,632.5859921031314
level,SWE,reading,P90-P10,2015,261.5675,4.759450440614619,,252.23897713639533,270.8960228636046
level,SWE,science,P10,2015,356.5496,4.618711482233024,,347.49692549482324,365.60227450517675
level,SWE,science,P25,2015,421.30609999999996,4.24698929818393,,412.98200097555946,429.63019902444046
level,SWE,science,P50,2015,495.87999999999994,4.069365491558714,,487.9040436365449,503.855956363455
level,SWE,science,P75,2015,566.7158000000001,4.23579353840576,,558.4136446647248,575.0179553352754
level,SWE,science,P90,2015,625.2268999999999,4.027651825747166,,617.3327024215355,633.1210975784643
level,SWE,science,P90-P10,2015,268.67729999999995,4.6850856550927285,,259.4945321160182,277.8600678839817
level,TUR,math,P10,2015,317.1257,3.9266053563408234,,309.429553501572,324.821846498428
level,TUR,math,P25,2015,362.7773,3.842816839102389,,355.2453789953593,370.30922100464073
level,TUR,math,P50,2015,417.07849999999996,4.743321295487182,,407.78159026084506,426.37540973915486
level,TUR,math,P75,2015,477.33230000000003,6.039556802908269,,465.4947686662998,489.16983133370024
level,TUR,math,P90,2015,529.3657000000001,6.282495015649964,,517.0520097693261,541.679390230674
level,TUR,math,P90-P10,2015,212.23999999999995,6.945854891988141,,198.6261244117032,225.85387558829672
level,TUR,reading,P10,2015,321.51519999999994,4.9113988864907085,,311.88885818247815,331.1415418175217
level,TUR,reading,P25,2015,371.8208,4.437611678156518,,363.12308111081325,380.5185188891868
level,TUR,reading,P50,2015,428.96669999999995,4.497998073279072,,420.150623776373,437.7827762236269
level,TUR,reading,P75,2015,486.61500000000007,5.154925981147651,,476.51134507695065,496.7186549230495
level,TUR,reading,P90,2015,534.5652,5.871974980078392,,523.0561290390464,546.0742709609536
level,TUR,reading,P90-P10,2015,213.05,6.593474942783287,,200.12678911214476,225.97321088785526
level,TUR,science,P10,2015,324.9823,3.5259122343649483,,318.0715120206447,331.8930879793553
level,TUR,science,P25,2015,367.6791999999999,3.6853620022702995,,360.4558904755501,374.9025095244497
level,TUR,science,P50,2015,421.39969999999994,4.926585078992908,,411.7435932451738,431.05580675482605
level,TUR,science,P75,2015,482.09939999999995,5.549797343497226,,471.2217972067454,492.9770027932545
level,TUR,science,P90,2015,532.2156,6.073985443402596,,520.3105885309309,544.1206114690691
level,TUR,science,P90-P10,2015,207.2333,5.972339872277865,,195.5275138503354,218.93908614966463
level,USA,math,P10,2015,354.8875,3.9319430615013853,,347.18089159945725,362.5941084005427
level,USA,math,P25,2015,408.1,3.8553409723827707,,400.5435316941298,415.65646830587025
level,USA,math,P50,2015,469.85560000000004,3.5001211957588003,,462.99536245631276,476.7158375436873
level,USA,math,P75,2015,531.7776,3.525583578879766,,524.8674561853957,538.6877438146043
level,USA,math,P90,2015,584.5291,4.22271972068292,,576.2525693474614,592.8056306525385
level,USA,math,P90-P10,2015,229.6416,4.792060466774424,,220.24916148512213,239.0340385148779
level,USA,reading,P10,2015,364.054,5.430674143337191,,353.4098786790591,374.69812132094086
level,USA,reading,P25,2015,429.79830000000004,4.723309459125741,,420.5406134601136,439.0559865398865
level,USA,reading,P50,2015,501.1157,3.7455653066140924,,493.77439199903637,508.45700800096364
level,USA,reading,P75,2015,567.5930999999999,3.9450188127279926,,559.8608631270531,575.3253368729468
level,USA,reading,P90,2015,623.5248,3.785119393170526,,616.1059659893858,630.9436340106142
level,USA,reading,P90-P10,2015,259.4708,5.438684014079142,,248.81097933240488,270.1306206675951
level,USA,science,P10,2015,367.5615,3.8863826946718008,,359.94418991844327,375.1788100815568
level,USA,science,P25,2015,424.94000000000005,3.6817789133334298,,417.72371332986654,432.15628667013357
level,USA,science,P50,2015,495.2393,3.824445941934303,,487.7433859538088,502.73521404619123
level,USA,science,P75,2015,567.4855,3.8893792281031194,,559.8623167129178,575.1086832870822
level,USA,science,P90,2015,625.5026,3.8919055751078395,,617.8744650727887,633.1307349272114
level,USA,science,P90-P10,2015,257.9411,4.339329449030365,,249.4360142799005,266.4461857200995
level,AUS,math,P10,2018,371.4833,2.99156432266911,,365.61983392756855,377.3467660724314
level,AUS,math,P25,2018,428.0615000000001,2.2095769778650154,,423.73072912338466,432.3922708766155
level,AUS,math,P50,2018,492.40770000000003,2.056549186136816,,488.37686359517187,496.4385364048282
level,AUS,math,P75,2018,554.9627,2.0267397101694606,,550.9902901680679,558.9351098319322
level,AUS,math,P90,2018,609.2506999999999,2.7035413039608347,,603.9517590442367,614.5496409557632
level,AUS,math,P90-P10,2018,237.76739999999995,3.281722738644034,,231.33522343225764,244.19957656774227
level,AUS,reading,P10,2018,356.6448,2.792794070460614,,351.17092362189715,362.1186763781028
level,AUS,reading,P25,2018,428.75200000000007,2.1891737109390554,,424.4612195265595,433.04278047344064
level,AUS,reading,P50,2018,507.3367,1.947477522620255,,503.5196440556643,511.1537559443357
level,AUS,reading,P75,2018,580.0110999999999,1.985192735675248,,576.1201222380764,583.9020777619235
level,AUS,reading,P90,2018,640.4898,2.1923158891404735,,636.1928608572846,644.7867391427153
level,AUS,reading,P90-P10,2018,283.84499999999997,3.0246888444194595,,277.9166098649378,289.77339013506213
level,AUS,science,P10,2018,368.6599,2.5988478511319855,,363.5661582117813,373.75364178821866
level,AUS,science,P25,2018,432.40989999999994,2.192551962642822,,428.11249815322003,436.70730184677984
level,AUS,science,P50,2018,506.28779999999995,2.277889315060465,,501.8231369424814,510.75246305751847
level,AUS,science,P75,2018,575.1823999999999,2.175023188509836,,570.9193545505207,579.4454454494792
level,AUS,science,P90,2018,630.6431999999999,2.7341403568783833,,625.2842849005183,636.0021150994814
level,AUS,science,P90-P10,2018,261.9833,3.310413198445828,,255.49489013104616,268.4717098689538
level,AUT,math,P10,2018,373.6246,4.365016476741206,,365.06916770558723,382.18003229441274
level,AUT,math,P25,2018,433.4107,4.024272905065519,,425.5231251060716,441.29827489392846
level,AUT,math,P50,2018,503.2416,3.6640995619660797,,496.0599648585465,510.4232351414535
level,AUT,math,P75,2018,566.4083999999999,3.510521815912841,,559.5277772408108,573.289022759189
level,AUT,math,P90,2018,617.6456000000001,3.280766712811027,,611.2152972428904,624.0759027571097
level,AUT,math,P90-P10,2018,244.02100000000002,4.535667442186561,,235.13109181331436,252.91090818668567
level,AUT,reading,P10,2018,349.8399,3.727402028520968,,342.5341920240989,357.1456079759011
level,AUT,reading,P25,2018,412.72710000000006,4.127481509414128,,404.63723624154835,420.8169637584518
level,AUT,reading,P50,2018,488.1626,3.8020858970950266,,480.71051164169376,495.61468835830624
level,AUT,reading,P75,2018,557.7239,2.8639279551382337,,552.110601207929,563.3371987920709
level,AUT,reading,P90,2018,612.042,2.892273217941603,,606.3731444928345,617.7108555071655
level,AUT,reading,P90-P10,2018,262.2021,4.161549349901631,,254.04546327419277,270.35873672580715
level,AUT,science,P10,2018,361.20220000000006,3.1068133680491465,,355.1128457986237,367.2915542013764
level,AUT,science,P25,2018,419.89930000000004,3.5600536382507237,,412.92159486902864,426.87700513097144
level,AUT,science,P50,2018,492.6302999999999,3.535441662649803,,485.7008343412063,499.55976565879354
level,AUT,science,P75,2018,560.1892,3.117093681798977,,554.079696383674,566.2987036163261
level,AUT,science,P90,2018,613.5825000000001,3.320705599550926,,607.0739170248803,620.0910829751199
level,AUT,science,P90-P10,2018,252.38029999999998,3.9421214302143928,,244.65374199677976,260.10685800322017
level,BEL,math,P10,2018,376.5234,4.054254784242784,,368.5770606228841,384.46973937711584
level,BEL,math,P25,2018,439.8344,3.2199281368792474,,433.5233408517167,446.14545914828335
level,BEL,math,P50,2018,514.2278,2.542613469116634,,509.2442776005314,519.2113223994686
level,BEL,math,P75,2018,578.9802000000001,2.57013371431224,,573.9427379199481,584.0176620800521
level,BEL,math,P90,2018,628.3529999999998,3.4060583677389364,,621.6771255992315,635.0288744007681
level,BEL,math,P90-P10,2018,251.82960000000003,5.021971350863007,,241.98653615230853,261.6726638476915
level,BEL,reading,P10,2018,352.3059999999999,3.8291168716385053,,344.8009309315885,359.81106906841137
level,BEL,reading,P25,2018,421.38620000000003,3.1963120967765346,,415.121428290318,427.65097170968204
level,BEL,reading,P50,2018,497.6026,2.6520467129705234,,492.4045884425778,502.8006115574222
level,BEL,reading,P75,2018,567.8217000000001,2.5541359197714244,,562.815593597248,572.8278064027521
level,BEL,reading,P90,2018,623.4654,2.5945521650608963,,618.3800777564807,628.5507222435194
level,BEL,reading,P90-P10,2018,271.15940000000006,3.938821673278553,,263.4393095203741,278.87949047962604
level,BEL,science,P10,2018,362.53340000000003,4.024013050288091,,354.64633442143537,370.4204655785647
level,BEL,science,P25,2018,428.3953,3.371995510574313,,421.7861887992744,435.00441120072566
level,BEL,science,P50,2018,505.4761999999999,2.6279837764804475,,500.3253517980982,510.6270482019016
level,BEL,science,P75,2018,571.1351999999999,2.5061755869806497,,566.2230958495179,576.047304150482
level,BEL,science,P90,2018,623.5968,2.3375554178813944,,619.0151913809525,628.1784086190476
level,BEL,science,P90-P10,2018,261.0634,4.126386452185223,,252.97568255371698,269.151117446283
level,CAN,math,P10,2018,391.79040000000003,3.0379295676130784,,385.8360580474784,397.7447419525217
level,CAN,math,P25,2018,449.4232,2.8299490356620223,,443.8764998901024,454.9699001098976
level,CAN,math,P50,2018,513.4756,2.6194187109611478,,508.3415393265161,518.6096606734839
level,CAN,math,P75,2018,575.9716000000001,2.6728891251893634,,570.7327373146289,581.2104626853712
level,CAN,math,P90,2018,629.1471,2.6661519292793505,,623.9214422186125,634.3727577813876
level,CAN,math,P90-P10,2018,237.3567,3.258987899299078,,230.9690837173738,243.7443162826262
level,CAN,reading,P10,2018,387.5861,2.4168274007466866,,382.8491182945365,392.3230817054635
level,CAN,reading,P25,2018,452.4397,2.2901662246803522,,447.9509741996265,456.92842580037353
level,CAN,reading,P50,2018,524.075,2.15055497630521,,519.8599122464418,528.2900877535583
level,CAN,reading,P75,2018,591.9612,2.046836870094389,,587.949399734615,595.9730002653849
level,CAN,reading,P90,2018,646.3823,2.3411777891812426,,641.7935915332048,650.9710084667952
level,CAN,reading,P90-P10,2018,258.79619999999994,2.8355736607528876,,253.2384756249243,264.3539243750756
level,CAN,science,P10,2018,392.59000000000003,2.3193937099308197,,388.04398832853565,397.1360116714644
level,CAN,science,P25,2018,452.59430000000003,2.5183416921326103,,447.65835028342013,457.53024971657993
level,CAN,science,P50,2018,520.3644,2.6009814816291534,,515.2664762960069,525.4623237039932
level,CAN,science,P75,2018,585.8480000000001,2.5605858034181663,,580.8292518253005,590.8667481746996
level,CAN,science,P90,2018,639.5609000000001,2.5432612260420364,,634.5761079969577,644.5456920030424
level,CAN,science,P90-P10,2018,246.97089999999997,2.6735081673918812,,241.73082399191188,252.21097600808807
level,CHE,math,P10,2018,391.30170000000004,3.464811836080636,,384.510668801282,398.09273119871807
level,CHE,math,P25,2018,447.98109999999997,3.777383889678148,,440.5774275762308,455.38477242376916
level,CHE,math,P50,2018,518.0573,3.6579417826908527,,510.887734105926,525.2268658940741
level,CHE,math,P75,2018,582.101,3.3519218506370034,,575.5312331727515,588.6707668272485
level,CHE,math,P90,2018,635.9727999999999,4.306239210404158,,627.5325711476078,644.413028852392
level,CHE,math,P90-P10,2018,244.67109999999997,4.367772814859105,,236.11026528287613,253.2319347171238
level,CHE,reading,P10,2018,344.7044,4.609602738969061,,335.66957863162065,353.7392213683794
level,CHE,reading,P25,2018,412.7578,4.030999006243161,,404.8570419477634,420.6585580522366
level,CHE,reading,P50,2018,488.0777,3.6309025237841652,,480.96113105338304,495.19426894661694
level,CHE,reading,P75,2018,557.7439,3.7868336093628385,,550.3217061256489,565.1660938743512
level,CHE,reading,P90,2018,615.1979,4.038369247398436,,607.282696275099,623.113103724901
level,CHE,reading,P90-P10,2018,270.4934999999999,5.192223505985773,,260.3167419282678,280.67025807173206
level,CHE,science,P10,2018,366.7846,3.524245510271191,,359.87707879986846,373.69212120013157
level,CHE,science,P25,2018,425.89570000000003,3.8208999826975028,,418.4067360339129,433.38466396608715
level,CHE,science,P50,2018,497.0359,3.8496877881343976,,489.4905119352566,504.58128806474343
level,CHE,science,P75,2018,564.9675,3.9792263830772185,,557.1682162891686,572.7667837108313
level,CHE,science,P90,2018,621.5029999999999,4.629579353101813,,612.4290244679204,630.5769755320795
level,CHE,science,P90-P10,2018,254.71839999999997,4.896140847079908,,245.12196393972334,264.3148360602766
level,CHL,math,P10,2018,310.7085,3.5021034134264712,,303.84437730968415,317.5726226903159
level,CHL,math,P25,2018,358.5657,2.8954090203285574,,352.89069832015605,364.24070167984394
level,CHL,math,P50,2018,415.8844,2.896591859601746,,410.20707995518063,421.5617200448194
level,CHL,math,P75,2018,475.3166,3.1790696252555084,,469.0856235344992,481.5475764655008
level,CHL,math,P90,2018,528.2705,3.538275380354425,,521.3354802545053,535.2055197454946
level,CHL,math,P90-P10,2018,217.56199999999998,4.716750324817583,,208.31716936335752,226.80683063664245
level,CHL,reading,P10,2018,331.2514,3.5816340889630616,,324.2313971856324,338.2714028143676
level,CHL,reading,P25,2018,388.6755,3.148462482087266,,382.50451353510897,394.84648646489103
level,CHL,reading,P50,2018,453.09219999999993,3.196689635909835,,446.82668831361667,459.3577116863832
level,CHL,reading,P75,2018,517.2497000000001,3.3701313606940215,,510.6442425330398,523.8551574669603
level,CHL,reading,P90,2018,571.8504,3.341348137520404,,565.3013576504601,578.39944234954
level,CHL,reading,P90-P10,2018,240.59900000000002,4.392646433276615,,231.98941299077785,249.20858700922219
level,CHL,science,P10,2018,335.75290000000007,3.130348529406203,,329.6174168823639,341.88838311763624
level,CHL,science,P25,2018,384.5063,2.956396480984537,,378.7117628972703,390.3008371027297
level,CHL,science,P50,2018,442.13379999999995,2.872057703304564,,436.504566901523,447.7630330984769
level,CHL,science,P75,2018,501.6387,3.325027248008654,,495.121646593903,508.15575340609695
level,CHL,science,P90,2018,553.3757,3.3284384268168576,,546.851960683439,559.8994393165611
level,CHL,science,P90-P10,2018,217.6228,4.127415009152551,,209.53306658206102,225.712533417939
level,COL,math,P10,2018,290.0758000000001,3.8632261388637357,,282.50387676782714,297.647723232173
level,COL,math,P25,2018,334.73940000000005,3.5254796154408403,,327.829459953736,341.6493400462641
level,COL,math,P50,2018,387.41740000000004,3.527768600687974,,380.5029735426516,394.3318264573485
level,COL,math,P75,2018,444.51759999999996,3.803459306122954,,437.06281975999894,451.972380240001
level,COL,math,P90,2018,498.8089000000001,4.489273028564868,,490.009924864013,507.60787513598723
level,COL,math,P90-P10,2018,208.73309999999998,5.660026841171136,,197.63944739130454,219.82675260869541
level,COL,reading,P10,2018,300.01329999999996,3.725673427195557,,292.71098008269666,307.31561991730325
level,COL,reading,P25,2018,349.88469999999995,3.540245483406168,,342.94581885252387,356.82358114747603
level,COL,reading,P50,2018,407.6717,3.8443861490923794,,400.1367031477789,415.20669685222106
level,COL,reading,P75,2018,472.2660000000001,4.132541876308634,,464.1662179224352,480.365782077565
level,COL,reading,P90,2018,531.5032,4.688065961507421,,522.3145907154454,540.6918092845546
level,COL,reading,P90-P10,2018,231.48990000000003,5.0090730325635695,,221.67211685617545,241.30768314382462
level,COL,science,P10,2018,310.70649999999995,3.6877745898516534,,303.4784618038907,317.9345381961092
level,COL,science,P25,2018,354.5678,3.6003552012266806,,347.51110380559567,361.6244961944043
level,COL,science,P50,2018,408.7806,3.5591010123500446,,401.8047620157939,415.75643798420606
level,COL,science,P75,2018,468.9652,3.984876373030076,,461.154842308861,476.77555769113894
level,COL,science,P90,2018,523.9515,4.128227953506341,,515.8601732111276,532.0428267888724
level,COL,science,P90-P10,2018,213.24499999999998,4.766883824831942,,203.90190770332936,222.5880922966706
level,CRI,math,P10,2018,308.28389999999996,3.3677144022318792,,301.6831797716255,314.88462022837444
level,CRI,math,P25,2018,351.55679999999995,2.652248163455968,,346.35839359962625,356.75520640037365
level,CRI,math,P50,2018,400.8429,3.2533354571372928,,394.4663625040109,407.2194374959891
level,CRI,math,P75,2018,452.3085,4.216981423825442,,444.0432164093021,460.5737835906979
level,CRI,math,P90,2018,498.8412,5.482211638006047,,488.0960651895082,509.58633481049185
level,CRI,math,P90-P10,2018,190.5573,5.249107263991563,,180.26904976257654,200.84555023742345
level,CRI,reading,P10,2018,322.6084,3.1496434088286525,,316.43509891869587,328.78170108130416
level,CRI,reading,P25,2018,369.7634,2.923069571529221,,364.03418363980273,375.49261636019725
level,CRI,reading,P50,2018,424.332,3.4920868156129474,,417.4875098413986,431.1764901586014
level,CRI,reading,P75,2018,482.5822,4.547023317084611,,473.67003429851417,491.49436570148583
level,CRI,reading,P90,2018,533.6357,5.928400524968304,,522.0160349710621,545.255365028938
level,CRI,reading,P90-P10,2018,211.02730000000003,5.2257040408712205,,200.78492007989243,221.26967992010762
level,CRI,science,P10,2018,323.63070000000005,3.2411160552946714,,317.27811253162247,329.9832874683776
level,CRI,science,P25,2018,364.32339999999994,3.0318219316114243,,358.38102901404153,370.26577098595834
level,CRI,science,P50,2018,413.7332,3.3993815106574865,,407.07041223911136,420.39598776088866
level,CRI,science,P75,2018,465.53950000000003,4.250441510596282,,457.2086346392313,473.87036536076874
level,CRI,science,P90,2018,511.8307,5.625860881036585,,500.80401267316824,522.8573873268317
level,CRI,science,P90-P10,2018,188.2,5.445237307551944,,177.52733487719817,198.8726651228018
level,CZE,math,P10,2018,377.5823000000001,4.581679864477173,,368.6022074656248,386.56239253437536
level,CZE,math,P25,2018,434.9874,3.6048812698124237,,427.9218327111676,442.05296728883235
level,CZE,math,P50,2018,501.01629999999994,2.726649063818489,,495.6720678349157,506.3605321650842
level,CZE,math,P75,2018,564.2881,2.770616805875552,,558.857691060484,569.718508939516
level,CZE,math,P90,2018,619.007,3.138062550541522,,612.8563974009386,625.1576025990613
level,CZE,math,P90-P10,2018,241.42470000000003,5.289961096317795,,231.05637625121716,251.7930237487829
level,CZE,reading,P10,2018,362.2878,4.2699948021045655,,353.91861018787506,370.65698981212495
level,CZE,reading,P25,2018,422.064,3.6580041263417575,,414.8943119123702,429.23368808762984
level,CZE,reading,P50,2018,491.6101999999999,3.030555266137063,,485.67031167837126,497.55008832162855
level,CZE,reading,P75,2018,559.8998,2.91757936948118,,554.1813444358169,565.6182555641832
level,CZE,reading,P90,2018,616.4033000000001,2.7782866163838738,,610.9578582318877,621.8487417681124
level,CZE,reading,P90-P10,2018,254.11549999999997,4.806030184685808,,244.6956808380158,263.53531916198415
level,CZE,science,P10,2018,372.8419,4.037368881875092,,364.9286569915248,380.7551430084752
level,CZE,science,P25,2018,430.2258,3.717331777931884,,422.9398297152535,437.5117702847465
level,CZE,science,P50,2018,497.2566,3.0604857723534313,,491.2580478861873,503.2551521138127
level,CZE,science,P75,2018,563.9268,3.1265605385329005,,557.7987413444755,570.0548586555244
level,CZE,science,P90,2018,619.7912,2.933789835879712,,614.0409719216758,625.5414280783242
level,CZE,science,P90-P10,2018,246.9493,4.614773237175953,,237.90434445513512,255.99425554486487
level,DEU,math,P10,2018,372.857,4.154714592952072,,364.713759397814,381.00024060218607
level,DEU,math,P25,2018,433.04650000000004,3.634176512330933,,425.92351403583143,440.16948596416864
level,DEU,math,P50,2018,504.04589999999996,3.5127978504794934,,497.1608162130602,510.93098378693975
level,DEU,math,P75,2018,569.7079,3.3373079584366203,,563.1667764014642,576.2490235985358
level,DEU,math,P90,2018,620.7117000000001,3.216337079833385,,614.4076793235266,627.0157206764735
level,DEU,math,P90-P10,2018,247.8547,4.621694245019292,,238.79617927976219,256.9132207202378
level,DEU,reading,P10,2018,353.9461,4.5279181546882645,,345.071380416811,362.820819583189
level,DEU,reading,P25,2018,424.20650000000006,4.41474076947522,,415.5536080918286,432.8593919081715
level,DEU,reading,P50,2018,503.80690000000004,4.116452214859567,,495.7386536588753,511.8751463411248
level,DEU,reading,P75,2018,575.8749,3.456653945010336,,569.0998582677797,582.6499417322203
level,DEU,reading,P90,2018,632.2541,3.45047864956603,,625.4911618468506,639.0170381531494
level,DEU,reading,P90-P10,2018,278.308,5.195061589304468,,268.1256792849632,288.4903207150368
level,DEU,science,P10,2018,363.4694,4.00502166022718,,355.61955754595476,371.31924245404525
level,DEU,science,P25,2018,430.24179999999996,3.8781573428770364,,422.640611607961,437.84298839203893
level,DEU,science,P50,2018,508.48199999999997,3.948235587997931,,500.743458247524,516.2205417524759
level,DEU,science,P75,2018,577.2314,3.521526233278226,,570.3292085827746,584.1335914172254
level,DEU,science,P90,2018,633.1365,3.293997490216957,,626.6802649191748,639.5927350808252
level,DEU,science,P90-P10,2018,269.6671,4.777780452376506,,260.30265031334204,279.03154968665797
level,DNK,math,P10,2018,400.774,2.5894332800183655,,395.69871077116403,405.84928922883597
level,DNK,math,P25,2018,453.6947,2.284537173647606,,449.2170071396507,458.1723928603493
level,DNK,math,P50,2018,511.5051,2.291556709725704,,507.01364884893763,515.9965511510624
level,DNK,math,P75,2018,567.446,2.3359042511531967,,562.8676276677397,572.0243723322603
level,DNK,math,P90,2018,613.4288,2.7803507266769953,,607.9793125757132,618.8782874242869
level,DNK,math,P90-P10,2018,212.65480000000002,3.6332885764062874,,205.5335543902437,219.77604560975635
level,DNK,reading,P10,2018,380.37460000000004,2.9974004368600653,,374.4996951437543,386.2495048562458
level,DNK,reading,P25,2018,438.5616,2.6627041586827946,,433.34269984898174,443.78050015101826
level,DNK,reading,P50,2018,504.40860000000004,2.1948461358373152,,500.10670157375887,508.7104984262412
level,DNK,reading,P75,2018,566.115,2.1174904490142685,,561.9647187199321,570.2652812800679
level,DNK,reading,P90,2018,618.1512999999999,2.638837410784437,,612.9791786748624,623.3234213251374
level,DNK,reading,P90-P10,2018,237.77669999999998,3.6761080356056586,,230.57152825021288,244.98187174978708
level,DNK,science,P10,2018,371.92040000000003,3.411507527146576,,365.2338452467927,378.60695475320733
level,DNK,science,P25,2018,430.95790000000005,2.560060435701556,,425.940181546025,435.97561845397513
level,DNK,science,P50,2018,495.5902,2.515464680729985,,490.65988922576923,500.52051077423073
level,DNK,science,P75,2018,557.8824,2.588606623799327,,552.8087310173532,562.9560689826467
level,DNK,science,P90,2018,608.6014,3.1368608827580933,,602.4531526697941,614.7496473302059
level,DNK,science,P90-P10,2018,236.68100000000004,4.280558411261582,,228.29110551392733,245.07089448607275
level,ESP,math,P10,2018,364.9416,2.3540383489512875,,360.3276848360555,369.5555151639445
level,ESP,math,P25,2018,420.99300000000005,1.817256235525288,,417.4311777783705,424.5548222216296
level,ESP,math,P50,2018,484.36760000000004,1.631266295448621,,481.17031806092075,487.5648819390793
level,ESP,math,P75,2018,544.2387,1.8092986395900095,,540.6924746664035,547.7849253335964
level,ESP,math,P90,2018,593.4987,2.1653356985054883,,589.2546420309292,597.7427579690708
level,ESP,math,P90-P10,2018,228.55710000000005,2.881692296203744,,222.90898309944072,234.20521690055938
level,ESP,reading,P10,2018,353.2496,2.753646160900932,,347.85245352463414,358.64674647536583
level,ESP,reading,P25,2018,413.24309999999997,2.0858794468201336,,409.1547762842325,417.3314237157674
level,ESP,reading,P50,2018,479.20650000000006,1.8482815028801471,,475.58386825435497,482.82913174564516
level,ESP,reading,P75,2018,542.5147,1.6272173251699753,,539.3253540426668,545.704045957333
level,ESP,reading,P90,2018,594.7133999999999,1.8001332782448123,,591.18513877464,598.2416612253597
level,ESP,reading,P90-P10,2018,241.4638,2.759544013661188,,236.05509373322406,246.87250626677593
level,ESP,science,P10,2018,364.9498,2.3527881436476386,,360.3383352384506,369.56126476154935
level,ESP,science,P25,2018,421.1768,1.9085564978683605,,417.43602926417805,424.917570735822
level,ESP,science,P50,2018,484.986,1.713807416413976,,481.6269374638286,488.3450625361714
level,ESP,science,P75,2018,547.0473000000001,1.7605218766983084,,543.5966771216714,550.4979228783287
level,ESP,science,P90,2018,598.1573000000001,2.215392086692058,,593.8151315100837,602.4994684899165
level,ESP,science,P90-P10,2018,233.20749999999998,2.5084084958838395,,228.29101934806766,238.1239806519323
level,EST,math,P10,2018,418.995,2.8824680196741967,,413.3453626814386,424.6446373185614
level,EST,math,P25,2018,468.0557999999999,2.4406535847095423,,463.2721189739692,472.8394810260306
level,EST,math,P50,2018,523.8797000000001,2.040712025930603,,519.8799044291761,527.879495570824
level,EST,math,P75,2018,579.2760999999999,2.1667944161056565,,575.0291829444328,583.523017055567
level,EST,math,P90,2018,627.6308,2.6782123855703146,,622.3815037242822,632.8800962757178
level,EST,math,P90-P10,2018,208.63580000000002,3.7202580966319583,,201.34409413060138,215.92750586939866
level,EST,reading,P10,2018,401.80920000000003,3.464875965232298,,395.01804310814475,408.6003568918553
level,EST,reading,P25,2018,460.1089999999999,2.6153158323188728,,454.98298096865494,465.2350190313449
level,EST,reading,P50,2018,523.7264,2.278700257700525,,519.260147494907,528.1926525050931
level,EST,reading,P75,2018,587.2644,2.260118502055441,,582.8345677359714,591.6942322640286
level,EST,reading,P90,2018,643.3116000000001,3.10291054952175,,637.2298953229375,649.3933046770627
level,EST,reading,P90-P10,2018,241.5024,4.48345084523815,,232.71483634333322,250.28996365666677
level,EST,science,P10,2018,416.6326,3.482071628993933,,409.8077396071719,423.4574603928281
level,EST,science,P25,2018,469.4488,2.8826323269231278,,463.79884063923066,475.09875936076935
level,EST,science,P50,2018,530.8352,2.4499127160188907,,526.033371076603,535.637028923397
level,EST,science,P75,2018,590.7321999999999,2.390528612276189,,586.0467639199386,595.4176360800612
level,EST,science,P90,2018,643.5582000000002,2.7274806838097976,,638.212337859733,648.9040621402673
level,EST,science,P90-P10,2018,226.92559999999997,4.123447681249269,,218.84364254475142,235.00755745524853
level,FIN,math,P10,2018,398.9986,3.422142921799466,,392.29119987327306,405.70600012672696
level,FIN,math,P25,2018,451.3343,2.5463308815496304,,446.3434914721627,456.32510852783724
level,FIN,math,P50,2018,510.43010000000004,2.4649503141262574,,505.59879738431255,515.2614026156875
level,FIN,math,P75,2018,564.7403,2.3609197773325463,,560.1128972364282,569.3677027635719
level,FIN,math,P90,2018,611.8090999999998,2.5075855834513967,,606.8942322564351,616.7239677435646
level,FIN,math,P90-P10,2018,212.8105,3.4501431593486096,,206.04821940767673,219.57278059232326
level,FIN,reading,P10,2018,386.70829999999995,4.226399663950915,,378.4245566586562,394.99204334134373
level,FIN,reading,P25,2018,455.0898,3.183256116166448,,448.85061801231376,461.3289819876863
level,FIN,reading,P50,2018,526.8987,2.7612600028489473,,521.486630394416,532.3107696055839
level,FIN,reading,P75,2018,591.1847,2.5036107855566394,,586.277622860309,596.0917771396911
level,FIN,reading,P90,2018,642.9918,3.0398833018536884,,637.0336287283668,648.9499712716332
level,FIN,reading,P90-P10,2018,256.28349999999995,4.409145783923329,,247.64157426351022,264.9254257364897
level,FIN,science,P10,2018,393.41220000000004,4.115767059397581,,385.3452965635808,401.4791034364193
level,FIN,science,P25,2018,457.5413,3.2180867399918127,,451.23384998961603,463.8487500103839
level,FIN,science,P50,2018,526.3527999999999,2.919300005804282,,520.6309719886235,532.0746280113763
level,FIN,science,P75,2018,590.488,2.7617544516323558,,585.0749612748007,595.9010387251994
level,FIN,science,P90,2018,643.4440000000001,2.9440201706170486,,637.6737204655907,649.2142795344095
level,FIN,science,P90-P10,2018,250.03180000000003,3.9750948733611557,,242.24061404821217,257.82298595178787
level,FRA,math,P10,2018,370.11859999999996,3.4255785520275386,,363.404466038026,376.83273396197393
level,FRA,math,P25,2018,432.93330000000003,3.19578626336479,,426.669558923805,439.19704107619503
level,FRA,math,P50,2018,501.7183,3.0459011220910606,,495.7483338007015,507.6882661992985
level,FRA,math,P75,2018,562.207,3.224487215305187,,555.8870050580018,568.5269949419982
level,FRA,math,P90,2018,611.1397,3.2531199898456484,,604.7635848199025,617.5158151800974
level,FRA,math,P90-P10,2018,241.02109999999993,4.565618464981246,,232.07248780863668,249.9697121913632
level,FRA,reading,P10,2018,355.40039999999993,3.5362903787412256,,348.46927085766714,362.3315291423327
level,FRA,reading,P25,2018,422.8905,3.020322992477605,,416.97066693474386,428.8103330652561
level,FRA,reading,P50,2018,496.93640000000005,3.035115037083982,,490.9875745273154,502.8852254726847
level,FRA,reading,P75,2018,566.6214000000001,3.3283965134213873,,560.0977428336942,573.1450571663061
level,FRA,reading,P90,2018,621.8851999999999,3.584061761698111,,614.8604389470717,628.9099610529282
level,FRA,reading,P90-P10,2018,266.48479999999995,4.839417378385761,,256.99954193836385,275.97005806163605
level,FRA,science,P10,2018,364.0601,3.502068502169668,,357.1960457357474,370.92415426425254
level,FRA,science,P25,2018,425.0323,3.0548021409831994,,419.04488780367296,431.0197121963271
level,FRA,science,P50,2018,497.0938,3.0769985072939012,,491.06288292570395,503.12471707429603
level,FRA,science,P75,2018,563.1235,2.887856904445849,,557.4633004672862,568.7836995327139
level,FRA,science,P90,2018,614.7786,3.1725136657616417,,608.5604732151072,620.9967267848928
level,FRA,science,P90-P10,2018,250.7185,4.97864955105519,,240.96034687993182,260.4766531200682
level,GBR,math,P10,2018,380.78900000000004,4.005794191335021,,372.9376433849834,388.6403566150167
level,GBR,math,P25,2018,438.71860000000004,2.8582251284669633,,433.11647874820477,444.3207212517953
level,GBR,math,P50,2018,503.78229999999996,2.6501068532964616,,498.5880905675389,508.976509432461
level,GBR,math,P75,2018,566.7142,3.0181117955694616,,560.7987008806839,572.6296991193161
level,GBR,math,P90,2018,620.2032999999999,3.3461750516240416,,613.6447968988168,626.761803101183
level,GBR,math,P90-P10,2018,239.4143,4.455929790801888,,230.68067761002828,248.1479223899717
level,GBR,reading,P10,2018,371.93449999999996,4.271761495175809,,363.56184746945536,380.30715253054456
level,GBR,reading,P25,2018,435.3553,3.2366533811090186,,429.0114593730263,441.6991406269737
level,GBR,reading,P50,2018,506.2973999999999,2.7144009962298017,,500.9771740473895,511.61762595261035
level,GBR,reading,P75,2018,574.8276999999999,3.0597415668829266,,568.8306065289094,580.8247934710905
level,GBR,reading,P90,2018,632.3994,3.489653295099675,,625.5596795416046,639.2391204583954
level,GBR,reading,P90-P10,2018,260.46490000000006,4.440817487993254,,251.76089772353328,269.16890227646684
level,GBR,science,P10,2018,374.0021,3.8390772689106774,,366.47750855293503,381.52669144706493
level,GBR,science,P25,2018,436.6719,3.163094447864479,,430.4722348821856,442.8715651178144
level,GBR,science,P50,2018,506.5353000000001,2.7149396624152744,,501.2140182616662,511.85658173833406
level,GBR,science,P75,2018,574.85,3.2324433097202965,,568.5144111129482,581.1855888870518
level,GBR,science,P90,2018,631.837,3.2124119603154604,,625.5406725577817,638.1333274422183
level,GBR,science,P90-P10,2018,257.83489999999995,4.317724999541628,,249.37215900089836,266.29764099910153
level,GRC,math,P10,2018,333.8483,4.653684901893454,,324.7270775922888,342.96952240771117
level,GRC,math,P25,2018,390.59659999999997,4.056672878727098,,382.6455211576949,398.54767884230506
level,GRC,math,P50,2018,453.554,3.339034540602015,,447.00949230042005,460.0985076995799
level,GRC,math,P75,2018,513.2579999999999,3.158213438445514,,507.0679016606467,519.4480983393531
level,GRC,math,P90,2018,564.9288999999999,3.7681493434369626,,557.5433272868635,572.3144727131363
level,GRC,math,P90-P10,2018,231.0806,5.263819792223135,,220.76351320724265,241.39768679275736
level,GRC,reading,P10,2018,326.17549999999994,4.8921337717923405,,316.58691780728697,335.7640821927129
level,GRC,reading,P25,2018,390.19809999999995,4.929100649036631,,380.53706272788816,399.85913727211175
level,GRC,reading,P50,2018,459.73049999999995,4.093376845452768,,451.70748138291253,467.75351861708737
level,GRC,reading,P75,2018,526.4557,3.739130370152927,,519.1270044745003,533.7843955254997
level,GRC,reading,P90,2018,582.8589,3.926520325512997,,575.1629201619945,590.5548798380054
level,GRC,reading,P90-P10,2018,256.6834,4.947622094726134,,246.98606069433677,266.3807393056632
level,GRC,science,P10,2018,338.2405,4.635585369784006,,329.15475267522334,347.32624732477666
level,GRC,science,P25,2018,391.6209,4.130496690942739,,383.52512648575225,399.71667351424776
level,GRC,science,P50,2018,453.1785,3.639284690628697,,446.0455020063677,460.31149799363226
level,GRC,science,P75,2018,512.8458,3.346208044272738,,506.2872322332255,519.4043677667746
level,GRC,science,P90,2018,561.3307000000001,3.4328018316756257,,554.6024084099158,568.0589915900844
level,GRC,science,P90-P10,2018,223.0902,4.862253599412514,,213.5601829451515,232.62021705484852
level,HUN,math,P10,2018,360.09450000000004,4.019166537770401,,352.2169335859701,367.97206641403
level,HUN,math,P25,2018,417.89189999999996,3.3146008928510398,,411.3952822500119,424.388517749988
level,HUN,math,P50,2018,484.0321,2.9178400545418715,,478.31313349309795,489.7510665069021
level,HUN,math,P75,2018,546.0342,2.992426157726279,,540.1690447308565,551.8993552691436
level,HUN,math,P90,2018,597.2959,3.662111605875628,,590.1181612524838,604.4736387475161
level,HUN,math,P90-P10,2018,237.2014,5.728023766341917,,225.97447341796985,248.42832658203017
level,HUN,reading,P10,2018,345.59880000000004,3.9949701184392077,,337.7686585678592,353.4289414321409
level,HUN,reading,P25,2018,406.6927,2.974356106603396,,400.86296203105735,412.52243796894265
level,HUN,reading,P50,2018,479.0553999999999,3.114919418522556,,472.9501579396957,485.1606420603041
level,HUN,reading,P75,2018,547.2421999999999,2.9467885856188114,,541.4664943721871,553.0179056278128
level,HUN,reading,P90,2018,601.7553,3.6542242754105723,,594.5930204201953,608.9175795798047
level,HUN,reading,P90-P10,2018,256.15649999999994,5.306977002965045,,245.75482507418846,266.55817492581144
level,HUN,science,P10,2018,356.3785,3.872387526234085,,348.7886204485812,363.96837955141876
level,HUN,science,P25,2018,412.2423,3.0584619114661025,,406.24771465352643,418.23688534647357
level,HUN,science,P50,2018,483.53270000000003,3.052060462849465,,477.5506614928151,489.514738507185
level,HUN,science,P75,2018,548.8879,3.265395394469439,,542.4877250268398,555.2880749731601
level,HUN,science,P90,2018,601.9173,3.588300063555328,,594.8842318754315,608.9503681245684
level,HUN,science,P90-P10,2018,245.53879999999998,5.216792759445222,,235.31388619148734,255.76371380851262
level,IRL,math,P10,2018,397.24469999999997,3.2529693910162893,,390.86887999360806,403.62052000639187
level,IRL,math,P25,2018,447.4875,2.649351724164485,,442.2947706206376,452.6802293793624
level,IRL,math,P50,2018,502.0572,2.491457052386999,,497.1739441773215,506.94045582267853
level,IRL,math,P75,2018,553.7915,2.2619723922571047,,549.3580341111762,558.2249658888239
level,IRL,math,P90,2018,598.7778999999999,3.0057900453402766,,592.886551511133,604.6692484888669
level,IRL,math,P90-P10,2018,201.5332,3.3170231192039212,,195.0318346863603,208.0345653136397
level,IRL,reading,P10,2018,398.11449999999996,3.530466322912919,,391.19478600709067,405.03421399290926
level,IRL,reading,P25,2018,456.00429999999994,2.7969703060236015,,450.52223820019367,461.4863617998062
level,IRL,reading,P50,2018,519.9545,2.4211232411607804,,515.2090984473249,524.6999015526752
level,IRL,reading,P75,2018,582.6446,2.6068747725964916,,577.5351254457108,587.7540745542891
level,IRL,reading,P90,2018,634.5541000000001,2.796887378557346,,629.0722007380276,640.0359992619725
level,IRL,reading,P90-P10,2018,236.43959999999998,3.3271517380152558,,229.9183825934901,242.96081740650988
level,IRL,science,P10,2018,379.89250000000004,3.510261055739936,,373.0123883307498,386.7726116692503
level,IRL,science,P25,2018,435.3017999999999,2.602675231799429,,430.200556545673,440.4030434543268
level,IRL,science,P50,2018,497.64279999999997,2.5543911794746275,,492.6361932882297,502.6494067117702
level,IRL,science,P75,2018,558.1681999999998,2.573928145634391,,553.1233008345564,563.2130991654433
level,IRL,science,P90,2018,609.9123,3.2051830835209523,,603.6301411562989,616.194458843701
level,IRL,science,P90-P10,2018,230.01980000000003,4.003172214423626,,222.17358245972972,237.86601754027035
level,ISL,math,P10,2018,374.01489999999995,4.2093644317033085,,365.7645457138615,382.26525428613843
level,ISL,math,P25,2018,433.9023000000001,3.4430047275437903,,427.15401073401426,440.6505892659859
level,ISL,math,P50,2018,499.3041999999999,2.6806038794147384,,494.050216396347,504.5581836036528
level,ISL,math,P75,2018,558.5469999999999,2.7338162162889708,,553.1887202160735,563.9052797839263
level,ISL,math,P90,2018,608.8192,2.9571112411909404,,603.0232619672657,614.6151380327343
level,ISL,math,P90-P10,2018,234.8043,4.732907319502464,,225.52780165377519,244.08079834622484
level,ISL,reading,P10,2018,331.71320000000003,3.966913946844148,,323.9380486641855,339.48835133581457
level,ISL,reading,P25,2018,402.4798,3.3412348177316415,,395.930979757246,409.028620242754
level,ISL,reading,P50,2018,477.44449999999995,2.653980093494803,,472.2426990167501,482.6463009832498
level,ISL,reading,P75,2018,549.4390000000001,2.9565088624742653,,543.6442426295505,555.2337573704497
level,ISL,reading,P90,2018,608.6995999999999,3.332547622482116,,602.167806659935,615.2313933400649
level,ISL,reading,P90-P10,2018,276.9864,5.834966462628565,,265.549865733248,288.422934266752
level,ISL,science,P10,2018,354.0191,3.132748665043741,,347.87891261651424,360.1592873834857
level,ISL,science,P25,2018,409.50469999999996,2.9580334400108175,,403.7069544575788,415.30244554242114
level,ISL,science,P50,2018,475.6286999999999,2.64153790969074,,470.4512856970061,480.80611430299376
level,ISL,science,P75,2018,540.0031000000001,2.747368200357087,,534.6182583273003,545.3879416727
level,ISL,science,P90,2018,594.4799,3.076434914438753,,588.4500875677,600.5097124323
level,ISL,science,P90-P10,2018,240.4608,4.067543651476493,,232.48841444310608,248.43318555689393
level,ISR,math,P10,2018,315.3301,5.534831309734946,,304.4818306329195,326.1783693670805
level,ISR,math,P25,2018,387.9543,4.9949768994572015,,378.1641452770639,397.7444547229361
level,ISR,math,P50,2018,468.2931999999999,4.030307097755979,,460.39379808839817,476.1926019116016
level,ISR,math,P75,2018,542.059,3.565261960922373,,535.0710865565921,549.0469134434078
level,ISR,math,P90,2018,600.3898999999999,3.8654298251725234,,592.8136575426618,607.966142457338
level,ISR,math,P90-P10,2018,285.05980000000005,6.1002039981827165,,273.1034001635619,297.0161998364382
level,ISR,reading,P10,2018,295.9503000000001,5.884020518460714,,284.4176197838171,307.4829802161831
level,ISR,reading,P25,2018,381.1889,5.836706485158291,,369.74895528908974,392.62884471091024
level,ISR,reading,P50,2018,478.59840000000014,4.88993874904834,,469.0141200518654,488.1826799481349
level,ISR,reading,P75,2018,563.3931,3.765668101413087,,556.0123905212304,570.7738094787696
level,ISR,reading,P90,2018,627.8028999999999,3.723738308623622,,620.5043729150976,635.1014270849022
level,ISR,reading,P90-P10,2018,331.8526,6.139682570106263,,319.81882216259174,343.88637783740825
level,ISR,science,P10,2018,313.88069999999993,4.953288979332599,,304.17225360050804,323.5891463994918
level,ISR,science,P25,2018,381.2947,5.07164415955133,,371.35427744727934,391.2351225527206
level,ISR,science,P50,2018,464.40340000000003,4.966789573870744,,454.66849243521335,474.1383075647867
level,ISR,science,P75,2018,544.4992,3.7326601597698867,,537.183186086851,551.8152139131489
level,ISR,science,P90,2018,607.0746,3.811550291402287,,599.6039614288516,614.5452385711485
level,ISR,science,P90-P10,2018,293.1939,5.468502305831905,,282.47563548056945,303.9121645194305
level,ITA,math,P10,2018,363.30039999999997,4.737754603184934,,354.0144009777575,372.58639902224246
level,ITA,math,P25,2018,423.3482,3.1161922995504874,,417.24046309288104,429.455936907119
level,ITA,math,P50,2018,490.24140000000006,3.4720123439680717,,483.4362558058226,497.0465441941775
level,ITA,math,P75,2018,551.9656,3.303712625970961,,545.4903232530969,558.4408767469031
level,ITA,math,P90,2018,604.7995,3.940442698620434,,597.076232310704,612.522767689296
level,ITA,math,P90-P10,2018,241.4991,5.584639262397451,,230.553207045701,252.444992954299
level,ITA,reading,P10,2018,345.1109,4.620866703576529,,336.05400126099,354.16779873901004
level,ITA,reading,P25,2018,413.14219999999995,3.2365240365072,,406.79861288844586,419.48578711155403
level,ITA,reading,P50,2018,481.3391,2.9182513208540986,,475.61932741112594,487.058872588874
level,ITA,reading,P75,2018,544.6338,2.9654302647339446,,538.8215566811214,550.4460433188785
level,ITA,reading,P90,2018,598.1797999999999,3.373907715921637,,591.5669408767935,604.7926591232062
level,ITA,reading,P90-P10,2018,253.06889999999999,5.6046481633055665,,242.0837895999211,264.0540104000789
level,ITA,science,P10,2018,347.9662,3.8994931850177657,,340.3231933573652,355.60920664263483
level,ITA,science,P25,2018,406.84749999999997,3.104841329189695,,400.76201099478817,412.93298900521177
level,ITA,science,P50,2018,470.11850000000004,2.9617339282364084,,464.3135015006567,475.9234984993434
level,ITA,science,P75,2018,531.5676000000001,3.0286358132737643,,525.6314738059835,537.5037261940166
level,ITA,science,P90,2018,582.8424,3.7193510639178218,,575.5524719147211,590.1323280852789
level,ITA,science,P90-P10,2018,234.87619999999998,5.089548223347305,,224.90068548223925,244.8517145177607
level,JPN,math,P10,2018,412.5611,3.9244489257162662,,404.8691801055961,420.2530198944039
level,JPN,math,P25,2018,468.36569999999995,3.1321453951990623,,462.2266950254098,474.5047049745901
level,JPN,math,P50,2018,530.2270000000001,2.8912790287729475,,524.5600931036051,535.893906896395
level,JPN,math,P75,2018,588.6664,2.8449008453722864,,583.0903943430702,594.2424056569297
level,JPN,math,P90,2018,636.5076,3.8102326600732543,,629.0395439862565,643.9756560137436
level,JPN,math,P90-P10,2018,223.94650000000001,5.069083145895319,,214.01109703404518,233.88190296595485
level,JPN,reading,P10,2018,374.4346,4.46394188358227,,365.6852739081787,383.18392609182126
level,JPN,reading,P25,2018,438.48040000000003,3.6730430296659704,,431.28123566185474,445.6795643381453
level,JPN,reading,P50,2018,507.8547,3.0289363475025715,,501.91798475889493,513.791415241105
level,JPN,reading,P75,2018,572.3683000000001,3.118723007008551,,566.2556029062633,578.4809970937368
level,JPN,reading,P90,2018,626.9599000000001,3.737440926995077,,619.6345157830897,634.2852842169104
level,JPN,reading,P90-P10,2018,252.52530000000002,5.269731362697724,,242.19662652911248,262.8539734708876
level,JPN,science,P10,2018,404.8179999999999,4.390713567734627,,396.21220140724006,413.4237985927598
level,JPN,science,P25,2018,466.27850000000007,3.6868289866315545,,459.05231518620224,473.5046848137979
level,JPN,science,P50,2018,533.6461999999999,2.915647253660455,,527.9315313828254,539.3608686171744
level,JPN,science,P75,2018,595.2005999999999,2.9715390381080327,,589.3763834853081,601.0248165146917
level,JPN,science,P90,2018,645.6374,3.4746540987717234,,638.8270779664074,652.4477220335925
level,JPN,science,P90-P10,2018,240.81939999999994,5.062995041804139,,230.89592971806383,250.74287028193606
level,KOR,math,P10,2018,393.2744,4.446682523834797,,384.5589022532838,401.9898977467162
level,KOR,math,P25,2018,459.6165,3.7851512345391587,,452.1976035803032,467.0353964196967
level,KOR,math,P50,2018,530.1211999999999,3.4415698655474753,,523.3757230635268,536.866676936473
level,KOR,math,P75,2018,595.5005,3.558964533946475,,588.5249295134649,602.476070486535
level,KOR,math,P90,2018,651.3852999999999,4.6444309861381265,,642.2822152671691,660.4883847328307
level,KOR,math,P90-P10,2018,258.1109,5.546103226640803,,247.24053767578405,268.981262324216
level,KOR,reading,P10,2018,377.2018,4.9276910697494944,,367.543525503291,386.860074496709
level,KOR,reading,P25,2018,448.84350000000006,3.8265556756551837,,441.3434508757159,456.3435491242842
level,KOR,reading,P50,2018,522.0015000000001,3.0557386200211654,,516.0122523047586,527.9907476952416
level,KOR,reading,P75,2018,585.4282999999999,3.07610412616349,,579.3991359127194,591.4574640872804
level,KOR,reading,P90,2018,639.5370999999999,3.860381668378861,,631.9707519299774,647.1034480700224
level,KOR,reading,P90-P10,2018,262.3353,5.282778854710627,,251.98105344476718,272.6895465552328
level,KOR,science,P10,2018,387.6519,4.053331702028182,,379.70736986402477,395.59643013597525
level,KOR,science,P25,2018,452.70290000000006,3.674050530938421,,445.50176095936075,459.90403904063936
level,KOR,science,P50,2018,524.1796,3.3456093357978616,,517.6222057018363,530.7369942981638
level,KOR,science,P75,2018,588.5070999999999,3.065333382267654,,582.4990465707554,594.5151534292445
level,KOR,science,P90,2018,641.5667999999998,3.752630714134638,,634.211643800296,648.9219561997037
level,KOR,science,P90-P10,2018,253.91490000000005,4.81049591044877,,244.48632801552046,263.3434719844796
level,LTU,math,P10,2018,361.9177,3.621685289183598,,354.8191968332002,369.01620316679987
level,LTU,math,P25,2018,418.2336,2.799848810303075,,412.745896331806,423.721303668194
level,LTU,math,P50,2018,482.85570000000007,2.3021909343782307,,478.3434057686187,487.36799423138143
level,LTU,math,P75,2018,544.6270000000001,2.1542280539286676,,540.4047130142999,548.8492869857002
level,LTU,math,P90,2018,598.3644,2.7542351880533302,,592.9660990314155,603.7627009685846
level,LTU,math,P90-P10,2018,236.44670000000002,4.012034423041091,,228.5831125308395,244.31028746916056
level,LTU,reading,P10,2018,350.6022,2.6595504433184827,,345.38948113109575,355.8149188689042
level,LTU,reading,P25,2018,409.61809999999997,2.5991306809521237,,404.52380386533383,414.7123961346661
level,LTU,reading,P50,2018,478.9071,2.302202669425761,,474.3947827679255,483.4194172320745
level,LTU,reading,P75,2018,543.2212999999999,1.9205560972743656,,539.4570100493422,546.9855899506576
level,LTU,reading,P90,2018,597.072,1.8177435461154732,,593.5092226496137,600.6347773503863
level,LTU,reading,P90-P10,2018,246.46980000000002,3.132100749585739,,240.33088253081198,252.60871746918806
level,LTU,science,P10,2018,364.0734,2.9027307982694843,,358.3840476353918,369.76275236460816
level,LTU,science,P25,2018,418.19169999999997,2.7865269362894547,,412.73010720487264,423.6532927951273
level,LTU,science,P50,2018,482.7384,2.1601311054604473,,478.5045430332975,486.9722569667025
level,LTU,science,P75,2018,545.5009,1.7578736313765164,,542.055467682502,548.946332317498
level,LTU,science,P90,2018,598.8328,2.302494066948573,,594.3199116287808,603.3456883712192
level,LTU,science,P90-P10,2018,234.7594,3.356827853461935,,228.18001740721462,241.33878259278538
level,LUX,math,P10,2018,353.4812,2.8958544835678564,,347.805325212207,359.157074787793
level,LUX,math,P25,2018,412.85560000000004,2.0987643205785007,,408.74202193166616,416.9691780683339
level,LUX,math,P50,2018,485.3709999999999,1.9507492288577,,481.5475315114388,489.19446848856103
level,LUX,math,P75,2018,554.7951,1.985235368497479,,550.904038677745,558.6861613222551
level,LUX,math,P90,2018,610.8246000000001,2.4097868713966117,,606.1014177320628,615.5477822679375
level,LUX,math,P90-P10,2018,257.34340000000003,4.209923443748371,,249.09195005025322,265.59484994974684
level,LUX,reading,P10,2018,325.2567,2.0869273150575567,,321.1663224624872,329.34707753751286
level,LUX,reading,P25,2018,392.3576999999999,1.9700763522992903,,388.4963503494933,396.2190496505065
level,LUX,reading,P50,2018,471.5424,1.7512144186249636,,468.11001973949504,474.97478026050493
level,LUX,reading,P75,2018,547.9496000000001,1.938246624171207,,544.1506366166245,551.7485633833758
level,LUX,reading,P90,2018,612.0459,2.8301788700834205,,606.4987494146364,617.5930505853635
level,LUX,reading,P90-P10,2018,286.78920000000005,3.531257212618004,,279.86793586326877,293.71046413673133
level,LUX,science,P10,2018,347.39520000000005,2.5801560368404894,,342.3380941677927,352.4523058322074
level,LUX,science,P25,2018,403.7265,2.1140448871771804,,399.5829720211327,407.87002797886726
level,LUX,science,P50,2018,477.0982,1.704234157098782,,473.7579010520864,480.4384989479136
level,LUX,science,P75,2018,548.7569,2.203224667138805,,544.438579652408,553.075220347592
level,LUX,science,P90,2018,605.7911999999999,2.8568744467414864,,600.1917260843866,611.3906739156132
level,LUX,science,P90-P10,2018,258.39599999999996,4.262992105056927,,250.0405354740884,266.75146452591156
level,LVA,math,P10,2018,392.6049,3.1509271440676376,,386.4290827976274,398.78071720237256
level,LVA,math,P25,2018,441.3808,2.4271422847776294,,436.62360112183586,446.1379988781642
level,LVA,math,P50,2018,496.6049000000001,2.376661693426304,,491.94664308088454,501.26315691911566
level,LVA,math,P75,2018,550.9871999999999,2.4828230865063365,,546.1208667504475,555.8535332495524
level,LVA,math,P90,2018,599.4691999999999,3.078200069755773,,593.4359278632786,605.5024721367212
level,LVA,math,P90-P10,2018,206.86429999999996,4.081638569523544,,198.8642884037338,214.8643115962661
level,LVA,reading,P10,2018,359.98130000000003,3.225428891894327,,353.6594593718871,366.30314062811294
level,LVA,reading,P25,2018,415.2108999999999,2.336021139078631,,410.6322985674058,419.789501432594
level,LVA,reading,P50,2018,480.4863,2.1856015480106827,,476.2025209658991,484.77007903410095
level,LVA,reading,P75,2018,542.3479,2.293004527421989,,537.8536111262529,546.8421888737471
level,LVA,reading,P90,2018,594.6808,2.6770896900054293,,589.4337042075894,599.9278957924106
level,LVA,reading,P90-P10,2018,234.69950000000003,4.101837387277404,,226.65989872093633,242.73910127906373
level,LVA,science,P10,2018,376.8393,3.2763788499398725,,370.4175974541178,383.26100254588215
level,LVA,science,P25,2018,428.9325,2.787684841903363,,423.4686377098694,434.3963622901306
level,LVA,science,P50,2018,488.5991,2.2137959704744463,,484.2600598978701,492.9381401021299
level,LVA,science,P75,2018,546.3201,2.2543388694544886,,541.9015958158692,550.7386041841308
level,LVA,science,P90,2018,595.3965000000001,2.6757178866406814,,590.1520929421844,600.6409070578158
level,LVA,science,P90-P10,2018,218.55720000000002,4.340492759084687,,210.04983419219403,227.06456580780602
level,MEX,math,P10,2018,311.0766,3.632487757186674,,303.9569239959141,318.19627600408586
level,MEX,math,P25,2018,355.68710000000004,2.6526276525990817,,350.4879498009058,360.88625019909426
level,MEX,math,P50,2018,407.8199,2.6868208712983526,,402.55373109225525,413.0860689077448
level,MEX,math,P75,2018,461.03290000000004,3.1341154631995733,,454.8900336921289,467.1757663078712
level,MEX,math,P90,2018,509.59630000000004,3.6408595384728693,,502.4602153045932,516.7323846954068
level,MEX,math,P90-P10,2018,198.5197,4.670507140736072,,189.3655060041573,207.6738939958427
level,MEX,reading,P10,2018,313.7835,3.5115992800052434,,306.90076541118975,320.66623458881025
level,MEX,reading,P25,2018,362.43809999999996,2.827033385213401,,356.8971145649817,367.97908543501825
level,MEX,reading,P50,2018,418.6264,2.9385792944890885,,412.86678458280136,424.3860154171986
level,MEX,reading,P75,2018,476.3534000000001,3.5434635412733293,,469.40821145910434,483.2985885408958
level,MEX,reading,P90,2018,530.2212,4.192657091339043,,522.0035921009754,538.4388078990245
level,MEX,reading,P90-P10,2018,216.4377,4.7957306004635285,,207.03806802309148,225.83733197690853
level,MEX,science,P10,2018,326.01840000000004,3.8557657877521567,,318.4610990560058,333.57570094399426
level,MEX,science,P25,2018,366.9009,2.74444268679656,,361.5217923338787,372.28000766612126
level,MEX,science,P50,2018,415.5657,2.668738360057884,,410.3349728142865,420.79642718571347
level,MEX,science,P75,2018,468.58360000000005,3.018440655831712,,462.6674563145699,474.4997436854302
level,MEX,science,P90,2018,517.613,4.28350004973866,,509.21733990251226,526.0086600974878
level,MEX,science,P90-P10,2018,191.59459999999996,5.192143987527904,,181.41799778444528,201.77120221555464
level,NLD,math,P10,2018,394.188,4.808436092951636,,384.7634652578148,403.6125347421852
level,NLD,math,P25,2018,452.9706,4.0407408366398405,,445.0507479601859,460.8904520398141
level,NLD,math,P50,2018,524.3393,3.039341210598844,,518.3821912272263,530.2964087727737
level,NLD,math,P75,2018,587.9133999999999,2.66277365708933,,582.6943636321048,593.132436367895
level,NLD,math,P90,2018,637.6233,3.642539795023965,,630.483922001753,644.762677998247
level,NLD,math,P90-P10,2018,243.4353,5.845641290882186,,231.97784306987091,254.8927569301291
level,NLD,reading,P10,2018,343.71849999999995,4.44276472036901,,335.0106811480767,352.4263188519232
level,NLD,reading,P25,2018,410.4353,3.4855995995428604,,403.60352478489597,417.267075215104
level,NLD,reading,P50,2018,486.4085,3.6671688613667346,,479.22084903172123,493.5961509682788
level,NLD,reading,P75,2018,562.1848,3.3606824858286597,,555.5978623277758,568.7717376722242
level,NLD,reading,P90,2018,620.5354,3.3011775146655387,,614.0650920712555,627.0057079287444
level,NLD,reading,P90-P10,2018,276.8168999999999,5.099481581113026,,266.82191610101836,286.8118838989815
level,NLD,science,P10,2018,363.90420000000006,5.165886213150868,,353.77906302222436,374.02933697777576
level,NLD,science,P25,2018,427.7524,4.493844324492982,,418.9444651239938,436.56033487600627
level,NLD,science,P50,2018,507.89880000000005,3.660871968534274,,500.7234909416729,515.0741090583273
level,NLD,science,P75,2018,581.4061,3.1370531166473206,,575.2574758913713,587.5547241086288
level,NLD,science,P90,2018,636.1886999999999,3.5165507161769307,,629.2962605962931,643.0811394037067
level,NLD,science,P90-P10,2018,272.2844999999999,6.100090930925175,,260.3283217753866,284.24067822461325
level,NOR,math,P10,2018,380.67019999999997,3.85076435125403,,373.12270187154206,388.21769812845787
level,NOR,math,P25,2018,440.55589999999995,2.9143984446003395,,434.8436790485833,446.2681209514166
level,NOR,math,P50,2018,503.7921,2.8358451121314725,,498.2338435802223,509.3503564197777
level,NOR,math,P75,2018,565.1701,2.4457165370182246,,560.3764955874443,569.9637044125558
level,NOR,math,P90,2018,616.7028,3.052267071283982,,610.7203565402834,622.6852434597166
level,NOR,math,P90-P10,2018,236.0326,4.646097463941575,,226.92624897067452,245.13895102932548
level,NOR,reading,P10,2018,356.22740000000005,4.334965471283736,,347.73086767628394,364.72393232371616
level,NOR,reading,P25,2018,430.3229,3.164812406148441,,424.11986768394905,436.52593231605096
level,NOR,reading,P50,2018,506.14669999999995,2.6646155639958455,,500.9240534945681,511.3693465054318
level,NOR,reading,P75,2018,575.8441,3.0765792024404317,,569.8140047632168,581.8741952367833
level,NOR,reading,P90,2018,631.7914999999999,2.8559782709062933,,626.1937825890236,637.3892174109762
level,NOR,reading,P90-P10,2018,275.5641,4.746502161592258,,266.2609557632792,284.8672442367208
level,NOR,science,P10,2018,357.0723,3.8828922852544943,,349.4618311209012,364.6827688790988
level,NOR,science,P25,2018,424.05920000000003,3.326373114803705,,417.53950869498476,430.5788913050153
level,NOR,science,P50,2018,494.5505999999999,2.4963722536690875,,489.6577103828085,499.44348961719135
level,NOR,science,P75,2018,560.2444,2.8020326526767363,,554.7524160007537,565.7363839992464
level,NOR,science,P90,2018,615.7346,2.9260331695735244,,609.9995749876359,621.4696250123641
level,NOR,science,P90-P10,2018,258.6623000000001,4.4324215669566325,,249.97475372876508,267.3498462712351
level,NZL,math,P10,2018,372.3203,3.0082495123133195,,366.42413095586585,378.2164690441341
level,NZL,math,P25,2018,430.23310000000004,2.5419601978044826,,425.25085801230324,435.21534198769683
level,NZL,math,P50,2018,495.6456,2.261514656645459,,491.2130312729749,500.0781687270251
level,NZL,math,P75,2018,560.0914999999999,2.162407957964125,,555.8531804023902,564.3298195976096
level,NZL,math,P90,2018,614.1643,2.202050661441644,,609.8482807035745,618.4803192964256
level,NZL,math,P90-P10,2018,241.844,3.687677844072976,,234.61615142561695,249.07184857438304
level,NZL,reading,P10,2018,361.73789999999997,3.7242251901868433,,354.4384186272338,369.03738137276616
level,NZL,reading,P25,2018,431.5951,3.2398806846171926,,425.2449338581503,437.9452661418497
level,NZL,reading,P50,2018,510.97259999999994,2.886126465716818,,505.315792127195,516.6294078728049
level,NZL,reading,P75,2018,584.269,2.0677565083388756,,580.2161972436558,588.3218027563443
level,NZL,reading,P90,2018,640.0572000000001,2.8714091093630913,,634.4292381456485,645.6851618543517
level,NZL,reading,P90-P10,2018,278.31929999999994,4.4892043047119685,,269.5204595627645,287.1181404372354
level,NZL,science,P10,2018,370.6447,3.6566939521923407,,363.477579853703,377.811820146297
level,NZL,science,P25,2018,436.55030000000005,2.8050979248107866,,431.0523080673709,442.0482919326292
level,NZL,science,P50,2018,512.2831,2.6944552952931544,,507.0019676212254,517.5642323787746
level,NZL,science,P75,2018,582.4078000000002,2.670073491081806,,577.1744559574798,587.6411440425205
level,NZL,science,P90,2018,639.941,2.921518369691435,,634.2148239954048,645.6671760045953
level,NZL,science,P90-P10,2018,269.2963,4.464810069246457,,260.54527226427695,278.047327735723
level,POL,math,P10,2018,398.2018,3.7966716175706696,,390.76032362956147,405.6432763704385
level,POL,math,P25,2018,454.78280000000007,2.9312996444504864,,449.0374526968771,460.52814730312303
level,POL,math,P50,2018,516.7760999999999,2.756233988212496,,511.3738813831034,522.1783186168964
level,POL,math,P75,2018,577.9603999999999,3.128728924996702,,571.8280913070064,584.0927086929935
level,POL,math,P90,2018,630.7466999999999,4.2449883049178,,622.4265229223611,639.0668770776388
level,POL,math,P90-P10,2018,232.5449,5.37741475933268,,222.00516707170794,243.08463292829208
level,POL,reading,P10,2018,384.2295,3.5871463083100235,,377.1986932357123,391.26030676428763
level,POL,reading,P25,2018,445.6853,2.8759107084152986,,440.048515011506,451.32208498849394
level,POL,reading,P50,2018,514.5380000000001,3.3149408530838707,,508.0407159279557,521.0352840720445
level,POL,reading,P75,2018,581.355,3.4046899866213933,,574.681807626222,588.028192373778
level,POL,reading,P90,2018,635.9680999999999,3.963887830498958,,628.198879852222,643.7373201477778
level,POL,reading,P90-P10,2018,251.7386,4.551762734003889,,242.81714504135238,260.6600549586476
level,POL,science,P10,2018,391.57019999999994,3.371670978000211,,384.96172488311953,398.17867511688036
level,POL,science,P25,2018,447.79499999999996,2.824030704212218,,442.259899819744,453.3301001802559
level,POL,science,P50,2018,511.22119999999995,3.001012268292887,,505.3392159541459,517.103184045854
level,POL,science,P75,2018,575.745,3.3759823035509133,,569.1280746850402,582.3619253149598
level,POL,science,P90,2018,629.7909999999999,4.039718189772367,,621.8731523480461,637.7088476519538
level,POL,science,P90-P10,2018,238.2208,4.581265371537039,,229.2415198717874,247.2000801282126
level,PRT,math,P10,2018,361.73319999999995,3.768385954224967,,354.347163529719,369.1192364702809
level,PRT,math,P25,2018,426.03600000000006,3.6498227683759583,,418.8823473739832,433.18965262601694
level,PRT,math,P50,2018,497.2933,3.15233209976713,,491.1147290844564,503.47187091554355
level,PRT,math,P75,2018,561.7103,3.0284047245299917,,555.7746267399211,567.6459732600788
level,PRT,math,P90,2018,613.9973,3.611211938378708,,606.9193246007777,621.0752753992223
level,PRT,math,P90-P10,2018,252.2641,4.424045363628689,,243.5929710872878,260.93522891271226
level,PRT,reading,P10,2018,362.1077,3.9999218552783433,,354.2678531636545,369.94754683634557
level,PRT,reading,P25,2018,425.10560000000004,3.410343455170202,,418.42132682786644,431.78987317213364
level,PRT,reading,P50,2018,497.1792999999999,2.9070627913372955,,491.4814569289788,502.877143071021
level,PRT,reading,P75,2018,561.9336999999999,2.8841811063878104,,556.2807050314798,567.5866949685201
level,PRT,reading,P90,2018,612.5511,2.6571199684369913,,607.3431448618635,617.7590551381365
level,PRT,reading,P90-P10,2018,250.44340000000003,4.125967012511525,,242.35650465547744,258.53029534452264
level,PRT,science,P10,2018,368.4892,4.315070748744063,,360.0316613324616,376.94673866753834
level,PRT,science,P25,2018,427.4914,3.64637754178338,,420.34450001810455,434.63829998189544
level,PRT,science,P50,2018,494.0991,3.0221118321649003,,488.1757608089568,500.02243919104325
level,PRT,science,P75,2018,558.244,3.1481992740118776,,552.0735294229368,564.4144705770633
level,PRT,science,P90,2018,608.9640999999999,3.5432175410681865,,602.0193936195062,615.9088063804936
level,PRT,science,P90-P10,2018,240.47490000000002,4.618365887531104,,231.42290286043905,249.526897139561
level,SVK,math,P10,2018,353.3152,5.40278599808572,,342.725739443752,363.904660556248
level,SVK,math,P25,2018,419.54779999999994,4.058300183026824,,411.59353164126736,427.5020683587325
level,SVK,math,P50,2018,491.71990000000005,2.9608158259169035,,485.9167009812029,497.5230990187972
level,SVK,math,P75,2018,556.4548,2.7048575172989886,,551.1532792660939,561.756320733906
level,SVK,math,P90,2018,610.2917,3.102326678926282,,604.2111397093045,616.3722602906955
level,SVK,math,P90-P10,2018,256.9765,5.774050175810528,,245.65936165541135,268.2936383445886
level,SVK,reading,P10,2018,326.2851,3.9517612894618175,,318.5396478726548,334.0305521273452
level,SVK,reading,P25,2018,387.50190000000003,3.0949660203663383,,381.435766600082,393.5680333999181
level,SVK,reading,P50,2018,457.5012,2.856544122614673,,451.9023735196752,463.10002648032474
level,SVK,reading,P75,2018,529.3797999999999,3.0834227015877302,,523.336291504888,535.4233084951119
level,SVK,reading,P90,2018,589.5364000000001,3.2848973356188025,,583.0980012221872,595.9747987778129
level,SVK,reading,P90-P10,2018,263.2513,4.779232132884941,,253.88400501954553,272.6185949804545
level,SVK,science,P10,2018,338.10540000000003,3.5013050582762864,,331.24284208577853,344.96795791422153
level,SVK,science,P25,2018,396.53929999999997,3.2265773669633284,,390.21520836075183,402.8633916392481
level,SVK,science,P50,2018,464.1633,2.8552612158181856,,458.56698801699633,469.75961198300365
level,SVK,science,P75,2018,531.4033000000001,2.8876988918514344,,525.7434101719713,537.0631898280288
level,SVK,science,P90,2018,589.4339,3.534513836206243,,582.5062528810357,596.3615471189643
level,SVK,science,P90-P10,2018,251.3285,5.062659215987421,,241.40568793666463,261.2513120633353
level,SVN,math,P10,2018,392.2317,2.9740105728161508,,386.40263927728034,398.06076072271964
level,SVN,math,P25,2018,447.9701999999999,2.259227204771091,,443.5421146786486,452.39828532135124
level,SVN,math,P50,2018,511.02919999999995,1.80435702167467,,507.4926602375176,514.5657397624823
level,SVN,math,P75,2018,571.3006,2.291425334444324,,566.8094063444892,575.7917936555109
level,SVN,math,P90,2018,621.8788000000001,2.830997391968644,,616.3300451117416,627.4275548882586
level,SVN,math,P90-P10,2018,229.64709999999997,4.063646764709412,,221.68235234116952,237.6118476588304
level,SVN,reading,P10,2018,371.91370000000006,3.048213969961208,,365.9392006188761,377.888199381124
level,SVN,reading,P25,2018,431.37299999999993,2.247393433884392,,426.9681088695865,435.77789113041337
level,SVN,reading,P50,2018,498.8514,1.9080218900153558,,495.1116770955699,502.5911229044301
level,SVN,reading,P75,2018,561.1432,2.063551870494708,,557.0986383338303,565.1877616661696
level,SVN,reading,P90,2018,613.5595000000001,2.776591215161317,,608.1173812182839,619.0016187817163
level,SVN,reading,P90-P10,2018,241.64579999999992,3.723786559180497,,234.34717834400615,248.9444216559937
level,SVN,science,P10,2018,389.9687,3.3956551356926084,,383.3132159340425,396.62418406595754
level,SVN,science,P25,2018,446.56759999999997,2.0982000000000025,,442.45512799999995,450.680072
level,SVN,science,P50,2018,509.6905,1.8732873645012444,,506.01885676557754,513.3621432344224
level,SVN,science,P75,2018,569.2517,1.9348668910576692,,565.459360893527,573.0440391064731
level,SVN,science,P90,2018,620.5915,2.824112492447839,,615.0562395148022,626.1267604851978
level,SVN,science,P90-P10,2018,230.62279999999996,4.402039209086317,,221.99480315019076,239.25079684980915
level,SWE,math,P10,2018,382.6789,4.640120562190889,,373.5842636981059,391.7735363018941
level,SWE,math,P25,2018,440.5071,3.668852847886434,,433.3161484181426,447.6980515818574
level,SWE,math,P50,2018,504.8932,3.1867813385922794,,498.64710857635913,511.1392914236408
level,SWE,math,P75,2018,566.8353999999999,2.910801927877154,,561.1302282213608,572.5405717786391
level,SWE,math,P90,2018,618.2318,3.2584697375540466,,611.8451993143941,624.6184006856059
level,SWE,math,P90-P10,2018,235.55290000000005,5.182644177658956,,225.3949174117885,245.7108825882116
level,SWE,reading,P10,2018,360.0405,5.7048654349696175,,348.85896374745954,371.2220362525405
level,SWE,reading,P25,2018,434.16549999999995,4.13013482803864,,426.0704357370442,442.2605642629557
level,SWE,reading,P50,2018,511.5237,3.3983959831563695,,504.86284387301356,518.1845561269865
level,SWE,reading,P75,2018,583.4868,3.2053913100517857,,577.2042330322985,589.7693669677016
level,SWE,reading,P90,2018,640.4641,3.467388716951788,,633.6680181147746,647.2601818852255
level,SWE,reading,P90-P10,2018,280.42359999999996,5.875400556085054,,268.9078149100733,291.93938508992665
level,SWE,science,P10,2018,368.1064,5.094266581058451,,358.12163750112546,378.09116249887455
level,SWE,science,P25,2018,430.89930000000004,4.009055048331909,,423.0415521052695,438.7570478947306
level,SWE,science,P50,2018,503.27560000000005,3.421347818964527,,496.56975827482955,509.98144172517055
level,SWE,science,P75,2018,570.2914,3.124724555683093,,564.1669398708611,576.4158601291388
level,SWE,science,P90,2018,623.8728,3.2792074388824903,,617.4455534197903,630.3000465802097
level,SWE,science,P90-P10,2018,255.76639999999998,5.072939814950625,,245.82343796269674,265.7093620373032
level,TUR,math,P10,2018,342.5591,3.7644821773902533,,335.1807149323151,349.9374850676849
level,TUR,math,P25,2018,391.9754,3.1604218979082144,,385.7809730800999,398.16982691990006
level,TUR,math,P50,2018,450.18910000000005,2.400606655618532,,445.4839109549877,454.8942890450124
level,TUR,math,P75,2018,512.0175,2.6851957101236894,,506.7545164081576,517.2804835918424
level,TUR,math,P90,2018,570.6278,3.987344468370447,,562.8126048419939,578.442995158006
level,TUR,math,P90-P10,2018,228.06869999999998,5.030312779318776,,218.20928695253517,237.9281130474648
level,TUR,reading,P10,2018,350.92960000000005,4.144967263106213,,342.8054641643119,359.0537358356882
level,TUR,reading,P25,2018,404.3672,2.9524189215511702,,398.58045891375974,410.1539410862403
level,TUR,reading,P50,2018,465.85900000000004,2.570737018617207,,460.8203554435103,470.89764455648975
level,TUR,reading,P75,2018,526.7196000000001,2.413522292441294,,521.9890963068152,531.450103693185
level,TUR,reading,P90,2018,581.0065999999999,3.063995954631793,,575.0011679289216,587.0120320710782
level,TUR,reading,P90-P10,2018,230.07700000000006,4.8109615095806655,,220.64751544122194,239.50648455877817
level,TUR,science,P10,2018,361.1431,3.1469272422122794,,354.97512260526395,367.31107739473606
level,TUR,science,P25,2018,408.97529999999995,2.808399063622471,,403.4708378352999,414.4797621647
level,TUR,science,P50,2018,466.23780000000005,2.299615886282852,,461.73055286288565,470.74504713711445
level,TUR,science,P75,2018,526.2212999999999,2.423098974568632,,521.4720260098454,530.9705739901544
level,TUR,science,P90,2018,578.8196,3.872303770223739,,571.2298846103615,586.4093153896386
level,TUR,science,P90-P10,2018,217.67649999999998,4.852055440738489,,208.16647133615254,227.1865286638474
level,USA,math,P10,2018,356.9011,4.563448333162592,,347.9567412670013,365.8454587329987
level,USA,math,P25,2018,413.9134,3.995330571777233,,406.08255207931666,421.7442479206834
level,USA,math,P50,2018,479.23009999999994,3.826089234598583,,471.7309651001867,486.72923489981315
level,USA,math,P75,2018,543.4919,3.9065660715148693,,535.8350304998309,551.1487695001691
level,USA,math,P90,2018,597.8884,4.264113779556079,,589.5307369920702,606.2460630079299
level,USA,math,P90-P10,2018,240.98729999999995,5.376626615990526,,230.4491118326585,251.5254881673414
level,USA,reading,P10,2018,360.5795,5.295084238601766,,350.2011348923405,370.9578651076595
level,USA,reading,P25,2018,429.81000000000006,4.407023098356128,,421.1722347272221,438.44776527277804
level,USA,reading,P50,2018,509.73990000000003,4.099593064696926,,501.70469759319406,517.775102406806
level,USA,reading,P75,2018,583.5722,4.305423869957504,,575.1335692148832,592.0108307851167
level,USA,reading,P90,2018,642.5907000000001,3.8592104561684555,,635.0266475059099,650.1547524940903
level,USA,reading,P90-P10,2018,282.01120000000003,5.023729203711341,,272.1646907607258,291.85770923927424
level,USA,science,P10,2018,370.54319999999996,4.932416167953482,,360.87566431081115,380.21073568918877
level,USA,science,P25,2018,432.87340000000006,4.405037232911129,,424.23952702349425,441.5072729765059
level,USA,science,P50,2018,504.55,3.871296952716373,,496.9622579726759,512.1377420273241
level,USA,science,P75,2018,574.4724000000001,3.7623922557478107,,567.0981111787344,581.8466888212658
level,USA,science,P90,2018,629.1174,3.9056727067461976,,621.4622814947775,636.7725185052225
level,USA,science,P90-P10,2018,258.5742,5.001464500468289,,248.77132957908216,268.37707042091785
level,AUS,math,P10,2022,358.4697,1.9788999743123314,,354.59105605034785,362.34834394965213
level,AUS,math,P25,2022,416.1018,2.0619363020929846,,412.06040484789776,420.1431951521023
level,AUS,math,P50,2022,484.5607,1.9667616609826188,,480.7058471444741,488.4155528555259
level,AUS,math,P75,2022,555.9391,2.6884693348529214,,550.6697001036883,561.2084998963118
level,AUS,math,P90,2022,619.0934,3.316114616367908,,612.5938153519189,625.592984648081
level,AUS,math,P90-P10,2022,260.6237,3.422424148741487,,253.91574866846668,267.3316513315333
level,AUS,reading,P10,2022,350.592,2.7242238520560442,,345.25252124997013,355.93147875002984
level,AUS,reading,P25,2022,422.38460000000003,2.249738963005858,,417.9751116325086,426.7940883674915
level,AUS,reading,P50,2022,502.1866,2.15663283177993,,497.9595996497113,506.4136003502887
level,AUS,reading,P75,2022,576.2524999999999,2.713363200183684,,570.93430812764,581.5706918723599
level,AUS,reading,P90,2022,638.3368,3.07576532174424,,632.3082999693813,644.3653000306188
level,AUS,reading,P90-P10,2022,287.74480000000005,3.5803373375361605,,280.7273388184292,294.7622611815709
level,AUS,science,P10,2022,364.1914,2.659773219447274,,358.9782444898833,369.40455551011667
level,AUS,science,P25,2022,430.4231,2.384621361395185,,425.7492421316654,435.0969578683345
level,AUS,science,P50,2022,508.3718999999999,2.2254344839204356,,504.01004841151587,512.733751588484
level,AUS,science,P75,2022,583.4920999999999,2.4819901833004914,,578.6273992407309,588.3568007592689
level,AUS,science,P90,2022,647.4598,3.1439093642399367,,641.2977376460897,653.6218623539103
level,AUS,science,P90-P10,2022,283.2684,3.9023076773024146,,275.61987695248723,290.91692304751274
level,AUT,math,P10,2022,362.2608,3.6817448006647955,,355.044580190697,369.47701980930304
level,AUT,math,P25,2022,420.416,3.5897091692781995,,413.3801700282147,427.4518299717853
level,AUT,math,P50,2022,488.9731,2.7114027449929963,,483.6587506198137,494.2874493801863
level,AUT,math,P75,2022,554.3788,2.6928153051737054,,549.1008820018595,559.6567179981404
level,AUT,math,P90,2022,608.4310999999999,2.739109899928967,,603.0624445961391,613.7997554038607
level,AUT,math,P90-P10,2022,246.1703,4.093066219840569,,238.1478902091125,254.1927097908875
level,AUT,reading,P10,2022,339.52830000000006,4.307079548577874,,331.08642408478744,347.9701759152127
level,AUT,reading,P25,2022,406.4446,4.028768324535149,,398.5482140839111,414.34098591608887
level,AUT,reading,P50,2022,485.12129999999996,3.3668706255875707,,478.5222335738483,491.7203664261516
level,AUT,reading,P75,2022,556.5739,2.6989089216241093,,551.2840385136167,561.8637614863833
level,AUT,reading,P90,2022,612.9692,3.4479167655588996,,606.2112831395045,619.7271168604955
level,AUT,reading,P90-P10,2022,273.44089999999994,4.93405943665502,,263.7701435041561,283.11165649584376
level,AUT,science,P10,2022,355.5558,3.563993547584259,,348.5703726467348,362.5412273532651
level,AUT,science,P25,2022,417.9416,3.7828885895716082,,410.5271383644396,425.35606163556037
level,AUT,science,P50,2022,494.6651999999999,3.278137851484188,,488.2400498110909,501.09035018890893
level,AUT,science,P75,2022,565.0363,3.3785334504124203,,558.4143744371917,571.6582255628083
level,AUT,science,P90,2022,621.5310999999999,3.105243811236438,,615.4448221299765,627.6173778700233
level,AUT,science,P90-P10,2022,265.9753,4.076050290824843,,257.9862414299833,273.9643585700167
level,BEL,math,P10,2022,359.4773,2.9805095429398563,,353.6355012958379,365.3190987041621
level,BEL,math,P25,2022,420.2272,3.030877355742982,,414.2866803827437,426.16771961725624
level,BEL,math,P50,2022,492.16459999999995,2.9735012813180344,,486.3365374886166,497.9926625113833
level,BEL,math,P75,2022,558.8709000000001,2.8584613090884283,,553.2683158341868,564.4734841658135
level,BEL,math,P90,2022,613.6125000000001,2.724045423324162,,608.2733709702848,618.9516290297154
level,BEL,math,P90-P10,2022,254.1352,3.5971786788012303,,247.08472978954958,261.1856702104504
level,BEL,reading,P10,2022,336.6687,3.8580799322115324,,329.1068633328654,344.23053666713463
level,BEL,reading,P25,2022,406.60760000000005,3.4208512969889666,,399.90273145790167,413.31246854209843
level,BEL,reading,P50,2022,484.276,3.19453113113298,,478.0147189829794,490.53728101702063
level,BEL,reading,P75,2022,554.5956,2.68337273552852,,549.336189438364,559.8550105616359
level,BEL,reading,P90,2022,610.4253000000001,3.2057372864912153,,604.1420549184774,616.7085450815229
level,BEL,reading,P90-P10,2022,273.75660000000005,4.640270232312877,,264.6616703446668,282.8515296553333
level,BEL,science,P10,2022,352.1294,3.7070774653207463,,344.8635281679713,359.39527183202864
level,BEL,science,P25,2022,419.15719999999993,3.545006245488938,,412.2089877588416,426.10541224115826
level,BEL,science,P50,2022,496.0153,2.8252153174581274,,490.4778779777821,501.55272202221795
level,BEL,science,P75,2022,564.4213,2.829455083286058,,558.8755680367593,569.9670319632406
level,BEL,science,P90,2022,618.2407,3.2433887258031127,,611.8836580974258,624.5977419025741
level,BEL,science,P90-P10,2022,266.1113,4.399091794589224,,257.48908008260514,274.7335199173949
level,CAN,math,P10,2022,375.22130000000004,2.3209670283454407,,370.672204624443,379.7703953755571
level,CAN,math,P25,2022,430.4916,1.72121348875986,,427.11802156203066,433.86517843796935
level,CAN,math,P50,2022,496.31659999999994,1.8018536618962375,,492.7849668226833,499.84823317731656
level,CAN,math,P75,2022,561.6253,2.1633917709107684,,557.385052129015,565.8655478709851
level,CAN,math,P90,2022,618.8729999999999,2.2094792403037693,,614.5424206890045,623.2035793109953
level,CAN,math,P90-P10,2022,243.65169999999998,2.7090472255019713,,238.34196743801613,248.96143256198383
level,CAN,reading,P10,2022,365.29159999999996,2.675170139449081,,360.04826652667975,370.53493347332017
level,CAN,reading,P25,2022,434.0677999999999,2.526390188699195,,429.1160752301495,439.01952476985036
level,CAN,reading,P50,2022,510.69129999999996,2.374267861304241,,506.03773499184365,515.3448650081563
level,CAN,reading,P75,2022,583.3034,2.692124104473805,,578.0268367552313,588.5799632447687
level,CAN,reading,P90,2022,643.2471,2.91647948208871,,637.5308002151062,648.9633997848939
level,CAN,reading,P90-P10,2022,277.95550000000003,3.841051168336322,,270.42703971006085,285.4839602899392
level,CAN,science,P10,2022,383.29630000000003,2.6457569221512176,,378.11061643258364,388.4819835674164
level,CAN,science,P25,2022,445.8236999999999,2.219845085310635,,441.47280363279106,450.1745963672088
level,CAN,science,P50,2022,516.4705,2.2649393164546847,,512.0312189397488,520.9097810602512
level,CAN,science,P75,2022,584.3614,2.360449354936952,,579.7349192643236,588.9878807356764
level,CAN,science,P90,2022,643.1824000000001,2.8817598595881053,,637.5341506752075,648.8306493247928
level,CAN,science,P90-P10,2022,259.8861,3.3598455304274455,,253.30080276036222,266.4713972396378
level,CHE,math,P10,2022,379.44570000000004,3.007625043581362,,373.5507549145806,385.3406450854195
level,CHE,math,P25,2022,439.4619999999999,3.1301974255273075,,433.32681304596633,445.5971869540334
level,CHE,math,P50,2022,508.74440000000004,2.8301976637880077,,503.19721257897555,514.2915874210246
level,CHE,math,P75,2022,577.7522,2.639784626526276,,572.5782221320085,582.9261778679916
level,CHE,math,P90,2022,632.1796,2.740243032814597,,626.8087236556835,637.5504763443166
level,CHE,math,P90-P10,2022,252.7339,3.7842059150133815,,245.31685640657378,260.15094359342623
level,CHE,reading,P10,2022,344.53880000000004,3.7356595322795507,,337.2169073167321,351.860692683268
level,CHE,reading,P25,2022,408.7384,3.23058113606,,402.4064609733224,415.07033902667763
level,CHE,reading,P50,2022,485.63530000000003,3.154386735783817,,479.45270199786376,491.8178980021363
level,CHE,reading,P75,2022,559.8353,3.1534952157178853,,553.6544493771929,566.016150622807
level,CHE,reading,P90,2022,618.0205,3.037186413899838,,612.0676146287562,623.9733853712437
level,CHE,reading,P90-P10,2022,273.4817,4.618675524132663,,264.4290959727,282.5343040273
level,CHE,science,P10,2022,370.31579999999997,3.547771311839458,,363.36216822879464,377.2694317712053
level,CHE,science,P25,2022,429.3053,2.955991915584342,,423.51155584545467,435.0990441545453
level,CHE,science,P50,2022,504.18430000000006,2.8645575677386743,,498.56976716723227,509.79883283276786
level,CHE,science,P75,2022,575.1913999999999,2.6853478783535256,,569.928118158427,580.4546818415729
level,CHE,science,P90,2022,631.2243,2.815720172235404,,625.7054884624185,636.7431115375814
level,CHE,science,P90-P10,2022,260.90850000000006,4.414307555803319,,252.25645719062555,269.56054280937457
level,CHL,math,P10,2022,315.0869,2.8798079106465093,,309.44247649513284,320.7313235048672
level,CHL,math,P25,2022,357.68230000000005,2.5181611824018697,,352.7467040824924,362.6178959175077
level,CHL,math,P50,2022,408.56549999999993,2.5765830608471414,,403.5153972007395,413.61560279926033
level,CHL,math,P75,2022,463.55510000000004,2.4363799020723813,,458.7797953919382,468.3304046080619
level,CHL,math,P90,2022,513.5108,2.77356260310333,,508.0746172979175,518.9469827020826
level,CHL,math,P90-P10,2022,198.4239,3.3147462713356233,,191.9269973081822,204.9208026918178
level,CHL,reading,P10,2022,328.8313999999999,3.7353386119749685,,321.510136320529,336.15266367947083
level,CHL,reading,P25,2022,384.4093,3.220002604812614,,378.0980948945672,390.7205051054327
level,CHL,reading,P50,2022,448.35239999999993,3.236850970894051,,442.0081720970476,454.6966279029523
level,CHL,reading,P75,2022,513.4784000000001,3.3463652215666886,,506.91952416572934,520.0372758342708
level,CHL,reading,P90,2022,567.8916,3.3704866331799033,,561.2854461989674,574.4977538010327
level,CHL,reading,P90-P10,2022,239.06019999999998,4.188566328775933,,230.85060999559914,247.26979000440082
level,CHL,science,P10,2022,325.8345,3.4967041353251482,,318.9809598947627,332.6880401052373
level,CHL,science,P25,2022,379.1729999999999,3.3524376329437913,,372.60222223943003,385.74377776056974
level,CHL,science,P50,2022,442.80129999999997,3.0042731296900635,,436.91292466580745,448.6896753341925
level,CHL,science,P75,2022,507.62390000000005,3.0104031309038266,,501.72350986342855,513.5242901365715
level,CHL,science,P90,2022,563.7175,3.0678375224070913,,557.7045384560821,569.7304615439178
level,CHL,science,P90-P10,2022,237.88299999999998,4.256586964993853,,229.54008954861203,246.22591045138793
level,COL,math,P10,2022,293.2585,3.0925224927772708,,287.19715591415655,299.3198440858435
level,COL,math,P25,2022,331.6645,3.187146293054863,,325.41769326561246,337.9113067343875
level,COL,math,P50,2022,377.53830000000005,3.522109193919019,,370.6349659799188,384.4416340200813
level,COL,math,P75,2022,429.3208000000001,3.7497502587950233,,421.97128949276185,436.6703105072383
level,COL,math,P90,2022,480.60389999999995,4.366974542454358,,472.0446298967894,489.1631701032105
level,COL,math,P90-P10,2022,187.34539999999998,4.2308410596082044,,179.0529515231679,195.63784847683206
level,COL,reading,P10,2022,290.75969999999995,3.7928590830518476,,283.32569619721835,298.19370380278156
level,COL,reading,P25,2022,342.2663,3.7498185918343654,,334.91665556000464,349.61594443999536
level,COL,reading,P50,2022,403.9178,4.469303999878879,,395.1579641602374,412.6776358397626
level,COL,reading,P75,2022,472.59849999999994,4.923985112577911,,462.94748917934726,482.24951082065263
level,COL,reading,P90,2022,533.9867,4.5626200605816605,,525.04396468126,542.92943531874
level,COL,reading,P90-P10,2022,243.22699999999995,4.237347021689659,,234.9217998374882,251.53220016251169
level,COL,science,P10,2022,303.3147,3.612247843179588,,296.23469422736804,310.394705772632
level,COL,science,P25,2022,348.78000000000003,3.2891130069096475,,342.3333385064571,355.22666149354296
level,COL,science,P50,2022,406.3203,3.6753098287385524,,399.1166927356724,413.52390726432753
level,COL,science,P75,2022,469.1255,4.436481689419618,,460.42999588873755,477.8210041112624
level,COL,science,P90,2022,527.9006999999999,4.672697207716323,,518.742213472876,537.0591865271239
level,COL,science,P90-P10,2022,224.58599999999996,4.999819245732779,,214.78635427836372,234.3856457216362
level,CRI,math,P10,2022,302.175,2.315749432689129,,297.63613111192933,306.7138688880707
level,CRI,math,P25,2022,339.05870000000004,2.1426085683629266,,334.8591872060087,343.2582127939914
level,CRI,math,P50,2022,381.7727,2.188994476034856,,377.48227082697167,386.0631291730283
level,CRI,math,P75,2022,426.70550000000003,2.501041424198245,,421.80345880857146,431.6075411914286
level,CRI,math,P90,2022,469.78009999999995,3.0761523294350837,,463.7508414343072,475.8093585656927
level,CRI,math,P90-P10,2022,167.6051,3.37402784187946,,160.99200542991625,174.21819457008374
level,CRI,reading,P10,2022,305.26810000000006,3.1262259931993985,,299.14069705332923,311.3955029466709
level,CRI,reading,P25,2022,354.321,3.008425070069423,,348.42448686266397,360.2175131373361
level,CRI,reading,P50,2022,414.0729,3.3765796914596593,,407.4548038047391,420.69099619526094
level,CRI,reading,P75,2022,474.2843999999999,3.460339879742065,,467.5021338357054,481.06666616429436
level,CRI,reading,P90,2022,527.7619,4.16324509400754,,519.6019396157452,535.9218603842547
level,CRI,reading,P90-P10,2022,222.49380000000002,4.288886979806734,,214.08758151957883,230.9000184804212
level,CRI,science,P10,2022,309.29810000000003,3.0066682578524984,,303.40503021460916,315.1911697853909
level,CRI,science,P25,2022,355.162,2.7614868785774727,,349.74948571798814,360.5745142820118
level,CRI,science,P50,2022,408.12110000000007,2.784271362792548,,402.66392812892667,413.57827187107347
level,CRI,science,P75,2022,464.04409999999996,3.0049264104503837,,458.1544442355172,469.9337557644827
level,CRI,science,P90,2022,515.4248,3.5376241954641414,,508.4910565768903,522.3585434231097
level,CRI,science,P90-P10,2022,206.12670000000003,3.842273528495565,,198.59584388414874,213.65755611585132
level,CZE,math,P10,2022,365.3455,2.7456474837458646,,359.96403093185813,370.7269690681419
level,CZE,math,P25,2022,418.47169999999994,2.971994832599815,,412.6465901281043,424.29680987189556
level,CZE,math,P50,2022,485.74890000000005,2.7987501461465896,,480.2633497135527,491.2344502864474
level,CZE,math,P75,2022,553.1119000000001,2.705853597809339,,547.8084269482938,558.4153730517064
level,CZE,math,P90,2022,610.128,2.8903181671266216,,604.4629763924319,615.7930236075682
level,CZE,math,P90-P10,2022,244.78249999999997,3.842372004229789,,237.25145087170958,252.31354912829036
level,CZE,reading,P10,2022,359.37049999999994,3.4732798478767366,,352.56287149816154,366.17812850183833
level,CZE,reading,P25,2022,419.5237,3.119504281666133,,413.4094716079344,425.63792839206565
level,CZE,reading,P50,2022,490.23499999999996,2.681274768235772,,484.97970145425785,495.49029854574206
level,CZE,reading,P75,2022,558.3272999999999,2.6545407016406193,,553.1244002247843,563.5301997752156
level,CZE,reading,P90,2022,614.8821999999999,2.976787237013161,,609.0476970154541,620.7167029845457
level,CZE,reading,P90-P10,2022,255.51169999999996,4.361149625512869,,246.96384673399473,264.0595532660052
level,CZE,science,P10,2022,368.0702,3.3518818006540125,,361.50051167071814,374.63988832928186
level,CZE,science,P25,2022,426.9955,3.293877997470797,,420.5394991249572,433.45150087504277
level,CZE,science,P50,2022,498.0968,2.878643754637086,,492.4546582409113,503.7389417590887
level,CZE,science,P75,2022,567.7809,3.0349373269201787,,561.8324228392364,573.7293771607635
level,CZE,science,P90,2022,627.8288,3.3729739111880934,,621.2177711340713,634.4398288659287
level,CZE,science,P90-P10,2022,259.7586,3.97629623868466,,251.96505937217808,267.5521406278219
level,DEU,math,P10,2022,350.6104,4.151175966719153,,342.4740951052305,358.74670489476955
level,DEU,math,P25,2022,407.07419999999996,3.8558597680817077,,399.51671485455984,414.6316851454401
level,DEU,math,P50,2022,474.35980000000006,3.797590902284123,,466.9165218315232,481.80307816847693
level,DEU,math,P75,2022,541.2459999999999,3.405118890402766,,534.5719669748105,547.9200330251892
level,DEU,math,P90,2022,599.078,3.737715285810002,,591.7520780398123,606.4039219601876
level,DEU,math,P90-P10,2022,248.4676,4.53460566042468,,239.57977290556764,257.3554270944324
level,DEU,reading,P10,2022,339.86740000000003,5.110045858296081,,329.8517101177397,349.8830898822604
level,DEU,reading,P25,2022,405.8935,4.490798540534484,,397.09153486055243,414.6954651394476
level,DEU,reading,P50,2022,482.18960000000004,4.504203548106784,,473.36136104571074,491.01783895428935
level,DEU,reading,P75,2022,555.7551000000001,3.6758960790382704,,548.5503436850851,562.9598563149151
level,DEU,reading,P90,2022,615.5989000000002,3.8200791601018587,,608.1115448462006,623.0862551537998
level,DEU,reading,P90-P10,2022,275.7315,4.970921385193874,,265.98849408501997,285.47450591498
level,DEU,science,P10,2022,352.3011,4.998446910791391,,342.5041440548489,362.09805594515115
level,DEU,science,P25,2022,416.82759999999996,4.552459971207262,,407.90477845643375,425.7504215435662
level,DEU,science,P50,2022,493.2829,4.477799653227518,,484.50641267967404,502.0593873203259
level,DEU,science,P75,2022,567.3242,3.8346017595631063,,559.8083805512563,574.8400194487438
level,DEU,science,P90,2022,631.3621,4.17770302505523,,623.1738020708918,639.5503979291083
level,DEU,science,P90-P10,2022,279.06100000000004,5.57375854119602,,268.13643325925585,289.9855667407442
level,DNK,math,P10,2022,382.8686,2.51230101345803,,377.94449001362227,387.79270998637776
level,DNK,math,P25,2022,432.84130000000005,2.3936879748854296,,428.1496715692246,437.5329284307755
level,DNK,math,P50,2022,489.2682,2.4766002356501207,,484.41406353812573,494.1223364618742
level,DNK,math,P75,2022,545.2059,2.525673927115527,,540.2555791028536,550.1562208971465
level,DNK,math,P90,2022,595.4058,3.0280350451149736,,589.4708513115746,601.3407486884254
level,DNK,math,P90-P10,2022,212.53719999999998,3.523697577040981,,205.63075274899967,219.4436472510003
level,DNK,reading,P10,2022,367.73290000000003,3.485612780734867,,360.90109894975967,374.5647010502404
level,DNK,reading,P25,2022,426.8772000000001,3.4178382146711748,,420.1782370992446,433.57616290075555
level,DNK,reading,P50,2022,491.42929999999996,3.0865663335025126,,485.37962998633503,497.4789700136649
level,DNK,reading,P75,2022,554.0422,2.981517460958432,,548.1984257765215,559.8859742234785
level,DNK,reading,P90,2022,605.3850999999999,3.6287888313840697,,598.2726738904871,612.4975261095126
level,DNK,reading,P90-P10,2022,237.65219999999994,4.4568828806938825,,228.91670955383992,246.38769044615995
level,DNK,science,P10,2022,369.6145,3.771335556610622,,362.2226823090432,377.00631769095685
level,DNK,science,P25,2022,427.2455,3.561400243271985,,420.2651555231869,434.2258444768131
level,DNK,science,P50,2022,494.6602,3.034736276204428,,488.7121168986393,500.60828310136066
level,DNK,science,P75,2022,560.0996000000001,3.131592087102007,,553.9616795092802,566.23752049072
level,DNK,science,P90,2022,615.4322,3.5094976045170867,,608.5535846951465,622.3108153048535
level,DNK,science,P90-P10,2022,245.81769999999997,4.337224955224511,,237.31673908775994,254.31866091224
level,ESP,math,P10,2022,358.89500000000004,2.2236233306625173,,354.5366982719015,363.25330172809856
level,ESP,math,P25,2022,413.6095,1.9434191659146627,,409.8003984348073,417.4186015651928
level,ESP,math,P50,2022,474.4808,1.8250968543553467,,470.90361016546353,478.05798983453644
level,ESP,math,P75,2022,533.4852000000001,1.6020863869064954,,530.3451106816633,536.6252893183369
level,ESP,math,P90,2022,584.1269,1.8279451043301187,,580.5441275955129,587.709672404487
level,ESP,math,P90-P10,2022,225.23190000000005,2.4874117898374277,,220.3565728919187,230.10722710808142
level,ESP,reading,P10,2022,346.2796,2.7264770946732315,,340.9357048944405,351.6234951055595
level,ESP,reading,P25,2022,409.4375,2.435503325803521,,404.6639134814251,414.2110865185749
level,ESP,reading,P50,2022,477.64840000000004,1.8630358325414285,,473.99684976821885,481.2999502317812
level,ESP,reading,P75,2022,542.1917,1.7385079432918564,,538.7842244311479,545.599175568852
level,ESP,reading,P90,2022,596.6772,1.9631900744281838,,592.8293474541207,600.5250525458792
level,ESP,reading,P90-P10,2022,250.39760000000007,2.8511597491196423,,244.80932689172556,255.98587310827457
level,ESP,science,P10,2022,363.4701,2.292909182918308,,358.9759980014801,367.9642019985199
level,ESP,science,P25,2022,421.60210000000006,1.9686928611814172,,417.74346199208446,425.46073800791567
level,ESP,science,P50,2022,486.4152,2.0075658645622454,,482.480370905458,490.35002909454204
level,ESP,science,P75,2022,548.4291999999999,1.8203715373211198,,544.8612717868506,551.9971282131493
level,ESP,science,P90,2022,601.4413000000001,1.8849912516743672,,597.7467171467183,605.1358828532818
level,ESP,science,P90-P10,2022,237.97120000000004,2.28184148709375,,233.49879068529629,242.4436093147038
level,EST,math,P10,2022,401.24950000000007,2.485623433869254,,396.3776780696163,406.12132193038383
level,EST,math,P25,2022,449.5308,2.521095524656778,,444.5894527716727,454.4721472283273
level,EST,math,P50,2022,509.2858,2.415033920741763,,504.55233351534616,514.0192664846538
level,EST,math,P75,2022,568.5667000000001,2.500772543524187,,563.6651858146927,573.4682141853075
level,EST,math,P90,2022,620.3097999999999,2.9817308928241992,,614.4656074500645,626.1539925499353
level,EST,math,P90-P10,2022,219.0603,3.1243808935175914,,212.93651344870554,225.18408655129448
level,EST,reading,P10,2022,388.0831,4.043628276340723,,380.1575885783722,396.0086114216278
level,EST,reading,P25,2022,449.0905000000001,3.3395353934176,,442.5450106289016,455.63598937109856
level,EST,reading,P50,2022,514.0550999999999,2.6392134885858165,,508.88224156237175,519.2279584376281
level,EST,reading,P75,2022,576.1607,2.4383223413969657,,571.381588210862,580.939811789138
level,EST,reading,P90,2022,628.444,3.0415754670345856,,622.4825120846122,634.4054879153878
level,EST,reading,P90-P10,2022,240.3609,3.711354578706926,,233.0866450257344,247.63515497426556
level,EST,science,P10,2022,408.96830000000006,3.2281180545154937,,402.64118861314967,415.29541138685045
level,EST,science,P25,2022,464.61410000000006,2.7986772615727635,,459.12869256731744,470.0995074326827
level,EST,science,P50,2022,526.6769,2.4327792717384003,,521.9086526273928,531.4451473726073
level,EST,science,P75,2022,588.0863,2.9704718733823405,,582.2641751281707,593.9084248718294
level,EST,science,P90,2022,640.6037,3.1971949467897347,,634.3371979042921,646.8702020957079
level,EST,science,P90-P10,2022,231.63540000000003,4.298046596161773,,223.21122867152295,240.05957132847712
level,FIN,math,P10,2022,365.6911,2.5469374927984023,,360.6991025141151,370.6830974858849
level,FIN,math,P25,2022,420.4987,2.2486509676791617,,416.09134410334883,424.90605589665114
level,FIN,math,P50,2022,485.94300000000004,2.2904540436583973,,481.4537100744296,490.4322899255705
level,FIN,math,P75,2022,547.3369,2.3556884838148235,,542.719750571723,551.954049428277
level,FIN,math,P90,2022,599.5987,2.717382778929427,,594.2726297532984,604.9247702467017
level,FIN,math,P90-P10,2022,233.9076,3.146767208757438,,227.73993627083541,240.0752637291646
level,FIN,reading,P10,2022,349.8002,3.867179994158817,,342.2205272114487,357.3798727885513
level,FIN,reading,P25,2022,420.9704,3.0226231995845376,,415.0460585288143,426.8947414711857
level,FIN,reading,P50,2022,496.9099,2.69155281895456,,491.63445647484906,502.1853435251509
level,FIN,reading,P75,2022,564.8781000000001,2.425647629442952,,560.1238306462919,569.6323693537083
level,FIN,reading,P90,2022,619.4806000000001,2.989157030279054,,613.6218522206532,625.339347779347
level,FIN,reading,P90-P10,2022,269.6804000000001,4.121603867832686,,261.60205641904804,277.7587435809521
level,FIN,science,P10,2022,369.8879,3.2328628987667014,,363.55148871841726,376.22431128158274
level,FIN,science,P25,2022,436.7169,3.1301111345197437,,430.5818821763413,442.8519178236587
level,FIN,science,P50,2022,513.5195000000001,3.169086258774853,,507.3080909328014,519.7309090671988
level,FIN,science,P75,2022,585.6012,2.860969367675539,,579.9937000393559,591.208699960644
level,FIN,science,P90,2022,647.3919999999999,3.3391315833778017,,640.8473020965795,653.9366979034204
level,FIN,science,P90-P10,2022,277.5041,3.7791589956555747,,270.0969483685151,284.9112516314849
level,FRA,math,P10,2022,353.4576,2.9811846027301874,,347.6144781786488,359.3007218213512
level,FRA,math,P25,2022,408.48400000000004,3.2923836824977992,,402.0309279823044,414.9370720176957
level,FRA,math,P50,2022,475.2276,2.8802245878866217,,469.5823598077422,480.8728401922578
level,FRA,math,P75,2022,539.0545,3.0868121355210483,,533.0043482143788,545.1046517856212
level,FRA,math,P90,2022,592.6454,3.1078420466977117,,586.5540295884725,598.7367704115275
level,FRA,math,P90-P10,2022,239.18780000000007,3.5883682192916386,,232.15459829018846,246.22100170981167
level,FRA,reading,P10,2022,330.84610000000004,4.4535814481780305,,322.1170803615711,339.575119638429
level,FRA,reading,P25,2022,400.07669999999996,4.5203534552682445,,391.2168072276742,408.9365927723257
level,FRA,reading,P50,2022,478.76929999999993,3.3884358225194897,,472.12796578786174,485.4106342121381
level,FRA,reading,P75,2022,549.4385,3.140340859418502,,543.2834319155397,555.5935680844602
level,FRA,reading,P90,2022,607.9505999999999,3.579481992861838,,600.9348152939907,614.9663847060091
level,FRA,reading,P90-P10,2022,277.10450000000003,4.260473553426247,,268.7539718352846,285.4550281647155
level,FRA,science,P10,2022,349.7664,3.9531211513463895,,342.01828254336107,357.5145174566389
level,FRA,science,P25,2022,413.9527,4.023648986443912,,406.06634798656995,421.83905201343003
level,FRA,science,P50,2022,490.47839999999985,3.3780419252710443,,483.8574378264686,497.0993621735311
level,FRA,science,P75,2022,560.8124,3.1204871111913173,,554.6962452620651,566.928554737935
level,FRA,science,P90,2022,619.7981,3.3673647800946953,,613.1980650310144,626.3981349689856
level,FRA,science,P90-P10,2022,270.0317,4.422412240759807,,261.3637720081108,278.6996279918892
level,GBR,math,P10,2022,363.0113,3.051084973233116,,357.0311734524631,368.9914265475369
level,GBR,math,P25,2022,422.35869999999994,2.809698725743461,,416.85169049754273,427.86570950245715
level,GBR,math,P50,2022,488.56179999999995,2.6696145065033887,,483.3293555672533,493.7942444327466
level,GBR,math,P75,2022,555.0897,2.8890318433112965,,549.4271975871098,560.7522024128901
level,GBR,math,P90,2022,613.8832,4.099053742498251,,605.8490546647034,621.9173453352965
level,GBR,math,P90-P10,2022,250.8719,4.687647948361503,,241.68411002121147,260.0596899787886
level,GBR,reading,P10,2022,357.0398,3.6456159103930745,,349.8943928156296,364.1852071843704
level,GBR,reading,P25,2022,424.9662,2.95314445558553,,419.17803686705236,430.7543631329477
level,GBR,reading,P50,2022,496.4111,2.8320219140512823,,490.8603370484595,501.96186295154047
level,GBR,reading,P75,2022,566.8549999999999,2.715336925891723,,561.5329396252521,572.1770603747477
level,GBR,reading,P90,2022,626.0703000000001,3.450709955131618,,619.3069084879421,632.8336915120581
level,GBR,reading,P90-P10,2022,269.03049999999996,4.170471861459108,,260.85637515154013,277.2046248484598
level,GBR,science,P10,2022,363.1014,2.9665622867405146,,357.2869379179886,368.9158620820114
level,GBR,science,P25,2022,426.9857,2.8728677669998413,,421.3548791766803,432.6165208233197
level,GBR,science,P50,2022,500.05549999999994,2.928208506920232,,494.3162113264363,505.7947886735636
level,GBR,science,P75,2022,572.1014,3.1483406583645124,,565.9306523096055,578.2721476903945
level,GBR,science,P90,2022,633.7901,3.837957109655554,,626.2677040650751,641.312495934925
level,GBR,science,P90-P10,2022,270.6887,4.474073578593301,,261.9195157859571,279.45788421404285
level,GRC,math,P10,2022,325.68030000000005,2.9692129540783516,,319.8606426100065,331.4999573899936
level,GRC,math,P25,2022,369.71560000000005,2.755158552908831,,364.31548923629873,375.1157107637014
level,GRC,math,P50,2022,426.2919,2.715030490620685,,420.97044023838345,431.61335976161655
level,GRC,math,P75,2022,487.20919999999995,2.5750481629799977,,482.16210560055913,492.2562943994408
level,GRC,math,P90,2022,542.0621,3.185941175871138,,535.8176552952925,548.3065447047074
level,GRC,math,P90-P10,2022,216.38179999999997,3.5120832446316324,,209.49811684052196,223.26548315947798
level,GRC,reading,P10,2022,315.47589999999997,4.3874833096232075,,306.87643271313846,324.0753672868615
level,GRC,reading,P25,2022,372.1779,3.5405302962817466,,365.2384606192878,379.1173393807122
level,GRC,reading,P50,2022,438.6944,3.258192831327072,,432.3083420505989,445.080457949401
level,GRC,reading,P75,2022,505.32270000000005,3.087786454547811,,499.27063854908636,511.37476145091375
level,GRC,reading,P90,2022,560.7045999999999,3.286679262484315,,554.2627086455307,567.1464913544692
level,GRC,reading,P90-P10,2022,245.22869999999998,4.347804036011232,,236.70700408941795,253.750395910582
level,GRC,science,P10,2022,323.2397,3.9544724997990195,,315.48893390039393,330.9904660996061
level,GRC,science,P25,2022,375.9145,3.342366459727468,,369.3634617389341,382.46553826106583
level,GRC,science,P50,2022,440.96229999999997,2.976408414422398,,435.12853950773206,446.7960604922679
level,GRC,science,P75,2022,504.86809999999997,3.015308034844861,,498.95809625170403,510.7781037482959
level,GRC,science,P90,2022,559.5186,3.464079122701054,,552.7290049195059,566.3081950804941
level,GRC,science,P90-P10,2022,236.27890000000002,4.715981884094881,,227.03557550717406,245.52222449282598
level,HUN,math,P10,2022,347.52099999999996,3.2208455965268934,,341.20814263080723,353.8338573691927
level,HUN,math,P25,2022,406.20149999999995,3.3014161731495357,,399.7307243006269,412.672275699373
level,HUN,math,P50,2022,474.41970000000003,3.2989007516814532,,467.9538545267044,480.8855454732957
level,HUN,math,P75,2022,538.4214000000001,3.373954147913433,,531.8084498700897,545.0343501299104
level,HUN,math,P90,2022,594.683,4.249493490536395,,586.3539927585487,603.0120072414513
level,HUN,math,P90-P10,2022,247.16199999999998,5.128662299112059,,237.10982189374033,257.2141781062596
level,HUN,reading,P10,2022,335.5354,4.323501223738304,,327.0613376014729,344.00946239852703
level,HUN,reading,P25,2022,403.92060000000004,4.159813384836706,,395.7673657657201,412.07383423427996
level,HUN,reading,P50,2022,479.4871999999999,3.862983431379316,,471.91575247449646,487.0586475255034
level,HUN,reading,P75,2022,546.4033999999999,3.3417304297324875,,539.8536083577243,552.9531916422756
level,HUN,reading,P90,2022,599.4296999999999,3.48341541107447,,592.6022057942939,606.2571942057059
level,HUN,reading,P90-P10,2022,263.89429999999993,5.112853292221248,,253.8731075472463,273.9154924527536
level,HUN,science,P10,2022,356.97679999999997,3.3462212484964144,,350.418206352947,363.53539364705296
level,HUN,science,P25,2022,416.67470000000003,3.8368142056051306,,409.15454415701396,424.1948558429861
level,HUN,science,P50,2022,487.23969999999997,3.7142522722166667,,479.9597655464553,494.51963445354465
level,HUN,science,P75,2022,555.1522,3.5904669683915946,,548.1148847419524,562.1895152580475
level,HUN,science,P90,2022,610.8797999999999,3.880815706137056,,603.2734012159713,618.4861987840286
level,HUN,science,P90-P10,2022,253.90300000000002,5.090619402172768,,243.9253859717414,263.88061402825866
level,IRL,math,P10,2022,386.5638,2.776140654457793,,381.12256431726274,392.0050356827373
level,IRL,math,P25,2022,436.81090000000006,2.872273450983075,,431.1812440360732,442.4405559639269
level,IRL,math,P50,2022,492.8946000000001,2.2942703664660895,,488.39783008172657,497.3913699182736
level,IRL,math,P75,2022,547.2273000000001,2.1317498134683204,,543.0490703656022,551.405529634398
level,IRL,math,P90,2022,593.7378000000001,2.7456360328710616,,588.3563533755728,599.1192466244274
level,IRL,math,P90-P10,2022,207.17400000000004,3.2362177025554586,,200.83101330299132,213.51698669700875
level,IRL,reading,P10,2022,399.94780000000003,3.8492415093394934,,392.40328664169465,407.4923133583054
level,IRL,reading,P25,2022,458.1142,3.1732841049227796,,451.8945631543513,464.33383684564865
level,IRL,reading,P50,2022,520.509,2.60933213304776,,515.3947090192264,525.6232909807736
level,IRL,reading,P75,2022,577.8235999999999,2.7743349215022013,,572.3859035538557,583.2612964461442
level,IRL,reading,P90,2022,626.7166,2.5977076075733465,,621.6250930891562,631.8081069108438
level,IRL,reading,P90-P10,2022,226.76879999999997,3.868397074370713,,219.18674173423338,234.35085826576656
level,IRL,science,P10,2022,383.8421,3.9436128300497946,,376.11261885310245,391.5715811468976
level,IRL,science,P25,2022,441.4307,3.0930627704950027,,435.36829696982977,447.49310303017023
level,IRL,science,P50,2022,505.84350000000006,2.6724725181000446,,500.60545386452395,511.0815461354762
level,IRL,science,P75,2022,568.6885,2.5184995764674354,,563.7522408301238,573.6247591698761
level,IRL,science,P90,2022,620.9024999999999,2.7997318406312433,,615.4150255923627,626.3899744076372
level,IRL,science,P90-P10,2022,237.0604,4.602893168130471,,228.03872939046425,246.08207060953572
level,ISL,math,P10,2022,344.3854,2.891114416045595,,338.7188157445506,350.0519842554494
level,ISL,math,P25,2022,396.2847,2.5239236244827596,,391.3378096960138,401.2315903039862
level,ISL,math,P50,2022,457.80099999999993,2.1684164827767174,,453.55090369375756,462.0510963062423
level,ISL,math,P75,2022,520.4151999999999,2.5473687075533795,,515.4223573331952,525.4080426668046
level,ISL,math,P90,2022,574.4854,3.346648292031245,,567.9259693476188,581.0448306523813
level,ISL,math,P90-P10,2022,230.1,4.255834977938466,,221.7585634432406,238.44143655675938
level,ISL,reading,P10,2022,298.3473,4.34903402997595,,289.82319330124716,306.8714066987529
level,ISL,reading,P25,2022,361.91049999999996,2.9396409388638634,,356.14880375982676,367.67219624017315
level,ISL,reading,P50,2022,437.3319,3.397248477321999,,430.6732929844489,443.99050701555115
level,ISL,reading,P75,2022,510.68140000000005,2.954403058619074,,504.8907700051067,516.4720299948934
level,ISL,reading,P90,2022,569.3888,3.7723882087110496,,561.9949191109263,576.7826808890736
level,ISL,reading,P90-P10,2022,271.0415,5.436326599828223,,260.38629986433665,281.6967001356633
level,ISL,science,P10,2022,323.86550000000005,3.7372733775218268,,316.54044418005725,331.19055581994286
level,ISL,science,P25,2022,378.47790000000003,2.5269646119405773,,373.5250493605965,383.4307506394036
level,ISL,science,P50,2022,446.20779999999996,2.355924198695702,,441.5901885705564,450.82541142944353
level,ISL,science,P75,2022,514.1579000000002,2.9497012000276306,,508.376485647946,519.9393143520543
level,ISL,science,P90,2022,571.5175999999999,3.339223736056697,,564.9727214773288,578.062478522671
level,ISL,science,P90-P10,2022,247.65209999999996,4.976580685571171,,237.89800185628047,257.40619814371945
level,ISR,math,P10,2022,316.6016,4.306853406813124,,308.1601673226463,325.0430326773537
level,ISR,math,P25,2022,380.21289999999993,3.8765444922708574,,372.61487279514904,387.8109272048508
level,ISR,math,P50,2022,458.3616,4.136841625429825,,450.25339041415754,466.4698095858425
level,ISR,math,P75,2022,534.2649,3.842977933697885,,526.7326632499521,541.7971367500479
level,ISR,math,P90,2022,596.72,4.624733546138393,,587.6555222495688,605.7844777504313
level,ISR,math,P90-P10,2022,280.1184,5.900182586958175,,268.554042129562,291.682757870438
level,ISR,reading,P10,2022,305.72909999999996,4.560189216286238,,296.79112913607895,314.66707086392097
level,ISR,reading,P25,2022,387.9011,4.959793688417561,,378.1799043707016,397.6222956292984
level,ISR,reading,P50,2022,480.70680000000004,4.284394167920491,,472.30938743087586,489.10421256912423
level,ISR,reading,P75,2022,563.5629000000001,3.4376463773278885,,556.8251131004374,570.3006868995628
level,ISR,reading,P90,2022,628.367,3.72657637159541,,621.0629103116729,635.671089688327
level,ISR,reading,P90-P10,2022,322.6379,5.066035822295155,,312.7084697883015,332.5673302116985
level,ISR,science,P10,2022,320.31100000000004,4.269779785305092,,311.94223162080203,328.67976837919804
level,ISR,science,P25,2022,385.13530000000003,4.097002864289944,,377.10517438599175,393.1654256140083
level,ISR,science,P50,2022,466.4195000000001,4.070738928144516,,458.44085170083684,474.3981482991633
level,ISR,science,P75,2022,544.058,3.8907616013234922,,536.4321072614059,551.6838927385941
level,ISR,science,P90,2022,605.3226,4.60051497980872,,596.3055906395749,614.339609360425
level,ISR,science,P90-P10,2022,285.01160000000004,5.28231148057152,,274.65826949807985,295.36493050192024
level,ITA,math,P10,2022,357.21279999999996,3.0406905060090117,,351.2530466082223,363.1725533917776
level,ITA,math,P25,2022,407.88980000000004,2.991194859639427,,402.02705807510677,413.7525419248933
level,ITA,math,P50,2022,469.14520000000005,3.5226696653406373,,462.24076745593237,476.0496325440677
level,ITA,math,P75,2022,532.9011,4.407394965030675,,524.2626058685399,541.5395941314601
level,ITA,math,P90,2022,589.2771,5.088843404339418,,579.3029669274947,599.2512330725053
level,ITA,math,P90-P10,2022,232.06429999999992,5.104551914005548,,222.05937824854905,242.06922175145078
level,ITA,reading,P10,2022,356.7078,3.770330804820421,,349.317951622552,364.097648377448
level,ITA,reading,P25,2022,419.90860000000004,3.582419089262326,,412.88705858504585,426.9301414149542
level,ITA,reading,P50,2022,486.5825999999999,3.144195350783552,,480.41997711246415,492.74522288753565
level,ITA,reading,P75,2022,546.945,3.1455018484072403,,540.7798163771218,553.1101836228783
level,ITA,reading,P90,2022,596.9681,3.493137573395392,,590.1215503561451,603.814649643855
level,ITA,reading,P90-P10,2022,240.2603,4.254422963484269,,231.92163099157082,248.59896900842918
level,ITA,science,P10,2022,355.94359999999995,3.875224305049252,,348.3481603621034,363.5390396378965
level,ITA,science,P25,2022,412.8909,3.7682408945613397,,405.5051478466598,420.2766521533402
level,ITA,science,P50,2022,479.70149999999995,3.825490493097293,,472.20353863352926,487.19946136647064
level,ITA,science,P75,2022,542.789,4.283109251077621,,534.3941058678879,551.1838941321121
level,ITA,science,P90,2022,596.8436,4.26810079374369,,588.4781224442625,605.2090775557376
level,ITA,science,P90-P10,2022,240.9,4.652336005468409,,231.78142142928192,250.0185785707181
level,JPN,math,P10,2022,409.9241,4.863550992045032,,400.39154005559175,419.4566599444083
level,JPN,math,P25,2022,473.09889999999996,4.153503316880019,,464.95803349891514,481.2397665010848
level,JPN,math,P50,2022,540.3374,3.2330637294815125,,534.0005950902163,546.6742049097837
level,JPN,math,P75,2022,601.3188,3.315644773980198,,594.8201362429988,607.8174637570012
level,JPN,math,P90,2022,652.4593,4.317081103271306,,643.9978210375882,660.9207789624118
level,JPN,math,P90-P10,2022,242.53519999999997,6.055465882434921,,230.66648687042752,254.40391312957243
level,JPN,reading,P10,2022,387.2616,5.497635834004772,,376.4862337653506,398.03696623464936
level,JPN,reading,P25,2022,451.25390000000004,4.219129633651422,,442.98440591804325,459.52339408195684
level,JPN,reading,P50,2022,521.8403999999998,3.7056022987723174,,514.5774194944061,529.1033805055936
level,JPN,reading,P75,2022,584.9471000000001,3.260194973975222,,578.5571178510087,591.3370821489915
level,JPN,reading,P90,2022,635.927,3.4403810004610484,,629.1838532390964,642.6701467609037
level,JPN,reading,P90-P10,2022,248.6654,5.723651908188614,,237.4470422599503,259.8837577400497
level,JPN,science,P10,2022,421.4749,4.610756376609421,,412.43781750184553,430.51198249815445
level,JPN,science,P25,2022,484.0415999999999,4.269147135357756,,475.6740716146987,492.40912838530113
level,JPN,science,P50,2022,552.0854999999999,3.215194017473909,,545.7837197257511,558.3872802742487
level,JPN,science,P75,2022,613.8339,3.1398985288806194,,607.6796988833939,619.988101116606
level,JPN,science,P90,2022,662.5681999999999,3.4037836021926386,,655.8967841397024,669.2396158602975
level,JPN,science,P90-P10,2022,241.0933,5.3501173809033755,,230.6070699334294,251.5795300665706
level,KOR,math,P10,2022,387.7997,6.395571506692909,,375.26437984688187,400.3350201531181
level,KOR,math,P25,2022,456.19089999999994,5.071884900168334,,446.25000559567,466.13179440432987
level,KOR,math,P50,2022,531.4357,4.29052853037944,,523.0262640804563,539.8451359195437
level,KOR,math,P75,2022,600.2992999999999,4.238386026346977,,591.9920633883598,608.60653661164
level,KOR,math,P90,2022,659.6604,4.979783748037885,,649.9000238538457,669.4207761461543
level,KOR,math,P90-P10,2022,271.8607,7.7023356319870855,,256.7641221613053,286.9572778386947
level,KOR,reading,P10,2022,379.19930000000005,6.283758348578763,,366.88313363678566,391.51546636321444
level,KOR,reading,P25,2022,450.96129999999994,4.827454684521764,,441.4994888183373,460.4231111816626
level,KOR,reading,P50,2022,522.5194,4.037014278591976,,514.6068520139597,530.4319479860403
level,KOR,reading,P75,2022,587.0726999999999,3.6379448232789655,,579.9423281463731,594.2030718536267
level,KOR,reading,P90,2022,640.9559,4.2157877175498895,,632.6929560736022,649.2188439263979
level,KOR,reading,P90-P10,2022,261.7566,6.447858269267067,,249.11879779223653,274.39440220776345
level,KOR,science,P10,2022,387.43459999999993,6.410388342847185,,374.8702388480194,399.99896115198044
level,KOR,science,P25,2022,458.62300000000005,4.851840729386456,,449.1133921704026,468.1326078295975
level,KOR,science,P50,2022,535.1925,4.082599842828916,,527.1906043080553,543.1943956919447
level,KOR,science,P75,2022,602.5761,4.113439396525599,,594.5137587828099,610.6384412171901
level,KOR,science,P90,2022,657.0637,4.973309238994355,,647.3160138915711,666.811386108429
level,KOR,science,P90-P10,2022,269.6291,7.510618657940229,,254.90828743043716,284.34991256956283
level,LTU,math,P10,2022,363.60929999999996,2.933953425556261,,357.8587512859097,369.3598487140902
level,LTU,math,P25,2022,412.5541999999999,2.446431626653168,,407.7591940117597,417.34920598824016
level,LTU,math,P50,2022,472.5054999999999,2.2881982652539343,,468.0206314001022,476.99036859989764
level,LTU,math,P75,2022,534.5499,2.531948180749362,,529.5872815657312,539.5125184342687
level,LTU,math,P90,2022,590.8468,3.035039197989595,,584.8981231719404,596.7954768280597
level,LTU,math,P90-P10,2022,227.23750000000004,4.016028118261452,,219.36608488820758,235.1089151117925
level,LTU,reading,P10,2022,347.64020000000005,4.332036494408703,,339.149408470959,356.1309915290411
level,LTU,reading,P25,2022,407.9359,2.7479510550792408,,402.5499159320447,413.3218840679553
level,LTU,reading,P50,2022,473.6977,2.779612585615324,,468.24965933219397,479.145740667806
level,LTU,reading,P75,2022,538.3036999999999,2.7983536442582255,,532.8189268572538,543.788473142746
level,LTU,reading,P90,2022,592.0218000000001,3.476243035152232,,585.2083636511018,598.8352363488984
level,LTU,reading,P90-P10,2022,244.3816,5.2587999664583265,,234.07435206574166,254.68884793425832
level,LTU,science,P10,2022,364.29240000000004,3.286884556080424,,357.8501062700824,370.7346937299177
level,LTU,science,P25,2022,419.4633,2.9545367299948886,,413.67240800921,425.25419199079
level,LTU,science,P50,2022,483.7225,2.7361417139630926,,478.35966224063236,489.0853377593677
level,LTU,science,P75,2022,548.3053,2.821967669513198,,542.7742433677541,553.8363566322458
level,LTU,science,P90,2022,605.3268,3.4448066012477345,,598.5749790615545,612.0786209384456
level,LTU,science,P90-P10,2022,241.03439999999995,4.197037451385595,,232.8082065952842,249.2605934047157
level,LVA,math,P10,2022,380.6579,3.417644241530518,,373.9593172866002,387.35648271339977
level,LVA,math,P25,2022,427.54110000000003,2.5456251153258576,,422.55167477396134,432.5305252260387
level,LVA,math,P50,2022,481.2138,2.410208047036599,,476.48979222780827,485.9378077721917
level,LVA,math,P75,2022,537.1602,2.5666567420803723,,532.1295527855225,542.1908472144776
level,LVA,math,P90,2022,587.193,2.978514022871878,,581.3551125151711,593.0308874848289
level,LVA,math,P90-P10,2022,206.53509999999997,3.9766473684220274,,198.7408711578928,214.32932884210715
level,LVA,reading,P10,2022,357.5773,3.9438451603592277,,349.8473634856959,365.30723651430407
level,LVA,reading,P25,2022,413.8092,3.4387846578083017,,407.0691820706957,420.54921792930423
level,LVA,reading,P50,2022,475.799,2.707453948618311,,470.4923902607081,481.1056097392919
level,LVA,reading,P75,2022,536.7180999999999,3.0304186806446403,,530.7784793859364,542.6577206140635
level,LVA,reading,P90,2022,590.4474,3.5042348425393506,,583.5790997086228,597.3157002913772
level,LVA,reading,P90-P10,2022,232.8701,4.350084410483713,,224.34393455545194,241.39626544454808
level,LVA,science,P10,2022,385.02529999999996,3.2912638922355204,,378.57442277121834,391.4761772287816
level,LVA,science,P25,2022,434.31149999999997,2.8398186801468714,,428.7454553869121,439.8775446130878
level,LVA,science,P50,2022,492.53229999999996,2.705783141203712,,487.2289650432407,497.83563495675924
level,LVA,science,P75,2022,552.6755,2.869498778919807,,547.0512823933173,558.2997176066829
level,LVA,science,P90,2022,604.1831000000001,3.2131005466337044,,597.885422928598,610.4807770714021
level,LVA,science,P90-P10,2022,219.15780000000004,4.161382596765969,,211.00149011033875,227.31410988966132
level,MEX,math,P10,2022,309.53200000000004,2.839644652847333,,303.96629648041926,315.0977035195808
level,MEX,math,P25,2022,346.78460000000007,2.3491524008080513,,342.1802612944163,351.3889387055838
level,MEX,math,P50,2022,391.02049999999997,2.554369148363471,,386.0139364692076,396.02706353079236
level,MEX,math,P75,2022,440.13239999999996,2.890708773524811,,434.46661080389134,445.7981891961086
level,MEX,math,P90,2022,487.45200000000006,3.7995634021848166,,480.00485573171784,494.89914426828227
level,MEX,math,P90-P10,2022,177.92,4.165516224044478,,169.7555882008728,186.08441179912717
level,MEX,reading,P10,2022,307.8496,3.7221068682788863,,300.5542705381734,315.1449294618266
level,MEX,reading,P25,2022,356.76559999999995,3.124185077833183,,350.6421972474469,362.889002752553
level,MEX,reading,P50,2022,413.9138,3.215321884957847,,407.6117691054826,420.21583089451735
level,MEX,reading,P75,2022,472.55729999999994,3.9360340018715463,,464.8426733563317,480.27192664366817
level,MEX,reading,P90,2022,526.0579,4.820645213327553,,516.609435381878,535.506364618122
level,MEX,reading,P90-P10,2022,218.2083,5.438398901484397,,207.54903815309058,228.86756184690944
level,MEX,science,P10,2022,315.2305,3.345668399255643,,308.67298993745896,321.78801006254105
level,MEX,science,P25,2022,357.4473,2.7090835204097234,,352.13749629999694,362.75710370000303
level,MEX,science,P50,2022,407.9109,2.8825463142660643,,402.26110922403853,413.5606907759615
level,MEX,science,P75,2022,460.5959,3.038714869260793,,454.64001885624884,466.5517811437511
level,MEX,science,P90,2022,507.8876,3.782696077755481,,500.4735156875993,515.3016843124008
level,MEX,science,P90-P10,2022,192.65710000000004,4.799450504426997,,183.25017701132313,202.06402298867695
level,NLD,math,P10,2022,347.51360000000005,5.658499962740419,,336.4229400730288,358.6042599269713
level,NLD,math,P25,2022,411.0621,6.627924892327412,,398.07136721103825,424.0528327889617
level,NLD,math,P50,2022,496.79629999999986,4.892749343160755,,487.2065112874048,506.3860887125949
level,NLD,math,P75,2022,574.4485999999999,3.4497250620721926,,567.6871388783385,581.2100611216614
level,NLD,math,P90,2022,629.6741999999999,2.7538162657583953,,624.2767201191135,635.0716798808863
level,NLD,math,P90-P10,2022,282.1606,5.787521362331578,,270.8170581298301,293.50414187016986
level,NLD,reading,P10,2022,304.4244,6.599409184877422,,291.48955799764025,317.35924200235974
level,NLD,reading,P25,2022,370.5811,7.299320356794263,,356.2744321006832,384.88776789931677
level,NLD,reading,P50,2022,462.31260000000003,5.718786730446707,,451.10377800832447,473.5214219916756
level,NLD,reading,P75,2022,547.669,4.459523366845896,,538.928334200982,556.409665799018
level,NLD,reading,P90,2022,607.7146,3.8114289979102454,,600.2441991640959,615.1850008359041
level,NLD,reading,P90-P10,2022,303.2902,6.74239084235786,,290.07511394897864,316.5052860510214
level,NLD,science,P10,2022,340.21070000000003,5.395380599024815,,329.6357540259114,350.78564597408865
level,NLD,science,P25,2022,401.13649999999996,6.417677973292903,,388.55785117234586,413.71514882765405
level,NLD,science,P50,2022,488.9111000000001,5.140163477188463,,478.8363795847107,498.9858204152895
level,NLD,science,P75,2022,574.2193,4.344008467673871,,565.7050434033592,582.7335565966407
level,NLD,science,P90,2022,636.1207,3.6704417121407,,628.9266342442043,643.3147657557959
level,NLD,science,P90-P10,2022,295.90999999999997,6.048581482325727,,284.05478029464155,307.7652197053584
level,NOR,math,P10,2022,345.133,2.647647096847397,,339.94361169017907,350.3223883098209
level,NOR,math,P25,2022,400.99369999999993,2.5205572148501885,,396.05340785889354,405.93399214110633
level,NOR,math,P50,2022,468.7578,2.7780602599255837,,463.3128018905458,474.20279810945414
level,NOR,math,P75,2022,534.6479000000002,2.558362018948844,,529.6335104428605,539.6622895571398
level,NOR,math,P90,2022,589.1065000000001,2.5895825171894638,,584.0309182663087,594.1820817336915
level,NOR,math,P90-P10,2022,243.97350000000006,3.1744466986827438,,237.7515844705819,250.19541552941823
level,NOR,reading,P10,2022,323.27180000000004,3.7278915180031675,,315.9651326247138,330.57846737528627
level,NOR,reading,P25,2022,398.0412,3.6784716608184502,,390.83139554479584,405.25100445520417
level,NOR,reading,P50,2022,481.9590999999999,3.2324974080078994,,475.62340508030445,488.2947949196954
level,NOR,reading,P75,2022,557.5543,3.052000307539665,,551.5723793972222,563.5362206027778
level,NOR,reading,P90,2022,618.4327,3.0313425112572725,,612.4912686779358,624.3741313220642
level,NOR,reading,P90-P10,2022,295.1609,4.162941603068145,,287.00153445798645,303.3202655420136
level,NOR,science,P10,2022,338.27049999999997,3.1738302066360644,,332.04979279499327,344.4912072050067
level,NOR,science,P25,2022,400.6924,3.172236599519854,,394.4748162649411,406.9099837350589
level,NOR,science,P50,2022,479.684,2.999399222066537,,473.80517752474964,485.5628224752504
level,NOR,science,P75,2022,555.4273000000001,3.182201007513848,,549.190186025273,561.6644139747272
level,NOR,science,P90,2022,614.4841,3.1130899556014713,,608.3824436870211,620.5857563129789
level,NOR,science,P90-P10,2022,276.21360000000004,3.683247143486315,,268.99443559876687,283.4327644012332
level,NZL,math,P10,2022,350.4454999999999,3.236724094838961,,344.10152077411556,356.7894792258843
level,NZL,math,P25,2022,408.24619999999993,3.2265505375968715,,401.92216094631004,414.5702390536898
level,NZL,math,P50,2022,478.09130000000005,2.651666157552852,,472.89403433119645,483.28856566880364
level,NZL,math,P75,2022,546.8436,2.889191715303391,,541.1807842380053,552.5064157619947
level,NZL,math,P90,2022,608.5363,3.7473396143871947,,601.1915143558011,615.8810856441988
level,NZL,math,P90-P10,2022,258.0908,4.958086042740912,,248.37295135622782,267.8086486437722
level,NZL,reading,P10,2022,353.5253,3.750012060943575,,346.1752763605506,360.87532363944945
level,NZL,reading,P25,2022,424.4112999999999,3.3239274301812203,,417.8964022368447,430.92619776315513
level,NZL,reading,P50,2022,504.4616,2.8212457801868673,,498.9319582708337,509.99124172916623
level,NZL,reading,P75,2022,580.2302000000001,3.057904929759013,,574.2367063376724,586.2236936623277
level,NZL,reading,P90,2022,640.5800999999999,3.270648101931271,,634.1696297202146,646.9905702797852
level,NZL,reading,P90-P10,2022,287.0548,4.84213522144701,,277.56421496596386,296.54538503403614
level,NZL,science,P10,2022,361.86310000000003,4.1386670168196815,,353.75131264703344,369.9748873529666
level,NZL,science,P25,2022,427.9219999999999,3.5690706299633064,,420.92662156527183,434.917378434728
level,NZL,science,P50,2022,506.26480000000004,2.7301834368571107,,500.9136404637601,511.61595953624
level,NZL,science,P75,2022,581.4633,3.015560909773768,,575.5528006168435,587.3737993831566
level,NZL,science,P90,2022,643.3183999999999,3.08204961628171,,637.2775827520877,649.359217247912
level,NZL,science,P90-P10,2022,281.4553,5.064590316874398,,271.5287029789262,291.3818970210738
level,POL,math,P10,2022,370.33180000000004,3.125899938595461,,364.20503612035293,376.45856387964716
level,POL,math,P25,2022,426.3688000000001,3.188455757712325,,420.1194267148839,432.61817328511626
level,POL,math,P50,2022,490.4081,2.9412343927904394,,484.64328059013076,496.1729194098692
level,POL,math,P75,2022,551.97,2.611998780414901,,546.8504823903868,557.0895176096133
level,POL,math,P90,2022,604.2769000000001,3.1039581984585,,598.1931419310214,610.3606580689788
level,POL,math,P90-P10,2022,233.9451,4.247947814925846,,225.61912228274534,242.27107771725466
level,POL,reading,P10,2022,347.236,5.158187398958841,,337.12595269804063,357.34604730195935
level,POL,reading,P25,2022,418.28100000000006,4.520737532564057,,409.42035443617453,427.1416455638256
level,POL,reading,P50,2022,494.51890000000003,3.2027534812511993,,488.2415031767477,500.79629682325236
level,POL,reading,P75,2022,563.3695,3.414409839114863,,556.6772567153349,570.0617432846651
level,POL,reading,P90,2022,619.1116,3.6840780312794172,,611.8908070586923,626.3323929413076
level,POL,reading,P90-P10,2022,271.87559999999996,6.200256177682415,,259.72309789174244,284.0281021082575
level,POL,science,P10,2022,369.6127,3.9587242633622894,,361.8536004438099,377.3717995561901
level,POL,science,P25,2022,431.8822,3.946454077044628,,424.1471500089925,439.6172499910075
level,POL,science,P50,2022,502.1246,3.170210041236318,,495.9109883191768,508.3382116808232
level,POL,science,P75,2022,567.7277000000001,2.9573295566552424,,561.9313340689558,573.5240659310444
level,POL,science,P90,2022,622.6749000000001,3.3597554174373996,,616.0897793818228,629.2600206181774
level,POL,science,P90-P10,2022,253.0622,4.706922079767172,,243.83663272365632,262.28776727634363
level,PRT,math,P10,2022,355.9181,4.1007123065525,,347.88070387915707,363.9554961208429
level,PRT,math,P25,2022,407.5593,3.0152402389085533,,401.6494291317392,413.4691708682608
level,PRT,math,P50,2022,470.6481999999999,2.757467858883903,,465.24356299658746,476.0528370034124
level,PRT,math,P75,2022,536.4463,2.6642447235984688,,531.224380341747,541.668219658253
level,PRT,math,P90,2022,589.2854,2.181776521425712,,585.0091180180056,593.5616819819944
level,PRT,math,P90-P10,2022,233.36729999999997,4.341434045399712,,224.85808927101652,241.87651072898342
level,PRT,reading,P10,2022,351.74359999999996,4.894061869642529,,342.1512387355006,361.3359612644993
level,PRT,reading,P25,2022,413.39250000000004,3.524345742514174,,406.4847823446723,420.3002176553278
level,PRT,reading,P50,2022,480.2539999999999,2.955733638954029,,474.46076206765,486.0472379323498
level,PRT,reading,P75,2022,543.3408000000001,2.578767851341223,,538.2864150113712,548.3951849886289
level,PRT,reading,P90,2022,594.3496,2.831254541914434,,588.8003410978478,599.8988589021523
level,PRT,reading,P90-P10,2022,242.606,4.892360096392923,,233.01697421106985,252.19502578893014
level,PRT,science,P10,2022,364.42449999999997,4.167239993288926,,356.25670961315365,372.5922903868463
level,PRT,science,P25,2022,419.16990000000004,3.517296609692671,,412.2759986450024,426.0638013549977
level,PRT,science,P50,2022,485.30789999999996,3.32120517190506,,478.798337863066,491.8174621369339
level,PRT,science,P75,2022,550.405,2.9867172249254934,,544.551034239146,556.2589657608539
level,PRT,science,P90,2022,603.2212,2.7110141681666056,,597.9076122303934,608.5347877696065
level,PRT,science,P90-P10,2022,238.79669999999996,4.471761420973976,,230.03204761489096,247.56135238510896
level,SVK,math,P10,2022,327.31329999999997,5.201757278341406,,317.1178557344508,337.5087442655491
level,SVK,math,P25,2022,392.2709,4.396147513195818,,383.65445087413616,400.8873491258638
level,SVK,math,P50,2022,468.22950000000003,3.61215291189187,,461.149680292692,475.3093197073081
level,SVK,math,P75,2022,536.4733,2.9976795968808188,,530.5978479901136,542.3487520098864
level,SVK,math,P90,2022,590.6346000000001,3.636362810556713,,583.5073288913089,597.7618711086913
level,SVK,math,P90-P10,2022,263.32129999999995,5.916173452917009,,251.7256000322826,274.9169999677173
level,SVK,reading,P10,2022,305.899,5.013984434226606,,296.07159050891585,315.72640949108415
level,SVK,reading,P25,2022,372.202,4.442653165370642,,363.49439979587356,380.90960020412643
level,SVK,reading,P50,2022,451.2482,3.8653996564966535,,443.67201667326657,458.8243833267334
level,SVK,reading,P75,2022,523.9835999999999,3.34104125103404,,517.4351591479732,530.5320408520266
level,SVK,reading,P90,2022,580.4289999999999,3.32981030857781,,573.9025717951873,586.9554282048124
level,SVK,reading,P90-P10,2022,274.53,5.363330982390195,,264.0178712745152,285.04212872548476
level,SVK,science,P10,2022,324.4383,5.063462293069174,,314.51391390558445,334.3626860944156
level,SVK,science,P25,2022,390.5188999999999,4.135495135611536,,382.4133295342013,398.62447046579854
level,SVK,science,P50,2022,464.92749999999995,3.6135755093351354,,457.8448920017031,472.0101079982968
level,SVK,science,P75,2022,536.2715,3.562277359358752,,529.2894363756568,543.2535636243431
level,SVK,science,P90,2022,593.0271999999999,3.5745503770093605,,586.0210812610616,600.0333187389382
level,SVK,science,P90-P10,2022,268.5889,5.840259482534433,,257.1419914142325,280.03580858576754
level,SVN,math,P10,2022,369.3448,2.6824807010800087,,364.0871378258832,374.60246217411685
level,SVN,math,P25,2022,420.94759999999997,1.9366185321040565,,417.151827677076,424.7433723229239
level,SVN,math,P50,2022,481.6068,1.8603074365097096,,477.960597424441,485.25300257555904
level,SVN,math,P75,2022,546.0541999999999,2.2918253634748544,,541.5622222875892,550.5461777124107
level,SVN,math,P90,2022,603.5637,2.6258853227689287,,598.416964767373,608.7104352326271
level,SVN,math,P90-P10,2022,234.21890000000002,3.698560992692526,,226.96972045432267,241.46807954567737
level,SVN,reading,P10,2022,339.61440000000005,3.604018342458558,,332.55052404878126,346.67827595121884
level,SVN,reading,P25,2022,403.8431999999999,2.3430246841541416,,399.2508716190578,408.435528380942
level,SVN,reading,P50,2022,472.5974,2.0255709854809383,,468.6272808684574,476.5675191315426
level,SVN,reading,P75,2022,536.4087000000001,2.5268692596878704,,531.4560362510118,541.3613637489883
level,SVN,reading,P90,2022,591.3037999999999,3.1812568414246507,,585.0685365908076,597.5390634091922
level,SVN,reading,P90-P10,2022,251.68939999999998,4.225022693890389,,243.4083555199748,259.97044448002515
level,SVN,science,P10,2022,376.4630000000001,2.935652778154954,,370.70912055481637,382.2168794451838
level,SVN,science,P25,2022,434.4531,2.3243975745221452,,429.8972807539366,439.0089192460634
level,SVN,science,P50,2022,500.36160000000007,2.1105226520935525,,496.2249756018967,504.49822439810345
level,SVN,science,P75,2022,566.3089000000001,2.3019663707843776,,561.7970459132628,570.8207540867375
level,SVN,science,P90,2022,622.3176,3.251706733821165,,615.9442548017105,628.6909451982895
level,SVN,science,P90-P10,2022,245.85460000000003,4.850167320596061,,236.34827205163177,255.3609279483683
level,SWE,math,P10,2022,355.91139999999996,2.9147708658753233,,350.1984491028843,361.6243508971156
level,SWE,math,P25,2022,412.9686,2.8693440717735847,,407.34468561932374,418.5925143806762
level,SWE,math,P50,2022,482.8747999999999,2.6788673984229496,,477.6242198990909,488.12538010090884
level,SWE,math,P75,2022,549.6724,2.794046763209236,,544.1960683441099,555.1487316558902
level,SWE,math,P90,2022,606.9110000000001,2.7550411205844276,,601.5111194036546,612.3108805963456
level,SWE,math,P90-P10,2022,250.99960000000002,3.6333585170381113,,243.8782173066053,258.1209826933947
level,SWE,reading,P10,2022,336.98699999999997,4.237435745628869,,328.6816259385674,345.29237406143255
level,SWE,reading,P25,2022,410.3723,3.4923550367592613,,403.5272841279518,417.2173158720482
level,SWE,reading,P50,2022,492.5954,3.1353489663122893,,486.4501160260279,498.74068397397207
level,SWE,reading,P75,2022,567.6326000000001,2.8672105143036464,,562.012867391965,573.2523326080353
level,SWE,reading,P90,2022,626.7652,3.162076028585574,,620.5675309839723,632.9628690160278
level,SWE,reading,P90-P10,2022,289.7782,4.740068629015583,,280.4876654871295,299.06873451287055
level,SWE,science,P10,2022,349.55730000000005,3.9679852185964655,,341.78004897155097,357.33455102844914
level,SWE,science,P25,2022,414.3492,3.7032337701887865,,407.09086181043,421.60753818957
level,SWE,science,P50,2022,496.9102000000001,2.9889567577073484,,491.0518447548937,502.7685552451065
level,SWE,science,P75,2022,572.4757999999999,2.6823622471620068,,567.2183699955624,577.7332300044375
level,SWE,science,P90,2022,633.111,3.2877458487710274,,626.6670181364087,639.5549818635913
level,SWE,science,P90-P10,2022,283.55370000000005,5.463552366668905,,272.84513736132897,294.26226263867113
level,TUR,math,P10,2022,340.7555,2.3498008644942225,,336.1498903055913,345.36110969440864
level,TUR,math,P25,2022,387.2165,2.37376213682463,,382.56392621182374,391.86907378817625
level,TUR,math,P50,2022,446.6616,2.399647706666776,,441.9582904949331,451.3649095050669
level,TUR,math,P75,2022,515.0344,2.2216254000918676,,510.68001421581994,519.3887857841801
level,TUR,math,P90,2022,576.3094,2.5638291644421987,,571.2842948376933,581.3345051623066
level,TUR,math,P90-P10,2022,235.55390000000003,3.4065040779041724,,228.87715200730784,242.2306479926922
level,TUR,reading,P10,2022,341.34759999999994,2.8823117727885585,,335.6982689253344,346.9969310746655
level,TUR,reading,P25,2022,395.6322,3.062222166535643,,389.63024455359016,401.63415544640986
level,TUR,reading,P50,2022,457.59670000000006,2.568652948207159,,452.562140221514,462.6312597784861
level,TUR,reading,P75,2022,518.4053,2.321379906315305,,513.8553953836221,522.955204616378
level,TUR,reading,P90,2022,568.1917000000001,2.6005138465524626,,563.0946928607573,573.2887071392429
level,TUR,reading,P90-P10,2022,226.84409999999997,3.7112505581003123,,219.57004890612336,234.11815109387658
level,TUR,science,P10,2022,360.62839999999994,2.6622949905423083,,355.410301818537,365.8464981814629
level,TUR,science,P25,2022,410.60510000000005,2.8141116127277015,,405.08944123905377,416.12075876094633
level,TUR,science,P50,2022,473.9647999999999,2.6985206844574057,,468.6756994584634,479.25390054153644
level,TUR,science,P75,2022,540.1759999999999,2.2914375670938347,,535.684782368496,544.6672176315038
level,TUR,science,P90,2022,594.6062,3.0964406123088613,,588.5371763998746,600.6752236001253
level,TUR,science,P90-P10,2022,233.97780000000003,3.762080935687947,,226.60412136605166,241.3514786339484
level,USA,math,P10,2022,344.52590000000004,4.024367321151933,,336.63814005054223,352.41365994945784
level,USA,math,P25,2022,395.68820000000005,4.166150618376633,,387.5225447879819,403.85385521201823
level,USA,math,P50,2022,461.53279999999995,4.6678284474689065,,452.3838562429609,470.681743757039
level,USA,math,P75,2022,530.6320999999999,4.54697053071847,,521.7200377597917,539.5441622402082
level,USA,math,P90,2022,590.1127,5.929959151489435,,578.4899800630807,601.7354199369194
level,USA,math,P90-P10,2022,245.58679999999998,5.599913378149509,,234.61096977882696,256.56263022117304
level,USA,reading,P10,2022,355.78040000000004,6.07943238898355,,343.8647125175923,367.6960874824078
level,USA,reading,P25,2022,427.5893,5.633586734438768,,416.54747000049997,438.6311299995
level,USA,reading,P50,2022,506.40560000000005,4.549272250041762,,497.4890263899182,515.3221736100819
level,USA,reading,P75,2022,582.5884,4.9767124569226215,,572.8340435844316,592.3427564155684
level,USA,reading,P90,2022,647.8471,5.4939664527956875,,637.0789257525204,658.6152742474795
level,USA,reading,P90-P10,2022,292.06669999999997,6.789519736165272,,278.75924131711605,305.3741586828839
level,USA,science,P10,2022,356.53619999999995,5.090181337088539,,346.5594445793064,366.5129554206935
level,USA,science,P25,2022,421.0561000000001,5.020108343729027,,411.2166876462912,430.89551235370897
level,USA,science,P50,2022,501.8629000000001,5.258561109435421,,491.5561202255067,512.1696797744935
level,USA,science,P75,2022,577.3743999999999,4.805345713427447,,567.9559224016821,586.7928775983178
level,USA,science,P90,2022,638.6838,5.171335769358282,,628.5479818920578,648.8196181079422
level,USA,science,P90-P10,2022,282.14760000000007,5.7669755323354375,,270.84432795662264,293.4508720433775
level,AUS,math,P10,2025,346.4290859,2.332329039264307,,341.857720983042,351.00045081695805
level,AUS,math,P25,2025,407.29728078000005,2.310932181569382,,402.76785370412404,411.82670785587607
level,AUS,math,P50,2025,478.54389849,2.1285835105442588,,474.37187480933324,482.7159221706668
level,AUS,math,P75,2025,547.6976236200001,2.3328442311686683,,543.1252489269094,552.2699983130907
level,AUS,math,P90,2025,606.34135818,2.678700569655928,,601.0911050634744,611.5916112965257
level,AUS,math,P90-P10,2025,259.91227228,2.8315729018561604,,254.36238939236196,265.4621551676381
level,AUS,reading,P10,2025,340.42278548999997,2.8767496519620646,,334.78435617215433,346.0612148078456
level,AUS,reading,P25,2025,413.77966504000005,2.4767439143583103,,408.9252469678578,418.6340831121423
level,AUS,reading,P50,2025,496.22408179,2.2496570533879336,,491.81475396535967,500.63340961464036
level,AUS,reading,P75,2025,570.90300522,2.255903772009375,,566.4814338268616,575.3245766131383
level,AUS,reading,P90,2025,631.72831113,2.3126607195785223,,627.195496119626,636.2611261403739
level,AUS,reading,P90-P10,2025,291.30552564000004,3.1495323202527925,,285.1324422923046,297.4786089876955
level,AUS,science,P10,2025,367.90755387,2.678734954165635,,362.65723335983535,373.1578743801647
level,AUS,science,P25,2025,435.30075824999994,2.2479644982086864,,430.8947478335109,439.706768666489
level,AUS,science,P50,2025,513.299989,2.0480932251114985,,509.28572627878145,517.3142517212185
level,AUS,science,P75,2025,584.30765658,2.043038373095186,,580.3033013687334,588.3120117912665
level,AUS,science,P90,2025,643.02001568,2.457462334313115,,638.2033895047463,647.8366418552538
level,AUS,science,P90-P10,2025,275.11246180999996,2.8387501450140213,,269.5485115257725,280.67641209422743
level,AUT,math,P10,2025,354.39308323999995,3.9917442505898078,,346.56926450884396,362.21690197115595
level,AUT,math,P25,2025,411.68141642,3.5004991125535456,,404.82043815939505,418.54239468060496
level,AUT,math,P50,2025,479.40981803999995,3.1342235156935456,,473.2667399492406,485.5528961307593
level,AUT,math,P75,2025,543.6830218,2.730100226821942,,538.332025355429,549.034018244571
level,AUT,math,P90,2025,595.75721895,3.0983515515544022,,589.6844499089534,601.8299879910467
level,AUT,math,P90-P10,2025,241.36413571000003,4.039373947223415,,233.44696277344212,249.28130864655793
level,AUT,reading,P10,2025,333.2233919,3.970100361331222,,325.44199519179085,341.0047886082092
level,AUT,reading,P25,2025,396.77544045,3.5022831227114297,,389.9109655294856,403.6399153705144
level,AUT,reading,P50,2025,470.57407564999994,3.2415389535202537,,464.2206593011002,476.92749199889965
level,AUT,reading,P75,2025,539.74703723,2.92596814802252,,534.0121396598759,545.4819348001242
level,AUT,reading,P90,2025,595.1635070099999,2.632608297413827,,590.0035947470687,600.323419272931
level,AUT,reading,P90-P10,2025,261.94011510999997,4.031391549991283,,254.03858767201706,269.8416425479829
level,AUT,science,P10,2025,359.57297424,4.060751881098314,,351.6139005530473,367.5320479269527
level,AUT,science,P25,2025,423.49502209,3.8952283130401923,,415.86037459644126,431.1296695835588
level,AUT,science,P50,2025,500.22021342000005,3.3351056869987117,,493.68340627348255,506.75702056651755
level,AUT,science,P75,2025,570.9662461300001,2.891532474732425,,565.2988424795245,576.6336497804756
level,AUT,science,P90,2025,627.6985521600001,2.992882540445232,,621.8325023807274,633.5646019392727
level,AUT,science,P90-P10,2025,268.12557792,4.364756001651465,,259.57065615676316,276.68049968323686
level,BEL,math,P10,2025,347.28409244,5.193199198674838,,337.1054220105973,357.4627628694027
level,BEL,math,P25,2025,409.13429521000006,4.349899281022448,,400.60849261919606,417.66009780080407
level,BEL,math,P50,2025,483.3602872300001,3.261189068722017,,476.96835665530494,489.75221780469525
level,BEL,math,P75,2025,551.0641311699999,2.891812563497671,,545.3961785455444,556.7320837944553
level,BEL,math,P90,2025,605.37465295,3.240953030212701,,599.0223850107832,611.7269208892169
level,BEL,math,P90-P10,2025,258.09056051000005,5.816812844230235,,246.68960733530878,269.4915136846913
level,BEL,reading,P10,2025,320.6729535,5.696263699924593,,309.5082766481478,331.8376303518522
level,BEL,reading,P25,2025,392.82917333,4.6343506400348975,,383.74584607553163,401.9125005844684
level,BEL,reading,P50,2025,473.3397711900001,3.5273651853200025,,466.4261354267729,480.2534069532273
level,BEL,reading,P75,2025,544.00078365,2.6589344818261624,,538.7892720656207,549.2122952343793
level,BEL,reading,P90,2025,598.9359265600001,2.8606721685569187,,593.3290091096285,604.5428440103717
level,BEL,reading,P90-P10,2025,278.26297306,6.1485319682607695,,266.2118504022089,290.3140957177911
level,BEL,science,P10,2025,348.95812796999996,5.010957147886138,,339.1366519601431,358.7796039798568
level,BEL,science,P25,2025,415.54596006,4.611405638155925,,406.5076050092144,424.58431511078567
level,BEL,science,P50,2025,496.47944369000004,3.303299092610433,,490.0049774684836,502.95390991151646
level,BEL,science,P75,2025,565.28186438,2.7086845791059257,,559.9728426049523,570.5908861550477
level,BEL,science,P90,2025,618.7152041400001,2.9612845437620128,,612.9110864342265,624.5193218457737
level,BEL,science,P90-P10,2025,269.75707617,5.41257131396052,,259.1484363946374,280.36571594536264
level,CAN,math,P10,2025,356.25133932999995,2.759577176042524,,350.8425680649566,361.6601105950433
level,CAN,math,P25,2025,416.95708933,2.298270702760308,,412.4524787525898,421.46169990741015
level,CAN,math,P50,2025,486.49941549000005,1.9727881753050938,,482.63275066640205,490.36608031359805
level,CAN,math,P75,2025,554.36476657,2.1118186110406816,,550.2256020923603,558.5039310476398
level,CAN,math,P90,2025,612.4832496500001,2.530354072747665,,607.5237556674147,617.4427436325855
level,CAN,math,P90-P10,2025,256.23191032000005,2.9450000460270376,,250.45971022978705,262.00411041021306
level,CAN,reading,P10,2025,349.66012231,2.793129666265777,,344.1855881641191,355.13465645588093
level,CAN,reading,P25,2025,419.17033367999994,2.3214911936057985,,414.62021094053256,423.7204564194673
level,CAN,reading,P50,2025,494.21531704999995,1.9909315241981553,,490.31309126257156,498.11754283742835
level,CAN,reading,P75,2025,564.5324889000001,1.9744414405033313,,560.6625836766135,568.4023941233867
level,CAN,reading,P90,2025,622.48922466,2.303583499223292,,617.9742010015224,627.0042483184776
level,CAN,reading,P90-P10,2025,272.82910234999997,3.1684558597142263,,266.6189288649601,279.03927583503986
level,CAN,science,P10,2025,378.64747794,2.668405383116023,,373.41740338909256,383.8775524909074
level,CAN,science,P25,2025,442.09912496999993,2.1108563205475095,,437.96184658172683,446.23640335827304
level,CAN,science,P50,2025,512.4631411,1.9922127032458241,,508.5584042016382,516.3678779983618
level,CAN,science,P75,2025,580.02486633,2.0580661225172947,,575.9910567298662,584.0586759301339
level,CAN,science,P90,2025,636.2585613,2.3516835847061586,,631.6492614739759,640.8678611260241
level,CAN,science,P90-P10,2025,257.61108335999995,2.9308591707302623,,251.86659938536863,263.35556733463125
level,CHE,math,P10,2025,367.13748219999997,3.255333758552167,,360.7570280332377,373.5179363667622
level,CHE,math,P25,2025,425.61572766999996,3.0314243539689465,,419.6741359362208,431.5573194037791
level,CHE,math,P50,2025,498.3430901400001,3.335512129450116,,491.8054863662778,504.8806939137223
level,CHE,math,P75,2025,572.02237156,3.5203613005422083,,565.1224634109373,578.9222797090628
level,CHE,math,P90,2025,631.07930561,3.522778469576342,,624.1746598096304,637.9839514103696
level,CHE,math,P90-P10,2025,263.94182341,4.3067395815792135,,255.50061383010473,272.38303298989524
level,CHE,reading,P10,2025,327.0574408,4.249810189340483,,318.72781282889264,335.38706877110735
level,CHE,reading,P25,2025,394.51389622999994,3.8848871375386635,,386.8995174404242,402.1282750195757
level,CHE,reading,P50,2025,473.38498603999994,3.8741286888504707,,465.79169380985303,480.97827827014686
level,CHE,reading,P75,2025,549.12176821,3.3311332864628143,,542.5927469685329,555.6507894514672
level,CHE,reading,P90,2025,605.7815999100001,4.080862025931502,,597.7831103391743,613.7800894808258
level,CHE,reading,P90-P10,2025,278.7241591100001,5.284744165921094,,268.3660605447947,289.0822576752054
level,CHE,science,P10,2025,361.74454054,3.675527304029901,,354.5405070241014,368.94857405589863
level,CHE,science,P25,2025,425.64019598000004,3.7523208027243253,,418.28564720666037,432.9947447533397
level,CHE,science,P50,2025,504.45602588,3.5108580527860145,,497.57474409653946,511.3373076634606
level,CHE,science,P75,2025,576.99590042,3.4277732776611503,,570.2774647957841,583.7143360442159
level,CHE,science,P90,2025,634.21665106,3.7592830250189935,,626.8484563309628,641.5848457890372
level,CHE,science,P90-P10,2025,272.47211052,5.071054758005117,,262.53284319431,282.41137784569
level,CHL,math,P10,2025,304.0814528699999,3.2762396711505093,,297.6600231145449,310.5028826254549
level,CHL,math,P25,2025,348.39034286,3.0541596710115906,,342.40418990481726,354.3764958151827
level,CHL,math,P50,2025,401.35325046,2.5322216155679635,,396.3900960934868,406.31640482651324
level,CHL,math,P75,2025,454.51541907,2.4917463141264107,,449.63159629431226,459.39924184568775
level,CHL,math,P90,2025,502.7353256,2.78243899179,,497.2817451760916,508.18890602390843
level,CHL,math,P90-P10,2025,198.65387273,4.0765034454701246,,190.66392597687855,206.64381948312143
level,CHL,reading,P10,2025,312.742874,4.325083103755928,,304.26571111663833,321.2200368833616
level,CHL,reading,P25,2025,370.73032744,3.489953223783904,,363.89001912138355,377.57063575861645
level,CHL,reading,P50,2025,437.05539904,3.164407527333804,,430.85316028642575,443.25763779357425
level,CHL,reading,P75,2025,500.86516027999994,2.9749912959451725,,495.0341773399474,506.6961432200525
level,CHL,reading,P90,2025,556.42849605,3.14844977562166,,550.2575344897816,562.5994576102185
level,CHL,reading,P90-P10,2025,243.68562205000006,4.605295647445671,,234.65924258100654,252.7120015189936
level,CHL,science,P10,2025,329.94995873,3.331493569667208,,323.42023133345225,336.47968612654773
level,CHL,science,P25,2025,379.70435229,3.2746685400759135,,373.28600195145117,386.1227026285488
level,CHL,science,P50,2025,441.03304354,2.890501684054932,,435.3676602392523,446.6984268407477
level,CHL,science,P75,2025,503.3764957699999,3.0309320301573126,,497.43586899089155,509.31712254910826
level,CHL,science,P90,2025,558.2425491700001,3.0403488359213258,,552.2834654515942,564.2016328884059
level,CHL,science,P90-P10,2025,228.29259044,4.003009998587772,,220.44669084276796,236.13849003723203
level,COL,math,P10,2025,286.86380668,2.457063257369053,,282.04796269555663,291.67965066444333
level,COL,math,P25,2025,326.96781705999996,2.5098563143857464,,322.04849868380387,331.88713543619605
level,COL,math,P50,2025,376.13018371,3.1282168344688417,,369.99887871444105,382.2614887055589
level,COL,math,P75,2025,430.01267896999997,3.691769822379276,,422.7768101181366,437.2485478218633
level,COL,math,P90,2025,480.93159189,4.843273551491203,,471.43877572907724,490.42440805092275
level,COL,math,P90-P10,2025,194.06778520999995,4.633849248122862,,184.98544068367914,203.15012973632076
level,COL,reading,P10,2025,282.9939727099999,3.612045101823565,,275.91436431042575,290.0735811095741
level,COL,reading,P25,2025,334.79241375000004,3.6217465018286705,,327.69379060641586,341.8910368935842
level,COL,reading,P50,2025,396.84867612,3.623280253498244,,389.7470468231434,403.95030541685657
level,COL,reading,P75,2025,461.80127948999996,4.458171674566914,,453.06326300784883,470.5392959721511
level,COL,reading,P90,2025,519.52267972,4.766917466970233,,510.17952148473836,528.8658379552617
level,COL,reading,P90-P10,2025,236.52870701,4.996295391961456,,226.73596804175554,246.32144597824447
level,COL,science,P10,2025,301.17111303,3.223184723734862,,294.8536709714797,307.48855508852034
level,COL,science,P25,2025,348.91136897,3.247659348383327,,342.5459566471687,355.27678129283134
level,COL,science,P50,2025,409.39961027,3.895295272020498,,401.7648315368398,417.0343890031602
level,COL,science,P75,2025,474.23052971000004,4.303881720332728,,465.7949215381479,482.6661378818522
level,COL,science,P90,2025,534.3067599999999,5.323099196139791,,523.873485575566,544.7400344244339
level,COL,science,P90-P10,2025,233.13564696999998,5.053971238490572,,223.22986334255847,243.0414305974415
level,CRI,math,P10,2025,300.85116088999996,2.6843358413266833,,295.5898626409997,306.11245913900024
level,CRI,math,P25,2025,339.20869541,2.335444574883296,,334.63122404322877,343.78616677677127
level,CRI,math,P50,2025,383.92379945000005,2.3039253665049184,,379.4081057316504,388.4394931683497
level,CRI,math,P75,2025,432.2455245,2.884027538558303,,426.5928305244257,437.89821847557425
level,CRI,math,P90,2025,478.3649550200001,3.676019135623568,,471.1599575141779,485.56995252582226
level,CRI,math,P90-P10,2025,177.51379413,3.805102813253056,,170.055792616024,184.971795643976
level,CRI,reading,P10,2025,307.59759156,3.1297176038370322,,301.46334505647945,313.73183806352057
level,CRI,reading,P25,2025,356.7708227099999,2.8083282218067063,,351.26649939525873,362.27514602474105
level,CRI,reading,P50,2025,414.3595252399999,2.824282436024755,,408.8239316653914,419.89511881460845
level,CRI,reading,P75,2025,473.66368149,3.679126955548166,,466.4525926571256,480.8747703228744
level,CRI,reading,P90,2025,527.21498997,4.4603342479449255,,518.472734844028,535.9572450959721
level,CRI,reading,P90-P10,2025,219.61739841,4.56742647783152,,210.6652425134502,228.56955430654978
level,CRI,science,P10,2025,324.97342533,3.052981589951916,,318.9895814136942,330.95726924630577
level,CRI,science,P25,2025,368.41503535,2.42891624093249,,363.6543595177723,373.17571118222764
level,CRI,science,P50,2025,420.9556790099999,2.815399644560437,,415.4374957066615,426.4738623133384
level,CRI,science,P75,2025,477.02590266999994,3.3724019903642417,,470.41599476888604,483.63581057111384
level,CRI,science,P90,2025,528.3484729200001,4.115305459722763,,520.2824742189434,536.4144716210567
level,CRI,science,P90-P10,2025,203.37504759,4.401775918884971,,194.74756678898547,212.00252839101455
level,CZE,math,P10,2025,351.4388781900001,3.6194619129686676,,344.3447328405815,358.53302353941865
level,CZE,math,P25,2025,408.08945936000003,2.993839370457954,,402.22153419390247,413.9573845260976
level,CZE,math,P50,2025,475.3470794000001,3.304737995690547,,468.8697929284466,481.8243658715536
level,CZE,math,P75,2025,544.21638672,3.3202058784345674,,537.7087831982682,550.7239902417317
level,CZE,math,P90,2025,605.9852379700001,3.883206703405051,,598.3741528313262,613.5963231086739
level,CZE,math,P90-P10,2025,254.54635977999996,4.901168687921286,,244.94006915167424,264.15265040832566
level,CZE,reading,P10,2025,339.00101112000004,4.061827024840544,,331.0398301513126,346.9621920886875
level,CZE,reading,P25,2025,401.42205731999996,3.311599707689716,,394.9313218929281,407.9127927470718
level,CZE,reading,P50,2025,469.97182510000005,3.127828904538891,,463.8412804471038,476.10236975289627
level,CZE,reading,P75,2025,537.48350656,3.3363315992028233,,530.9442966255625,544.0227164944375
level,CZE,reading,P90,2025,594.17424009,3.4399150552328335,,587.4320065817436,600.9164735982564
level,CZE,reading,P90-P10,2025,255.17322897,4.942279025937073,,245.48636207916334,264.8600958608367
level,CZE,science,P10,2025,362.46157905,3.9501241855841185,,354.71933564625516,370.20382245374486
level,CZE,science,P25,2025,421.84889692999997,3.26939251161102,,415.44088760724236,428.2569062527576
level,CZE,science,P50,2025,490.67727239999994,3.164543495406644,,484.4747671490029,496.87977765099697
level,CZE,science,P75,2025,558.65477898,3.3984291137875116,,551.9938579169764,565.3157000430235
level,CZE,science,P90,2025,616.24567974,4.040762066730528,,608.3257860892082,624.1655733907918
level,CZE,science,P90-P10,2025,253.78410068999997,5.42703022298005,,243.14712145295908,264.42107992704086
level,DEU,math,P10,2025,335.73149484,3.8040322847775374,,328.275591561836,343.18739811816397
level,DEU,math,P25,2025,392.1475482,3.649553714492018,,384.99442291959565,399.3006734804044
level,DEU,math,P50,2025,462.16707054999995,3.779229769137617,,454.7597802024902,469.5743608975097
level,DEU,math,P75,2025,533.93192719,3.6892326859887565,,526.701031125462,541.162823254538
level,DEU,math,P90,2025,594.44650247,3.301635019169915,,587.975297832427,600.917707107573
level,DEU,math,P90-P10,2025,258.71500763000006,4.144686035708951,,250.5914230000105,266.8385922599896
level,DEU,reading,P10,2025,320.20916272000005,4.623224508473373,,311.14764268339223,329.27068275660787
level,DEU,reading,P25,2025,385.1008964200001,4.056154090247038,,377.1508344031159,393.0509584368843
level,DEU,reading,P50,2025,465.56663464,4.379499704209837,,456.9828152197487,474.1504540602513
level,DEU,reading,P75,2025,545.7361939900001,4.204084081797785,,537.4961891896764,553.9761987903237
level,DEU,reading,P90,2025,608.73899479,3.865871334761312,,601.1618869738678,616.3161026061322
level,DEU,reading,P90-P10,2025,288.52983207,4.618045843322351,,279.4784622170882,297.5812019229118
level,DEU,science,P10,2025,341.55083396,4.12087924782676,,333.47391063425954,349.6277572857404
level,DEU,science,P25,2025,403.11072806,4.363535664431757,,394.5581981577137,411.66325796228625
level,DEU,science,P50,2025,485.02473657999997,4.448010800662986,,476.3066354107005,493.74283774929944
level,DEU,science,P75,2025,566.0532362299999,4.0649214617224585,,558.0859901650239,574.020482294976
level,DEU,science,P90,2025,630.0633148800001,3.7324135755176195,,622.7477842719856,637.3788454880147
level,DEU,science,P90-P10,2025,288.51248092000003,4.399457370581756,,279.8895444736598,297.1354173663403
level,DNK,math,P10,2025,357.33145557999995,2.9876132968382203,,351.47573351819705,363.18717764180286
level,DNK,math,P25,2025,410.69641864000005,3.0370767730812642,,404.74374816476075,416.64908911523935
level,DNK,math,P50,2025,472.44777916000004,2.7147836571008925,,467.12680319208226,477.7687551279178
level,DNK,math,P75,2025,530.66218256,2.376784450949113,,526.0036850361398,535.3206800838602
level,DNK,math,P90,2025,581.36484664,3.0426129844188754,,575.401325190539,587.328368089461
level,DNK,math,P90-P10,2025,224.03339105999999,3.7121972792527664,,216.75748439266457,231.3092977273354
level,DNK,reading,P10,2025,334.27417308,3.7965608002552003,,326.8329139114998,341.71543224850024
level,DNK,reading,P25,2025,395.08763920999996,2.9228913919437134,,389.3587720817903,400.81650633820965
level,DNK,reading,P50,2025,461.93124091,2.957961556408753,,456.13363625943884,467.7288455605611
level,DNK,reading,P75,2025,527.3719461100001,3.1166345702574003,,521.2633423522956,533.4805498677046
level,DNK,reading,P90,2025,582.57110316,4.018869937808782,,574.6941180818948,590.4480882381052
level,DNK,reading,P90-P10,2025,248.29693008000004,4.837900061044097,,238.8146459603536,257.77921419964645
level,DNK,science,P10,2025,351.14162806,3.3311587992229925,,344.61255681352293,357.6706993064771
level,DNK,science,P25,2025,409.7455056099999,3.2926913702332743,,403.2918305243427,416.1991806956571
level,DNK,science,P50,2025,479.51141736,3.1593635823966104,,473.3190647385026,485.7037699814974
level,DNK,science,P75,2025,545.96552008,2.8888157132669114,,540.3034412819969,551.6275988780031
level,DNK,science,P90,2025,599.6468440799999,3.1101818941900996,,593.5508875673873,605.7428005926125
level,DNK,science,P90-P10,2025,248.50521602000003,4.01933809885937,,240.62731334623567,256.3831186937644
level,ESP,math,P10,2025,341.89455998999995,2.748057371453197,,336.50836754195166,347.28075243804824
level,ESP,math,P25,2025,397.10583326,2.377473958963102,,392.4459843004323,401.7656822195677
level,ESP,math,P50,2025,459.5847368799999,1.8089474045470806,,456.03919996708765,463.1302737929122
level,ESP,math,P75,2025,518.53039356,1.76051360538084,,515.0797868934535,521.9810002265465
level,ESP,math,P90,2025,569.18146885,1.764437295631472,,565.7231717505623,572.6397659494377
level,ESP,math,P90-P10,2025,227.28690886000004,2.5194796831593336,,222.34872868100774,232.22508903899234
level,ESP,reading,P10,2025,323.55091657,3.6490452212147315,,316.3987879364191,330.7030452035809
level,ESP,reading,P25,2025,387.24463474000004,2.8323390636627552,,381.693250175221,392.79601930477907
level,ESP,reading,P50,2025,456.10847262,1.9819903448440765,,452.2237715441056,459.99317369589437
level,ESP,reading,P75,2025,518.9777074299999,1.6800582661427672,,515.68479322836,522.2706216316398
level,ESP,reading,P90,2025,569.60610117,1.7411355766453365,,566.1934754397752,573.0187269002248
level,ESP,reading,P90-P10,2025,246.05518460000002,3.407575289969558,,239.3763370316597,252.73403216834035
level,ESP,science,P10,2025,352.46653345000004,3.017808410121251,,346.5516289661624,358.3814379338377
level,ESP,science,P25,2025,411.53402859,2.68692677321632,,406.267652114496,416.800405065504
level,ESP,science,P50,2025,479.68860667999996,1.9348391606485582,,475.8963219251288,483.4808914348711
level,ESP,science,P75,2025,543.5536112400001,1.786664209877546,,540.0517493886401,547.0554730913601
level,ESP,science,P90,2025,596.56716366,1.9166241470323668,,592.8105803318166,600.3237469881834
level,ESP,science,P90-P10,2025,244.10063021000002,2.899328738003152,,238.41794588351385,249.7833145364862
level,EST,math,P10,2025,390.57020362,3.212769711688647,,384.27317498509024,396.8672322549097
level,EST,math,P25,2025,446.53027523000003,3.095939306318128,,440.4622341896165,452.5983162703836
level,EST,math,P50,2025,509.87176881000005,2.403435394419762,,505.1610354369373,514.5825021830627
level,EST,math,P75,2025,569.29092511,2.5319740668106285,,564.3282559390511,574.2535942809488
level,EST,math,P90,2025,622.1526393500001,3.4858231497161563,,615.3204259765564,628.9848527234437
level,EST,math,P90-P10,2025,231.58243573,3.936809397679499,,223.86628931054815,239.29858214945182
level,EST,reading,P10,2025,372.98418894,3.871266145132188,,365.3965072955409,380.57187058445913
level,EST,reading,P25,2025,435.47681325,3.227942764503485,,429.1500454315732,441.80358106842687
level,EST,reading,P50,2025,502.99801917,2.8648266476591715,,497.382958940588,508.613079399412
level,EST,reading,P75,2025,565.95125069,2.8611621644229697,,560.3433728477311,571.559128532269
level,EST,reading,P90,2025,618.58064752,3.078125644347699,,612.5475212570784,624.6137737829215
level,EST,reading,P90-P10,2025,245.59645858,4.095578764560233,,237.56912420146193,253.62379295853805
level,EST,science,P10,2025,409.84217113999995,3.2493809276425596,,403.47338452182055,416.21095775817935
level,EST,science,P25,2025,466.40422264000006,3.226579719382573,,460.0801263900102,472.7283188899899
level,EST,science,P50,2025,529.74217024,2.584155635077647,,524.6772251952477,534.8071152847522
level,EST,science,P75,2025,588.86758391,2.5926761823590536,,583.7859385925763,593.9492292274238
level,EST,science,P90,2025,639.52542919,3.1754636153690265,,633.3015205038766,645.7493378761233
level,EST,science,P90-P10,2025,229.68325805,3.436674879646915,,222.94737528589206,236.41914081410795
level,FIN,math,P10,2025,346.43320376,2.992645552342166,,340.5676184774094,352.29878904259067
level,FIN,math,P25,2025,402.46953055000006,3.1119724200584726,,396.37006460668545,408.56899649331467
level,FIN,math,P50,2025,470.85980698000003,2.6321852845252134,,465.7007238223306,476.0188901376695
level,FIN,math,P75,2025,534.7847049499999,2.5356504006362424,,529.8148301647528,539.7545797352469
level,FIN,math,P90,2025,588.5520495799999,2.4923680592860453,,583.6670081837992,593.4370909762006
level,FIN,math,P90-P10,2025,242.11884581999993,3.3334640515489427,,235.585256278964,248.65243536103586
level,FIN,reading,P10,2025,337.07482231,3.278906070506145,,330.64816641180795,343.50147820819205
level,FIN,reading,P25,2025,404.6349416700001,3.140630892849015,,398.479305120016,410.7905782199842
level,FIN,reading,P50,2025,479.28172667,2.519025185203692,,474.34443730700076,484.21901603299926
level,FIN,reading,P75,2025,548.19863311,2.442430860021854,,543.4114686243571,552.9857975956428
level,FIN,reading,P90,2025,603.22958622,2.396917916721409,,598.531627103226,607.927545336774
level,FIN,reading,P90-P10,2025,266.15476391,3.3664596222656438,,259.5565030503593,272.75302476964066
level,FIN,science,P10,2025,363.27895243,3.9262665238069827,,355.5834700433383,370.9744348166617
level,FIN,science,P25,2025,431.08665896,3.537953540088179,,424.15227002142717,438.0210478985729
level,FIN,science,P50,2025,508.29221557,2.515305386923767,,503.3622170116294,513.2222141283705
level,FIN,science,P75,2025,579.60659386,2.3690049299565925,,574.9633441972851,584.2498435227149
level,FIN,science,P90,2025,638.1144791600001,2.4460009288670794,,633.3203173394206,642.9086409805795
level,FIN,science,P90-P10,2025,274.83552672999997,4.232051143768248,,266.5407064882142,283.13034697178574
level,FRA,math,P10,2025,333.84898007,3.984553474551672,,326.0392552598787,341.65870488012126
level,FRA,math,P25,2025,388.33192197000005,3.8829318120610226,,380.72137561836047,395.94246832163964
level,FRA,math,P50,2025,459.01047877,4.1068564584420875,,450.96104011145354,467.0599174285465
level,FRA,math,P75,2025,525.95296695,3.52226392459154,,519.0493296578006,532.8566042421994
level,FRA,math,P90,2025,579.62326327,3.316050281808335,,573.1238047176557,586.1227218223444
level,FRA,math,P90-P10,2025,245.77428320000004,4.470867505938221,,237.01138288836114,254.53718351163894
level,FRA,reading,P10,2025,314.86127518,3.9548255359008264,,307.1098171296344,322.6127332303656
level,FRA,reading,P25,2025,380.50280950999996,4.555630555711723,,371.573773620805,389.4318453991949
level,FRA,reading,P50,2025,460.87878897,4.2232486381845735,,452.60122163915827,469.15635630084176
level,FRA,reading,P75,2025,533.2161575499999,3.6285463652858465,,526.1042066740397,540.3281084259602
level,FRA,reading,P90,2025,590.24595631,3.753827521728292,,582.8884543674126,597.6034582525874
level,FRA,reading,P90-P10,2025,275.38468113,4.231876352259,,267.0902034795723,283.67915878042766
level,FRA,science,P10,2025,342.43770624999996,3.8796357721776182,,334.8336201365318,350.0417923634681
level,FRA,science,P25,2025,406.56023874,4.539809109889243,,397.6622128846171,415.4582645953829
level,FRA,science,P50,2025,489.58166785000003,4.062454105708361,,481.61925780281166,497.5440778971884
level,FRA,science,P75,2025,559.72409213,3.479137227887626,,552.9049831633403,566.5432010966598
level,FRA,science,P90,2025,614.89758001,3.5465620639628304,,607.9463183646328,621.8488416553671
level,FRA,science,P90-P10,2025,272.45987376000005,4.532753365569454,,263.57567716348393,281.34407035651617
level,GBR,math,P10,2025,356.38550276999996,2.699063235684657,,351.095338828058,361.6756667119419
level,GBR,math,P25,2025,415.59138647,2.408972907893962,,410.8697995705278,420.31297336947216
level,GBR,math,P50,2025,484.84444311,2.3975493928155456,,480.1452463000815,489.54363991991846
level,GBR,math,P75,2025,556.86680876,3.007162201857569,,550.9727708443592,562.7608466756409
level,GBR,math,P90,2025,621.87391591,3.954033208712272,,614.124010820924,629.6238209990761
level,GBR,math,P90-P10,2025,265.48841314,4.32253887003366,,257.016236954734,273.96058932526597
level,GBR,reading,P10,2025,363.95983673999996,3.385886760867106,,357.32349868870045,370.59617479129946
level,GBR,reading,P25,2025,427.07853588,2.4537234593920147,,422.26923789959164,431.88783386040836
level,GBR,reading,P50,2025,496.47632187,2.4366466005528733,,491.70049453291637,501.2521492070836
level,GBR,reading,P75,2025,564.08316896,2.5641706501316994,,559.0573944857418,569.1089434342581
level,GBR,reading,P90,2025,620.7697717100001,3.1466094398665447,,614.6024172078617,626.9371262121385
level,GBR,reading,P90-P10,2025,256.80993497,4.430735191782294,,248.12569399410668,265.4941759458933
level,GBR,science,P10,2025,373.79959063,2.871503354281401,,368.17144405560845,379.4277372043916
level,GBR,science,P25,2025,437.88664150000005,2.55407247941612,,432.88065944034446,442.89262355965565
level,GBR,science,P50,2025,512.1015416,2.4746964799929603,,507.2511364992138,516.9519467007863
level,GBR,science,P75,2025,585.4397863400002,2.938677572154022,,579.6799782985782,591.1995943814221
level,GBR,science,P90,2025,646.48107305,3.3189295659432116,,639.9759711007513,652.9861749992486
level,GBR,science,P90-P10,2025,272.68148242,3.705419984153049,,265.41885925106004,279.94410558894
level,GRC,math,P10,2025,311.49786987,3.4587391691468556,,304.71874109847215,318.2769986415278
level,GRC,math,P25,2025,359.62067369,3.2375779551361896,,353.2750208979331,365.9663264820669
level,GRC,math,P50,2025,421.0342608700001,3.3751408020747613,,414.41898489793357,427.6495368420666
level,GRC,math,P75,2025,485.0670250499999,3.8863811795307592,,477.44971793811965,492.6843321618802
level,GRC,math,P90,2025,541.2064206599999,3.9960918167086232,,533.3740806992511,549.0387606207488
level,GRC,math,P90-P10,2025,229.70855078999998,4.290453965717304,,221.29926101719406,238.1178405628059
level,GRC,reading,P10,2025,298.03718639,4.6902249432947,,288.84434550114236,307.2300272788576
level,GRC,reading,P25,2025,356.5020595100001,3.8493075479096146,,348.95741671609727,364.0467023039029
level,GRC,reading,P50,2025,423.05425772,3.595760815471653,,416.00656652167555,430.10194891832447
level,GRC,reading,P75,2025,489.23581795,3.7328235209053275,,481.9194838490256,496.5521520509744
level,GRC,reading,P90,2025,546.7647295400001,3.6628294974874125,,539.5855837249247,553.9438753550754
level,GRC,reading,P90-P10,2025,248.72754314999997,5.153540297521172,,238.62660416685847,258.82848213314145
level,GRC,science,P10,2025,315.72017795,3.6621712650639586,,308.54232227047464,322.89803362952534
level,GRC,science,P25,2025,367.77485124000003,3.77323310395583,,360.3793143562466,375.17038812375347
level,GRC,science,P50,2025,432.01973478,3.473761265008837,,425.2111627005827,438.82830685941735
level,GRC,science,P75,2025,498.8332488499999,3.689593970124914,,491.6016446685551,506.0648530314447
level,GRC,science,P90,2025,557.2329555800001,3.6822264350111347,,550.0157917673782,564.4501193926219
level,GRC,science,P90-P10,2025,241.51277763000002,4.355989983922818,,232.9750372615113,250.05051799848874
level,HUN,math,P10,2025,338.69876017,3.810637055866201,,331.22991154050226,346.16760879949777
level,HUN,math,P25,2025,394.85575524000006,3.456393287207915,,388.08122439707256,401.63028608292757
level,HUN,math,P50,2025,460.89007161999996,2.828810811701207,,455.3456024290656,466.4345408109343
level,HUN,math,P75,2025,523.65789143,3.0001605111246104,,517.7775768281957,529.5382060318042
level,HUN,math,P90,2025,576.52981198,4.214381015053418,,568.2696251904953,584.7899987695047
level,HUN,math,P90-P10,2025,237.83105180999996,5.59015942312916,,226.8743393406668,248.78776427933312
level,HUN,reading,P10,2025,323.87476109,4.180914669933087,,315.68016833693116,332.0693538430688
level,HUN,reading,P25,2025,385.61223055,3.5277477138922553,,378.6978450307712,392.5266160692288
level,HUN,reading,P50,2025,454.98395586999993,2.7000883516895664,,449.6917827006884,460.27612903931146
level,HUN,reading,P75,2025,520.7116838700001,2.4807278612570367,,515.8494572619363,525.5739104780639
level,HUN,reading,P90,2025,575.72221993,3.5005923048255907,,568.8610590125419,582.5833808474582
level,HUN,reading,P90-P10,2025,251.84745884,5.111402098959162,,241.82911072604006,261.86580695396
level,HUN,science,P10,2025,352.38632948,4.195191828478958,,344.16375349618124,360.6089054638187
level,HUN,science,P25,2025,412.74762468999995,3.44479577637069,,405.9958249683134,419.4994244116865
level,HUN,science,P50,2025,482.60617914999995,2.7515408482136587,,477.2131590875012,487.9991992124987
level,HUN,science,P75,2025,548.32139557,2.906345585133687,,542.624958223138,554.0178329168621
level,HUN,science,P90,2025,601.6584232600001,3.494541601598823,,594.8091217208664,608.5077247991337
level,HUN,science,P90-P10,2025,249.27209378000003,5.261576120934444,,238.95940458296852,259.5847829770315
level,IRL,math,P10,2025,369.65212257999997,2.9709969871997557,,363.82896848508847,375.47527667491147
level,IRL,math,P25,2025,422.31047159999997,2.603539107110444,,417.2075349500635,427.4134082499364
level,IRL,math,P50,2025,481.73999729999997,2.1834720891652224,,477.46039200523614,486.0196025947638
level,IRL,math,P75,2025,538.9008398400001,2.334392685566628,,534.3254301762895,543.4762495037107
level,IRL,math,P90,2025,586.6680670799999,2.2865028663146667,,582.1865214620232,591.1496126979766
level,IRL,math,P90-P10,2025,217.01594450000002,3.398301161004094,,210.35527422443198,223.67661477556805
level,IRL,reading,P10,2025,375.97622175,3.5723601305067683,,368.97439589420674,382.9780476057932
level,IRL,reading,P25,2025,438.07956699000005,2.565247512271547,,433.05168186594784,443.10745211405225
level,IRL,reading,P50,2025,504.54499269999997,2.6973769486412267,,499.25813388066314,509.8318515193368
level,IRL,reading,P75,2025,566.49499955,2.2152576760385725,,562.1530945049644,570.8369045950355
level,IRL,reading,P90,2025,617.89836002,2.459199798022767,,613.0783284158754,622.7183916241247
level,IRL,reading,P90-P10,2025,241.92213827,3.67405674005356,,234.72098705949503,249.12328948050498
level,IRL,science,P10,2025,376.45975303000006,3.1183457447852465,,370.347795370221,382.57171068977914
level,IRL,science,P25,2025,434.4027096,3.062279926719972,,428.40064094362884,440.4047782563711
level,IRL,science,P50,2025,501.87675753,2.78880800865722,,496.41069383303187,507.34282122696817
level,IRL,science,P75,2025,565.59702468,2.3563589202685655,,560.9785611962736,570.2154881637264
level,IRL,science,P90,2025,619.2459978,2.578474084570669,,614.1921885942415,624.2998070057586
level,IRL,science,P90-P10,2025,242.78624477000002,3.3497194970561908,,236.22079455576988,249.35169498423016
level,ISL,math,P10,2025,331.65701419,2.7527484884772373,,326.2616271525846,337.0524012274154
level,ISL,math,P25,2025,385.39692001000003,2.144846805540873,,381.1930202711399,389.60081974886015
level,ISL,math,P50,2025,449.43227993,2.3807350543372174,,444.76603922349904,454.09852063650095
level,ISL,math,P75,2025,513.4712412900001,2.3974683608262235,,508.77220330278067,518.1702792772195
level,ISL,math,P90,2025,568.3034947,2.840116574953509,,562.7368662130912,573.8701231869088
level,ISL,math,P90-P10,2025,236.64648051000003,3.548493671617182,,229.69143291363036,243.6015281063697
level,ISL,reading,P10,2025,285.49473327,3.036430343893421,,279.5433297959689,291.4461367440311
level,ISL,reading,P25,2025,349.84223141,2.683984208213613,,344.58162236190134,355.1028404580987
level,ISL,reading,P50,2025,422.3727463900001,2.516056920473951,,417.4412748258711,427.30421795412906
level,ISL,reading,P75,2025,495.20539958,2.717664021550731,,489.8787780977606,500.53202106223944
level,ISL,reading,P90,2025,557.37342952,3.2112008573403896,,551.0794758396128,563.6673832003871
level,ISL,reading,P90-P10,2025,271.87869625,4.30795361902129,,263.4351071567183,280.32228534328175
level,ISL,science,P10,2025,314.3294767,3.0031122526133203,,308.4433766848779,320.2155767151221
level,ISL,science,P25,2025,371.22910857,2.8228230940058636,,365.6963753057485,376.76184183425147
level,ISL,science,P50,2025,439.23844425,2.3699708794192356,,434.5933013263383,443.8835871736617
level,ISL,science,P75,2025,509.31855688999997,2.46022653115168,,504.4965128889427,514.1406008910573
level,ISL,science,P90,2025,570.78503399,3.248467147053439,,564.4180383817752,577.1520295982248
level,ISL,science,P90-P10,2025,256.45555729,4.220356800143196,,248.18365796171935,264.72745661828066
level,ISR,math,P10,2025,299.91078007,3.91833460651401,,292.23084424123255,307.5907158987674
level,ISR,math,P25,2025,357.72466374999993,3.7636931197088472,,350.3478252353706,365.1015022646293
level,ISR,math,P50,2025,432.02780788999996,3.7271969061690076,,424.7225019539087,439.3331138260912
level,ISR,math,P75,2025,505.91430062,3.679704928575161,,498.7020789599927,513.1265222800073
level,ISR,math,P90,2025,569.38188498,3.855469881231239,,561.8251640127868,576.9386059472132
level,ISR,math,P90-P10,2025,269.47110491,4.719538745113959,,260.22080896957664,278.7214008504234
level,ISR,reading,P10,2025,282.13773241,5.050408531801497,,272.2389316876691,292.03653313233093
level,ISR,reading,P25,2025,352.14854317,4.698655093401209,,342.9391791869336,361.3579071530664
level,ISR,reading,P50,2025,437.13185773,4.480314578026883,,428.3504411570673,445.9132743029327
level,ISR,reading,P75,2025,520.45323445,3.7688066514586134,,513.066373413141,527.8400954868589
level,ISR,reading,P90,2025,585.80746973,3.709439362844884,,578.536968578824,593.0779708811759
level,ISR,reading,P90-P10,2025,303.66973732,5.071830006878927,,293.7289505065173,313.6105241334827
level,ISR,science,P10,2025,298.12859741,3.942386069823664,,290.4015207131456,305.8556741068544
level,ISR,science,P25,2025,360.74129254,4.294653495439938,,352.32377168893777,369.15881339106227
level,ISR,science,P50,2025,440.59118961,4.1730527787296285,,432.41200616368997,448.77037305631006
level,ISR,science,P75,2025,521.2918881799999,3.861205372572051,,513.7239256497587,528.8598507102411
level,ISR,science,P90,2025,587.75309397,3.9941891588422234,,579.9244832186693,595.5817047213308
level,ISR,science,P90-P10,2025,289.62449655999995,4.5241333908561945,,280.7571951139218,298.4917980060781
level,ITA,math,P10,2025,345.75907050999996,3.6860328760640906,,338.53444607291436,352.98369494708555
level,ITA,math,P25,2025,401.2201606699999,3.405638307502885,,394.5451095872943,407.89521175270556
level,ITA,math,P50,2025,468.3964835500001,3.344820297509468,,461.8406357668815,474.95233133311865
level,ITA,math,P75,2025,533.05703805,3.3453360652049313,,526.5001793621983,539.6138967378016
level,ITA,math,P90,2025,589.34497565,3.740219383773131,,582.0141456578046,596.6758056421954
level,ITA,math,P90-P10,2025,243.58590513999997,4.196511084608984,,235.36074341416636,251.81106686583357
level,ITA,reading,P10,2025,345.5201431,4.75778574686175,,336.19488303615094,354.845403163849
level,ITA,reading,P25,2025,409.52752356999997,3.4891057393872136,,402.68887632080106,416.3661708191989
level,ITA,reading,P50,2025,479.07500397,3.180832252769109,,472.8405727545726,485.30943518542745
level,ITA,reading,P75,2025,543.0842393600001,3.1501626291961373,,536.9099206067757,549.2585581132245
level,ITA,reading,P90,2025,593.40007584,2.78029368705063,,587.9507002133807,598.8494514666193
level,ITA,reading,P90-P10,2025,247.87993274000002,4.8558498011605975,,238.36246712972525,257.3973983502748
level,ITA,science,P10,2025,360.45124543000003,3.856454096321016,,352.8925954012108,368.00989545878923
level,ITA,science,P25,2025,418.44409171000007,3.039920904292384,,412.485846737587,424.40233668241314
level,ITA,science,P50,2025,485.45596961,3.0739465364423233,,479.43103439857305,491.480904821427
level,ITA,science,P75,2025,548.92953176,2.9056401840649695,,543.2344769992327,554.6245865207674
level,ITA,science,P90,2025,600.78178475,2.8801825465413673,,595.136626958779,606.4269425412211
level,ITA,science,P90-P10,2025,240.33053932,4.183540170577923,,232.1308005856673,248.53027805433274
level,JPN,math,P10,2025,387.35987578,6.311529357666315,,374.989278238974,399.73047332102595
level,JPN,math,P25,2025,455.0524126099999,5.400440657844163,,444.46754892062535,465.6372762993745
level,JPN,math,P50,2025,527.69490365,4.6739829539649405,,518.5338970602287,536.8559102397713
level,JPN,math,P75,2025,597.98786285,4.720773314935251,,588.735147152727,607.2405785472731
level,JPN,math,P90,2025,658.35120525,5.418485028099422,,647.7309745949251,668.9714359050749
level,JPN,math,P90-P10,2025,270.99132947,7.620550404111479,,256.0550506779415,285.92760826205847
level,JPN,reading,P10,2025,359.53878097,7.148456746500227,,345.52780574685954,373.54975619314047
level,JPN,reading,P25,2025,434.4183362,5.469389366123786,,423.6983330423974,445.1383393576026
level,JPN,reading,P50,2025,510.88246289,3.902237573879529,,503.23407724519615,518.5308485348039
level,JPN,reading,P75,2025,576.62998962,3.452840455773185,,569.8624223266845,583.3975569133154
level,JPN,reading,P90,2025,631.3578178500001,4.21273428847891,,623.1008586445814,639.6147770554187
level,JPN,reading,P90-P10,2025,271.81903688,7.488230242443289,,257.14210560481115,286.49596815518885
level,JPN,science,P10,2025,400.97467705,6.308315340308037,,388.6103789829963,413.33897511700377
level,JPN,science,P25,2025,470.73627982999994,5.344752488935343,,460.26056495168666,481.2119947083132
level,JPN,science,P50,2025,544.2500980199999,3.924462913781002,,536.5581507089892,551.9420453310106
level,JPN,science,P75,2025,608.45340676,3.8763413260377404,,600.855777760966,616.051035759034
level,JPN,science,P90,2025,661.37902939,4.084668526584115,,653.3730790778951,669.3849797021049
level,JPN,science,P90-P10,2025,260.40435234,6.600228518051878,,247.4679044446183,273.34080023538166
level,KOR,math,P10,2025,372.66324381000004,5.6678467478802155,,361.5542641841548,383.77222343584526
level,KOR,math,P25,2025,446.80125224000005,5.136975054523661,,436.7327811331337,456.8697233468664
level,KOR,math,P50,2025,527.4298248500002,4.292364536417796,,519.0167903586213,535.842859341379
level,KOR,math,P75,2025,601.20527124,4.364487417505263,,592.6508759016897,609.7596665783103
level,KOR,math,P90,2025,662.93447955,5.025872291921335,,653.0837698578342,672.7851892421658
level,KOR,math,P90-P10,2025,290.27123574,6.232630890517423,,278.05527919458586,302.48719228541415
level,KOR,reading,P10,2025,359.75421249,6.6599912250955775,,346.7006296888127,372.8077952911873
level,KOR,reading,P25,2025,436.58770108,4.617992732120165,,427.53643532504447,445.6389668349555
level,KOR,reading,P50,2025,508.73511997,3.5911286669488325,,501.6965077827803,515.7737321572197
level,KOR,reading,P75,2025,573.2219855599999,3.3304257186381436,,566.6943511514692,579.7496199685306
level,KOR,reading,P90,2025,627.0176146900001,3.4239174254470726,,620.3067365361238,633.7284928438763
level,KOR,reading,P90-P10,2025,267.2634022000001,5.999798675563593,,255.50379679589545,279.02300760410475
level,KOR,science,P10,2025,384.06162368,5.448912691310677,,373.3817548050311,394.74149255496894
level,KOR,science,P25,2025,458.5393537000001,4.545637980183889,,449.6299032588397,467.4488041411605
level,KOR,science,P50,2025,534.18957637,3.6501852420759753,,527.0352132955311,541.343939444469
level,KOR,science,P75,2025,599.24959466,3.611408216368815,,592.1712345559171,606.3279547640828
level,KOR,science,P90,2025,653.7533921300001,4.105129496664977,,645.7073383165367,661.7994459434634
level,KOR,science,P90-P10,2025,269.69176845,5.731683823282364,,258.45766815636654,280.92586874363343
level,LTU,math,P10,2025,355.15809481,3.2514993571459945,,348.7851560699939,361.53103355000616
level,LTU,math,P25,2025,409.95842458999994,2.341402208030392,,405.36927626226037,414.5475729177395
level,LTU,math,P50,2025,471.07901852,1.9741756573579063,,467.2096342315785,474.94840280842146
level,LTU,math,P75,2025,531.6755432699999,2.2331921059229236,,527.298486742391,536.0525997976089
level,LTU,math,P90,2025,584.5055513499999,3.1139218393077295,,578.4022645449568,590.608838155043
level,LTU,math,P90-P10,2025,229.34745654000002,3.9752064027293605,,221.55605199065047,237.13886108934958
level,LTU,reading,P10,2025,337.74695392999996,3.5374546131421587,,330.81354288824133,344.6803649717586
level,LTU,reading,P25,2025,398.75102747,2.5214359674142717,,393.80901297386805,403.69304196613194
level,LTU,reading,P50,2025,467.05765862,2.21675813617633,,462.7128126730944,471.4025045669056
level,LTU,reading,P75,2025,531.26522359,2.3717498467882945,,526.6165938902949,535.9138532897051
level,LTU,reading,P90,2025,584.1427166200001,2.921085028777688,,578.4173899635958,589.8680432764044
level,LTU,reading,P90-P10,2025,246.39576269,4.409657483024745,,237.7528340232715,255.0386913567285
level,LTU,science,P10,2025,370.55611910000005,2.9975825669124965,,364.6808572688515,376.43138093114857
level,LTU,science,P25,2025,425.79520085,2.168601016559671,,421.54474285754304,430.045658842457
level,LTU,science,P50,2025,488.49005245,2.0953183442174725,,484.38322849533375,492.59687640466626
level,LTU,science,P75,2025,550.6102296400002,2.3409121897189977,,546.022041748151,555.1984175318494
level,LTU,science,P90,2025,601.8269441400001,3.0655394396522335,,595.8184868382817,607.8354014417185
level,LTU,science,P90-P10,2025,231.27082504,3.922028356088044,,223.58364946206743,238.95800061793258
level,LUX,math,P10,2025,331.29479191,2.021839000621974,,327.33198746878094,335.2575963512191
level,LUX,math,P25,2025,385.2508107,1.5889987811354571,,382.1363730889745,388.3652483110255
level,LUX,math,P50,2025,456.16185674999997,1.6480855241114738,,452.93160912274146,459.3921043772585
level,LUX,math,P75,2025,527.91826023,1.7155246232573282,,524.5558319684156,531.2806884915843
level,LUX,math,P90,2025,587.68986737,2.446388757651632,,582.8949454050028,592.4847893349972
level,LUX,math,P90-P10,2025,256.39507546000004,3.333867696231675,,249.86069477538595,262.9294561446141
level,LUX,reading,P10,2025,299.85185753,2.4945006101708485,,294.96263633406517,304.74107872593487
level,LUX,reading,P25,2025,363.89253412,1.9411763612592012,,360.08782845193195,367.69723978806803
level,LUX,reading,P50,2025,443.05160703,1.6476545489683,,439.82220411402216,446.28100994597787
level,LUX,reading,P75,2025,522.8958353200001,1.7386945050003828,,519.4879940901993,526.3036765498008
level,LUX,reading,P90,2025,585.6792448399999,2.2047107553900642,,581.3580117594354,590.0004779205644
level,LUX,reading,P90-P10,2025,285.82738731,3.333864046236631,,279.2930137793762,292.3617608406238
level,LUX,science,P10,2025,325.57750498999997,2.4344326241480787,,320.80601704666975,330.3489929333302
level,LUX,science,P25,2025,386.59448648,1.8789885412960807,,382.91166893905967,390.27730402094033
level,LUX,science,P50,2025,472.4560108500001,1.7828620980110352,,468.96160113789847,475.9504205621017
level,LUX,science,P75,2025,557.7554511,1.918416137055587,,553.995355471371,561.5155467286289
level,LUX,science,P90,2025,624.5484807699999,2.2497996049482616,,620.1388735443013,628.9580879956984
level,LUX,science,P90-P10,2025,298.97097578,3.3840573702562224,,292.3382233342978,305.6037282257022
level,LVA,math,P10,2025,347.69283430999997,2.802250663101752,,342.20042301032055,353.1852456096794
level,LVA,math,P25,2025,400.02807392000005,2.3060791126608855,,395.50815885918473,404.5479889808154
level,LVA,math,P50,2025,459.92704936999996,2.1059015400481713,,455.79948235150556,464.05461638849437
level,LVA,math,P75,2025,520.85886041,1.9563808488729806,,517.024353946209,524.6933668737911
level,LVA,math,P90,2025,572.7147022099999,2.5359698616026325,,567.7442012812587,577.6852031387411
level,LVA,math,P90-P10,2025,225.02186790000002,3.1070820299154014,,218.93198712136584,231.1117486786342
level,LVA,reading,P10,2025,296.81638585,3.4899072090331633,,289.976167720295,303.65660397970504
level,LVA,reading,P25,2025,358.86983295,3.0756131597388228,,352.8416311569119,364.8980347430881
level,LVA,reading,P50,2025,430.91440356000004,2.6373338096501886,,425.7452292930857,436.0835778269144
level,LVA,reading,P75,2025,501.68853862,2.33853055157981,,497.10501873890354,506.2720585010964
level,LVA,reading,P90,2025,559.85135246,2.84958952213349,,554.2661569966184,565.4365479233817
level,LVA,reading,P90-P10,2025,263.03496661,4.156038971921837,,254.88913022503323,271.1808029949668
level,LVA,science,P10,2025,341.39564395,3.4174341475179557,,334.69747302086483,348.0938148791352
level,LVA,science,P25,2025,400.89489388000004,3.0015619866052825,,395.0118323862537,406.7779553737464
level,LVA,science,P50,2025,470.19134736999996,2.810948348625753,,464.68188860669346,475.70080613330646
level,LVA,science,P75,2025,536.8612349399999,2.2069723806092516,,532.5355690740058,541.186900805994
level,LVA,science,P90,2025,591.9331760299999,2.804457585545312,,586.4364391623311,597.4299128976687
level,LVA,science,P90-P10,2025,250.53753207999998,3.8807158288338757,,242.93132905548558,258.14373510451435
level,MEX,math,P10,2025,302.46161143,2.1005872248903072,,298.344460469215,306.578762390785
level,MEX,math,P25,2025,340.50991227,1.881337580030149,,336.82249061314087,344.1973339268591
level,MEX,math,P50,2025,384.4601406500001,1.8625401247052973,,380.8095620055777,388.1107192944225
level,MEX,math,P75,2025,431.63519772,2.3952025584120844,,426.94060070551234,436.3297947344877
level,MEX,math,P90,2025,477.72523241,3.4590524951201056,,470.9454895195646,484.5049753004354
level,MEX,math,P90-P10,2025,175.26362097999998,3.6819495078363147,,168.04699994464082,182.48024201535915
level,MEX,reading,P10,2025,306.3423898499999,2.3198906419741685,,301.79540419173054,310.88937550826927
level,MEX,reading,P25,2025,351.47442510999997,2.5911983157901735,,346.3956764110512,356.5531738089487
level,MEX,reading,P50,2025,407.02730238000004,2.3407139488666506,,402.4395030402214,411.6151017197787
level,MEX,reading,P75,2025,461.85211165,2.6710861692929893,,456.6167827581857,467.08744054181426
level,MEX,reading,P90,2025,511.14852922,3.7165320309012055,,503.8641264394336,518.4329320005663
level,MEX,reading,P90-P10,2025,204.80613936999998,3.9495694332697298,,197.06498328079132,212.54729545920864
level,MEX,science,P10,2025,319.76252463000003,2.215937366123434,,315.4192873923981,324.105761867602
level,MEX,science,P25,2025,360.69449989,2.058297832067105,,356.6602361391484,364.7287636408515
level,MEX,science,P50,2025,410.3039372200001,2.155360014786079,,406.0794315910194,414.5284428489808
level,MEX,science,P75,2025,463.26048005,2.782290831349343,,457.8071900205553,468.7137700794447
level,MEX,science,P90,2025,512.62110837,3.777713340632698,,505.2167902223599,520.0254265176401
level,MEX,science,P90-P10,2025,192.85858374000003,4.015974150818872,,184.98727440439504,200.72989307560502
level,NLD,math,P10,2025,341.78045583000005,3.8379194999211617,,334.2581336101546,349.30277804984553
level,NLD,math,P25,2025,403.25914056,4.352642556214211,,394.72796114982015,411.79031997017984
level,NLD,math,P50,2025,486.90412104000006,3.7485780379168476,,479.55690808568306,494.25133399431706
level,NLD,math,P75,2025,562.06344051,3.2366776808137074,,555.7195522556051,568.4073287643948
level,NLD,math,P90,2025,620.41699498,3.4261704152948855,,613.701700966022,627.132288993978
level,NLD,math,P90-P10,2025,278.63653915000003,4.674978066597481,,269.473582139469,287.7994961605311
level,NLD,reading,P10,2025,289.78930065000003,4.58531824687446,,280.8020768861261,298.776524413874
level,NLD,reading,P25,2025,358.72159882,4.564785162282118,,349.77461990192705,367.66857773807294
level,NLD,reading,P50,2025,446.10076025999996,4.076034269426458,,438.1117330919241,454.0897874280758
level,NLD,reading,P75,2025,524.77125774,3.1803947952765785,,518.5376839412579,531.0048315387421
level,NLD,reading,P90,2025,584.89967372,3.161614069049719,,578.7029101446626,591.0964372953374
level,NLD,reading,P90-P10,2025,295.11037307000004,5.187336979239016,,284.9431925906916,305.2775535493085
level,NLD,science,P10,2025,338.14917633,3.8450153759087113,,330.61294619321893,345.68540646678105
level,NLD,science,P25,2025,401.88248820999996,4.683474824840104,,392.7028775533134,411.06209886668654
level,NLD,science,P50,2025,489.58429358,3.9756142479193866,,481.792089654078,497.37649750592203
level,NLD,science,P75,2025,568.3047371700001,3.191261717350346,,562.0498642039934,574.5596101360068
level,NLD,science,P90,2025,626.2827545600001,3.2340000601007235,,619.9441144422026,632.6213946777975
level,NLD,science,P90-P10,2025,288.13357823,4.758856599478811,,278.80621929502155,297.4609371649785
level,NOR,math,P10,2025,325.85901167000003,2.8374337234698648,,320.2976415719991,331.42038176800094
level,NOR,math,P25,2025,381.96074856,2.550432755132679,,376.96190035994,386.95959676006004
level,NOR,math,P50,2025,451.84079368000005,2.558450879653987,,446.8262299558782,456.8553574041219
level,NOR,math,P75,2025,519.4128797000001,2.639041691271553,,514.2403579851078,524.5854014148923
level,NOR,math,P90,2025,577.08628042,3.240145314373284,,570.7355956038283,583.4369652361717
level,NOR,math,P90-P10,2025,251.22726875000004,3.77661025856118,,243.8251126432201,258.62942485677996
level,NOR,reading,P10,2025,306.27644222000004,3.2549325725628395,,299.89677437777686,312.6561100622232
level,NOR,reading,P25,2025,376.1538712,2.777300303005701,,370.71036260610884,381.5973797938912
level,NOR,reading,P50,2025,455.7116818800001,2.52633710239994,,450.76006115929624,460.663302600704
level,NOR,reading,P75,2025,530.9750435499999,2.715267574974025,,525.6531191030508,536.296967996949
level,NOR,reading,P90,2025,591.14946368,2.7641401168134734,,585.7317490510457,596.5671783089545
level,NOR,reading,P90-P10,2025,284.87302146,3.691682629425134,,277.63732350632677,292.10871941367327
level,NOR,science,P10,2025,335.10777163,2.8577067316189013,,329.50666643602693,340.70887682397307
level,NOR,science,P25,2025,396.09511211999995,2.780115794614133,,390.64608516255623,401.5441390774437
level,NOR,science,P50,2025,471.23160869000003,2.3555528871336646,,466.61472503121803,475.84849234878203
level,NOR,science,P75,2025,543.05939328,2.700309638966687,,537.7667863876253,548.3520001723747
level,NOR,science,P90,2025,603.7176703499999,3.1857685654095493,,597.4735639617973,609.9617767382026
level,NOR,science,P90-P10,2025,268.60989871999993,3.5532408211728366,,261.64554671050115,275.5742507294987
level,NZL,math,P10,2025,346.06876627,3.214674797049023,,339.76800366778394,352.3695288722161
level,NZL,math,P25,2025,406.8572540199999,3.110465313882521,,400.7607420047902,412.95376603520964
level,NZL,math,P50,2025,477.42056506,2.8950484201521562,,471.7462701565018,483.0948599634982
level,NZL,math,P75,2025,551.39608785,2.874040743744942,,545.7629679922599,557.02920770774
level,NZL,math,P90,2025,614.67669689,3.2516255887409624,,608.3035107360678,621.0498830439323
level,NZL,math,P90-P10,2025,268.60793062000005,3.7882817171892293,,261.18289845430917,276.0329627856909
level,NZL,reading,P10,2025,343.86534856,4.364286008185138,,335.3113479839571,352.41934913604285
level,NZL,reading,P25,2025,416.6920687,3.601011325326657,,409.63408650235976,423.7500508976402
level,NZL,reading,P50,2025,500.11197874,2.952033213276711,,494.3259936419776,505.89796383802235
level,NZL,reading,P75,2025,578.89162593,3.465066635641277,,572.1000953241431,585.6831565358569
level,NZL,reading,P90,2025,644.7438032399999,3.4227646355448313,,638.0351845543321,651.4524219256677
level,NZL,reading,P90-P10,2025,300.87845467999995,5.003313090415581,,291.0719610227854,310.6849483372145
level,NZL,science,P10,2025,366.40919586,3.830533119813896,,358.9013509451648,373.91704077483524
level,NZL,science,P25,2025,432.08886335,3.46850758328709,,425.2905884867573,438.8871382132427
level,NZL,science,P50,2025,510.72526527,3.055703796480579,,504.73608582889807,516.7144447111019
level,NZL,science,P75,2025,587.3058201699998,2.8022096146474107,,581.8134893252909,592.7981510147088
level,NZL,science,P90,2025,650.32347372,2.739007188057699,,644.9550196314069,655.6919278085932
level,NZL,science,P90-P10,2025,283.91427785999997,4.343737475584076,,275.4005524078552,292.42800331214477
level,POL,math,P10,2025,359.9533778,4.486927730255371,,351.1589994486995,368.7477561513005
level,POL,math,P25,2025,417.92420227,3.573670777513816,,410.91980754607295,424.9285969939271
level,POL,math,P50,2025,484.52284225000005,3.1922687659103164,,478.26599546881585,490.77968903118426
level,POL,math,P75,2025,550.90666038,3.2906429488696225,,544.4570002002155,557.3563205597844
level,POL,math,P90,2025,606.80469228,3.7757551682240926,,599.4042121502808,614.2051724097192
level,POL,math,P90-P10,2025,246.85131448,5.726882294383871,,235.62662518300763,258.0760037769924
level,POL,reading,P10,2025,343.42392179,5.230275098452062,,333.17258259703397,353.67526098296605
level,POL,reading,P25,2025,411.73031613,4.251259637834363,,403.3978472398447,420.06278502015533
level,POL,reading,P50,2025,486.09936602,3.373526394966299,,479.4872542858661,492.7114777541339
level,POL,reading,P75,2025,555.7749660700001,3.0154401969936413,,549.8647032838926,561.6852288561076
level,POL,reading,P90,2025,610.5804238500001,3.247953056410356,,604.2144358594358,616.9464118405645
level,POL,reading,P90-P10,2025,267.15650206000004,6.035355092673594,,255.32720607835978,278.9857980416403
level,POL,science,P10,2025,365.64183,4.90756193262339,,356.02300861205816,375.2606513879419
level,POL,science,P25,2025,427.44028246,3.8022809315302517,,419.98781183420067,434.8927530857993
level,POL,science,P50,2025,498.0763692400001,3.2683903235868645,,491.6703242057698,504.48241427423034
level,POL,science,P75,2025,564.18009936,3.149288166458463,,558.0074945537414,570.3527041662586
level,POL,science,P90,2025,618.97966681,3.308840274461225,,612.494339872056,625.464993747944
level,POL,science,P90-P10,2025,253.33783681000006,5.728049021104109,,242.110860728636,264.5648128913641
level,PRT,math,P10,2025,339.41835296,4.143304951087923,,331.29747525586765,347.53923066413233
level,PRT,math,P25,2025,392.04889621,4.0709398009831075,,384.0698542000731,400.0279382199269
level,PRT,math,P50,2025,458.97250747,4.301610408751708,,450.5413510688466,467.40366387115336
level,PRT,math,P75,2025,526.11893169,3.914444233894502,,518.4466209915668,533.7912423884331
level,PRT,math,P90,2025,582.1673538299999,4.039511125520581,,574.2499120239796,590.0847956360202
level,PRT,math,P90-P10,2025,242.74900087,4.613569275370619,,233.7064050902736,251.79159664972642
level,PRT,reading,P10,2025,335.14195063,4.585453611007215,,326.15446155242586,344.12943970757414
level,PRT,reading,P25,2025,396.61907629999996,4.2105793078730445,,388.3663408565688,404.8718117434311
level,PRT,reading,P50,2025,465.97400228999993,3.6943340594100444,,458.7331075335562,473.21489704644364
level,PRT,reading,P75,2025,530.27608824,3.436874745305784,,523.5398137392007,537.0123627407994
level,PRT,reading,P90,2025,583.7023949,3.0006156009412663,,577.8211883221551,589.5836014778448
level,PRT,reading,P90-P10,2025,248.56044427,4.41770215030543,,239.90174805540136,257.21914048459865
level,PRT,science,P10,2025,353.33990657,4.275181237502425,,344.96055134449523,361.71926179550474
level,PRT,science,P25,2025,411.61928208,4.601799192809296,,402.5997556620938,420.6388084979062
level,PRT,science,P50,2025,482.72878261999995,4.262138052594944,,474.37499203691385,491.08257320308604
level,PRT,science,P75,2025,552.0964182,3.638657177935326,,544.9646501312468,559.2281862687532
level,PRT,science,P90,2025,607.5004188099999,3.604058964259263,,600.4364632400518,614.564374379948
level,PRT,science,P90-P10,2025,254.16051223999997,4.153616227172103,,246.01942443474266,262.3016000452573
level,SVK,math,P10,2025,330.22020689,4.561580150107443,,321.2795097957894,339.16090398421056
level,SVK,math,P25,2025,395.67790045000004,3.5891352597110995,,388.64319534096626,402.7126055590338
level,SVK,math,P50,2025,471.89646147,3.129505524905121,,465.762630641186,478.03029229881406
level,SVK,math,P75,2025,542.58540123,3.2348894369455525,,536.2450179335867,548.9257845264133
level,SVK,math,P90,2025,601.84296888,3.639365834889974,,594.7098118436156,608.9761259163843
level,SVK,math,P90-P10,2025,271.62276198999996,5.667439390457246,,260.51458078470375,282.73094319529616
level,SVK,reading,P10,2025,314.41348124999996,4.470152616092306,,305.65198212245906,323.17498037754086
level,SVK,reading,P25,2025,377.47483635000003,3.835872353663465,,369.95652653681964,384.9931461631804
level,SVK,reading,P50,2025,451.22323137,3.3428369063451426,,444.6712710335635,457.7751917064365
level,SVK,reading,P75,2025,520.2153336399999,3.0869381979677653,,514.1649347719831,526.2657325080168
level,SVK,reading,P90,2025,576.43525142,3.442237733513783,,569.6884654623129,583.182037377687
level,SVK,reading,P90-P10,2025,262.02177017,5.610853421509432,,251.02449746384153,273.0190428761585
level,SVK,science,P10,2025,340.41471506999994,4.745798048061776,,331.11295089579886,349.716479244201
level,SVK,science,P25,2025,404.03387304,3.760840302475022,,396.66262604714893,411.4051200328511
level,SVK,science,P50,2025,478.5875654,2.909238123776357,,472.88545867739833,484.2896721226017
level,SVK,science,P75,2025,547.06666233,2.939923102825346,,541.3044130484623,552.8289116115377
level,SVK,science,P90,2025,603.0626404999999,3.3748825049597944,,596.4478707902788,609.6774102097211
level,SVK,science,P90-P10,2025,262.64792543,5.570015314144889,,251.730695414276,273.565155445724
level,SVN,math,P10,2025,337.76550069,2.400836206018018,,333.0598617262047,342.4711396537953
level,SVN,math,P25,2025,392.33671158,2.165932543586671,,388.09148379457014,396.58193936542983
level,SVN,math,P50,2025,459.04967318999996,1.742295868482228,,455.6347732877748,462.4645730922251
level,SVN,math,P75,2025,525.7941914600001,1.739034237406107,,522.3856843546841,529.202698565316
level,SVN,math,P90,2025,582.1114977,3.078570266777094,,576.0774999771169,588.1454954228831
level,SVN,math,P90-P10,2025,244.34599700999996,3.8596752015683875,,236.78103361492592,251.910960405074
level,SVN,reading,P10,2025,306.98079121,2.882222976163148,,301.33163417672023,312.6299482432798
level,SVN,reading,P25,2025,373.58783394000005,2.2067127740655192,,369.26267690283163,377.9129909771685
level,SVN,reading,P50,2025,447.53872884000003,2.1732156684083344,,443.2792261299197,451.79823155008035
level,SVN,reading,P75,2025,518.57839085,2.4320287946272834,,513.8116144125305,523.3451672874695
level,SVN,reading,P90,2025,578.52551337,2.5693862416755064,,573.489516336316,583.561510403684
level,SVN,reading,P90-P10,2025,271.5447221600001,3.9088632174775797,,263.883350253744,279.2060940662562
level,SVN,science,P10,2025,351.98046214,2.6605079966297525,,346.76586646660564,357.1950578133943
level,SVN,science,P25,2025,412.0167335199999,2.291825840371937,,407.5247548728709,416.50871216712886
level,SVN,science,P50,2025,484.85665335000004,1.8033403205365177,,481.3221063217485,488.3912003782516
level,SVN,science,P75,2025,555.6811899800001,2.1347534977523805,,551.4970731244055,559.8653068355948
level,SVN,science,P90,2025,613.8830546600001,2.697458227064085,,608.5960365349545,619.1700727850457
level,SVN,science,P90-P10,2025,261.90259252000004,3.68863299709352,,254.67287184569673,269.1323131943033
level,SWE,math,P10,2025,335.28211797,3.223806703051448,,328.9634568320192,341.6007791079808
level,SWE,math,P25,2025,393.671048,2.9697139897124445,,387.8504085801636,399.49168741983635
level,SWE,math,P50,2025,464.56632931,3.443485787468443,,457.8170971665619,471.31556145343814
level,SWE,math,P75,2025,534.1113327300001,3.336826831244873,,527.5711521407601,540.65151331924
level,SWE,math,P90,2025,593.5148058700001,3.5306220629451794,,586.5947866266276,600.4348251133727
level,SWE,math,P90-P10,2025,258.23268790000003,4.063268192938604,,250.26868224184037,266.19669355815967
level,SWE,reading,P10,2025,311.39349336,3.962375021766666,,303.6272383173373,319.1597484026627
level,SWE,reading,P25,2025,385.33575834000004,4.214414674350128,,377.0755055782738,393.5960111017263
level,SWE,reading,P50,2025,469.01739349,3.61411984462449,,461.933718594536,476.10106838546403
level,SWE,reading,P75,2025,548.89916703,3.5400702544403826,,541.9606293312968,555.8377047287031
level,SWE,reading,P90,2025,615.57295988,4.265411053590391,,607.2127542149628,623.9331655450371
level,SWE,reading,P90-P10,2025,304.17946652,4.459789231267653,,295.4382796267154,312.9206534132846
level,SWE,science,P10,2025,341.93845555999997,3.528556282743932,,335.0224852458219,348.85442587417805
level,SWE,science,P25,2025,407.1924782,3.6776787675839087,,399.9842278155355,414.40072858446445
level,SWE,science,P50,2025,486.69801161000004,3.65043337916557,,479.5431621868355,493.8528610331646
level,SWE,science,P75,2025,563.13618555,3.8010134575725902,,555.6861991731578,570.5861719268423
level,SWE,science,P90,2025,625.8654415,3.8463848193487795,,618.3265272540764,633.4043557459236
level,SWE,science,P90-P10,2025,283.92698593999995,4.251489177228622,,275.59406715263185,292.25990472736805
level,TUR,math,P10,2025,338.9115706900001,3.7179530691357447,,331.62438267449403,346.1987587055061
level,TUR,math,P25,2025,391.06241710000006,3.181004847128072,,384.827647599629,397.2971866003711
level,TUR,math,P50,2025,456.49140793,2.8746770519681335,,450.85704090814244,462.1257749518575
level,TUR,math,P75,2025,527.82546565,3.035419947264816,,521.8760425533609,533.774888746639
level,TUR,math,P90,2025,593.98910734,3.4674439054548145,,587.1929172853086,600.7852973946915
level,TUR,math,P90-P10,2025,255.07753665,4.586202294217439,,246.08858015333382,264.0664931466662
level,TUR,reading,P10,2025,353.12089235,4.129306128919537,,345.02745233731775,361.2143323626823
level,TUR,reading,P25,2025,410.05582807999997,3.2089899658013707,,403.7662077470293,416.34544841297065
level,TUR,reading,P50,2025,473.63675255,2.7047066361230034,,468.3355275431989,478.93797755680106
level,TUR,reading,P75,2025,535.77128905,2.4061199243801297,,531.0552939982149,540.487284101785
level,TUR,reading,P90,2025,587.92501581,2.410156318213744,,583.2011094263011,592.6489221936989
level,TUR,reading,P90-P10,2025,234.80412345999994,4.378416430477708,,226.22242725626364,243.38581966373624
level,TUR,science,P10,2025,370.7224013399999,3.744929944450058,,363.3823386488778,378.06246403112203
level,TUR,science,P25,2025,427.81947127,3.252068922977526,,421.44541618096406,434.19352635903596
level,TUR,science,P50,2025,494.27961664,2.691694208794897,,489.003895990762,499.55533728923797
level,TUR,science,P75,2025,560.03664349,2.7163558691825544,,554.7125859864021,565.3607009935978
level,TUR,science,P90,2025,618.58139062,2.724748620899502,,613.240883323037,623.921897916963
level,TUR,science,P90-P10,2025,247.85898928,4.2028797350607645,,239.6213449992809,256.0966335607191
level,USA,math,P10,2025,334.37874357,5.0167289859617314,,324.545954757515,344.21153238248496
level,USA,math,P25,2025,391.10670788,4.741132542187957,,381.8140880973116,400.3993276626884
level,USA,math,P50,2025,459.49638634,5.627611633838431,,448.4662675376767,470.52650514232334
level,USA,math,P75,2025,532.6327081100001,6.678392258766277,,519.5430592828181,545.722356937182
level,USA,math,P90,2025,594.52479618,9.45223501646019,,575.998415547738,613.0511768122619
level,USA,math,P90-P10,2025,260.14605260999997,9.128567888868426,,242.25405954781786,278.0380456721821
level,USA,reading,P10,2025,331.86319758,5.340759801641827,,321.395308368782,342.331086791218
level,USA,reading,P25,2025,404.37817612999993,6.408424924678998,,391.8176632776291,416.93868898237076
level,USA,reading,P50,2025,490.26644517000005,6.68110478674385,,477.1714797879821,503.361410552018
level,USA,reading,P75,2025,574.9107076900001,6.923141827715855,,561.3413497076771,588.4800656723231
level,USA,reading,P90,2025,643.7017177099999,8.614242506320785,,626.8178023976112,660.5856330223886
level,USA,reading,P90-P10,2025,311.83852013,8.45144651946161,,295.2736849518553,328.40335530814474
level,USA,science,P10,2025,351.39511632,5.819166872396526,,339.9895492501028,362.8006833898972
level,USA,science,P25,2025,419.5460250499999,5.884051711894678,,408.0132836946863,431.0787664053135
level,USA,science,P50,2025,501.74186675,6.279161439523862,,489.43471032853324,514.0490231714667
level,USA,science,P75,2025,583.33839221,6.446805853397023,,570.7026527373419,595.9741316826583
level,USA,science,P90,2025,649.3159336199999,9.441137937073142,,630.8113032633365,667.8205639766633
level,USA,science,P90-P10,2025,297.9208173,9.076113305926905,,280.13163522038326,315.70999937961676
change,AUS,math,P10,2015->2018,0.2442999999999529,3.890294454436867,,-7.380677130696307,7.869277130696212
change,AUS,math,P25,2015->2018,-1.7491999999999166,2.9661358142090037,,-7.5628261958495635,4.06442619584973
change,AUS,math,P50,2015->2018,-2.9428000000000907,2.963786334610208,,-8.751821215836099,2.8662212158359166
change,AUS,math,P75,2015->2018,-3.8104000000000724,2.902251821335362,,-9.498813569817383,1.878013569817237
change,AUS,math,P90,2015->2018,-4.048300000000154,3.900975026551411,,-11.69421105204092,3.5976110520406115
change,AUS,math,P90-P10,2015->2018,-4.292600000000078,4.875999227964566,,-13.849558486810627,5.264358486810471
change,AUS,reading,P10,2015->2018,-8.455700000000036,3.908972473823663,,-16.117286048694414,-0.7941139513056568
change,AUS,reading,P25,2015->2018,-6.167799999999886,3.2720879982563638,,-12.58109247658236,0.24549247658258722
change,AUS,reading,P50,2015->2018,-1.372799999999927,2.792046024871368,,-6.845210208747808,4.099610208747954
change,AUS,reading,P75,2015->2018,4.462899999999877,2.8201175022801315,,-1.064530304469181,9.990330304468934
change,AUS,reading,P90,2015->2018,9.924699999999916,3.1289310840747047,,3.791995075213495,16.057404924786336
change,AUS,reading,P90-P10,2015->2018,18.38040000000001,4.269091833555854,,10.012980006230535,26.747819993769482
change,AUS,science,P10,2015->2018,-3.1772000000000844,3.59130465948271,,-10.216157132586195,3.8617571325860265
change,AUS,science,P25,2015->2018,-5.777400000000114,3.0948525373235083,,-11.843310973154189,0.28851097315396235
change,AUS,science,P50,2015->2018,-8.391500000000065,2.924843762968843,,-14.124193775418997,-2.6588062245811326
change,AUS,science,P75,2015->2018,-7.791999999999916,2.905362279858089,,-13.48651006852177,-2.097489931478062
change,AUS,science,P90,2015->2018,-8.673400000000242,3.5345818303662875,,-15.601180387518166,-1.7456196124823196
change,AUS,science,P90-P10,2015->2018,-5.4961999999999875,4.612435215142726,,-14.53657302167973,3.5441730216797556
change,AUT,math,P10,2015->2018,3.2648000000000366,6.2964209824135615,,-9.076185125530543,15.605785125530616
change,AUT,math,P25,2015->2018,2.3664000000001124,5.589537260811491,,-8.589093031190409,13.321893031190633
change,AUT,math,P50,2015->2018,2.5007000000000517,5.157725911732377,,-7.608442786995406,12.60984278699551
change,AUT,math,P75,2015->2018,1.9587999999998829,4.86185925929805,,-7.5704441482242935,11.48804414822406
change,AUT,math,P90,2015->2018,0.07360000000005584,4.958541174859577,,-9.645140702724715,9.792340702724827
change,AUT,math,P90-P10,2015->2018,-3.191200000000009,7.145809442953278,,-17.196986508188434,10.814586508188416
change,AUT,reading,P10,2015->2018,3.198500000000024,6.292094190375374,,-9.134004613135708,15.531004613135757
change,AUT,reading,P25,2015->2018,-4.015399999999943,5.7668331558336385,,-15.318392985433874,7.287592985433989
change,AUT,reading,P50,2015->2018,-2.7509000000000015,5.059553161374802,,-12.667624196294613,7.16582419629461
change,AUT,reading,P75,2015->2018,-0.8597999999999502,4.25478015047652,,-9.19916909493393,7.47956909493403
change,AUT,reading,P90,2015->2018,0.8126999999999498,4.161316778710533,,-7.343480886272694,8.968880886272594
change,AUT,reading,P90-P10,2015->2018,-2.3858000000000175,6.8144819596862165,,-15.742184640985002,10.970584640984967
change,AUT,science,P10,2015->2018,-3.337199999999939,4.61183994608804,,-12.376406294332497,5.7020062943326195
change,AUT,science,P25,2015->2018,-4.092899999999986,5.0604907161591886,,-14.011461803671995,5.825661803672023
change,AUT,science,P50,2015->2018,-5.2659000000001015,4.5755358348018165,,-14.233950236211662,3.702150236211459
change,AUT,science,P75,2015->2018,-4.905299999999897,4.21402994854358,,-13.164798699145313,3.3541986991455186
change,AUT,science,P90,2015->2018,-7.193799999999783,4.489043418146013,,-15.992325099565967,1.6047250995664015
change,AUT,science,P90-P10,2015->2018,-3.8566000000000145,5.585986213483013,,-14.80513297842672,7.091932978426691
change,BEL,math,P10,2015->2018,2.1691999999999894,5.634211137969732,,-8.873853830420686,13.212253830420664
change,BEL,math,P25,2015->2018,1.7938000000000898,4.789818125867504,,-7.594243526700218,11.181843526700398
change,BEL,math,P50,2015->2018,1.498299999999972,3.908275828788042,,-6.16192062442459,9.158520624424533
change,BEL,math,P75,2015->2018,0.27140000000008513,3.55479667851137,,-6.6960014898822,7.23880148988237
change,BEL,math,P90,2015->2018,-1.3299000000001797,4.2471696056838155,,-9.654352427140457,6.994552427140098
change,BEL,math,P90-P10,2015->2018,-3.4990999999999417,6.732659280122683,,-16.6951121890404,9.696912189040518
change,BEL,reading,P10,2015->2018,-7.790100000000109,5.46745870410661,,-18.506319060049066,2.926119060048846
change,BEL,reading,P25,2015->2018,-7.856200000000058,4.9414321436199,,-17.54140700149506,1.8290070014949453
change,BEL,reading,P50,2015->2018,-9.507499999999993,4.005690838114635,,-17.35865404270468,-1.6563459572953088
change,BEL,reading,P75,2015->2018,-5.356899999999882,3.3788478896083887,,-11.979441863632324,1.2656418636325597
change,BEL,reading,P90,2015->2018,0.6212000000001581,3.597850935782516,,-6.430587834133574,7.67298783413389
change,BEL,reading,P90-P10,2015->2018,8.411300000000097,5.890062322109452,,-3.1332221513344294,19.955822151334623
change,BEL,science,P10,2015->2018,-1.2682999999999538,5.5612283090159105,,-12.168307485671138,9.63170748567123
change,BEL,science,P25,2015->2018,-1.01299999999992,4.89080118283293,,-10.598970318352462,8.572970318352622
change,BEL,science,P50,2015->2018,-2.360900000000129,3.901864755045551,,-10.00855491988941,5.286754919889152
change,BEL,science,P75,2015->2018,-5.675000000000068,3.359414234571917,,-12.259451899761025,0.9094518997608896
change,BEL,science,P90,2015->2018,-5.0885999999999285,3.1540734107746426,,-11.270583885118228,1.0933838851183708
change,BEL,science,P90-P10,2015->2018,-3.8202999999999747,5.638299160897519,,-14.871366355359113,7.2307663553591635
change,CAN,math,P10,2015->2018,-8.530200000000036,4.389818155560534,,-17.134243584898684,0.07384358489861143
change,CAN,math,P25,2015->2018,-6.231800000000021,4.023093641023586,,-14.11706353640625,1.653463536406207
change,CAN,math,P50,2015->2018,-4.175899999999956,3.6497414758521676,,-11.329393292670204,2.977593292670292
change,CAN,math,P75,2015->2018,-0.5791999999999007,3.712755846851947,,-7.856201459829716,6.697801459829915
change,CAN,math,P90,2015->2018,1.895399999999995,4.1593409825890095,,-6.256908325874463,10.047708325874453
change,CAN,math,P90-P10,2015->2018,10.425600000000031,4.721123854373388,,1.1721972454281904,19.679002754571872
change,CAN,reading,P10,2015->2018,-15.980200000000025,4.320493923152765,,-24.448368089379443,-7.512031910620607
change,CAN,reading,P25,2015->2018,-13.36220000000003,3.586128626000776,,-20.39101210696155,-6.333387893038509
change,CAN,reading,P50,2015->2018,-7.240199999999845,3.241907548633805,,-13.594338795322102,-0.8860612046775875
change,CAN,reading,P75,2015->2018,0.6530999999999949,3.164447063688831,,-5.549216244830114,6.855416244830104
change,CAN,reading,P90,2015->2018,4.433599999999956,3.582508272069233,,-2.5881162132557414,11.455316213255653
change,CAN,reading,P90-P10,2015->2018,20.413799999999924,4.861501100311852,,10.885257843388695,29.942342156611154
change,CAN,science,P10,2015->2018,-11.097899999999925,3.730737531716155,,-18.41014556216359,-3.7856544378362607
change,CAN,science,P25,2015->2018,-12.772100000000023,3.5665128469946423,,-19.762465180109523,-5.7817348198905245
change,CAN,science,P50,2015->2018,-10.905399999999986,3.589049904609539,,-17.939937813034682,-3.8708621869652893
change,CAN,science,P75,2015->2018,-6.764799999999923,3.4052161164895196,,-13.439023588319381,-0.09057641168046437
change,CAN,science,P90,2015->2018,-4.361599999999953,3.615083049914301,,-11.447162777831982,2.7239627778320763
change,CAN,science,P90-P10,2015->2018,6.7362999999999715,3.784382037694163,,-0.6810887938805879,14.15368879388053
change,CHE,math,P10,2015->2018,-2.8625999999999863,5.61087626044275,,-13.859917470467776,8.134717470467804
change,CHE,math,P25,2015->2018,-6.778700000000015,5.444860761917304,,-17.45062709335793,3.8932270933579005
change,CHE,math,P50,2015->2018,-8.056999999999903,4.9571036891515545,,-17.77292323073695,1.6589232307371446
change,CHE,math,P75,2015->2018,-7.735800000000154,4.80428711511338,,-17.152202745622375,1.6806027456220693
change,CHE,math,P90,2015->2018,-5.453300000000013,5.4802809460120026,,-16.194650654183537,5.288050654183511
change,CHE,math,P90-P10,2015->2018,-2.5907000000000266,6.543875486412203,,-15.416695953367944,10.23529595336789
change,CHE,reading,P10,2015->2018,-15.047199999999975,6.7952577693319824,,-28.36590522789066,-1.7284947721092898
change,CHE,reading,P25,2015->2018,-13.40280000000007,5.685707461746125,,-24.546786625022474,-2.2588133749776667
change,CHE,reading,P50,2015->2018,-10.627000000000066,5.108262855468143,,-20.63919519671763,-0.6148048032825049
change,CHE,reading,P75,2015->2018,-5.320999999999913,5.193435796646456,,-15.500134161426967,4.858134161427142
change,CHE,reading,P90,2015->2018,1.1061999999999443,5.388550602950265,,-9.455359181782576,11.667759181782465
change,CHE,reading,P90-P10,2015->2018,16.15339999999989,7.6088332959498866,,1.2400867399381141,31.066713260061668
change,CHE,science,P10,2015->2018,-5.8916999999999575,5.419742540266811,,-16.514395378922906,4.730995378922993
change,CHE,science,P25,2015->2018,-7.247299999999996,5.746139651394959,,-18.509733716734114,4.015133716734123
change,CHE,science,P50,2015->2018,-12.088499999999954,5.1705957630625115,,-22.222867695602474,-1.9541323043974312
change,CHE,science,P75,2015->2018,-14.900900000000092,5.189330370470638,,-25.07198752612254,-4.729812473877642
change,CHE,science,P90,2015->2018,-10.652700000000095,5.474251430002902,,-21.382232802805785,0.07683280280559401
change,CHE,science,P90-P10,2015->2018,-4.761000000000024,6.719900533614061,,-17.932005045883585,8.410005045883535
change,CHL,math,P10,2015->2018,-2.3427999999999543,4.986428868327399,,-12.116200581921657,7.430600581921748
change,CHL,math,P25,2015->2018,-4.623700000000099,4.127318294876494,,-12.713243857958027,3.465843857957829
change,CHL,math,P50,2015->2018,-5.797399999999982,4.171154383447769,,-13.97286259155761,2.3780625915576454
change,CHL,math,P75,2015->2018,-7.492199999999968,4.7629773973033105,,-16.827635698714456,1.843235698714519
change,CHL,math,P90,2015->2018,-5.593200000000138,5.056086287611972,,-15.503129123719603,4.316729123719327
change,CHL,math,P90-P10,2015->2018,-3.250399999999985,6.534200975210708,,-16.05743391141297,9.556633911413002
change,CHL,reading,P10,2015->2018,-11.031499999999994,5.17114835999811,,-21.166950785596292,-0.896049214403698
change,CHL,reading,P25,2015->2018,-9.249999999999943,4.565044844309369,,-18.197487894846308,-0.3025121051535784
change,CHL,reading,P50,2015->2018,-7.408200000000079,4.451327445830068,,-16.132801793827014,1.316401793826854
change,CHL,reading,P75,2015->2018,-4.152999999999906,4.67396962412276,,-13.313980463280517,5.007980463280704
change,CHL,reading,P90,2015->2018,0.11300000000005639,4.842079005849532,,-9.377474851465028,9.60347485146514
change,CHL,reading,P90-P10,2015->2018,11.144500000000022,6.388349425668917,,-1.3766648743110554,23.665664874311098
change,CHL,science,P10,2015->2018,0.143100000000004,4.134473755106773,,-7.9604685600092715,8.24666856000928
change,CHL,science,P25,2015->2018,-0.5992999999999711,4.178119732341064,,-8.788414675388456,7.589814675388514
change,CHL,science,P50,2015->2018,-3.015700000000038,4.2637365680429475,,-11.372623673364215,5.341223673364139
change,CHL,science,P75,2015->2018,-7.23580000000004,4.639936410902872,,-16.33007536536967,1.8584753653695891
change,CHL,science,P90,2015->2018,-6.8556999999998425,4.685840105395547,,-16.039946606575114,2.3285466065754292
change,CHL,science,P90-P10,2015->2018,-6.998800000000017,5.653534850427653,,-18.079728306838216,4.082128306838182
change,COL,math,P10,2015->2018,-2.9092999999999165,4.9636138152223985,,-12.637983077835818,6.819383077835985
change,COL,math,P25,2015->2018,-0.7292999999999665,4.567650876483932,,-9.681895717908473,8.22329571790854
change,COL,math,P50,2015->2018,1.0316000000000827,4.390423762134024,,-7.573630573782603,9.636830573782769
change,COL,math,P75,2015->2018,3.140899999999988,4.657840583718309,,-5.9884675440878965,12.270267544087872
change,COL,math,P90,2015->2018,6.796100000000024,5.578171853055638,,-4.137116831989026,17.729316831989074
change,COL,math,P90-P10,2015->2018,9.705399999999969,7.012041324670638,,-4.038200996354481,23.44900099635442
change,COL,reading,P10,2015->2018,-7.591499999999996,5.800859797765611,,-18.961185203620595,3.7781852036206
change,COL,reading,P25,2015->2018,-10.834700000000055,5.32740041733927,,-21.276404817985025,-0.39299518201508654
change,COL,reading,P50,2015->2018,-17.534700000000043,5.18422846332991,,-27.695787788126665,-7.3736122118734215
change,COL,reading,P75,2015->2018,-16.23570000000001,5.29651996928172,,-26.61687913979218,-5.854520860207838
change,COL,reading,P90,2015->2018,-10.884500000000003,5.64549370929299,,-21.94966767021426,0.18066767021425711
change,COL,reading,P90-P10,2015->2018,-3.2929999999999495,6.922116380245761,,-16.86034810528164,10.274348105281742
change,COL,science,P10,2015->2018,-4.534600000000069,4.827095634425409,,-13.99570744347387,4.926507443473733
change,COL,science,P25,2015->2018,-2.713200000000029,4.586088998627627,,-11.701934437310177,6.275534437310119
change,COL,science,P50,2015->2018,-2.864300000000071,4.518780317863562,,-11.721109423012653,5.99250942301251
change,COL,science,P75,2015->2018,-1.6125000000000114,4.908803338957016,,-11.233754544355763,8.00875454435574
change,COL,science,P90,2015->2018,0.44909999999993033,5.369794499999258,,-10.075697219998615,10.973897219998475
change,COL,science,P90-P10,2015->2018,4.983699999999999,6.364518037308259,,-7.490755353124188,17.458155353124184
change,CRI,math,P10,2015->2018,-6.243300000000033,4.440792348218954,,-14.947253002509184,2.460653002509117
change,CRI,math,P25,2015->2018,-1.3131000000000768,3.6210284034143316,,-8.410315670692167,5.784115670692013
change,CRI,math,P50,2015->2018,3.2269000000000005,4.141889529550497,,-4.891203477918973,11.345003477918974
change,CRI,math,P75,2015->2018,7.313499999999976,5.189075825124243,,-2.857088617243539,17.484088617243494
change,CRI,math,P90,2015->2018,9.941200000000094,6.895815457580054,,-3.574598296856811,23.456998296857
change,CRI,math,P90-P10,2015->2018,16.184500000000014,6.738163131620766,,2.9777002620233137,29.391299737976716
change,CRI,reading,P10,2015->2018,-3.7279000000000337,4.694889357056242,,-12.929883139830268,5.474083139830201
change,CRI,reading,P25,2015->2018,-4.335899999999981,4.202468392702876,,-12.572738049697618,3.900938049697656
change,CRI,reading,P50,2015->2018,-2.3822999999999865,4.582502073285584,,-11.364004063639731,6.599404063639758
change,CRI,reading,P75,2015->2018,2.14609999999999,5.534247819361825,,-8.701025725949187,12.993225725949166
change,CRI,reading,P90,2015->2018,3.510499999999979,7.041195438986193,,-10.29024306041296,17.31124306041292
change,CRI,reading,P90-P10,2015->2018,7.238400000000013,6.916354732202982,,-6.317655275117831,20.794455275117855
change,CRI,science,P10,2015->2018,-8.449499999999944,3.96001520157015,,-16.21112979507744,-0.687870204922449
change,CRI,science,P25,2015->2018,-6.135000000000105,3.813507101227309,,-13.60947391840563,1.339473918405421
change,CRI,science,P50,2015->2018,-2.1909999999999172,4.10774667846551,,-10.242183489792318,5.860183489792483
change,CRI,science,P75,2015->2018,-0.6072000000000344,5.106906716344488,,-10.61673716403523,9.402337164035162
change,CRI,science,P90,2015->2018,-1.9078000000000657,6.542329007700538,,-14.730764855093119,10.915164855092987
change,CRI,science,P90-P10,2015->2018,6.541699999999935,6.509714840358036,,-6.217341087101817,19.300741087101684
change,CZE,math,P10,2015->2018,4.15480000000008,6.220737322366929,,-8.037845151839102,16.34744515183926
change,CZE,math,P25,2015->2018,4.432799999999929,4.947774558043467,,-5.2648381337652665,14.130438133765125
change,CZE,math,P50,2015->2018,6.81979999999993,3.9089139506176607,,-0.8416713432106855,14.481271343210544
change,CZE,math,P75,2015->2018,9.075999999999908,3.9752594578495546,,1.2844914626147812,16.867508537385035
change,CZE,math,P90,2015->2018,10.519800000000032,4.790315852611162,,1.1307809288821549,19.90881907111791
change,CZE,math,P90-P10,2015->2018,6.365000000000066,7.661101022807802,,-8.650758004703226,21.38075800470336
change,CZE,reading,P10,2015->2018,10.142000000000053,6.40756661442808,,-2.4168305642789836,22.700830564279087
change,CZE,reading,P25,2015->2018,4.013800000000003,5.439164822684944,,-6.646963052462487,14.674563052462494
change,CZE,reading,P50,2015->2018,-0.752900000000011,4.3209743520543,,-9.22200973002644,7.716209730026417
change,CZE,reading,P75,2015->2018,0.8829000000000633,4.0717334795991915,,-7.097697620014352,8.863497620014478
change,CZE,reading,P90,2015->2018,2.100900000000024,4.474308070777222,,-6.66874381872333,10.870543818723378
change,CZE,reading,P90-P10,2015->2018,-8.041100000000057,7.531933574344194,,-22.803689805714676,6.721489805714564
change,CZE,science,P10,2015->2018,5.878099999999961,5.485717884754108,,-4.873907054118092,16.630107054118014
change,CZE,science,P25,2015->2018,6.579700000000059,5.050941976502996,,-3.320146273945811,16.479546273945928
change,CZE,science,P50,2015->2018,3.960800000000006,4.279123335450847,,-4.426281737483654,12.347881737483666
change,CZE,science,P75,2015->2018,2.989599999999996,3.9963946866033058,,-4.843333585742483,10.822533585742475
change,CZE,science,P90,2015->2018,2.053600000000074,4.290989941273584,,-6.356740284896151,10.4639402848963
change,CZE,science,P90-P10,2015->2018,-3.8245000000000005,6.57908893190301,,-16.719514306529902,9.0705143065299
change,DEU,math,P10,2015->2018,-16.459699999999998,5.853435583057188,,-27.932433742792085,-4.986966257207911
change,DEU,math,P25,2015->2018,-12.150599999999997,5.012721700278649,,-21.97553453254615,-2.3256654674538453
change,DEU,math,P50,2015->2018,-3.901100000000042,4.727979349280433,,-13.167939524589691,5.365739524589607
change,DEU,math,P75,2015->2018,1.7201000000000022,4.729364751563701,,-7.549454913064853,10.989654913064857
change,DEU,math,P90,2015->2018,1.160600000000045,4.646641583086296,,-7.946817502849095,10.268017502849185
change,DEU,math,P90-P10,2015->2018,17.620300000000015,6.458016269292329,,4.962588112187051,30.27801188781298
change,DEU,reading,P10,2015->2018,-21.256399999999985,6.946157201247638,,-34.87086811444536,-7.641931885554616
change,DEU,reading,P25,2015->2018,-17.962099999999907,5.799401147580287,,-29.32892624925727,-6.595273750742544
change,DEU,reading,P50,2015->2018,-11.712199999999939,5.519016159405392,,-22.529471672434507,-0.8949283275653706
change,DEU,reading,P75,2015->2018,-4.678099999999972,4.650690337645225,,-13.793453061784613,4.437253061784668
change,DEU,reading,P90,2015->2018,-1.2993999999999915,4.847283045858436,,-10.800074769882526,8.201274769882543
change,DEU,reading,P90-P10,2015->2018,19.956999999999994,7.587060522582724,,5.086361375737855,34.827638624262136
change,DEU,science,P10,2015->2018,-12.568799999999953,5.898194463703843,,-24.129261148859484,-1.0083388511404223
change,DEU,science,P25,2015->2018,-9.121500000000026,5.272366024060413,,-19.455337407158435,1.2123374071583832
change,DEU,science,P50,2015->2018,-3.161200000000008,5.145294187356491,,-13.245976607218731,6.923576607218715
change,DEU,science,P75,2015->2018,-2.6562000000001262,4.499554191929595,,-11.475326216182133,6.16292621618188
change,DEU,science,P90,2015->2018,-3.261700000000019,4.382294087512211,,-11.850996411523951,5.327596411523913
change,DEU,science,P90-P10,2015->2018,9.307100000000048,6.429055289767608,,-3.293848367944463,21.90804836794456
change,DNK,math,P10,2015->2018,-4.382200000000012,4.106684386798891,,-12.431301398125838,3.6669013981258143
change,DNK,math,P25,2015->2018,-2.8764999999999645,3.7132327674892136,,-10.154436224278822,4.401436224278894
change,DNK,math,P50,2015->2018,-1.968099999999879,3.568467747351641,,-8.962296784809094,5.026096784809337
change,DNK,math,P75,2015->2018,0.014499999999998181,3.4456409070818177,,-6.738956177880365,6.767956177880361
change,DNK,math,P90,2015->2018,-0.6062999999998056,3.995575603714686,,-8.43762818328059,7.225028183280979
change,DNK,math,P90-P10,2015->2018,3.7759000000000356,5.405627800522127,,-6.819130489023333,14.370930489023404
change,DNK,reading,P10,2015->2018,-2.5341999999999416,5.26926102851877,,-12.86195161589673,7.793551615896847
change,DNK,reading,P25,2015->2018,-4.106300000000033,4.191351953990764,,-12.32134982982193,4.108749829821864
change,DNK,reading,P50,2015->2018,-1.0061999999999784,3.5230209371125354,,-7.9113210367405475,5.898921036740591
change,DNK,reading,P75,2015->2018,4.935699999999997,3.3746545062667685,,-1.6786228322828691,11.550022832282863
change,DNK,reading,P90,2015->2018,9.956899999999905,4.275386780163869,,1.5771419108787228,18.336658089121087
change,DNK,reading,P90-P10,2015->2018,12.49109999999996,5.681539920655317,,1.3552817555155396,23.62691824448438
change,DNK,science,P10,2015->2018,-11.437199999999962,4.94537119705555,,-21.13012754622884,-1.7442724537710834
change,DNK,science,P25,2015->2018,-8.790999999999997,4.039008767080801,,-16.707457183478365,-0.874542816521628
change,DNK,science,P50,2015->2018,-8.317800000000034,3.781025511536369,,-15.728610002611317,-0.9069899973887505
change,DNK,science,P75,2015->2018,-6.639400000000023,3.798729157085153,,-14.084909147886924,0.8061091478868772
change,DNK,science,P90,2015->2018,-8.37889999999993,4.481192659636267,,-17.162037612887012,0.404237612887151
change,DNK,science,P90-P10,2015->2018,3.0583000000000027,5.8624012545581206,,-8.432006458933913,14.548606458933918
change,ESP,math,P10,2015->2018,-8.798600000000079,4.156727394303785,,-16.9457856928355,-0.651414307164659
change,ESP,math,P25,2015->2018,-7.4085999999999785,3.307288526959136,,-13.890885512839885,-0.9263144871600719
change,ESP,math,P50,2015->2018,-4.34399999999988,3.061263139892858,,-10.344075754189882,1.6560757541901214
change,ESP,math,P75,2015->2018,-1.2877000000000862,3.1149097129772625,,-7.39292303743552,4.817523037435348
change,ESP,math,P90,2015->2018,0.04909999999995307,3.9126481347888498,,-7.619690344186193,7.717890344186099
change,ESP,math,P90-P10,2015->2018,8.847700000000032,5.484738042210099,,-1.9023865627317615,19.597786562731827
change,ESP,reading,P10,2015->2018,-25.970199999999977,4.799746621668921,,-35.37770337847106,-16.562696621528893
change,ESP,reading,P25,2015->2018,-25.231599999999958,3.9123566074539875,,-32.89981895060977,-17.56338104939014
change,ESP,reading,P50,2015->2018,-22.37069999999983,3.1639611167543364,,-28.572063788838328,-16.16933621116133
change,ESP,reading,P75,2015->2018,-15.34050000000002,3.1281861900220163,,-21.471744932443173,-9.209255067556867
change,ESP,reading,P90,2015->2018,-8.145200000000159,3.446209186837674,,-14.899770006202,-1.390629993798318
change,ESP,reading,P90-P10,2015->2018,17.82499999999999,5.005204004666871,,8.01480015085292,27.635199849147057
change,ESP,science,P10,2015->2018,-9.038400000000024,4.185262942290622,,-17.241515366889644,-0.8352846331104047
change,ESP,science,P25,2015->2018,-10.63050000000004,3.4603530134623224,,-17.412791906386193,-3.8482080936138887
change,ESP,science,P50,2015->2018,-11.194700000000012,2.964113369214403,,-17.004362203660243,-5.385037796339782
change,ESP,science,P75,2015->2018,-8.63519999999994,2.997705907208227,,-14.510703578128066,-2.7596964218718156
change,ESP,science,P90,2015->2018,-6.820299999999975,3.3016410784806913,,-13.29151651382213,-0.34908348617782003
change,ESP,science,P90-P10,2015->2018,2.2180999999999926,4.527642857492188,,-6.656080000684694,11.09228000068468
change,EST,math,P10,2015->2018,4.336399999999969,4.21626322766974,,-3.92747592623272,12.600275926232658
change,EST,math,P25,2015->2018,4.530299999999897,3.5885163648938723,,-2.503192075192092,11.563792075191888
change,EST,math,P50,2015->2018,3.2530000000000427,3.105523582085458,,-2.8338262208874543,9.33982622088754
change,EST,math,P75,2015->2018,3.4594999999999345,3.3969010742636088,,-3.198426105556739,10.117426105556607
change,EST,math,P90,2015->2018,4.17330000000004,3.805010044810807,,-3.2845196878291407,11.631119687829221
change,EST,math,P90-P10,2015->2018,-0.1630999999999858,5.269017328633927,,-10.490373964122483,10.164173964122512
change,EST,reading,P10,2015->2018,-2.3046999999999684,5.316854282530853,,-12.72573439376044,8.116334393760503
change,EST,reading,P25,2015->2018,-0.3838999999999828,3.8012214628253873,,-7.8342940671377415,7.066494067137776
change,EST,reading,P50,2015->2018,1.2201000000000022,3.532276385389136,,-5.703161715362705,8.143361715362708
change,EST,reading,P75,2015->2018,6.255199999999945,3.4249993845092734,,-0.4577987936382302,12.96819879363812
change,EST,reading,P90,2015->2018,13.285100000000057,4.266142909975409,,4.923459896448255,21.646740103551856
change,EST,reading,P90-P10,2015->2018,15.589800000000025,6.044437891428234,,3.742701732800688,27.43689826719936
change,EST,science,P10,2015->2018,1.0301999999999794,4.8072388467809715,,-8.391988139690724,10.452388139690683
change,EST,science,P25,2015->2018,-3.487699999999961,3.9527119601610274,,-11.235015441915575,4.259615441915653
change,EST,science,P50,2015->2018,-5.685699999999997,3.4384716146050045,,-12.425104364625806,1.053704364625812
change,EST,science,P75,2015->2018,-6.1585999999999785,3.6064137682437085,,-13.227170985757647,0.9099709857576901
change,EST,science,P90,2015->2018,-4.611899999999878,3.969948693483203,,-12.392999439226955,3.1691994392271994
change,EST,science,P90-P10,2015->2018,-5.6421000000000845,5.741585232804241,,-16.8956070562964,5.611407056296228
change,FIN,math,P10,2015->2018,-5.0452000000000226,5.093191407272174,,-15.027855158253484,4.937455158253439
change,FIN,math,P25,2015->2018,-5.040899999999965,3.9920030487351963,,-12.86522597552095,2.78342597552102
change,FIN,math,P50,2015->2018,-3.3707999999999174,3.6623018625206574,,-10.548911650540406,3.807311650540571
change,FIN,math,P75,2015->2018,-3.2357999999999265,3.3374129986163426,,-9.777129477287957,3.305529477288105
change,FIN,math,P90,2015->2018,-2.6238000000001875,3.805420306469298,,-10.082423800680012,4.8348238006796365
change,FIN,math,P90-P10,2015->2018,2.421399999999977,5.300682893321925,,-7.967938470910996,12.81073847091095
change,FIN,reading,P10,2015->2018,-13.97040000000004,6.32594708535146,,-26.369256287288902,-1.571543712711179
change,FIN,reading,P25,2015->2018,-13.591799999999978,4.864933497090288,,-23.127069654296943,-4.056530345703013
change,FIN,reading,P50,2015->2018,-7.498100000000022,3.879127422357886,,-15.10118974782148,0.10498974782143389
change,FIN,reading,P75,2015->2018,-0.7256000000000995,3.662703719400618,,-7.90449929002531,6.453299290025111
change,FIN,reading,P90,2015->2018,3.0692999999999984,4.029758183398436,,-4.829026039460937,10.967626039460933
change,FIN,reading,P90-P10,2015->2018,17.039699999999982,6.397985759249203,,4.499647911871543,29.579752088128423
change,FIN,science,P10,2015->2018,-8.138399999999933,5.849009896222704,,-19.60245939659643,3.3256593965965653
change,FIN,science,P25,2015->2018,-8.507499999999936,4.762513713249434,,-17.842026877968827,0.8270268779689545
change,FIN,science,P50,2015->2018,-8.83130000000017,4.14076384666995,,-16.94719713947327,-0.7154028605270675
change,FIN,science,P75,2015->2018,-8.444699999999898,3.7428000198900464,,-15.780588038984389,-1.108811961015407
change,FIN,science,P90,2015->2018,-7.756899999999973,3.9854959535239254,,-15.568472068906868,0.054672068906920224
change,FIN,science,P90-P10,2015->2018,0.3815000000000168,5.901223841948186,,-11.184898730218427,11.94789873021846
change,FRA,math,P10,2015->2018,5.979599999999948,5.207815444118578,,-4.227718270472465,16.18691827047236
change,FRA,math,P25,2015->2018,7.966200000000015,4.5581218544483875,,-0.9677188347188252,16.900118834718853
change,FRA,math,P50,2015->2018,3.180300000000102,4.21029811018967,,-5.07188429597165,11.432484295971854
change,FRA,math,P75,2015->2018,-1.451400000000035,4.153386442477447,,-9.59203742725583,6.68923742725576
change,FRA,math,P90,2015->2018,-1.6550999999999476,4.233998044730041,,-9.953736167670828,6.643536167670932
change,FRA,math,P90-P10,2015->2018,-7.634700000000009,6.437125268877573,,-20.25146552700005,4.982065527000033
change,FRA,reading,P10,2015->2018,11.49739999999997,6.6925608459443025,,-1.6200192580508617,24.6148192580508
change,FRA,reading,P25,2015->2018,0.20590000000004238,4.789065284641204,,-9.180667957896716,9.592467957896801
change,FRA,reading,P50,2015->2018,-12.812000000000012,4.168668794178246,,-20.982590836589374,-4.64140916341065
change,FRA,reading,P75,2015->2018,-15.882699999999886,4.527236247670569,,-24.756083045434202,-7.009316954565572
change,FRA,reading,P90,2015->2018,-14.973899999999958,4.662807633580612,,-24.113002961817955,-5.834797038181959
change,FRA,reading,P90-P10,2015->2018,-26.471300000000042,7.896477123024191,,-41.94839516112746,-10.994204838872628
change,FRA,science,P10,2015->2018,8.894499999999994,5.076439795652945,,-1.0553219994797782,18.844321999479767
change,FRA,science,P25,2015->2018,4.044900000000041,4.552126844734838,,-4.877268615680242,12.967068615680324
change,FRA,science,P50,2015->2018,-4.040100000000109,3.9720350505474924,,-11.825288699073194,3.7450886990729755
change,FRA,science,P75,2015->2018,-8.021599999999921,3.762685312749099,,-15.396463212988156,-0.6467367870116876
change,FRA,science,P90,2015->2018,-8.6319000000002,4.201811288995895,,-16.867450126432153,-0.396349873568246
change,FRA,science,P90-P10,2015->2018,-17.526399999999967,6.736413403576769,,-30.729770271010434,-4.3230297289895
change,GBR,math,P10,2015->2018,9.849200000000053,5.458919169630159,,-0.8502815724750583,20.548681572475164
change,GBR,math,P25,2015->2018,8.934400000000096,4.302304302993401,,0.5018835661330296,17.36691643386716
change,GBR,math,P50,2015->2018,8.200399999999945,3.9544403145915186,,0.4496969834005684,15.951103016599323
change,GBR,math,P75,2015->2018,10.255599999999959,4.29154614419766,,1.8441695573725436,18.66703044262737
change,GBR,math,P90,2015->2018,10.227999999999952,4.552366779428527,,1.305361112320039,19.150638887679865
change,GBR,math,P90-P10,2015->2018,0.37879999999998404,5.8919343425756585,,-11.169391311448306,11.926991311448274
change,GBR,reading,P10,2015->2018,0.15899999999993497,5.853199948034121,,-11.313271898146942,11.631271898146812
change,GBR,reading,P25,2015->2018,3.4577000000000453,4.540351996694626,,-5.441389913521421,12.356789913521512
change,GBR,reading,P50,2015->2018,6.0402999999998315,4.090698932945324,,-1.9774699085730045,14.058069908572667
change,GBR,reading,P75,2015->2018,9.374000000000024,4.318886302560483,,0.9089828469814769,17.83901715301857
change,GBR,reading,P90,2015->2018,11.183300000000031,4.987210533454551,,1.408367354429112,20.958232645570952
change,GBR,reading,P90-P10,2015->2018,11.02430000000001,5.713519712829297,,-0.17419863714541073,22.22279863714543
change,GBR,science,P10,2015->2018,-2.6796000000001072,5.00337685607319,,-12.48621863790356,7.127018637903346
change,GBR,science,P25,2015->2018,-0.9358000000000288,4.323455937544508,,-9.409773637587264,7.538173637587207
change,GBR,science,P50,2015->2018,-5.613899999999944,4.290215011900149,,-14.022721423324237,2.7949214233243485
change,GBR,science,P75,2015->2018,-5.7514999999999645,4.459253954169658,,-14.491637750172494,2.9886377501725647
change,GBR,science,P90,2015->2018,-5.9623000000000275,4.511829335326322,,-14.805485497239617,2.8808854972395626
change,GBR,science,P90-P10,2015->2018,-3.282700000000034,5.5611793200223705,,-14.18261146724388,7.617211467243813
change,GRC,math,P10,2015->2018,-2.4513999999999214,7.07651629432794,,-16.321371936882684,11.41857193688284
change,GRC,math,P25,2015->2018,-0.08210000000002537,6.430119867985875,,-12.68513494125234,12.520934941252289
change,GRC,math,P50,2015->2018,-1.2730999999999995,5.228830354975301,,-11.521607495751589,8.97540749575159
change,GRC,math,P75,2015->2018,-4.176200000000108,5.1295535450628345,,-14.230124948323263,5.877724948323047
change,GRC,math,P90,2015->2018,-4.957400000000007,5.271194671092647,,-15.288941555341594,5.374141555341581
change,GRC,math,P90-P10,2015->2018,-2.5060000000000002,7.4612306524385685,,-17.130012078779593,12.118012078779595
change,GRC,reading,P10,2015->2018,-8.2025000000001,9.5369180961846,,-26.894859468521915,10.489859468521715
change,GRC,reading,P25,2015->2018,-9.42370000000011,7.814304840980915,,-24.739737488322703,5.892337488322482
change,GRC,reading,P50,2015->2018,-13.507100000000094,6.184943731397684,,-25.629589713539552,-1.3846102864606333
change,GRC,reading,P75,2015->2018,-12.169399999999996,5.182088806756507,,-22.32629406124275,-2.0125059387572417
change,GRC,reading,P90,2015->2018,-7.23739999999998,5.371925106928096,,-17.766373209579047,3.291573209579088
change,GRC,reading,P90-P10,2015->2018,0.9650999999999499,9.307612172541573,,-17.277819858181534,19.208019858181434
change,GRC,science,P10,2015->2018,4.8285999999999945,7.297948824384375,,-9.47537969579338,19.132579695793368
change,GRC,science,P25,2015->2018,3.8114000000000487,6.67822032530624,,-9.277911837600183,16.90071183760028
change,GRC,science,P50,2015->2018,-2.4669999999999845,5.8105158880257735,,-13.8556111405305,8.921611140530532
change,GRC,science,P75,2015->2018,-8.700600000000009,5.07265479956557,,-18.643003407148527,1.2418034071485096
change,GRC,science,P90,2015->2018,-13.46429999999998,5.333688264179344,,-23.91832899779149,-3.0102710022084676
change,GRC,science,P90-P10,2015->2018,-18.292899999999946,7.661040248157487,,-33.30853888638862,-3.277261113611271
change,HUN,math,P10,2015->2018,8.699299999999994,5.757149930834794,,-2.5847138644362033,19.98331386443619
change,HUN,math,P25,2015->2018,7.214199999999948,4.95712259004937,,-2.5017602764968174,16.930160276496714
change,HUN,math,P50,2015->2018,4.318300000000022,4.410202874774209,,-4.325697634557427,12.962297634557471
change,HUN,math,P75,2015->2018,2.9737000000001217,4.391495232770326,,-5.633630656229716,11.58103065622996
change,HUN,math,P90,2015->2018,-0.2620000000000573,5.095237523631489,,-10.248665546317776,9.724665546317661
change,HUN,math,P90-P10,2015->2018,-8.961299999999994,7.718948650309261,,-24.090439354606147,6.167839354606157
change,HUN,reading,P10,2015->2018,8.096100000000092,5.817253253087358,,-3.30571637605113,19.497916376051315
change,HUN,reading,P25,2015->2018,7.74410000000006,4.880068106879022,,-1.8208334894828226,17.309033489482943
change,HUN,reading,P50,2015->2018,4.017899999999884,4.768211150887142,,-5.327793855738914,13.363593855738682
change,HUN,reading,P75,2015->2018,6.203099999999949,4.297936210361122,,-2.2208549723078495,14.627054972307748
change,HUN,reading,P90,2015->2018,9.25120000000004,4.836261719609007,,-0.22787297043361399,18.730272970433695
change,HUN,reading,P90-P10,2015->2018,1.1550999999999192,7.391337700383526,,-13.331921892751792,15.64212189275163
change,HUN,science,P10,2015->2018,9.535500000000013,5.613316919067445,,-1.4666011613721786,20.537601161372205
change,HUN,science,P25,2015->2018,5.947499999999991,4.629781480504478,,-3.1268717017887866,15.021871701788768
change,HUN,science,P50,2015->2018,3.3168000000000006,4.462335690968229,,-5.429377954297728,12.062977954297729
change,HUN,science,P75,2015->2018,1.6722999999998365,4.455881757981359,,-7.061228245643628,10.405828245643301
change,HUN,science,P90,2015->2018,1.0324999999999136,4.992376649786499,,-8.752558233581626,10.817558233581453
change,HUN,science,P90-P10,2015->2018,-8.502999999999986,7.265617401272015,,-22.743610106493136,5.737610106493165
change,IRL,math,P10,2015->2018,-2.5894000000000688,4.999265264905324,,-12.387959919214504,7.2091599192143665
change,IRL,math,P25,2015->2018,-2.6492000000000075,3.80720930377853,,-10.111330235405926,4.812930235405911
change,IRL,math,P50,2015->2018,-2.982499999999959,3.4121620510722837,,-9.670337620101634,3.7053376201017167
change,IRL,math,P75,2015->2018,-4.928099999999972,3.1619842977858714,,-11.125589223660281,1.269389223660336
change,IRL,math,P90,2015->2018,-7.319000000000187,3.9698835530081276,,-15.099971763896118,0.46197176389574235
change,IRL,math,P90-P10,2015->2018,-4.7295999999999765,5.376843191873826,,-15.268212656072675,5.809012656072722
change,IRL,reading,P10,2015->2018,-8.285500000000013,5.400217376283214,,-18.869926057515112,2.298926057515086
change,IRL,reading,P25,2015->2018,-7.474500000000035,4.148087376932488,,-15.604751258787712,0.6557512587876424
change,IRL,reading,P50,2015->2018,-4.536799999999971,3.641202917611461,,-11.673557718518435,2.5999577185184917
change,IRL,reading,P75,2015->2018,0.9110000000000582,3.737491303148562,,-6.414482954171124,8.23648295417124
change,IRL,reading,P90,2015->2018,5.93889999999999,3.964222970660347,,-1.8309770224942907,13.70877702249427
change,IRL,reading,P90-P10,2015->2018,14.224399999999974,5.323695965210651,,3.7899559081870997,24.65884409181285
change,IRL,science,P10,2015->2018,-6.825599999999952,5.256443331019776,,-17.128228928798713,3.477028928798809
change,IRL,science,P25,2015->2018,-6.186700000000144,4.1564739315113375,,-14.333388905762366,1.9599889057620778
change,IRL,science,P50,2015->2018,-5.245100000000036,3.8610759870504796,,-12.812808934618976,2.322608934618904
change,IRL,science,P75,2015->2018,-6.422400000000152,3.607496791636365,,-13.493093711607429,0.6482937116071232
change,IRL,science,P90,2015->2018,-7.711100000000215,4.0828970391405,,-15.713578196715595,0.29137819671516496
change,IRL,science,P90-P10,2015->2018,-0.8854999999999507,5.727449784929496,,-12.111301578461761,10.34030157846186
change,ISL,math,P10,2015->2018,7.242399999999918,5.526423258662778,,-3.5893895869791255,18.07418958697896
change,ISL,math,P25,2015->2018,9.601900000000171,4.576885418661418,,0.631204579423791,18.57259542057655
change,ISL,math,P50,2015->2018,10.66539999999992,3.780927619645745,,3.2547818654942597,18.07601813450558
change,ISL,math,P75,2015->2018,5.305599999999913,3.82661770025292,,-2.1945706924958097,12.805770692495635
change,ISL,math,P90,2015->2018,0.5825000000000955,4.9590018815393755,,-9.13714368781708,10.30214368781727
change,ISL,math,P90-P10,2015->2018,-6.659899999999965,6.629256372701237,,-19.65324249049439,6.333442490494459
change,ISL,reading,P10,2015->2018,-18.714099999999974,5.875845365656846,,-30.23075691668739,-7.197443083312555
change,ISL,reading,P25,2015->2018,-14.307400000000086,4.609939627948861,,-23.342881670779853,-5.27191832922032
change,ISL,reading,P50,2015->2018,-7.349100000000021,3.6536137510993467,,-14.51018295215474,-0.18801704784530227
change,ISL,reading,P75,2015->2018,-2.407399999999825,3.9584862578179205,,-10.16603306532295,5.351233065323299
change,ISL,reading,P90,2015->2018,2.0253000000000156,5.192847106036029,,-8.152680327830602,12.203280327830633
change,ISL,reading,P90-P10,2015->2018,20.739400000000046,8.12640148801698,,4.8116530834867675,36.667146916513325
change,ISL,science,P10,2015->2018,-0.2721000000000231,4.402084954819072,,-8.900186511445405,8.355986511445359
change,ISL,science,P25,2015->2018,1.2013999999999783,4.135487160138048,,-6.904154833870596,9.306954833870552
change,ISL,science,P50,2015->2018,1.7820999999999572,3.628433994392983,,-5.329630629010289,8.893830629010203
change,ISL,science,P75,2015->2018,2.4881000000000313,3.596562082507868,,-4.56116168171539,9.537361681715453
change,ISL,science,P90,2015->2018,1.9448999999999614,4.487348903305827,,-6.8503038504794596,10.740103850479382
change,ISL,science,P90-P10,2015->2018,2.2170000000000414,5.751963900896996,,-9.056849245758071,13.490849245758154
change,ISR,math,P10,2015->2018,-16.55529999999999,7.231164141370633,,-30.728381717086428,-2.3822182829135485
change,ISR,math,P25,2015->2018,-7.987200000000087,6.612785074048267,,-20.948258745134687,4.973858745134516
change,ISR,math,P50,2015->2018,-5.087799999999959,6.065283876016576,,-16.975756396992445,6.800156396992529
change,ISR,math,P75,2015->2018,-2.770100000000184,5.554590252214831,,-13.657096894341253,8.116896894340885
change,ISR,math,P90,2015->2018,-0.8037000000000489,6.251650769241305,,-13.056935507713007,11.449535507712909
change,ISR,math,P90-P10,2015->2018,15.751600000000053,8.595632834436588,,-1.0958403554956568,32.59904035549576
change,ISR,reading,P10,2015->2018,-29.980699999999956,8.263349640632022,,-46.17686529563872,-13.784534704361192
change,ISR,reading,P25,2015->2018,-19.995499999999993,7.772131716302516,,-35.22887816395293,-4.762121836047061
change,ISR,reading,P50,2015->2018,-6.622499999999832,6.707146909702614,,-19.768507943016957,6.523507943017293
change,ISR,reading,P75,2015->2018,1.6938000000000102,5.705856038803959,,-9.48967783605575,12.87727783605577
change,ISR,reading,P90,2015->2018,6.8659999999999854,5.707763147776117,,-4.321215769641203,18.053215769641174
change,ISR,reading,P90-P10,2015->2018,36.84669999999994,8.75593221155425,,19.685072865353614,54.008327134646265
change,ISR,science,P10,2015->2018,-13.205600000000004,6.737487222787308,,-26.41107495666313,-0.00012504333687957114
change,ISR,science,P25,2015->2018,-7.213499999999954,6.687548584621025,,-20.321095225857164,5.894095225857255
change,ISR,science,P50,2015->2018,-2.057399999999973,6.7819884164683675,,-15.350097296277973,11.235297296278027
change,ISR,science,P75,2015->2018,0.28089999999997417,5.5630287524473205,,-10.622636354796773,11.184436354796722
change,ISR,science,P90,2015->2018,1.1951000000001386,5.287142468500563,,-9.167699238260965,11.557899238261243
change,ISR,science,P90-P10,2015->2018,14.400700000000029,7.56233577206437,,-0.4214781132461365,29.222878113246196
change,ITA,math,P10,2015->2018,-4.826800000000048,6.101922532102306,,-16.786568162920567,7.132968162920472
change,ITA,math,P25,2015->2018,-2.3260999999999967,4.57373843632196,,-11.290627335191038,6.638427335191045
change,ITA,math,P50,2015->2018,-0.6400999999999044,4.732526391838133,,-9.915851728002645,8.635651728002836
change,ITA,math,P75,2015->2018,-3.016800000000103,4.909041284202036,,-12.638520917036095,6.604920917035889
change,ITA,math,P90,2015->2018,-4.719799999999964,5.490565876219962,,-15.481309117391088,6.041709117391161
change,ITA,math,P90-P10,2015->2018,0.10700000000002774,7.50840085104678,,-14.60946566805166,14.823465668051716
change,ITA,reading,P10,2015->2018,-13.439299999999946,6.248368183685151,,-25.68610164002284,-1.1924983599770513
change,ITA,reading,P25,2015->2018,-8.094900000000052,4.938047826092588,,-17.773473739141526,1.583673739141421
change,ITA,reading,P50,2015->2018,-7.7268000000000825,4.426006700426721,,-16.401773132836453,0.9481731328362901
change,ITA,reading,P75,2015->2018,-7.6112000000000535,4.302701984218759,,-16.04449588906882,0.8220958890687129
change,ITA,reading,P90,2015->2018,-4.070800000000077,4.41707972169145,,-12.728276254515318,4.586676254515165
change,ITA,reading,P90-P10,2015->2018,9.368499999999983,7.231423401070882,,-4.805089866098944,23.542089866098912
change,ITA,science,P10,2015->2018,-10.549399999999991,5.420421187099356,,-21.17342552671473,0.07462552671474576
change,ITA,science,P25,2015->2018,-8.235299999999995,4.479035608563271,,-17.01420979278401,0.5436097927840162
change,ITA,science,P50,2015->2018,-13.27049999999997,4.57603906403295,,-22.23953656550455,-4.301463434495387
change,ITA,science,P75,2015->2018,-15.525499999999852,4.155540696735174,,-23.670359765600793,-7.380640234398911
change,ITA,science,P90,2015->2018,-15.688099999999963,4.639832982027603,,-24.782172644774064,-6.59402735522586
change,ITA,science,P90-P10,2015->2018,-5.1387,6.645490175382934,,-18.16386074375055,7.8864607437505505
change,JPN,math,P10,2015->2018,-3.550000000000068,5.913011901964837,,-15.139503327851148,8.039503327851012
change,JPN,math,P25,2015->2018,-5.23090000000002,4.712417789144387,,-14.467238866723017,4.005438866722978
change,JPN,math,P50,2015->2018,-5.834599999999909,4.512513203551015,,-14.6791258789599,3.0099258789600807
change,JPN,math,P75,2015->2018,-5.4541000000000395,4.486447769486834,,-14.247537628194234,3.339337628194155
change,JPN,math,P90,2015->2018,-6.4261000000000195,5.672569556108493,,-17.544336329972666,4.692136329972627
change,JPN,math,P90-P10,2015->2018,-2.876100000000008,7.301737183293365,,-17.187504879255002,11.435304879254986
change,JPN,reading,P10,2015->2018,-16.86779999999993,7.355075923544985,,-31.2837488101481,-2.4518511898517623
change,JPN,reading,P25,2015->2018,-18.786800000000028,5.586204623992134,,-29.73576106302461,-7.837838936975446
change,JPN,reading,P50,2015->2018,-15.371899999999982,4.612858122502067,,-24.413101920104033,-6.33069807989593
change,JPN,reading,P75,2015->2018,-8.651099999999929,4.647801831212502,,-17.76079158917643,0.4585915891765744
change,JPN,reading,P90,2015->2018,-2.004199999999855,5.246900761137212,,-12.28812549182879,8.27972549182908
change,JPN,reading,P90-P10,2015->2018,14.863599999999991,7.811183228088928,,-0.44631912705430743,30.17351912705429
change,JPN,science,P10,2015->2018,-7.130800000000022,6.235308944052236,,-19.352005530342403,5.090405530342361
change,JPN,science,P25,2015->2018,-8.627799999999922,5.37586580882042,,-19.164496985287947,1.9088969852881004
change,JPN,science,P50,2015->2018,-11.08150000000012,4.4421567365038594,,-19.78812720354768,-2.3748727964525553
change,JPN,science,P75,2015->2018,-9.538900000000126,4.356541147452236,,-18.07772064900651,-1.0000793509937438
change,JPN,science,P90,2015->2018,-9.403599999999983,5.291207562446299,,-19.77436682239473,0.9671668223947627
change,JPN,science,P90-P10,2015->2018,-2.2728000000000463,7.15227091240568,,-16.291250988315177,11.745650988315086
change,KOR,math,P10,2015->2018,1.8600000000000136,7.036169892933392,,-11.930892990149434,15.650892990149462
change,KOR,math,P25,2015->2018,1.9695999999999003,5.855371511934813,,-9.506928163392333,13.446128163392133
change,KOR,math,P50,2015->2018,1.2460999999999558,5.486800720010808,,-9.508029411221228,12.00022941122114
change,KOR,math,P75,2015->2018,1.2993999999999915,5.479134023933174,,-9.43970268690903,12.038502686909013
change,KOR,math,P90,2015->2018,2.214399999999955,6.3492611418355,,-10.230151837997624,14.658951837997535
change,KOR,math,P90-P10,2015->2018,0.3544000000000551,8.000151825121817,,-15.325897577238706,16.034697577238816
change,KOR,reading,P10,2015->2018,-8.654699999999991,7.428640443655293,,-23.214835269564364,5.905435269564382
change,KOR,reading,P25,2015->2018,-6.144999999999982,5.866295516147971,,-17.642939211650003,5.352939211650041
change,KOR,reading,P50,2015->2018,-2.4103000000000065,4.981504454200776,,-12.174048730233528,7.353448730233515
change,KOR,reading,P75,2015->2018,-0.686100000000124,4.957824720748695,,-10.403436452667567,9.031236452667319
change,KOR,reading,P90,2015->2018,2.5696999999997843,5.8031082886673735,,-8.804392245788268,13.943792245787836
change,KOR,reading,P90-P10,2015->2018,11.224400000000031,7.620557709395171,,-3.711893110414504,26.160693110414567
change,KOR,science,P10,2015->2018,-0.4341999999999757,6.025937000076329,,-12.245036520149581,11.37663652014963
change,KOR,science,P25,2015->2018,1.6375000000001023,5.257600158712041,,-8.667396311075498,11.942396311075703
change,KOR,science,P50,2015->2018,3.800200000000018,5.012700413505242,,-6.024692810470256,13.625092810470292
change,KOR,science,P75,2015->2018,4.576399999999921,4.477559481582695,,-4.199616583902161,13.352416583902004
change,KOR,science,P90,2015->2018,5.3675999999996975,5.249038894142648,,-4.920516232519892,15.655716232519287
change,KOR,science,P90-P10,2015->2018,5.801800000000071,6.886823277744902,,-7.696373624379937,19.29997362438008
change,LTU,math,P10,2015->2018,-3.4669999999999277,5.2574858390468115,,-13.771672244531677,6.837672244531822
change,LTU,math,P25,2015->2018,-0.7028000000000247,4.11768397450422,,-8.773460590028296,7.367860590028247
change,LTU,math,P50,2015->2018,4.310200000000066,3.551536965956505,,-2.6508124532746837,11.271212453274815
change,LTU,math,P75,2015->2018,6.046700000000101,3.5997466815195596,,-1.0088034957782357,13.102203495778436
change,LTU,math,P90,2015->2018,8.048400000000015,4.490703667392598,,-0.7533791880894771,16.850179188089506
change,LTU,math,P90-P10,2015->2018,11.515400000000056,6.190204192781796,,-0.6174002178522642,23.648200217852377
change,LTU,reading,P10,2015->2018,3.2006000000000085,4.421688355770399,,-5.465909177309975,11.867109177309992
change,LTU,reading,P25,2015->2018,2.4599000000000046,3.97542625743873,,-5.331935464579906,10.251735464579916
change,LTU,reading,P50,2015->2018,4.210799999999949,3.898181609631169,,-3.429635954877142,11.85123595487704
change,LTU,reading,P75,2015->2018,2.362799999999879,4.114884812280081,,-5.702374232069079,10.427974232068838
change,LTU,reading,P90,2015->2018,3.812000000000012,4.724689527953731,,-5.4483914747893,13.072391474789324
change,LTU,reading,P90-P10,2015->2018,0.6114000000000317,5.904916433692258,,-10.962236210036794,12.185036210036857
change,LTU,science,P10,2015->2018,6.885300000000029,4.800864659910525,,-2.5243947334246,16.29499473342466
change,LTU,science,P25,2015->2018,7.90649999999988,3.9972399346993903,,0.07190972798907591,15.741090272010684
change,LTU,science,P50,2015->2018,9.490499999999884,3.5024736948809965,,2.6256515580331303,16.355348441966637
change,LTU,science,P75,2015->2018,5.425899999999956,3.7151598942710353,,-1.8558133927712728,12.707613392771185
change,LTU,science,P90,2015->2018,1.8003000000001066,4.321450968521267,,-6.6697438983015775,10.27034389830179
change,LTU,science,P90-P10,2015->2018,-5.085000000000008,5.715235389096234,,-16.286861362628628,6.116861362628612
change,LUX,math,P10,2015->2018,-9.881999999999948,3.661345094512558,,-17.058236385244562,-2.705763614755335
change,LUX,math,P25,2015->2018,-4.54989999999998,2.971954692061548,,-10.374931196440613,1.275131196440654
change,LUX,math,P50,2015->2018,-1.186200000000099,2.69655253095916,,-6.471442960680052,4.099042960679854
change,LUX,math,P75,2015->2018,1.7053999999999405,2.8290316139586973,,-3.8395019633591057,7.250301963358987
change,LUX,math,P90,2015->2018,3.804200000000037,3.489507570879041,,-3.035234838922883,10.643634838922956
change,LUX,math,P90-P10,2015->2018,13.686200000000014,5.303105775916174,,3.292112679204312,24.080287320795716
change,LUX,reading,P10,2015->2018,-11.180599999999913,3.585668181958716,,-18.208509636638997,-4.152690363360829
change,LUX,reading,P25,2015->2018,-12.90560000000005,2.9120595238689004,,-18.613236666783095,-7.197963333217005
change,LUX,reading,P50,2015->2018,-15.549000000000092,2.9507854929756463,,-21.33253956623236,-9.765460433767824
change,LUX,reading,P75,2015->2018,-12.651899999999955,2.860866978149574,,-18.25919927717312,-7.04460072282679
change,LUX,reading,P90,2015->2018,-3.647199999999998,3.8075003180126847,,-11.10990062330486,3.815500623304864
change,LUX,reading,P90-P10,2015->2018,7.533400000000029,4.907604500104351,,-2.0855048202044983,17.152304820204556
change,LUX,science,P10,2015->2018,-3.540299999999945,3.678972316799592,,-10.751085740927145,3.670485740927255
change,LUX,science,P25,2015->2018,-3.072400000000073,3.07394896111753,,-9.097339963790432,2.9525399637902865
change,LUX,science,P50,2015->2018,-5.16599999999994,2.414614161264227,,-9.898643756077824,-0.43335624392205485
change,LUX,science,P75,2015->2018,-7.60469999999998,2.76441832901206,,-13.022959924863617,-2.1864400751363426
change,LUX,science,P90,2015->2018,-9.25590000000011,3.6569375227853698,,-16.423497544659433,-2.088302455340786
change,LUX,science,P90-P10,2015->2018,-5.715600000000052,5.492976764924451,,-16.481834459251978,5.050634459251873
change,LVA,math,P10,2015->2018,11.068899999999985,4.371834701498017,,2.5001039850638715,19.637696014936097
change,LVA,math,P25,2015->2018,11.626099999999951,3.606188704620619,,4.557970138943538,18.694229861056364
change,LVA,math,P50,2015->2018,13.609100000000069,3.330222552122702,,7.081863797839573,20.136336202160564
change,LVA,math,P75,2015->2018,15.113299999999867,3.248340100386309,,8.746553403242702,21.480046596757035
change,LVA,math,P90,2015->2018,17.66969999999992,4.210136413862775,,9.417832628828883,25.92156737117096
change,LVA,math,P90-P10,2015->2018,6.600799999999964,5.629255780641775,,-4.432541330057914,17.634141330057844
change,LVA,reading,P10,2015->2018,-13.555000000000007,4.65595314081279,,-22.680668155993075,-4.4293318440069385
change,LVA,reading,P25,2015->2018,-15.943300000000022,3.7968855327608804,,-23.385195644211347,-8.501404355788697
change,LVA,reading,P50,2015->2018,-10.934599999999932,3.1773077944315675,,-17.162123277085804,-4.70707672291406
change,LVA,reading,P75,2015->2018,-5.61099999999999,3.0595569701982828,,-11.607731661588623,0.38573166158864414
change,LVA,reading,P90,2015->2018,0.15369999999995798,3.6501597356980424,,-7.000613081968205,7.308013081968121
change,LVA,reading,P90-P10,2015->2018,13.70870000000005,5.785157412628374,,2.369791471248437,25.047608528751663
change,LVA,science,P10,2015->2018,-5.019900000000007,4.441414550380692,,-13.725072518746163,3.6852725187461495
change,LVA,science,P25,2015->2018,-3.3332999999999515,3.710599944378568,,-10.606075890981945,3.9394758909820418
change,LVA,science,P50,2015->2018,-2.4228999999999132,3.1040994402563804,,-8.506934902902419,3.6611349029025924
change,LVA,science,P75,2015->2018,-2.040899999999965,3.0123068329032403,,-7.945021392490316,3.863221392490386
change,LVA,science,P90,2015->2018,-0.7095999999999094,3.4373691445800643,,-7.4468435233768355,6.027643523377017
change,LVA,science,P90-P10,2015->2018,4.310299999999984,5.54333077660795,,-6.554628322151597,15.175228322151565
change,MEX,math,P10,2015->2018,-0.8346000000000231,4.476782888724641,,-9.609094461900318,7.939894461900272
change,MEX,math,P25,2015->2018,-0.8590999999999553,3.669948919187349,,-8.052199881607159,6.333999881607249
change,MEX,math,P50,2015->2018,0.40490000000005466,3.7353854240374065,,-6.9164554311132616,7.726255431113371
change,MEX,math,P75,2015->2018,1.81899999999996,4.283996893154288,,-6.5776339105824455,10.215633910582365
change,MEX,math,P90,2015->2018,4.681300000000078,5.05556494161522,,-5.227607285565753,14.59020728556591
change,MEX,math,P90-P10,2015->2018,5.515899999999988,6.087110547204551,,-6.4148366725209325,17.44663667252091
change,MEX,reading,P10,2015->2018,-7.330000000000041,5.044455814279897,,-17.21713339598864,2.557133395988558
change,MEX,reading,P25,2015->2018,-7.319800000000043,4.132437477378755,,-15.419377455662403,0.779777455662316
change,MEX,reading,P50,2015->2018,-6.0330999999999335,4.030590646336258,,-13.933057666819,1.8668576668191328
change,MEX,reading,P75,2015->2018,-1.5088999999998691,4.761636855816147,,-10.841708237399518,7.823908237399779
change,MEX,reading,P90,2015->2018,7.376999999999953,5.730788718744488,,-3.8553458887392438,18.60934588873915
change,MEX,reading,P90-P10,2015->2018,14.707000000000022,6.591271074602314,,1.7881086937794866,27.62589130622056
change,MEX,science,P10,2015->2018,1.0287999999999897,4.617605084589004,,-8.021705965794458,10.079305965794438
change,MEX,science,P25,2015->2018,1.0955999999999335,3.519145266175361,,-5.801924721703774,7.993124721703641
change,MEX,science,P50,2015->2018,2.0517999999999574,3.5883611952007044,,-4.981387942593423,9.084987942593337
change,MEX,science,P75,2015->2018,4.353200000000015,4.1451775316491455,,-3.7713479620323103,12.47774796203234
change,MEX,science,P90,2015->2018,7.86380000000014,5.310123127155862,,-2.544041329225349,18.27164132922563
change,MEX,science,P90-P10,2015->2018,6.834999999999951,6.087588501980433,,-5.096673463881698,18.766673463881602
change,NLD,math,P10,2015->2018,4.3659999999999854,6.18869051218071,,-7.763833403874205,16.495833403874176
change,NLD,math,P25,2015->2018,3.702699999999993,5.217103527501309,,-6.522822913902573,13.928222913902559
change,NLD,math,P50,2015->2018,7.897799999999847,4.104505839318544,,-0.14703144506449917,15.942631445064194
change,NLD,math,P75,2015->2018,9.01559999999995,3.586175297273929,,1.9866964173430492,16.04450358265685
change,NLD,math,P90,2015->2018,10.38390000000004,4.788893842817734,,0.9976680680772816,19.770131931922798
change,NLD,math,P90-P10,2015->2018,6.017900000000026,7.382869910663318,,-8.452525024900078,20.488325024900128
change,NLD,reading,P10,2015->2018,-24.293000000000063,6.41678227752993,,-36.86989326395873,-11.7161067360414
change,NLD,reading,P25,2015->2018,-23.789300000000026,5.286825231964203,,-34.151477454649864,-13.427122545350189
change,NLD,reading,P50,2015->2018,-22.11450000000002,4.730523878904841,,-31.38632680265351,-12.842673197346532
change,NLD,reading,P75,2015->2018,-14.592300000000023,4.357003436614047,,-23.132026735763553,-6.052573264236491
change,NLD,reading,P90,2015->2018,-9.283500000000004,4.518470990525692,,-18.13970314143036,-0.4272968585696475
change,NLD,reading,P90-P10,2015->2018,15.009499999999946,7.481784035056219,,0.34520329128975824,29.673796708710135
change,NLD,science,P10,2015->2018,-7.952599999999848,6.72005542466396,,-21.12390863234121,5.218708632341514
change,NLD,science,P25,2015->2018,-6.39369999999991,5.970855027036655,,-18.096575852991755,5.309175852991933
change,NLD,science,P50,2015->2018,-3.7239000000000146,4.699078337173034,,-12.93409354085916,5.486293540859132
change,NLD,science,P75,2015->2018,-1.8636999999998807,4.016477142347509,,-9.735995199000998,6.0085951990012365
change,NLD,science,P90,2015->2018,-2.020399999999995,4.574208805174226,,-10.985849258141476,6.945049258141486
change,NLD,science,P90-P10,2015->2018,5.932199999999966,7.987439807632708,,-9.723182022960142,21.587582022960074
change,NOR,math,P10,2015->2018,-10.18180000000001,5.148831765717994,,-20.273510260807278,-0.09008973919274155
change,NOR,math,P25,2015->2018,-3.628099999999961,3.8192520652318533,,-11.113834047854393,3.8576340478544715
change,NOR,math,P50,2015->2018,0.09719999999992979,3.913377663576278,,-7.573020220609575,7.767420220609434
change,NOR,math,P75,2015->2018,3.925100000000043,3.6580628236358326,,-3.2447031343261887,11.094903134326275
change,NOR,math,P90,2015->2018,6.793599999999969,4.297632790980534,,-1.629760270321876,15.216960270321815
change,NOR,math,P90-P10,2015->2018,16.97539999999998,5.78318432862802,,5.640358715889059,28.3104412841109
change,NOR,reading,P10,2015->2018,-24.755299999999977,5.9029810737645265,,-36.32514290457845,-13.185457095421505
change,NOR,reading,P25,2015->2018,-18.338300000000004,4.544227490943255,,-27.244985882248784,-9.431614117751224
change,NOR,reading,P50,2015->2018,-12.129399999999862,3.8860888977365358,,-19.74613423956347,-4.512665760436252
change,NOR,reading,P75,2015->2018,-6.7842999999999165,4.254085120798607,,-15.122306836765185,1.5537068367653522
change,NOR,reading,P90,2015->2018,-4.6105000000001155,4.154897529288647,,-12.754099157405863,3.5330991574056316
change,NOR,reading,P90-P10,2015->2018,20.144800000000032,6.596739471259009,,7.215190636332375,33.07440936366769
change,NOR,science,P10,2015->2018,-13.335300000000018,5.0852302983465965,,-23.302351384759348,-3.36824861524069
change,NOR,science,P25,2015->2018,-7.46629999999999,4.498635818408365,,-16.283626204080385,1.3510262040804069
change,NOR,science,P50,2015->2018,-6.652100000000189,3.673508831938928,,-13.852177310600489,0.5479773106001096
change,NOR,science,P75,2015->2018,-5.970599999999877,4.005749248268039,,-13.821868526605233,1.8806685266054792
change,NOR,science,P90,2015->2018,-6.054399999999987,4.412536957289364,,-14.702972436287139,2.594172436287165
change,NOR,science,P90-P10,2015->2018,7.280900000000031,6.131080053030358,,-4.73601690393947,19.297816903939534
change,NZL,math,P10,2015->2018,-2.277300000000025,4.849406254664349,,-11.782136259142149,7.227536259142099
change,NZL,math,P25,2015->2018,-0.3806999999999334,4.078999413799636,,-8.37553885104722,7.614138851047353
change,NZL,math,P50,2015->2018,-0.8649000000000342,3.6781242253657243,,-8.074023481716853,6.344223481716785
change,NZL,math,P75,2015->2018,0.1254999999998745,3.505828349968707,,-6.745923565938791,6.99692356593854
change,NZL,math,P90,2015->2018,1.070400000000177,3.791697479068949,,-6.361327058974963,8.502127058975317
change,NZL,math,P90-P10,2015->2018,3.347699999999975,5.829315287121342,,-8.077757962757856,14.773157962757805
change,NZL,reading,P10,2015->2018,-6.547800000000052,5.825528313809831,,-17.96583549506732,4.870235495067217
change,NZL,reading,P25,2015->2018,-7.0002999999999815,4.877836756186088,,-16.560860042124716,2.5602600421247512
change,NZL,reading,P50,2015->2018,-3.0725000000001046,4.3756274713208585,,-11.648729843788987,5.503729843788777
change,NZL,reading,P75,2015->2018,0.09259999999994761,3.9131932564367733,,-7.577258782616128,7.762458782616023
change,NZL,reading,P90,2015->2018,-2.5711000000000013,5.201038276152165,,-12.765135021258244,7.622935021258241
change,NZL,reading,P90-P10,2015->2018,3.976699999999937,7.663860498143206,,-11.044466576360747,18.99786657636062
change,NZL,science,P10,2015->2018,-3.8221999999999525,5.299503312103888,,-14.209226491723573,6.564826491723668
change,NZL,science,P25,2015->2018,-2.056099999999958,4.725806900649052,,-11.3186815252721,7.206481525272183
change,NZL,science,P50,2015->2018,-3.673999999999978,4.055071850438924,,-11.621940826860268,4.273940826860312
change,NZL,science,P75,2015->2018,-5.303899999999885,3.9017534523311177,,-12.951336766568875,2.3435367665691054
change,NZL,science,P90,2015->2018,-7.414099999999962,4.5838525060501425,,-16.39845091185824,1.5702509118583166
change,NZL,science,P90-P10,2015->2018,-3.5919000000000665,6.43799822374074,,-16.210376518531916,9.026576518531783
change,POL,math,P10,2015->2018,6.760999999999967,5.597233392291035,,-4.209577448890462,17.7315774488904
change,POL,math,P25,2015->2018,11.44130000000007,4.207203520286496,,3.1951811002385373,19.687418899761603
change,POL,math,P50,2015->2018,11.61489999999992,3.735781542878425,,4.292768175958208,18.937031824041632
change,POL,math,P75,2015->2018,13.440999999999804,4.302887382780171,,5.007340729750668,21.87465927024894
change,POL,math,P90,2015->2018,13.51909999999998,5.56958289022716,,2.6027175351547474,24.435482464845215
change,POL,math,P90-P10,2015->2018,6.758100000000013,7.455189930884099,,-7.854072264532821,21.370272264532847
change,POL,reading,P10,2015->2018,-1.6043999999999983,5.1336747013659165,,-11.666402414677194,8.457602414677197
change,POL,reading,P25,2015->2018,-0.6603000000000065,4.55266791483607,,-9.583529113078702,8.26292911307869
change,POL,reading,P50,2015->2018,3.5769000000000233,4.458678923241219,,-5.162110689552767,12.315910689552814
change,POL,reading,P75,2015->2018,11.27699999999993,4.421634444285149,,2.610596489201038,19.943403510798824
change,POL,reading,P90,2015->2018,18.780099999999948,5.294757214715121,,8.40237585915831,29.157824140841583
change,POL,reading,P90-P10,2015->2018,20.38450000000003,6.390306738681984,,7.859498792183343,32.90950120781672
change,POL,science,P10,2015->2018,7.626099999999894,4.821994896766731,,-1.8250099976628977,17.077209997662685
change,POL,science,P25,2015->2018,10.999799999999937,4.056533866355479,,3.0489936219431977,18.950606378056676
change,POL,science,P50,2015->2018,9.206999999999994,4.248926103408037,,0.8791048373202415,17.534895162679746
change,POL,science,P75,2015->2018,10.474099999999908,4.562116818308028,,1.5323510361161734,19.41584896388364
change,POL,science,P90,2015->2018,10.864700000000084,5.3179586066146305,,0.4415011310354089,21.28789886896476
change,POL,science,P90-P10,2015->2018,3.2386000000000763,6.110609334455381,,-8.73819429553247,15.215394295532622
change,PRT,math,P10,2015->2018,-3.467800000000068,5.316640590374926,,-13.888415557134923,6.952815557134787
change,PRT,math,P25,2015->2018,1.9948000000001116,4.79433015678126,,-7.402087107291159,11.391687107291382
change,PRT,math,P50,2015->2018,2.7771999999999935,4.446140231831552,,-5.937234854389848,11.491634854389835
change,PRT,math,P75,2015->2018,0.7653000000000247,4.131973273550221,,-7.333367616158409,8.863967616158458
change,PRT,math,P90,2015->2018,0.26329999999995835,5.096110121182851,,-9.725075837518428,10.251675837518345
change,PRT,math,P90-P10,2015->2018,3.7311000000000547,6.427700151860097,,-8.867192297645735,16.329392297645846
change,PRT,reading,P10,2015->2018,-11.892599999999959,5.476353650569977,,-22.626253155117112,-1.158946844882804
change,PRT,reading,P25,2015->2018,-10.60029999999989,5.378478389377428,,-21.142117643179652,-0.05848235682013048
change,PRT,reading,P50,2015->2018,-6.372200000000134,4.585601246534885,,-15.35997844320851,2.615578443208241
change,PRT,reading,P75,2015->2018,-2.205600000000004,3.9856843395387536,,-10.01754130549596,5.6063413054959526
change,PRT,reading,P90,2015->2018,-1.0294000000000096,4.115067512001866,,-9.094932323523667,7.036132323523647
change,PRT,reading,P90-P10,2015->2018,10.863200000000063,5.803416056082823,,-0.51149546992227,22.237895469922396
change,PRT,science,P10,2015->2018,-10.595300000000066,5.39116600431772,,-21.161985368462794,-0.028614631537335455
change,PRT,science,P25,2015->2018,-7.185100000000034,4.9711770264529225,,-16.928606971847763,2.5584069718476936
change,PRT,science,P50,2015->2018,-8.70010000000002,4.475667500434364,,-17.472408300851374,0.07220830085133301
change,PRT,science,P75,2015->2018,-10.163499999999999,4.175867541468355,,-18.348200381277977,-1.9787996187220234
change,PRT,science,P90,2015->2018,-10.719400000000064,4.699380441847854,,-19.930185666021856,-1.5086143339782705
change,PRT,science,P90-P10,2015->2018,-0.12409999999997012,5.951347327006429,,-11.788740760932571,11.54054076093263
change,SVK,math,P10,2015->2018,4.6322999999999865,6.852464118678607,,-8.798529672610083,18.063129672610057
change,SVK,math,P25,2015->2018,7.963699999999903,5.611192379570988,,-3.0342370639592335,18.96163706395904
change,SVK,math,P50,2015->2018,12.688400000000001,4.334644664790873,,4.1924964570098915,21.18430354299011
change,SVK,math,P75,2015->2018,13.222800000000007,3.881327631107675,,5.615397843028964,20.830202156971048
change,SVK,math,P90,2015->2018,14.384000000000015,4.540415511516782,,5.484785597427122,23.28321440257291
change,SVK,math,P90-P10,2015->2018,9.751699999999971,7.541864573278045,,-5.0303545636249964,24.53375456362494
change,SVK,reading,P10,2015->2018,14.182799999999986,6.08548164943052,,2.2552559671161685,26.110344032883802
change,SVK,reading,P25,2015->2018,5.127900000000068,5.1072892961378695,,-4.882387020430157,15.138187020430292
change,SVK,reading,P50,2015->2018,-1.7673000000000343,4.342885630673587,,-10.279355836120265,6.744755836120197
change,SVK,reading,P75,2015->2018,1.6649000000001024,4.387927754710132,,-6.9354383992317565,10.265238399231961
change,SVK,reading,P90,2015->2018,6.553600000000074,4.562338878616242,,-2.3885842020877615,15.49578420208791
change,SVK,reading,P90-P10,2015->2018,-7.629199999999969,7.102270186747022,,-21.54964956602413,6.291249566024193
change,SVK,science,P10,2015->2018,8.735400000000027,5.809153007443417,,-2.6505398945890697,20.121339894589124
change,SVK,science,P25,2015->2018,5.290799999999933,4.869336766382505,,-4.253100062109775,14.834700062109642
change,SVK,science,P50,2015->2018,1.3671999999999684,4.099991098093317,,-6.6687825522629325,9.40318255226287
change,SVK,science,P75,2015->2018,-0.10929999999996198,4.010821811535498,,-7.970510750609539,7.751910750609615
change,SVK,science,P90,2015->2018,1.157199999999989,4.770462168152865,,-8.192905849579626,10.507305849579604
change,SVK,science,P90-P10,2015->2018,-7.57820000000001,7.234828291865532,,-21.758463452056453,6.6020634520564325
change,SVN,math,P10,2015->2018,-1.7364000000000033,3.893963102176382,,-9.368567680265713,5.895767680265705
change,SVN,math,P25,2015->2018,-1.3460000000001173,3.1008317177277913,,-7.423630166746588,4.731630166746354
change,SVN,math,P50,2015->2018,-1.41050000000007,2.661916611620703,,-6.6278565587766485,3.8068565587765084
change,SVN,math,P75,2015->2018,-0.4255000000000564,2.9777307863725815,,-6.261852341290316,5.410852341290203
change,SVN,math,P90,2015->2018,-0.2061999999998534,4.159383260172105,,-8.35859118993718,7.946191189937473
change,SVN,math,P90-P10,2015->2018,1.5301999999999794,5.903823068854042,,-10.041293214953942,13.101693214953901
change,SVN,reading,P10,2015->2018,-9.731499999999926,4.069671165121603,,-17.70805548363827,-1.7549445163615838
change,SVN,reading,P25,2015->2018,-12.95640000000003,3.223430496725843,,-19.274323773582683,-6.638476226417378
change,SVN,reading,P50,2015->2018,-11.286200000000008,2.7306556827578534,,-16.6382851382054,-5.934114861794615
change,SVN,reading,P75,2015->2018,-9.328899999999976,2.9629457359001505,,-15.136273642364271,-3.521526357635681
change,SVN,reading,P90,2015->2018,-7.085499999999911,4.366995729713179,,-15.644811630237742,1.47381163023792
change,SVN,reading,P90-P10,2015->2018,2.645999999999958,5.447743416722597,,-8.031577096776331,13.323577096776248
change,SVN,science,P10,2015->2018,3.925799999999981,4.29994810395041,,-4.502098283742821,12.353698283742784
change,SVN,science,P25,2015->2018,1.157799999999952,2.940003292042755,,-4.604606452403847,6.920206452403751
change,SVN,science,P50,2015->2018,-5.157200000000046,2.6034776277766105,,-10.260016150442201,-0.05438384955788944
change,SVN,science,P75,2015->2018,-11.542399999999816,2.8261367193868607,,-17.081627969998063,-6.003172030001569
change,SVN,science,P90,2015->2018,-15.87740000000008,4.106035230338107,,-23.92522905146277,-7.829570948537389
change,SVN,science,P90-P10,2015->2018,-19.803200000000032,5.905250656219237,,-31.377491286189738,-8.228908713810329
change,SWE,math,P10,2015->2018,6.8910999999999945,6.3999465028580085,,-5.6527951456017025,19.43499514560169
change,SWE,math,P25,2015->2018,7.815099999999859,5.292544377864642,,-2.55828698061484,18.188486980614556
change,SWE,math,P50,2015->2018,8.766500000000065,4.756139274897467,,-0.5555329787989702,18.0885329787991
change,SWE,math,P75,2015->2018,9.587499999999864,4.9106662572404645,,-0.03740586419144698,19.212405864191176
change,SWE,math,P90,2015->2018,9.517200000000003,5.116580662795117,,-0.5112980990784273,19.545698099078432
change,SWE,math,P90-P10,2015->2018,2.6261000000000365,7.147348902176562,,-11.382703848266024,16.6349038482661
change,SWE,reading,P10,2015->2018,-3.8840000000000146,7.34192126058749,,-18.274165670751493,10.506165670751466
change,SWE,reading,P25,2015->2018,1.1905999999999608,6.033602169655093,,-10.63526025252402,13.016460252523942
change,SWE,reading,P50,2015->2018,4.425400000000025,5.32656837393666,,-6.01467401291583,14.865474012915879
change,SWE,reading,P75,2015->2018,10.231499999999983,4.999036398758376,,0.4333886584335662,20.0296113415664
change,SWE,reading,P90,2015->2018,14.972100000000069,5.012257283012442,,5.1480757252956835,24.796124274704454
change,SWE,reading,P90-P10,2015->2018,18.85609999999997,7.5612631346297725,,4.036024256125616,33.676175743874325
change,SWE,science,P10,2015->2018,11.55680000000001,6.876339706195451,,-1.9208258241430745,25.034425824143092
change,SWE,science,P25,2015->2018,9.593200000000081,5.840328798915725,,-1.8538444458747403,21.040244445874904
change,SWE,science,P50,2015->2018,7.395600000000115,5.316517318905509,,-3.024773945054683,17.815973945054914
change,SWE,science,P75,2015->2018,3.575599999999895,5.263634718413589,,-6.7411240480907395,13.89232404809053
change,SWE,science,P90,2015->2018,-1.354099999999903,5.1937636311895,,-11.533876717131324,8.825676717131518
change,SWE,science,P90-P10,2015->2018,-12.91089999999997,6.9054142498236075,,-26.445511929654238,0.6237119296543003
change,TUR,math,P10,2015->2018,25.433400000000006,5.43962826747686,,14.77172859574536,36.095071404254654
change,TUR,math,P25,2015->2018,29.198099999999954,4.975490712650023,,19.44613820320591,38.950061796794
change,TUR,math,P50,2015->2018,33.11060000000009,5.316202519395042,,22.69084306198581,43.53035693801437
change,TUR,math,P75,2015->2018,34.68520000000001,6.609578078608513,,21.73042696592732,47.639973034072696
change,TUR,math,P90,2015->2018,41.26209999999992,7.441011996436442,,26.677716486984494,55.84648351301534
change,TUR,math,P90-P10,2015->2018,15.828700000000026,8.576068262224442,,-0.9803937939598804,32.63779379395993
change,TUR,reading,P10,2015->2018,29.414400000000114,6.426709316162073,,16.81804974032245,42.01075025967778
change,TUR,reading,P25,2015->2018,32.546400000000006,5.330025787408958,,22.09954945667845,42.993250543321565
change,TUR,reading,P50,2015->2018,36.89230000000009,5.1807987305155105,,26.73793448818969,47.04666551181049
change,TUR,reading,P75,2015->2018,40.10460000000006,5.6919550004565345,,28.948368199105253,51.26083180089487
change,TUR,reading,P90,2015->2018,46.44139999999993,6.623304415219538,,33.45972334616964,59.42307665383022
change,TUR,reading,P90-P10,2015->2018,17.027000000000044,8.162062390583506,,1.0293577144563724,33.02464228554371
change,TUR,science,P10,2015->2018,36.160799999999995,4.72601398138243,,26.897812596490432,45.42378740350956
change,TUR,science,P25,2015->2018,41.296100000000024,4.633465052024599,,32.21450849803181,50.377691501968236
change,TUR,science,P50,2015->2018,44.83810000000011,5.436862492743405,,34.18184951422304,55.49435048577718
change,TUR,science,P75,2015->2018,44.12189999999998,6.055712938576631,,32.252702640389785,55.99109735961018
change,TUR,science,P90,2015->2018,46.60400000000004,7.2033350370197,,32.48546332744143,60.722536672558654
change,TUR,science,P90-P10,2015->2018,10.443199999999962,7.69488697447857,,-4.6387784699780354,25.52517846997796
change,USA,math,P10,2015->2018,2.0135999999999967,6.023722846241627,,-9.792896778633592,13.820096778633586
change,USA,math,P25,2015->2018,5.8134000000000015,5.552145566455469,,-5.068805310252717,16.69560531025272
change,USA,math,P50,2015->2018,9.374499999999898,5.185538276409806,,-0.7891550217633228,19.538155021763117
change,USA,math,P75,2015->2018,11.71429999999998,5.262223678520115,,1.4003415901005543,22.028258409899408
change,USA,math,P90,2015->2018,13.359300000000076,6.001168899843136,,1.5970089563075298,25.12159104369262
change,USA,math,P90-P10,2015->2018,11.345699999999937,7.2022189139875525,,-2.770649071415665,25.46204907141554
change,USA,reading,P10,2015->2018,-3.4744999999999777,7.58486247370379,,-18.340830448459407,11.391830448459451
change,USA,reading,P25,2015->2018,0.011700000000018917,6.45999263436973,,-12.649885563364652,12.67328556336469
change,USA,reading,P50,2015->2018,8.62420000000003,5.553010243302479,,-2.2597000768728286,19.50810007687289
change,USA,reading,P75,2015->2018,15.979100000000017,5.839507524849816,,4.5336652512943765,27.424534748705657
change,USA,reading,P90,2015->2018,19.065900000000056,5.405611359093026,,8.470901736177725,29.66089826382239
change,USA,reading,P90-P10,2015->2018,22.540400000000034,7.403859731060698,,8.028834927121066,37.051965072879
change,USA,science,P10,2015->2018,2.9816999999999325,6.279546138323482,,-9.326210431114093,15.289610431113958
change,USA,science,P25,2015->2018,7.933400000000006,5.741066886041307,,-3.319091096640955,19.185891096640965
change,USA,science,P50,2015->2018,9.310699999999997,5.441812828358656,,-1.3552531435829689,19.976653143582965
change,USA,science,P75,2015->2018,6.986900000000105,5.411364547515822,,-3.6193745131309054,17.593174513131117
change,USA,science,P90,2015->2018,3.6147999999999456,5.513729073664905,,-7.1921089843832675,14.421708984383159
change,USA,science,P90-P10,2015->2018,0.6331000000000131,6.621512456883751,,-12.34506441549214,13.611264415492165
change,OECD_ORT,math,P10,2015->2018,-0.27440526315790165,0.882292907855654,38.0,-2.0036993625549835,1.45488883623918
change,DONOR_ORT,math,P10,2015->2018,1.7957199999999602,2.4968193610582956,5.0,-3.098045947674299,6.6894859476742194
change,TUR-OECD_ORT,math,P10,2015->2018,25.70780526315791,5.367555442411156,38.0,15.187396596032043,36.22821393028377
change,OECD_ORT,math,P25,2015->2018,1.3084289473684183,0.744716020138012,38.0,-0.15121445210208506,2.7680723468389217
change,DONOR_ORT,math,P25,2015->2018,1.4704600000000483,2.1588895552163434,5.0,-2.760963528223985,5.701883528224081
change,TUR-OECD_ORT,math,P25,2015->2018,27.889671052631535,4.899713085221652,38.0,18.286233405597095,37.493108699665974
change,OECD_ORT,math,P50,2015->2018,2.546192105263168,0.6806154505522711,38.0,1.2121858221807167,3.8801983883456193
change,DONOR_ORT,math,P50,2015->2018,0.2904800000000364,1.920752937707271,5.0,-3.4741957579062146,4.055155757906287
change,TUR-OECD_ORT,math,P50,2015->2018,30.564407894736924,5.2189819360579195,38.0,20.3352033000634,40.79361248941045
change,OECD_ORT,math,P75,2015->2018,3.1997999999999625,0.691114732147774,38.0,1.8452151249903255,4.5543848750096
change,DONOR_ORT,math,P75,2015->2018,-1.812860000000046,1.8733882636845753,5.0,-5.484700996821814,1.8589809968217217
change,TUR-OECD_ORT,math,P75,2015->2018,31.48540000000005,6.470306893709227,38.0,18.80359848832996,44.167201511670136
change,OECD_ORT,math,P90,2015->2018,3.8522736842105227,0.8036128391669276,38.0,2.2771925194433447,5.427354848977701
change,DONOR_ORT,math,P90,2015->2018,-2.856380000000013,2.2160181712201226,5.0,-7.199775615591453,1.4870156155914271
change,TUR-OECD_ORT,math,P90,2015->2018,37.409826315789395,7.286996167905082,38.0,23.127313826695435,51.692338804883356
change,OECD_ORT,math,P90-P10,2015->2018,4.126678947368429,1.0761188917857698,38.0,2.0174859194683203,6.235871975268537
change,DONOR_ORT,math,P90-P10,2015->2018,-4.65209999999999,3.012308052241667,5.0,-10.556223782393658,1.2520237823936773
change,TUR-OECD_ORT,math,P90-P10,2015->2018,11.702021052631597,8.416411438705575,38.0,-4.79414536723133,28.198187472494524
change,OECD_ORT,reading,P10,2015->2018,-7.320065789473677,0.9764324310129169,38.0,-9.233873354258995,-5.40625822468836
change,DONOR_ORT,reading,P10,2015->2018,-9.384360000000004,2.8946965582711197,5.0,-15.0579652542114,-3.71075474578861
change,TUR-OECD_ORT,reading,P10,2015->2018,36.73446578947379,6.331049854629754,38.0,24.32560807439947,49.14332350454811
change,OECD_ORT,reading,P25,2015->2018,-7.039055263157894,0.8123016613583129,38.0,-8.631166519420187,-5.446944006895601
change,DONOR_ORT,reading,P25,2015->2018,-10.82946000000004,2.299020597955185,5.0,-15.335540371992202,-6.323379628007878
change,TUR-OECD_ORT,reading,P25,2015->2018,39.5854552631579,5.251075047283499,38.0,29.29334817048224,49.877562355833554
change,OECD_ORT,reading,P50,2015->2018,-5.072397368421053,0.7184414148424803,38.0,-6.480542541512315,-3.6642521953297917
change,DONOR_ORT,reading,P50,2015->2018,-11.133500000000016,1.9405675613822069,5.0,-14.937012420309141,-7.32998757969089
change,TUR-OECD_ORT,reading,P50,2015->2018,41.96469736842114,5.093541638371482,38.0,31.981355757213038,51.948038979629246
change,OECD_ORT,reading,P75,2015->2018,-0.8823973684210387,0.7038582986187436,38.0,-2.261959633713776,0.49716489687169885
change,DONOR_ORT,reading,P75,2015->2018,-7.523819999999887,1.961182620693726,5.0,-11.367737936559589,-3.679902063440184
change,TUR-OECD_ORT,reading,P75,2015->2018,40.9869973684211,5.584674728671377,38.0,30.0410349002252,51.932959836617
change,OECD_ORT,reading,P90,2015->2018,3.3442552631578875,0.7808945773048448,38.0,1.8137018916403918,4.874808634675383
change,DONOR_ORT,reading,P90,2015->2018,-2.645079999999939,2.1745658200968156,5.0,-6.907229007389698,1.6170690073898202
change,TUR-OECD_ORT,reading,P90,2015->2018,43.09714473684204,6.493774489367398,38.0,30.369346737681937,55.82494273600214
change,OECD_ORT,reading,P90-P10,2015->2018,10.664321052631575,1.1079447908648217,38.0,8.492749262536524,12.835892842726626
change,DONOR_ORT,reading,P90-P10,2015->2018,6.739279999999996,3.3585384547779453,5.0,0.15654462863522323,13.32201537136477
change,TUR-OECD_ORT,reading,P90-P10,2015->2018,6.362678947368469,8.02125471203813,38.0,-9.358980288226267,22.084338182963204
change,OECD_ORT,science,P10,2015->2018,-1.4497736842105224,0.8533478087674142,38.0,-3.1223353893946544,0.2227880209736095
change,DONOR_ORT,science,P10,2015->2018,-0.28593750000000284,1.8276831267710714,8.0,-3.8681964284713026,3.296321428471297
change,TUR-OECD_ORT,science,P10,2015->2018,37.610573684210515,4.67844775152836,38.0,28.440816091214927,46.7803312772061
change,OECD_ORT,science,P25,2015->2018,-0.8710210526315815,0.7585137692461259,38.0,-2.3577080403539883,0.6156659350908252
change,DONOR_ORT,science,P25,2015->2018,-1.242024999999991,1.6597071202421951,8.0,-4.495050955674694,2.0110009556747115
change,TUR-OECD_ORT,science,P25,2015->2018,42.16712105263161,4.5732258027428285,38.0,33.20359847925566,51.130643626007554
change,OECD_ORT,science,P50,2015->2018,-1.7638105263158081,0.6992805172583442,38.0,-3.1344003401421627,-0.39322071248945356
change,DONOR_ORT,science,P50,2015->2018,-3.3560500000000673,1.4531471550282389,8.0,-6.204218423855416,-0.5078815761447193
change,TUR-OECD_ORT,science,P50,2015->2018,46.60191052631592,5.337855864456427,38.0,36.13971303198132,57.064108020650515
change,OECD_ORT,science,P75,2015->2018,-2.464268421052624,0.6853603732972641,38.0,-3.8075747527152615,-1.1209620893899865
change,DONOR_ORT,science,P75,2015->2018,-4.749187500000026,1.4534028367035228,8.0,-7.5978570599389315,-1.9005179400611216
change,TUR-OECD_ORT,science,P75,2015->2018,46.586168421052605,5.933910237752775,38.0,34.955704355057165,58.216632487048045
change,OECD_ORT,science,P90,2015->2018,-2.7863763157894748,0.7651520836941619,38.0,-4.2860743998300315,-1.2866782317489176
change,DONOR_ORT,science,P90,2015->2018,-4.274300000000011,1.6248756088501406,8.0,-7.459056193346287,-1.0895438066537353
change,TUR-OECD_ORT,science,P90,2015->2018,49.39037631578952,7.052839436830239,38.0,35.56681101960225,63.213941611976786
change,OECD_ORT,science,P90-P10,2015->2018,-1.3366026315789488,1.0204461409134136,38.0,-3.3366770677692394,0.6634718046113419
change,DONOR_ORT,science,P90-P10,2015->2018,-3.988362500000008,2.210428481018144,8.0,-8.320802322795569,0.34407732279555336
change,TUR-OECD_ORT,science,P90-P10,2015->2018,11.77980263157891,7.558849940732059,38.0,-3.035543252255925,26.595148515413747
change,AUS,math,P10,2015->2025,-24.809914100000015,3.409500343591582,,-31.492534773439516,-18.127293426560513
change,AUS,math,P25,2015->2025,-22.513419219999946,3.042390309449995,,-28.476504226521936,-16.550334213477957
change,AUS,math,P50,2015->2025,-16.80660151000012,3.0142167545787295,,-22.71446634897443,-10.898736671025812
change,AUS,math,P75,2015->2025,-11.075476380000055,3.1237083712413956,,-17.19794478763319,-4.95300797236692
change,AUS,math,P90,2015->2025,-6.957641820000049,3.8838006279198374,,-14.56989105072293,0.6546074107228321
change,AUS,math,P90-P10,2015->2025,17.852272279999994,4.58513570533129,,8.865406297550667,26.83913826244932
change,AUS,reading,P10,2015->2025,-24.677714510000044,3.969389832351438,,-32.45771858140886,-16.897710438591226
change,AUS,reading,P25,2015->2025,-21.140134959999898,3.4710717003510005,,-27.943435492687858,-14.336834427311938
change,AUS,reading,P50,2015->2025,-12.48541820999992,3.0106160767768055,,-18.386225720482457,-6.584610699517382
change,AUS,reading,P75,2015->2025,-4.645194780000111,3.016815267373042,,-10.558152704051274,1.2677631440510515
change,AUS,reading,P90,2015->2025,1.1632111299999224,3.214398913481737,,-5.137010740424282,7.463433000424127
change,AUS,reading,P90-P10,2015->2025,25.84092564000008,4.358435076273902,,17.29839289050323,34.38345838949693
change,AUS,science,P10,2015->2025,-3.9295461300000625,3.64953147110114,,-11.082627813358297,3.2235355533581718
change,AUS,science,P25,2015->2025,-2.886541750000106,3.1343536022751963,,-9.02987481045949,3.2567913104592785
change,AUS,science,P50,2015->2025,-1.3793110000000297,2.7496576450276,,-6.768639984254126,4.010017984254066
change,AUS,science,P75,2015->2025,1.3332565800001248,2.8079191406816046,,-4.17026493573582,6.8367780957360695
change,AUS,science,P90,2015->2025,3.703415679999921,3.3251866637847725,,-2.8139501810182326,10.220781541018074
change,AUS,science,P90-P10,2015->2025,7.632961809999983,4.286516704185523,,-0.768610930203641,16.03453455020361
change,AUT,math,P10,2015->2025,-15.966716759999997,6.043638846561924,,-27.81224889926137,-4.121184620738626
change,AUT,math,P25,2015->2025,-19.362883579999902,5.225097933296916,,-29.604075529261856,-9.121691630737947
change,AUT,math,P50,2015->2025,-21.331081960000006,4.795817764144294,,-30.73088477772282,-11.931279142277189
change,AUT,math,P75,2015->2025,-20.766578200000026,4.332131032842313,,-29.25755502437096,-12.275601375629092
change,AUT,math,P90,2015->2025,-21.814781049999965,4.839781265295829,,-31.30075232997979,-12.32880977002014
change,AUT,math,P90-P10,2015->2025,-5.848064289999996,6.841553576081703,,-19.257509299120134,7.561380719120141
change,AUT,reading,P10,2015->2025,-13.418008099999952,6.438836874574134,,-26.038128374165254,-0.7978878258346498
change,AUT,reading,P25,2015->2025,-19.967059549999988,5.33725098794276,,-30.4280714863678,-9.506047613632179
change,AUT,reading,P50,2015->2025,-20.33942435000006,4.653041565586754,,-29.459385818550096,-11.21946288145002
change,AUT,reading,P75,2015->2025,-18.83666276999986,4.296784891044591,,-27.258361156447258,-10.414964383552464
change,AUT,reading,P90,2015->2025,-16.065792990000205,3.985215102496684,,-23.876814590893705,-8.254771389106704
change,AUT,reading,P90-P10,2015->2025,-2.6477848900000254,6.735784231740453,,-15.849921984211313,10.554352204211263
change,AUT,science,P10,2015->2025,-4.966425759999993,5.301554887416327,,-15.357473339335995,5.424621819336009
change,AUT,science,P25,2015->2025,-0.4971779100000049,5.30164012281304,,-10.888392550713563,9.894036730713553
change,AUT,science,P50,2015->2025,2.3240134200000284,4.422568300095173,,-6.34422044818651,10.992247288186567
change,AUT,science,P75,2015->2025,5.871746130000133,4.050029066382528,,-2.0663108401096224,13.809803100109889
change,AUT,science,P90,2015->2025,6.922252160000198,4.252266575840826,,-1.4121903286478208,15.256694648648217
change,AUT,science,P90-P10,2015->2025,11.88867792000002,5.891860110408189,,0.34063210359997065,23.43672373640007
change,BEL,math,P10,2015->2025,-27.070107559999997,6.502051307763086,,-39.814128123215646,-14.32608699678435
change,BEL,math,P25,2015->2025,-28.906304789999865,5.612133660851445,,-39.9060867652687,-17.906522814731034
change,BEL,math,P50,2015->2025,-29.369212769999933,4.409658812482832,,-38.01214404246628,-20.726281497533584
change,BEL,math,P75,2015->2025,-27.644668830000114,3.7938861367355257,,-35.08068565800174,-20.208652001998484
change,BEL,math,P90,2015->2025,-24.308247049999977,4.1159437069820175,,-32.37549671568473,-16.24099738431522
change,BEL,math,P90-P10,2015->2025,2.7618605100000764,7.344645423581394,,-11.633644520219455,17.157365540219608
change,BEL,reading,P10,2015->2025,-39.42314650000003,6.904953932034818,,-52.956856206788274,-25.889436793211786
change,BEL,reading,P25,2015->2025,-36.413226670000086,5.973152138091899,,-48.12060486066021,-24.705848479339963
change,BEL,reading,P50,2015->2025,-33.77032880999991,4.631901604458517,,-42.8488559547386,-24.691801665261217
change,BEL,reading,P75,2015->2025,-29.177816349999944,3.4587476553065573,,-35.956961754400794,-22.398670945599093
change,BEL,reading,P90,2015->2025,-23.90827343999979,3.7942424375420565,,-31.34498861758222,-16.471558262417357
change,BEL,reading,P90-P10,2015->2025,15.514873060000014,7.548706071186584,,0.71940916047431,30.310336959525717
change,BEL,science,P10,2015->2025,-14.843572030000018,6.312231840962615,,-27.215546438286744,-2.4715976217132933
change,BEL,science,P25,2015->2025,-13.862339939999913,5.815036065776627,,-25.259810628922104,-2.464869251077724
change,BEL,science,P50,2015->2025,-11.357656309999982,4.38520635004365,,-19.952660756085535,-2.762651863914428
change,BEL,science,P75,2015->2025,-11.528335620000007,3.5130784329065103,,-18.413969348496767,-4.642701891503247
change,BEL,science,P90,2015->2025,-9.970195859999876,3.640497204780237,,-17.10557038136914,-2.8348213386306114
change,BEL,science,P90-P10,2015->2025,4.873376170000029,6.637716512755589,,-8.136548195000927,17.883300535000984
change,CAN,math,P10,2015->2025,-44.06926067000012,4.2019939994776205,,-52.305168908976256,-35.83335243102398
change,CAN,math,P25,2015->2025,-38.697910670000056,3.6686126973511883,,-45.888391556808386,-31.507429783191725
change,CAN,math,P50,2015->2025,-31.152084509999895,3.2173205687102118,,-37.45803282467191,-24.84613619532788
change,CAN,math,P75,2015->2025,-22.186033429999952,3.331665881914864,,-28.716098558553085,-15.65596830144682
change,CAN,math,P90,2015->2025,-14.768450349999966,4.073627748446734,,-22.752760736955565,-6.7841399630443675
change,CAN,math,P90-P10,2015->2025,29.300810320000096,4.5101035012131225,,20.461007457622376,38.14061318237782
change,CAN,reading,P10,2015->2025,-53.90617768999999,4.541716238116815,,-62.80794151670895,-45.004413863291035
change,CAN,reading,P25,2015->2025,-46.631566320000104,3.606213879894651,,-53.69974552459362,-39.56338711540659
change,CAN,reading,P50,2015->2025,-37.09988294999994,3.138293514288256,,-43.25093823800492,-30.948827661994954
change,CAN,reading,P75,2015->2025,-26.775611099999878,3.1181088897099056,,-32.88710452383129,-20.664117676168463
change,CAN,reading,P90,2015->2025,-19.45947534000004,3.5580541053759625,,-26.433261386536927,-12.485689293463153
change,CAN,reading,P90-P10,2015->2025,34.44670234999995,5.062887268914372,,24.523443302927785,44.36996139707212
change,CAN,science,P10,2015->2025,-25.04042205999997,3.957171039711509,,-32.79647729783453,-17.28436682216541
change,CAN,science,P25,2015->2025,-23.26727503000012,3.29145612388193,,-29.718529032808704,-16.81602102719154
change,CAN,science,P50,2015->2025,-18.806658900000002,3.1757024427634883,,-25.03103568781644,-12.582282112183565
change,CAN,science,P75,2015->2025,-12.587933669999984,3.0454118453809627,,-18.55694088694667,-6.618926453053297
change,CAN,science,P90,2015->2025,-7.663938700000017,3.4829676249522117,,-14.490555244906352,-0.8373221550936822
change,CAN,science,P90-P10,2015->2025,17.376483359999952,3.9703698775762453,,9.594558399950511,25.158408320049393
change,CHE,math,P10,2015->2025,-27.02681780000006,5.483995735786538,,-37.77544944214168,-16.278186157858446
change,CHE,math,P25,2015->2025,-29.14407233000003,4.956552560046418,,-38.85891534769101,-19.429229312309047
change,CHE,math,P50,2015->2025,-27.771209859999885,4.724190942918509,,-37.030624108120165,-18.511795611879606
change,CHE,math,P75,2015->2025,-17.814428440000142,4.923285313489548,,-27.464067654439656,-8.164789225560629
change,CHE,math,P90,2015->2025,-10.3467943899999,4.88873718415202,,-19.928719270937858,-0.764869509061942
change,CHE,math,P90-P10,2015->2025,16.68002340999999,6.503297074791019,,3.9335611434095927,29.42648567659039
change,CHE,reading,P10,2015->2025,-32.6941592,6.5565217444905795,,-45.54494181920154,-19.843376580798466
change,CHE,reading,P25,2015->2025,-31.6467037700001,5.583069444636664,,-42.58951988148796,-20.70388765851224
change,CHE,reading,P50,2015->2025,-25.319713960000115,5.283916100877038,,-35.67618951771911,-14.963238402281121
change,CHE,reading,P75,2015->2025,-13.943131789999939,4.871151358874961,,-23.490588453394864,-4.395675126605015
change,CHE,reading,P90,2015->2025,-8.310100089999992,5.420469195273784,,-18.934219712736606,2.3140195327366246
change,CHE,reading,P90-P10,2015->2025,24.384059110000038,7.6722669458694845,,9.346415896095849,39.42170232390423
change,CHE,science,P10,2015->2025,-10.931759459999967,5.519311890877377,,-21.749610766119623,-0.11390815388030795
change,CHE,science,P25,2015->2025,-7.502804019999985,5.700767985290519,,-18.6763092711694,3.670701231169433
change,CHE,science,P50,2015->2025,-4.668374119999953,4.923524016972121,,-14.31848119326531,4.9817329532654036
change,CHE,science,P75,2015->2025,-2.872499580000067,4.77959587508808,,-12.240507495172704,6.49550833517257
change,CHE,science,P90,2015->2025,2.0609510599999794,4.760948707392064,,-7.2705084064884655,11.392410526488424
change,CHE,science,P90-P10,2015->2025,12.992710520000003,6.84839136921281,,-0.4301365636571042,26.41555760365711
change,CHL,math,P10,2015->2025,-8.969847130000062,4.830475227488071,,-18.437578575876678,0.497884315876556
change,CHL,math,P25,2015->2025,-14.799057140000116,4.240195067241112,,-23.109839471792696,-6.488274808207537
change,CHL,math,P50,2015->2025,-20.328549539999983,3.9268856362000237,,-28.02524538695203,-12.631853693047937
change,CHL,math,P75,2015->2025,-28.293380929999955,4.3345437705671594,,-36.78908672031159,-19.797675139688323
change,CHL,math,P90,2015->2025,-31.128374400000098,4.559230485903177,,-40.06446615237032,-22.192282647629874
change,CHL,math,P90-P10,2015->2025,-22.15852726999998,6.0881794568415595,,-34.09135900540944,-10.225695534590523
change,CHL,reading,P10,2015->2025,-29.54002600000001,5.711306021242768,,-40.73418580163584,-18.345866198364185
change,CHL,reading,P25,2015->2025,-27.195172559999946,4.806931654771484,,-36.616758603352054,-17.77358651664784
change,CHL,reading,P50,2015->2025,-23.445000960000016,4.428201260186072,,-32.12427542996472,-14.765726490035314
change,CHL,reading,P75,2015->2025,-20.53753972000004,4.3975879604435955,,-29.15681212246949,-11.918267317530594
change,CHL,reading,P90,2015->2025,-15.308903949999944,4.711035736692072,,-24.542533993916404,-6.075273906083485
change,CHL,reading,P90-P10,2015->2025,14.231122050000067,6.536391488967644,,1.419794731623485,27.04244936837665
change,CHL,science,P10,2015->2025,-5.659841270000072,4.288780796548721,,-14.065851631235565,2.746169091235421
change,CHL,science,P25,2015->2025,-5.401247710000007,4.409065478348323,,-14.04301604756272,3.240520627562706
change,CHL,science,P50,2015->2025,-4.116456459999995,4.276182182283627,,-12.497773537275902,4.264860617275913
change,CHL,science,P75,2015->2025,-5.498004230000106,4.433931964820362,,-14.188510881048014,3.192502421047802
change,CHL,science,P90,2015->2025,-1.9888508299998193,4.485790473964475,,-10.78100015897019,6.803298498970552
change,CHL,science,P90-P10,2015->2025,3.6709904399999687,5.563361456531109,,-7.233198014801005,14.575178894800942
change,COL,math,P10,2015->2025,-6.121293320000007,3.968640290751943,,-13.899828289873815,1.6572416498738018
change,COL,math,P25,2015->2025,-8.500882940000054,3.8384641107372017,,-16.02427259704497,-0.9774932829551384
change,COL,math,P50,2015->2025,-10.255616289999978,4.076323107233447,,-18.245209580177534,-2.266022999822421
change,COL,math,P75,2015->2025,-11.364021030000004,4.567093236559805,,-20.315523773657223,-2.4125182863427845
change,COL,math,P90,2015->2025,-11.081208110000091,5.866832841644323,,-22.580200479622963,0.4177842596227812
change,COL,math,P90-P10,2015->2025,-4.959914790000056,6.213322665888184,,-17.138027215140895,7.218197635140784
change,COL,reading,P10,2015->2025,-24.61082729000003,5.728542722615394,,-35.83877102632621,-13.382883553673858
change,COL,reading,P25,2015->2025,-25.92698624999997,5.38190531758011,,-36.47552067245699,-15.378451827542953
change,COL,reading,P50,2015->2025,-28.357723880000037,5.022457535117342,,-38.201740648830025,-18.51370711117005
change,COL,reading,P75,2015->2025,-26.70042051000013,5.554324090784252,,-37.58689572793726,-15.813945292062995
change,COL,reading,P90,2015->2025,-22.865020279999953,5.711141645864522,,-34.05885790589441,-11.67118265410549
change,COL,reading,P90-P10,2015->2025,1.7458070100000214,6.912875680919364,,-11.803429324601932,15.295043344601975
change,COL,science,P10,2015->2025,-14.069986970000002,4.482197073049231,,-22.855093233176497,-5.284880706823509
change,COL,science,P25,2015->2025,-8.369631029999994,4.31473590981823,,-16.826513413243724,0.08725135324373845
change,COL,science,P50,2015->2025,-2.2452897300000814,4.7880581451383035,,-11.629883694471156,7.139304234470993
change,COL,science,P75,2015->2025,3.6528297100000486,5.171122544944803,,-6.482570478091764,13.788229898091862
change,COL,science,P90,2015->2025,10.80435999999986,6.334651686403539,,-1.6115573053510772,23.2202773053508
change,COL,science,P90-P10,2015->2025,24.874346970000005,6.582289398626263,,11.97305974869253,37.77563419130748
change,CRI,math,P10,2015->2025,-13.676039110000033,3.947758261853304,,-21.413645303232506,-5.9384329167675585
change,CRI,math,P25,2015->2025,-13.661204590000011,3.3958397695017366,,-20.317050538223416,-7.005358641776607
change,CRI,math,P50,2015->2025,-13.692200549999939,3.4466112883175755,,-20.447558675102385,-6.936842424897491
change,CRI,math,P75,2015->2025,-12.749475500000017,4.178658927594193,,-20.939646998084633,-4.5593040019153985
change,CRI,math,P90,2015->2025,-10.535044979999839,5.5687290351193885,,-21.44975388883384,0.37966392883416233
change,CRI,math,P90-P10,2015->2025,3.140994130000024,5.685817684279958,,-8.003208531188694,14.285196791188742
change,CRI,reading,P10,2015->2025,-18.73870844000004,4.681545124420955,,-27.91453688386511,-9.562879996134967
change,CRI,reading,P25,2015->2025,-17.32847729000008,4.123483026891548,,-25.410504022707514,-9.246450557292647
change,CRI,reading,P50,2015->2025,-12.354774760000055,4.096489497402237,,-20.38389417490844,-4.32565534509167
change,CRI,reading,P75,2015->2025,-6.772418510000023,4.846488732581672,,-16.2715364258601,2.726699405860053
change,CRI,reading,P90,2015->2025,-2.91021003000003,5.858931816376252,,-14.393716390097484,8.573296330097424
change,CRI,reading,P90-P10,2015->2025,15.82849840999998,6.433456667242363,,3.218923342204949,28.43807347779501
change,CRI,science,P10,2015->2025,-7.106774669999993,3.8075692641583183,,-14.569610427750296,0.35606108775031053
change,CRI,science,P25,2015->2025,-2.0433646500000577,3.354180420248247,,-8.617558273686623,4.530828973686506
change,CRI,science,P50,2015->2025,5.031479009999998,3.6392668599644478,,-2.1014840355303193,12.164442055530316
change,CRI,science,P75,2015->2025,10.87920266999987,4.403105535761905,,2.249115819906537,19.509289520093205
change,CRI,science,P90,2015->2025,14.609972920000018,5.299763883329723,,4.222435708673762,24.997510131326273
change,CRI,science,P90-P10,2015->2025,21.716747589999954,5.665810551659644,,10.611758908747053,32.82173627125286
change,CZE,math,P10,2015->2025,-21.988621809999927,5.55034116003369,,-32.86729048366596,-11.109953136333894
change,CZE,math,P25,2015->2025,-22.465140640000016,4.521988310896201,,-31.32823772935657,-13.602043550643462
change,CZE,math,P50,2015->2025,-18.849420599999917,4.332007199471383,,-27.34015471096383,-10.358686489036005
change,CZE,math,P75,2015->2025,-10.995713280000132,4.376086990384645,,-19.572843781154035,-2.4185827788462273
change,CZE,math,P90,2015->2025,-2.501962029999845,5.308388050815102,,-12.906402609597444,7.902478549597754
change,CZE,math,P90-P10,2015->2025,19.486659779999997,7.397988577212798,,4.9866021686629125,33.98671739133708
change,CZE,reading,P10,2015->2025,-13.144788879999908,6.270764952384861,,-25.435488186674235,-0.8540895733255791
change,CZE,reading,P25,2015->2025,-16.628142680000053,5.2125053864692195,,-26.844653237479722,-6.411632122520384
change,CZE,reading,P50,2015->2025,-22.39127489999987,4.389745754148975,,-30.99517657813186,-13.787373221867881
change,CZE,reading,P75,2015->2025,-21.53339343999994,4.381535426252538,,-30.121202875454912,-12.945584004544967
change,CZE,reading,P90,2015->2025,-20.128159910000022,4.912593182491498,,-29.756842547683355,-10.499477272316687
change,CZE,reading,P90-P10,2015->2025,-6.983371030000029,7.61959442506225,,-21.917776103122037,7.951034043121981
change,CZE,science,P10,2015->2025,-4.502220950000037,5.421829424125621,,-15.129006621286253,6.124564721286179
change,CZE,science,P25,2015->2025,-1.7972030699999664,4.731002715889728,,-11.069968393143833,7.4755622531439005
change,CZE,science,P50,2015->2025,-2.61852760000005,4.354154210813244,,-11.152669853194007,5.915614653193908
change,CZE,science,P75,2015->2025,-2.2824210200000152,4.2124945259832165,,-10.53891029092712,5.97406825092709
change,CZE,science,P90,2015->2025,-1.4919202599999153,5.112067092177912,,-11.511571760668623,8.527731240668793
change,CZE,science,P90-P10,2015->2025,3.01030068999998,7.1722336956119985,,-11.047277353399537,17.067878733399496
change,DEU,math,P10,2015->2025,-53.585205160000044,5.609965810924425,,-64.58073814941191,-42.58967217058817
change,DEU,math,P25,2015->2025,-53.04955180000002,5.023881192527261,,-62.89635893735345,-43.20274466264659
change,DEU,math,P50,2015->2025,-45.779929450000054,4.929159932161347,,-55.4410829170363,-36.11877598296381
change,DEU,math,P75,2015->2025,-34.05587280999998,4.983944658125389,,-43.82440433992575,-24.28734128007422
change,DEU,math,P90,2015->2025,-25.104597529999978,4.706086228530529,,-34.328526537919814,-15.880668522080143
change,DEU,math,P90-P10,2015->2025,28.480607630000065,6.125711287238466,,16.47421350701267,40.48700175298746
change,DEU,reading,P10,2015->2025,-54.993337279999935,7.0086562124730944,,-68.7303034564472,-41.25637110355267
change,DEU,reading,P25,2015->2025,-57.067703579999886,5.531320241381498,,-67.90909125310762,-46.226315906892154
change,DEU,reading,P50,2015->2025,-49.95246535999996,5.717899805849142,,-61.15954897946428,-38.74538174053564
change,DEU,reading,P75,2015->2025,-34.81680600999994,5.230180406825052,,-45.067959607377034,-24.565652412622835
change,DEU,reading,P90,2015->2025,-24.814505209999993,5.151243654932742,,-34.91094277366817,-14.71806764633182
change,DEU,reading,P90-P10,2015->2025,30.17883207,7.204246655112067,,16.058508625980345,44.29915551401965
change,DEU,science,P10,2015->2025,-34.48736603999998,5.9774697998356325,,-46.20320684767782,-22.771525232322144
change,DEU,science,P25,2015->2025,-36.252571939999996,5.638987729222634,,-47.30498788927636,-25.200155990723633
change,DEU,science,P50,2015->2025,-26.618463420000012,5.538076209201685,,-37.47309279003531,-15.76383404996471
change,DEU,science,P75,2015->2025,-13.83436377000021,4.936438737026553,,-23.509783694572253,-4.1589438454281655
change,DEU,science,P90,2015->2025,-6.3348851199998535,4.720698370219928,,-15.587453925630912,2.9176836856312054
change,DEU,science,P90-P10,2015->2025,28.152480920000073,6.153112303813734,,16.092380804525156,40.21258103547499
change,DNK,math,P10,2015->2025,-47.82474442000006,4.368698336181573,,-56.38739315891594,-39.262095681084176
change,DNK,math,P25,2015->2025,-45.87478135999993,4.218153957997209,,-54.142363117674456,-37.6071996023254
change,DNK,math,P50,2015->2025,-41.02542083999987,3.8539304891061668,,-48.57912459864795,-33.471717081351784
change,DNK,math,P75,2015->2025,-36.76931744000001,3.4734848374900835,,-43.57734772148057,-29.961287158519447
change,DNK,math,P90,2015->2025,-32.67025335999983,4.182316106491834,,-40.86759292872383,-24.472913791275836
change,DNK,math,P90-P10,2015->2025,15.154491059999998,5.458977438900522,,4.454895279754975,25.85408684024502
change,DNK,reading,P10,2015->2025,-48.63462691999996,5.761473450239286,,-59.92711488246896,-37.342138957530956
change,DNK,reading,P25,2015->2025,-47.58026079000007,4.361276402001391,,-56.1283625379228,-39.03215904207734
change,DNK,reading,P50,2015->2025,-43.48355909000003,4.042754448705163,,-51.40735780946215,-35.55976037053791
change,DNK,reading,P75,2015->2025,-33.807353889999945,4.076510551871967,,-41.797314571669,-25.81739320833089
change,DNK,reading,P90,2015->2025,-25.623296839999966,5.240876340505243,,-35.89541446739024,-15.35117921260969
change,DNK,reading,P90-P10,2015->2025,23.011330080000022,6.493951230276219,,10.283185668658634,35.73947449134141
change,DNK,science,P10,2015->2025,-32.215971939999974,4.8902895225671115,,-41.800939404231514,-22.631004475768435
change,DNK,science,P25,2015->2025,-30.003394390000153,4.538887401745036,,-38.89961369742042,-21.107175082579882
change,DNK,science,P50,2015->2025,-24.39658264000002,4.23676404873611,,-32.70064017552279,-16.092525104477243
change,DNK,science,P75,2015->2025,-18.55627991999995,4.009328520005432,,-26.4145638192106,-10.697996020789306
change,DNK,science,P90,2015->2025,-17.333455920000006,4.462557884212594,,-26.080069373056688,-8.586842466943322
change,DNK,science,P90-P10,2015->2025,14.882516019999997,5.674473271605462,,3.7605484076532907,26.004483632346705
change,ESP,math,P10,2015->2025,-31.845640010000125,4.391890868295851,,-40.45374611185999,-23.237533908140257
change,ESP,math,P25,2015->2025,-31.295766740000033,3.6452873138543795,,-38.44052987515462,-24.15100360484545
change,ESP,math,P50,2015->2025,-29.126863119999996,3.1595241726275223,,-35.31953049834994,-22.93419574165005
change,ESP,math,P75,2015->2025,-26.996006440000087,3.0868283249168353,,-33.04618995683708,-20.945822923163092
change,ESP,math,P90,2015->2025,-24.268131150000045,3.7058569467344142,,-31.531610765599495,-17.004651534400594
change,ESP,math,P90-P10,2015->2025,7.577508860000023,5.303393137937195,,-2.8171416903568787,17.972159410356923
change,ESP,reading,P10,2015->2025,-55.66888342999994,5.363816875998643,,-66.18196450695729,-45.155802353042596
change,ESP,reading,P25,2015->2025,-51.23006525999989,4.356350046629887,,-59.768511351394466,-42.691619168605314
change,ESP,reading,P50,2015->2025,-45.468727379999905,3.2438851954869787,,-51.82674236315438,-39.11071239684543
change,ESP,reading,P75,2015->2025,-38.87749257000007,3.155995626382548,,-45.06324399770987,-32.691741142290276
change,ESP,reading,P90,2015->2025,-33.252498830000036,3.415762145738496,,-39.94739263564749,-26.557605024352583
change,ESP,reading,P90-P10,2015->2025,22.416384600000015,5.389670984560292,,11.852629470261844,32.980139729738184
change,ESP,science,P10,2015->2025,-21.521666549999964,4.592165224316391,,-30.522310389660092,-12.521022710339837
change,ESP,science,P25,2015->2025,-20.273271410000063,3.9434794987230375,,-28.002491227497217,-12.54405159250291
change,ESP,science,P50,2015->2025,-16.492093320000038,3.0971656046422877,,-22.56253790509892,-10.421648734901154
change,ESP,science,P75,2015->2025,-12.128888759999882,3.013133323740442,,-18.034630074531147,-6.223147445468616
change,ESP,science,P90,2015->2025,-8.410436340000047,3.1090705740334843,,-14.504214665105675,-2.3166580148944176
change,ESP,science,P90-P10,2015->2025,13.11123021000003,4.755369995467098,,3.790705018884518,22.431755401115545
change,EST,math,P10,2015->2025,-24.088396380000063,4.448611349724711,,-32.80767462546049,-15.36911813453963
change,EST,math,P25,2015->2025,-16.995224769999993,4.062696145290855,,-24.95810921477007,-9.032340325229917
change,EST,math,P50,2015->2025,-10.75493118999998,3.355036935901121,,-17.330803584366176,-4.179058795633782
change,EST,math,P75,2015->2025,-6.525674890000005,3.6407185474392496,,-13.661483242980934,0.6101334629809241
change,EST,math,P90,2015->2025,-1.3048606499999096,4.410923133538598,,-9.950269991735562,7.3405486917357425
change,EST,math,P90-P10,2015->2025,22.783535729999983,5.424084396241137,,12.152330313367354,33.41474114663261
change,EST,reading,P10,2015->2025,-31.129711059999977,5.590194591753391,,-42.08649245983662,-20.172929660163334
change,EST,reading,P25,2015->2025,-25.016086749999886,4.246059608340069,,-33.33836358234642,-16.69380991765335
change,EST,reading,P50,2015->2025,-19.50828082999999,3.935953927508729,,-27.2227505279171,-11.793811132082881
change,EST,reading,P75,2015->2025,-15.057949310000026,3.8482118018218676,,-22.600444441570886,-7.515454178429166
change,EST,reading,P90,2015->2025,-11.445852480000099,4.248150060013302,,-19.772226597626172,-3.1194783623740268
change,EST,reading,P90-P10,2015->2025,19.68385858000002,5.762609075617001,,8.389144791790699,30.978572368209342
change,EST,science,P10,2015->2025,-5.7602288600000975,4.641465168832231,,-14.85750059091127,3.337042870911075
change,EST,science,P25,2015->2025,-6.5322773599999095,4.210128192027971,,-14.784128616374733,1.7195738963749143
change,EST,science,P50,2015->2025,-6.778729760000033,3.5353748138828003,,-13.708064395210322,0.15060487521025578
change,EST,science,P75,2015->2025,-8.023216089999892,3.7434693812342825,,-15.360416077219085,-0.6860161027806981
change,EST,science,P90,2015->2025,-8.644670810000093,4.290094511880357,,-17.053256053285594,-0.23608556671459446
change,EST,science,P90-P10,2015->2025,-2.8844419500000527,5.270077270206946,,-13.213793399605667,7.444909499605561
change,FIN,math,P10,2015->2025,-57.61059624000001,4.815128652055131,,-67.04824839802806,-48.17294408197195
change,FIN,math,P25,2015->2025,-53.90566944999989,4.37454680235363,,-62.47978118261301,-45.33155771738677
change,FIN,math,P50,2015->2025,-42.941093019999926,3.776886846753847,,-50.34379123963747,-35.53839480036238
change,FIN,math,P75,2015->2025,-33.1913950500001,3.4632219510998863,,-39.979310074155876,-26.40348002584432
change,FIN,math,P90,2015->2025,-25.880850420000115,3.7954099638253695,,-33.31985394909784,-18.44184689090239
change,FIN,math,P90-P10,2015->2025,31.72974581999992,5.225488866941042,,21.487787640795478,41.971703999204365
change,FIN,reading,P10,2015->2025,-63.60387768999999,5.736408059615728,,-74.84723748684682,-52.360517893153165
change,FIN,reading,P25,2015->2025,-64.0466583299999,4.837150073660898,,-73.52747247437526,-54.56584418562454
change,FIN,reading,P50,2015->2025,-55.11507332999997,3.7106011156207646,,-62.38785151661667,-47.842295143383275
change,FIN,reading,P75,2015->2025,-43.711666890000174,3.621160045695672,,-50.80914057956369,-36.61419320043666
change,FIN,reading,P90,2015->2025,-36.692913780000026,3.56977254559417,,-43.6896679693646,-29.696159590635453
change,FIN,reading,P90-P10,2015->2025,26.91096391000002,5.729459452689379,,15.681223382728838,38.140704437271204
change,FIN,science,P10,2015->2025,-38.27164756999997,5.71724995910239,,-49.47745748984065,-27.06583765015929
change,FIN,science,P25,2015->2025,-34.96214103999989,4.984232122865092,,-44.73123600081547,-25.193046079184313
change,FIN,science,P50,2015->2025,-26.89188443000006,3.866571336402286,,-34.47036424934854,-19.31340461065158
change,FIN,science,P75,2015->2025,-19.32610613999998,3.463155886750759,,-26.113891678031464,-12.538320601968492
change,FIN,science,P90,2015->2025,-13.08642083999996,3.6331589250367453,,-20.20741233307198,-5.965429346927939
change,FIN,science,P90-P10,2015->2025,25.185226729999954,6.077279034570134,,13.273759822242491,37.09669363775742
change,FRA,math,P10,2015->2025,-30.290019930000028,5.591370107178624,,-41.24910534007013,-19.330934519929926
change,FRA,math,P25,2015->2025,-36.63517802999996,5.063653271700622,,-46.55993844253318,-26.710417617466746
change,FRA,math,P50,2015->2025,-39.52752122999988,5.0314378165052,,-49.38913935035007,-29.665903109649683
change,FRA,math,P75,2015->2025,-37.70543305000001,4.388581125303241,,-46.30705205559436,-29.10381404440566
change,FRA,math,P90,2015->2025,-33.17153672999984,4.282538878507187,,-41.56531293187393,-24.777760528125757
change,FRA,math,P90-P10,2015->2025,-2.8815167999999005,6.370272051890618,,-15.367250021705512,9.604216421705711
change,FRA,reading,P10,2015->2025,-29.041724819999956,6.922836561215512,,-42.61048447998236,-15.472965160017553
change,FRA,reading,P25,2015->2025,-42.18179048999997,5.879333727711071,,-53.70528459631367,-30.65829638368627
change,FRA,reading,P50,2015->2025,-48.869611030000044,5.099186728013602,,-58.8640170169067,-38.87520504309339
change,FRA,reading,P75,2015->2025,-49.28794245000006,4.752261926356308,,-58.60237582565843,-39.97350907434169
change,FRA,reading,P90,2015->2025,-46.6131436899999,4.794527857776595,,-56.010418291242026,-37.21586908875778
change,FRA,reading,P90-P10,2015->2025,-17.571418870000002,7.539440818325403,,-32.348722873917794,-2.7941148660822126
change,FRA,science,P10,2015->2025,-12.727893750000021,5.343905961912151,,-23.201949435347835,-2.2538380646522054
change,FRA,science,P25,2015->2025,-14.427161259999991,5.656846245412136,,-25.514579901007778,-3.339742618992206
change,FRA,science,P50,2015->2025,-11.552232150000066,4.7762617170623765,,-20.913705115442323,-2.190759184557809
change,FRA,science,P75,2015->2025,-11.421007869999926,4.233494905240328,,-19.718657884270968,-3.123357855728882
change,FRA,science,P90,2015->2025,-8.512919990000228,4.490932823192668,,-17.315148323457855,0.2893083434574013
change,FRA,science,P90-P10,2015->2025,4.214973760000078,6.413904213873787,,-8.356278499192545,16.7862260191927
change,GBR,math,P10,2015->2025,-14.554297230000032,4.586758522905556,,-23.54434393489492,-5.564250525105143
change,GBR,math,P25,2015->2025,-14.192813529999967,4.017900185609722,,-22.06789789379502,-6.317729166204911
change,GBR,math,P50,2015->2025,-10.737456890000033,3.7898251884180607,,-18.16551425929943,-3.3093995207006337
change,GBR,math,P75,2015->2025,0.4082087599999795,4.283852705859895,,-7.988142543485415,8.804560063485374
change,GBR,math,P90,2015->2025,11.898615910000103,5.016127433980596,,2.067006139398135,21.73022568060207
change,GBR,math,P90-P10,2015->2025,26.452913139999964,5.791711515572799,,15.101158569477278,37.80466771052265
change,GBR,reading,P10,2015->2025,-7.815663260000065,5.241777610450018,,-18.089547376482102,2.4582208564819705
change,GBR,reading,P25,2015->2025,-4.81906411999995,4.019904222691773,,-12.698076396475825,3.059948156475924
change,GBR,reading,P50,2015->2025,-3.780778130000101,3.911916620743922,,-11.448134706658188,3.8865784466579862
change,GBR,reading,P75,2015->2025,-1.3705310399999462,3.983181085681418,,-9.177565967935525,6.436503887935633
change,GBR,reading,P90,2015->2025,-0.44632828999988305,4.75349763353862,,-9.763183651735579,8.870527071735813
change,GBR,reading,P90-P10,2015->2025,7.369334969999926,5.705686802385875,,-3.813811162676389,18.55248110267624
change,GBR,science,P10,2015->2025,-2.88210937000008,4.305902600021454,,-11.321678466042131,5.557459726041971
change,GBR,science,P25,2015->2025,0.2789415000000304,3.9000501263302465,,-7.365156747607252,7.923039747607313
change,GBR,science,P50,2015->2025,-0.04765840000004573,4.142362869892905,,-8.16668962499014,8.071372824990048
change,GBR,science,P75,2015->2025,4.838286340000195,4.251127138807223,,-3.493922852061962,13.170495532062352
change,GBR,science,P90,2015->2025,8.681773049999947,4.588279286619914,,-0.31125435177508365,17.674800451774978
change,GBR,science,P90-P10,2015->2025,11.563882420000027,5.100402289696226,,1.5670939321954247,21.560670907804628
change,GRC,math,P10,2015->2025,-24.801830129999928,6.354775868429068,,-37.2571908321209,-12.346469427878954
change,GRC,math,P25,2015->2025,-31.058026310000002,5.947416051299128,,-42.714961770546296,-19.40109084945371
change,GRC,math,P50,2015->2025,-33.79283912999989,5.251960648330077,,-44.08668200072684,-23.49899625927294
change,GRC,math,P75,2015->2025,-32.367174950000106,5.6073136278881135,,-43.35750966066081,-21.3768402393394
change,GRC,math,P90,2015->2025,-28.679879339999957,5.436478050509974,,-39.33537631899951,-18.024382361000406
change,GRC,math,P90-P10,2015->2025,-3.878049210000029,6.809563809512927,,-17.224794276645365,9.468695856645308
change,GRC,reading,P10,2015->2025,-36.340813610000055,9.434937411076234,,-54.83329093570947,-17.848336284290635
change,GRC,reading,P25,2015->2025,-43.11974048999997,7.182234717540102,,-57.19692053637857,-29.04256044362137
change,GRC,reading,P50,2015->2025,-50.18334228000003,5.867477379909361,,-61.68359794462238,-38.68308661537769
change,GRC,reading,P75,2015->2025,-49.38928204999996,5.17753994811582,,-59.53726034830697,-39.24130375169295
change,GRC,reading,P90,2015->2025,-43.33157045999985,5.182310046247873,,-53.48889815064568,-33.174242769354024
change,GRC,reading,P90-P10,2015->2025,-6.990756850000082,9.41868661546802,,-25.451382616317403,11.469868916317239
change,GRC,science,P10,2015->2025,-17.69172205000001,6.721822944517202,,-30.866495021253726,-4.516949078746295
change,GRC,science,P25,2015->2025,-20.034648759999925,6.463351441491683,,-32.70281758532362,-7.366479934676228
change,GRC,science,P50,2015->2025,-23.62576521999995,5.708302650686219,,-34.81403841534494,-12.437492024654958
change,GRC,science,P75,2015->2025,-22.713151150000158,5.305452111213723,,-33.11183728797906,-12.31446501202126
change,GRC,science,P90,2015->2025,-17.562044420000007,5.497535229771951,,-28.337213470353028,-6.7868753696469835
change,GRC,science,P90-P10,2015->2025,0.12967763000006016,7.350148050136467,,-14.276612548267416,14.535967808267536
change,HUN,math,P10,2015->2025,-12.696439830000031,5.6135577345671255,,-23.699012989751598,-1.6938666702484646
change,HUN,math,P25,2015->2025,-15.821944759999951,5.053032737846134,,-25.725888926178374,-5.918000593821528
change,HUN,math,P50,2015->2025,-18.823728380000034,4.351812199667562,,-27.353280291348455,-10.294176468651612
change,HUN,math,P75,2015->2025,-19.402608569999984,4.396769173212475,,-28.020276149496436,-10.784940990503532
change,HUN,math,P90,2015->2025,-21.02808802000004,5.505578202911667,,-31.819021297706907,-10.237154742293175
change,HUN,math,P90-P10,2015->2025,-8.331648190000038,7.617203842246382,,-23.261367720802944,6.5980713408028695
change,HUN,reading,P10,2015->2025,-13.627938909999955,5.946486075035825,,-25.28305161707017,-1.9728262029297383
change,HUN,reading,P25,2015->2025,-13.33636944999995,5.235768750791131,,-23.598476201550568,-3.074262698449333
change,HUN,reading,P50,2015->2025,-20.05354413000009,4.5081694403033765,,-28.889556232994707,-11.217532027005474
change,HUN,reading,P75,2015->2025,-20.327416129999847,3.9928315042857645,,-28.153365878399946,-12.501466381599748
change,HUN,reading,P90,2015->2025,-16.781880069999943,4.7212518308346665,,-26.035533658435888,-7.528226481563996
change,HUN,reading,P90-P10,2015->2025,-3.1539411600000165,7.252192737948648,,-17.368238926379366,11.060356606379333
change,HUN,science,P10,2015->2025,5.543329480000011,5.84068285034311,,-5.904408906672485,16.99106786667251
change,HUN,science,P25,2015->2025,6.452824689999943,4.89359839323117,,-3.13862816073315,16.044277540733034
change,HUN,science,P50,2015->2025,2.3902791499999125,4.262434021705011,,-5.964091532541909,10.744649832541734
change,HUN,science,P75,2015->2025,1.105795569999941,4.199871405068838,,-7.125952383934981,9.337543523934864
change,HUN,science,P90,2015->2025,0.7736232600000221,4.925418588559472,,-8.880197173576542,10.427443693576587
change,HUN,science,P90-P10,2015->2025,-4.769706219999932,7.297838913202604,,-19.073470489877035,9.53405804987717
change,IRL,math,P10,2015->2025,-30.181977420000067,4.820546278996814,,-39.63024812683382,-20.733706713166313
change,IRL,math,P25,2015->2025,-27.826228400000048,3.775472686525214,,-35.226154865589464,-20.426301934410628
change,IRL,math,P50,2015->2025,-23.29970270000001,3.194220089951918,,-29.56037407630577,-17.039031323694253
change,IRL,math,P75,2015->2025,-19.818760159999897,3.2141896033896407,,-26.118571782643592,-13.518948537356202
change,IRL,math,P90,2015->2025,-19.428832920000218,3.457354043982612,,-26.205246846206137,-12.6524189937943
change,IRL,math,P90-P10,2015->2025,10.753144500000047,5.427361340241534,,0.11551627312664081,21.390772726873454
change,IRL,reading,P10,2015->2025,-30.423778249999998,5.427698605847898,,-41.06206751746188,-19.78548898253812
change,IRL,reading,P25,2015->2025,-25.399233009999932,3.995507576404311,,-33.23042785975238,-17.568038160247482
change,IRL,reading,P50,2015->2025,-19.946307300000058,3.830452106657175,,-27.45399342904812,-12.438621170951995
change,IRL,reading,P75,2015->2025,-15.238600449999922,3.475688670229102,,-22.050950243648963,-8.426250656350883
change,IRL,reading,P90,2015->2025,-10.716839980000032,3.733650813797801,,-18.034795575043724,-3.3988843849563413
change,IRL,reading,P90-P10,2015->2025,19.706938269999995,5.547115734447517,,8.834591430482861,30.57928510951713
change,IRL,science,P10,2015->2025,-10.258346969999934,5.003233354221855,,-20.06468434427477,-0.452009595725098
change,IRL,science,P25,2015->2025,-7.085790400000064,4.458689889497046,,-15.824822583414274,1.6532417834141455
change,IRL,science,P50,2015->2025,-1.0111424699999816,4.020005421532501,,-8.890353096203683,6.868068156203719
change,IRL,science,P75,2015->2025,1.0064246800000092,3.4556264792229805,,-5.766603219277033,7.779452579277051
change,IRL,science,P90,2015->2025,1.6225977999998804,3.611838622936513,,-5.456605900955685,8.701801500955446
change,IRL,science,P90-P10,2015->2025,11.880944770000042,5.291400000899002,,1.509800768237998,22.252088771762086
change,ISL,math,P10,2015->2025,-35.11548581000005,4.51666130629846,,-43.96814197034503,-26.26282964965507
change,ISL,math,P25,2015->2025,-38.90347998999988,3.7005359613041873,,-46.156530474156085,-31.650429505843675
change,ISL,math,P50,2015->2025,-39.20652007000001,3.5745875154508004,,-46.212711600283576,-32.200328539716445
change,ISL,math,P75,2015->2025,-39.77015870999992,3.5940376264873994,,-46.81447245791522,-32.725844962084615
change,ISL,math,P90,2015->2025,-39.93320529999994,4.890138538697947,,-49.517876835847915,-30.348533764151966
change,ISL,math,P90-P10,2015->2025,-4.817719489999945,5.842810599147224,,-16.269628264328503,6.634189284328615
change,ISL,reading,P10,2015->2025,-64.93256673000002,5.292358806124273,,-75.3055899900036,-54.55954346999644
change,ISL,reading,P25,2015->2025,-66.94496859000009,4.158300674079634,,-75.09523791119616,-58.794699268804
change,ISL,reading,P50,2015->2025,-62.42085360999988,3.554690638103465,,-69.38804726068267,-55.45365995931709
change,ISL,reading,P75,2015->2025,-56.6410004199999,3.783433167570922,,-64.0565294284389,-49.22547141156089
change,ISL,reading,P90,2015->2025,-49.30087047999996,5.1158184444660675,,-59.32787463115345,-39.273866328846466
change,ISL,reading,P90-P10,2015->2025,15.631696250000061,7.10985456307533,,1.696381306372416,29.567011193627707
change,ISL,science,P10,2015->2025,-39.96172330000002,4.310791221215352,,-48.41087409358211,-31.512572506417925
change,ISL,science,P25,2015->2025,-37.074191429999985,4.039879012977648,,-44.99235429543617,-29.156028564563794
change,ISL,science,P50,2015->2025,-34.60815574999998,3.43577832413974,,-41.34228126531387,-27.87403023468609
change,ISL,science,P75,2015->2025,-28.196443110000132,3.3822982378233033,,-34.82574765613381,-21.567138563866457
change,ISL,science,P90,2015->2025,-21.749966010000094,4.6069932931042725,,-30.779672864484468,-12.72025915551572
change,ISL,science,P90-P10,2015->2025,18.211757290000037,5.861022852802264,,6.7241524985076,29.699362081492474
change,ISR,math,P10,2015->2025,-31.974619930000017,6.083479538950348,,-43.8982398263427,-20.051000033657335
change,ISR,math,P25,2015->2025,-38.21683625000014,5.739731536299253,,-49.46671006114668,-26.966962438853606
change,ISR,math,P50,2015->2025,-41.353192109999895,5.868244198378272,,-52.85495073882131,-29.851433481178482
change,ISR,math,P75,2015->2025,-38.91479938000015,5.628730619009965,,-49.947111393259675,-27.882487366740616
change,ISR,math,P90,2015->2025,-31.81171501999995,6.245497387102435,,-44.05288989872072,-19.57054014127918
change,ISR,math,P90-P10,2015->2025,0.16290491000000884,7.677659862981155,,-14.885308421443055,15.211118241443073
change,ISR,reading,P10,2015->2025,-43.79326759000003,7.6920657927347476,,-58.869716543760134,-28.71681863623992
change,ISR,reading,P25,2015->2025,-49.03585683,6.958178533812693,,-62.67388675627288,-35.39782690372712
change,ISR,reading,P50,2015->2025,-48.08904226999999,6.414634628485795,,-60.66172614183215,-35.51635839816784
change,ISR,reading,P75,2015->2025,-41.246065550000026,5.707927860584281,,-52.43360415674522,-30.058526943254833
change,ISR,reading,P90,2015->2025,-35.12943026999994,5.6984448357971385,,-46.29838214816233,-23.960478391837555
change,ISR,reading,P90-P10,2015->2025,8.66383731999997,8.043264663701184,,-7.100961420854349,24.428636060854288
change,ISR,science,P10,2015->2025,-28.95770258999994,6.033329950200315,,-40.783029292392555,-17.132375887607324
change,ISR,science,P25,2015->2025,-27.766907459999913,6.119295730429282,,-39.76072709164131,-15.773087828358522
change,ISR,science,P50,2015->2025,-25.86961038999999,6.224205789019436,,-38.06905373647808,-13.670167043521896
change,ISR,science,P75,2015->2025,-22.926411820000112,5.650083535789671,,-34.000575550147865,-11.852248089852358
change,ISR,science,P90,2015->2025,-18.126406029999885,5.4202866063471316,,-28.750167778440264,-7.5026442815595065
change,ISR,science,P90-P10,2015->2025,10.831296559999998,6.910295782295829,,-2.7128831732998258,24.375476293299823
change,ITA,math,P10,2015->2025,-22.368129490000058,5.326723033085455,,-32.80850663484755,-11.927752345152568
change,ITA,math,P25,2015->2025,-24.45413933000009,4.775646670100523,,-33.81440680339711,-15.093871856603064
change,ITA,math,P50,2015->2025,-22.485016449999875,4.640017150335666,,-31.57945006465778,-13.39058283534197
change,ITA,math,P75,2015->2025,-21.925361950000138,4.937149238595167,,-31.602174457646665,-12.24854944235361
change,ITA,math,P90,2015->2025,-20.174324349999893,5.34868825215606,,-30.65775332422577,-9.690895375774016
change,ITA,math,P90-P10,2015->2025,2.193805139999995,6.542063354335154,,-10.628639034496906,15.016249314496896
change,ITA,reading,P10,2015->2025,-13.030056899999977,6.350292991642785,,-25.476631163619835,-0.5834826363801184
change,ITA,reading,P25,2015->2025,-11.709576430000027,5.107160400311868,,-21.719610814611286,-1.6995420453887675
change,ITA,reading,P50,2015->2025,-9.990896030000044,4.60337249859402,,-19.013506127244323,-0.9682859327557658
change,ITA,reading,P75,2015->2025,-9.160760639999921,4.432041549938801,,-17.84756207787997,-0.47395920211987175
change,ITA,reading,P90,2015->2025,-8.850524159999964,3.9821317128487657,,-16.655502317183544,-1.0455460028163834
change,ITA,reading,P90-P10,2015->2025,4.179532740000013,6.667884271831846,,-8.889520432790404,17.248585912790432
change,ITA,science,P10,2015->2025,1.9356454300000223,5.389541440845105,,-8.627855794056384,12.499146654056428
change,ITA,science,P25,2015->2025,3.3612917100001027,4.434280032619405,,-5.329897153933931,12.052480573934137
change,ITA,science,P50,2015->2025,2.066969610000001,4.649452974576111,,-7.045958220169176,11.179897440169178
change,ITA,science,P75,2015->2025,1.836431760000096,4.066771258877358,,-6.134439907399526,9.807303427399717
change,ITA,science,P90,2015->2025,2.2512847500000817,3.998740960083067,,-5.586247531762729,10.088817031762893
change,ITA,science,P90-P10,2015->2025,0.3156393200000309,5.9800540894019125,,-11.405266695227718,12.03654533522778
change,JPN,math,P10,2015->2025,-28.751224220000097,7.706997678402792,,-43.85693966966957,-13.645508770330625
change,JPN,math,P25,2015->2025,-18.544187390000047,6.446805871257026,,-31.17992689766382,-5.908447882336276
change,JPN,math,P50,2015->2025,-8.366696349999984,5.818023516964747,,-19.770022443250888,3.03662974325092
change,JPN,math,P75,2015->2025,3.867362850000063,5.858366108339269,,-7.615034722344905,15.349760422345032
change,JPN,math,P90,2015->2025,15.417505249999977,6.85712421097486,,1.9775417964892519,28.8574687035107
change,JPN,math,P90-P10,2015->2025,44.16872946999996,9.257027083005244,,26.024956387309683,62.31250255269023
change,JPN,reading,P10,2015->2025,-31.763619029999916,9.234218892667409,,-49.86268805962804,-13.664550000371793
change,JPN,reading,P25,2015->2025,-22.84886380000006,6.901351827113387,,-36.3755133811423,-9.322214218857823
change,JPN,reading,P50,2015->2025,-12.344137109999963,5.227950147439078,,-22.590919398980553,-2.097354821019371
change,JPN,reading,P75,2015->2025,-4.389410380000072,4.878292311947061,,-13.950863311416311,5.172042551416167
change,JPN,reading,P90,2015->2025,2.3937178500001437,5.595411790008877,,-8.573289258417256,13.360724958417544
change,JPN,reading,P90-P10,2015->2025,34.157336879999974,9.450825728560442,,15.633718452021508,52.68095530797844
change,JPN,science,P10,2015->2025,-10.974122949999924,7.706851135623069,,-26.079551175821138,4.1313052758212905
change,JPN,science,P25,2015->2025,-4.170020170000043,6.623715300777828,,-17.152502159524587,8.812461819524499
change,JPN,science,P50,2015->2025,-0.477601980000145,5.1607331577530084,,-10.592638969196042,9.637435009195752
change,JPN,science,P75,2015->2025,3.713906759999986,5.017512191354642,,-6.120417135055112,13.548230655055084
change,JPN,science,P90,2015->2025,6.338029390000088,5.710356673172404,,-4.8542696894178246,17.530328469418002
change,JPN,science,P90-P10,2015->2025,17.31215234000001,8.311683156955418,,1.021253352367392,33.60305132763263
change,KOR,math,P10,2015->2025,-18.75115618999996,7.865061223658772,,-34.166676188371156,-3.335636191628767
change,KOR,math,P25,2015->2025,-10.84564776000002,6.8078277288165,,-24.18899010848036,2.4976945884803197
change,KOR,math,P50,2015->2025,-1.4452751499998158,6.0568120587619205,,-13.31662678517318,10.426076485173548
change,KOR,math,P75,2015->2025,7.004171240000005,6.033525629007889,,-4.821538992855459,18.82988147285547
change,KOR,math,P90,2015->2025,13.763579550000031,6.633383009967454,,0.7621488504638219,26.76501024953624
change,KOR,math,P90-P10,2015->2025,32.51473574000005,8.49051565229559,,15.873325061500694,49.156146418499404
change,KOR,reading,P10,2015->2025,-26.102287509999996,8.675139346464256,,-43.10556062906994,-9.099014390930055
change,KOR,reading,P25,2015->2025,-18.400798920000057,6.410674817661831,,-30.965721562617247,-5.835876277382868
change,KOR,reading,P50,2015->2025,-15.676680030000057,5.326730067866684,,-26.117070963018758,-5.236289096981356
change,KOR,reading,P75,2015->2025,-12.892414440000152,5.11950630764659,,-22.92664680298747,-2.8581820770128363
change,KOR,reading,P90,2015->2025,-9.949785310000038,5.522384423482715,,-20.77365878002616,0.8740881600260835
change,KOR,reading,P90-P10,2015->2025,16.1525022000001,8.134047671469542,,0.20976876391979893,32.0952356360804
change,KOR,science,P10,2015->2025,-4.0244763199999625,7.040814467073308,,-17.824472675463646,9.775520035463721
change,KOR,science,P25,2015->2025,7.473953700000152,5.899706498792144,,-4.08947103763245,19.037378437632754
change,KOR,science,P50,2015->2025,13.810176370000022,5.220911405994845,,3.5771900142501263,24.043162725749916
change,KOR,science,P75,2015->2025,15.318894659999955,4.867703716530292,,5.778195375600584,24.85959394439933
change,KOR,science,P90,2015->2025,17.554192129999933,5.506565192562826,,6.7613243525767945,28.347059907423073
change,KOR,science,P90-P10,2015->2025,21.57866845000001,7.559078211298084,,6.762875155855765,36.39446174414425
change,LTU,math,P10,2015->2025,-10.22660518999993,5.00967075598883,,-20.045559871738035,-0.40765050826182403
change,LTU,math,P25,2015->2025,-8.977975410000113,3.82077639402032,,-16.46669714227994,-1.4892536777202858
change,LTU,math,P50,2015->2025,-7.466481480000027,3.3482385291861676,,-14.029028997204914,-0.903933962795139
change,LTU,math,P75,2015->2025,-6.904756730000031,3.6475504992712917,,-14.053955708571763,0.24444224857170038
change,LTU,math,P90,2015->2025,-5.810448650000126,4.7198641059398945,,-15.061382297642318,3.4404849976420664
change,LTU,math,P90-P10,2015->2025,4.41615654000006,6.166398761105802,,-7.669985031767313,16.50229811176743
change,LTU,reading,P10,2015->2025,-9.654646070000013,4.999170380677252,,-19.453020016127425,0.14372787612740012
change,LTU,reading,P25,2015->2025,-8.407172529999968,3.9250698044031016,,-16.10030934663005,-0.7140357133698894
change,LTU,reading,P50,2015->2025,-7.638641380000081,3.84833722078244,,-15.181382332733662,-0.09590042726649894
change,LTU,reading,P75,2015->2025,-9.593276410000044,4.34383915808307,,-18.10720115984286,-1.0793516601572275
change,LTU,reading,P90,2015->2025,-9.11728337999989,5.248927250539899,,-19.405180791058093,1.170614031058312
change,LTU,reading,P90-P10,2015->2025,0.537362690000009,6.671061542283168,,-12.537917932874999,13.612643312875017
change,LTU,science,P10,2015->2025,13.368019100000083,4.858801975900367,,3.844767227235364,22.8912709727648
change,LTU,science,P25,2015->2025,15.510000849999926,3.5938871849172633,,8.46598196756209,22.554019732437762
change,LTU,science,P50,2015->2025,15.242152449999878,3.4628766299378633,,8.454914255321667,22.029390644678088
change,LTU,science,P75,2015->2025,10.535229640000125,4.02394870942537,,2.6482901695264003,18.42216911047385
change,LTU,science,P90,2015->2025,4.794444140000223,4.771896017419423,,-4.558472054141847,14.147360334142293
change,LTU,science,P90-P10,2015->2025,-8.573574960000002,6.064480912737611,,-20.45995754896572,3.3128076289657162
change,LUX,math,P10,2015->2025,-32.068408089999934,3.0178316148432103,,-37.98335805509262,-26.153458124907242
change,LUX,math,P25,2015->2025,-32.15468930000003,2.636782157248354,,-37.322782328206806,-26.986596271793257
change,LUX,math,P50,2015->2025,-30.395343250000053,2.4863947581024077,,-35.26867697588077,-25.522009524119333
change,LUX,math,P75,2015->2025,-25.17143977000012,2.646749919702772,,-30.359069612617553,-19.983809927382687
change,LUX,math,P90,2015->2025,-19.330532630000107,3.51488382101471,,-26.21970491918894,-12.441360340811276
change,LUX,math,P90-P10,2015->2025,12.737875460000026,4.6383347533689765,,3.646739343396833,21.82901157660322
change,LUX,reading,P10,2015->2025,-36.58544246999992,3.8372234736747504,,-44.10640047840243,-29.06448446159741
change,LUX,reading,P25,2015->2025,-41.370765879999965,2.8925862998669896,,-47.040235027739264,-35.701296732260666
change,LUX,reading,P50,2015->2025,-44.039792970000065,2.8905273910294453,,-49.70522665641778,-38.37435928358235
change,LUX,reading,P75,2015->2025,-37.70566468000004,2.7296187411933777,,-43.055717412739064,-32.35561194726102
change,LUX,reading,P90,2015->2025,-30.01385516000005,3.368663792950056,,-36.61643619418216,-23.41127412581794
change,LUX,reading,P90-P10,2015->2025,6.571587309999984,4.767541704753833,,-2.7727944313175286,15.915969051317497
change,LUX,science,P10,2015->2025,-25.357995010000025,3.5782809189399645,,-32.371425611122355,-18.344564408877694
change,LUX,science,P25,2015->2025,-20.20441352000006,2.9172888730596322,,-25.92229971119694,-14.48652732880318
change,LUX,science,P50,2015->2025,-9.808189149999862,2.470737692690153,,-14.650835027672562,-4.965543272327162
change,LUX,science,P75,2015->2025,1.3938511000000062,2.5432519023494726,,-3.59092262860496,6.3786248286049725
change,LUX,science,P90,2015->2025,9.501380769999855,3.205161260145342,,3.2192647001149846,15.783496839884727
change,LUX,science,P90-P10,2015->2025,34.85937577999999,4.842678632472701,,25.3677256603535,44.35102589964649
change,LVA,math,P10,2015->2025,-33.843165690000035,4.127614997653515,,-41.933291085400924,-25.753040294599145
change,LVA,math,P25,2015->2025,-29.726626080000017,3.525844321099357,,-36.63728094935475,-22.815971210645277
change,LVA,math,P50,2015->2025,-23.068750630000068,3.142719003990639,,-29.22847987782172,-16.909021382178416
change,LVA,math,P75,2015->2025,-15.015039590000015,2.8661348458727214,,-20.63266388791055,-9.39741529208948
change,LVA,math,P90,2015->2025,-9.084797790000039,3.831589238533501,,-16.5947126975257,-1.5748828824743768
change,LVA,math,P90-P10,2015->2025,24.758367900000025,4.9681692777410325,,15.0207561156276,34.49597968437245
change,LVA,reading,P10,2015->2025,-76.71991415000002,4.842928911355138,,-86.21205481625609,-67.22777348374396
change,LVA,reading,P25,2015->2025,-72.28436704999996,4.291706105388075,,-80.69611101656058,-63.87262308343933
change,LVA,reading,P50,2015->2025,-60.50649643999992,3.5034212303708037,,-67.37320205152669,-53.639790828473146
change,LVA,reading,P75,2015->2025,-46.27036138,3.0938235618378958,,-52.33425556120227,-40.206467198797725
change,LVA,reading,P90,2015->2025,-34.675747539999975,3.778494056159254,,-42.08159589007211,-27.269899189927838
change,LVA,reading,P90-P10,2015->2025,42.04416661000005,5.823713271904398,,30.629688597067428,53.45864462293267
change,LVA,science,P10,2015->2025,-40.463556049999966,4.546466869187741,,-49.37463111360794,-31.55248098639199
change,LVA,science,P25,2015->2025,-31.370906119999916,3.8738533179352963,,-38.963658623153094,-23.778153616846737
change,LVA,science,P50,2015->2025,-20.830652629999975,3.554711149271193,,-27.797886482571514,-13.863418777428436
change,LVA,science,P75,2015->2025,-11.499765060000072,2.9770246565983083,,-17.334733386932758,-5.664796733067388
change,LVA,science,P90,2015->2025,-4.172923970000056,3.5385057264818505,,-11.108395193904483,2.762547253904371
change,LVA,science,P90-P10,2015->2025,36.29063207999994,5.191203526291768,,26.11587316846807,46.465390991531805
change,MEX,math,P10,2015->2025,-9.449588570000003,3.3554559177612546,,-16.026282168812063,-2.872894971187944
change,MEX,math,P25,2015->2025,-16.036287730000026,3.157771792917401,,-22.225520444118132,-9.84705501588192
change,MEX,math,P50,2015->2025,-22.95485934999988,3.1942375597008907,,-29.215564967013623,-16.694153732986134
change,MEX,math,P75,2015->2025,-27.578702280000073,3.777160962907553,,-34.981937767298874,-20.17546679270127
change,MEX,math,P90,2015->2025,-27.189767589999974,4.926248355898903,,-36.84521436756182,-17.534320812438125
change,MEX,math,P90-P10,2015->2025,-17.740179020000028,5.366193254112112,,-28.257917798059765,-7.222440241940289
change,MEX,reading,P10,2015->2025,-14.77111015000014,4.300825217281939,,-23.20072757587274,-6.341492724127541
change,MEX,reading,P25,2015->2025,-18.283474890000036,3.974824581674916,,-26.07413107008287,-10.492818709917202
change,MEX,reading,P50,2015->2025,-17.632197619999886,3.6179212925037842,,-24.723323353307304,-10.541071886692468
change,MEX,reading,P75,2015->2025,-16.010188349999964,4.153522962753625,,-24.15109335699707,-7.869283343002859
change,MEX,reading,P90,2015->2025,-11.69567078,5.3922329502765525,,-22.264447362542043,-1.1268941974579576
change,MEX,reading,P90-P10,2015->2025,3.075439369999998,6.003742257532834,,-8.691895454764357,14.842774194764353
change,MEX,science,P10,2015->2025,-5.227075370000023,3.3713091400529085,,-11.834841284503725,1.3806905445036781
change,MEX,science,P25,2015->2025,-5.110800110000071,3.0147981207413337,,-11.019804426653085,0.7982042066529429
change,MEX,science,P50,2015->2025,-3.2099627799999553,3.2248640942086895,,-9.530696404648985,3.1107708446490756
change,MEX,science,P75,2015->2025,-0.9699199500000191,3.976512925456391,,-8.763885283894545,6.824045383894507
change,MEX,science,P90,2015->2025,2.871908370000085,4.911227243107236,,-6.754097026490097,12.497913766490267
change,MEX,science,P90-P10,2015->2025,8.098983740000023,5.121369246819407,,-1.9388999837660155,18.13686746376606
change,NLD,math,P10,2015->2025,-48.04154416999995,5.468862649896288,,-58.76051496379667,-37.32257337620323
change,NLD,math,P25,2015->2025,-46.008759440000006,5.4622412918091365,,-56.71475237194591,-35.3027665080541
change,NLD,math,P50,2015->2025,-29.53737896000007,4.654160557706201,,-38.65953365310422,-20.415224266895915
change,NLD,math,P75,2015->2025,-16.834359489999997,4.030678866316004,,-24.734490067979365,-8.934228912020629
change,NLD,math,P90,2015->2025,-6.822405019999906,4.626451317596057,,-15.890249602488177,2.2454395624883663
change,NLD,math,P90-P10,2015->2025,41.219139150000046,6.495434237930407,,28.488088043656447,53.950190256343646
change,NLD,reading,P10,2015->2025,-78.22219934999998,6.516293414341203,,-90.99413444210875,-65.45026425789122
change,NLD,reading,P25,2015->2025,-75.50300118000001,6.052964566457578,,-87.36681173025687,-63.63919062974316
change,NLD,reading,P50,2015->2025,-62.422239740000066,5.054085879429632,,-72.32824806368214,-52.516231416317986
change,NLD,reading,P75,2015->2025,-52.00584226000001,4.219502723062691,,-60.27606759720288,-43.735616922797135
change,NLD,reading,P90,2015->2025,-44.919226279999975,4.417534451535382,,-53.57759380500933,-36.26085875499062
change,NLD,reading,P90-P10,2015->2025,33.302973070000064,7.541939066797852,,18.520772499076273,48.085173640923855
change,NLD,science,P10,2015->2025,-33.70762366999992,5.766880247092678,,-45.01070895430157,-22.404538385698267
change,NLD,science,P25,2015->2025,-32.26361178999997,6.1148515416175195,,-44.24872081157031,-20.278502768429632
change,NLD,science,P50,2015->2025,-22.038406420000058,4.948218093126909,,-31.736913882528796,-12.339898957471318
change,NLD,science,P75,2015->2025,-14.965062829999852,4.058957714359589,,-22.920619950144644,-7.009505709855058
change,NLD,science,P90,2015->2025,-11.926345439999864,4.360735447446957,,-20.4733869169959,-3.379303963003828
change,NLD,science,P90-P10,2015->2025,21.781278230000055,7.016751488360059,,8.02844531281434,35.53411114718577
change,NOR,math,P10,2015->2025,-64.99298832999995,4.442196821153005,,-73.69969409945983,-56.28628256054006
change,NOR,math,P25,2015->2025,-62.2232514399999,3.54932039725108,,-69.17991941861202,-55.26658346138778
change,NOR,math,P50,2015->2025,-51.85410632000003,3.7172810145831083,,-59.13997710858292,-44.56823553141714
change,NOR,math,P75,2015->2025,-41.83212029999993,3.79004423331596,,-49.260606997299206,-34.40363360270065
change,NOR,math,P90,2015->2025,-32.822919580000075,4.43304127997042,,-41.5116804887421,-24.13415867125805
change,NOR,math,P90-P10,2015->2025,32.17006875000001,5.1109475031068285,,22.15261164391063,42.187525856089394
change,NOR,reading,P10,2015->2025,-74.70625777999999,5.1621551673628066,,-84.82408190803109,-64.58843365196888
change,NOR,reading,P25,2015->2025,-72.50732879999998,4.283382179587633,,-80.90275787199174,-64.11189972800823
change,NOR,reading,P50,2015->2025,-62.56441811999969,3.792609915636565,,-69.99793355464735,-55.13090268535202
change,NOR,reading,P75,2015->2025,-51.65335645000005,4.000572287787888,,-59.49447813406431,-43.812234765935784
change,NOR,reading,P90,2015->2025,-45.25253631999999,4.0923137929999465,,-53.273471354279884,-37.231601285720096
change,NOR,reading,P90-P10,2015->2025,29.453721460000054,5.883554156975686,,17.92195531232771,40.9854876076724
change,NOR,science,P10,2015->2025,-35.29982837,4.353068165360305,,-43.8318419741062,-26.767814765893803
change,NOR,science,P25,2015->2025,-35.43038788000007,4.111205414381623,,-43.48835049218805,-27.372425267812087
change,NOR,science,P50,2015->2025,-29.971091310000077,3.5793046969388023,,-36.98652851600013,-22.955654104000025
change,NOR,science,P75,2015->2025,-23.155606719999923,3.935265200673231,,-30.868726513319455,-15.442486926680392
change,NOR,science,P90,2015->2025,-18.071329650000052,4.588892420001978,,-27.065558793203927,-9.077100506796176
change,NOR,science,P90-P10,2015->2025,17.22849871999989,5.528951257037221,,6.391754256206937,28.065243183792845
change,NZL,math,P10,2015->2025,-28.528833729999974,4.980091359124505,,-38.289812793884,-18.767854666115944
change,NZL,math,P25,2015->2025,-23.756545980000055,4.455521186059142,,-32.489367504675975,-15.023724455324137
change,NZL,math,P50,2015->2025,-19.089934940000035,4.098225790512948,,-27.122457489405413,-11.057412390594656
change,NZL,math,P75,2015->2025,-8.56991215000005,3.9843361353535056,,-16.37921097529292,-0.7606133247071796
change,NZL,math,P90,2015->2025,1.5827968900001679,4.483415174459895,,-7.204696851941227,10.370290631941563
change,NZL,math,P90-P10,2015->2025,30.111630620000028,5.893473271661629,,18.560423007543235,41.66283823245682
change,NZL,reading,P10,2015->2025,-24.420351440000047,6.25411218551589,,-36.67841132361119,-12.162291556388903
change,NZL,reading,P25,2015->2025,-21.90333129999999,5.1248167903423925,,-31.947972209071082,-11.858690390928901
change,NZL,reading,P50,2015->2025,-13.933121260000064,4.419376639748591,,-22.595099473907304,-5.271143046092826
change,NZL,reading,P75,2015->2025,-5.284774070000026,4.80043240488592,,-14.693621583576428,4.124073443576377
change,NZL,reading,P90,2015->2025,2.115503239999839,5.52459289242229,,-8.712698829147849,12.943705309147527
change,NZL,reading,P90-P10,2015->2025,26.535854679999943,7.975897712877171,,10.903095162760687,42.1686141972392
change,NZL,science,P10,2015->2025,-8.057704139999942,5.4209140075259645,,-18.682695594750832,2.567287314750949
change,NZL,science,P25,2015->2025,-6.517536650000011,5.1473509060257845,,-16.606344425810548,3.571271125810526
change,NZL,science,P50,2015->2025,-5.231834729999946,4.3035850248036995,,-13.666861378615197,3.203191918615305
change,NZL,science,P75,2015->2025,-0.40587983000023087,3.9933402408788563,,-8.23282670212279,7.421067042122328
change,NZL,science,P90,2015->2025,2.968373720000045,4.469742116611362,,-5.792320828558223,11.729068268558313
change,NZL,science,P90-P10,2015->2025,11.02607785999993,6.354631966623865,,-1.4290007945828442,23.481156514582704
change,POL,math,P10,2015->2025,-31.487422200000026,6.0866104469273985,,-43.41717867597772,-19.557665724022325
change,POL,math,P25,2015->2025,-25.417297729999973,4.677517149258968,,-34.58523134254755,-16.249364117452394
change,POL,math,P50,2015->2025,-20.638357749999955,4.068146729426056,,-28.611925339675025,-12.664790160324884
change,POL,math,P75,2015->2025,-13.612739620000184,4.422016074114062,,-22.279891125263745,-4.945588114736623
change,POL,math,P90,2015->2025,-10.422907719999898,5.220790644394121,,-20.655657383012375,-0.19015805698742128
change,POL,math,P90-P10,2015->2025,21.064514480000014,7.711060123316001,,5.950836638300652,36.17819232169938
change,POL,reading,P10,2015->2025,-42.40997820999996,6.390835227707716,,-54.93601525630709,-29.88394116369284
change,POL,reading,P25,2015->2025,-34.615283869999985,5.525317298425456,,-45.44490577491388,-23.785661965086092
change,POL,reading,P50,2015->2025,-24.86173398000011,4.502406602989714,,-33.68645092185995,-16.03701703814027
change,POL,reading,P75,2015->2025,-14.30303392999997,4.129384558930533,,-22.396627665503814,-6.209440194496125
change,POL,reading,P90,2015->2025,-6.607576149999886,4.782389181846816,,-15.981058946419646,2.7659066464198734
change,POL,reading,P90-P10,2015->2025,35.80240206000008,7.51950711964813,,21.064168105489742,50.54063601451041
change,POL,science,P10,2015->2025,-18.30227000000002,5.997302203748759,,-30.05698231934759,-6.547557680652455
change,POL,science,P25,2015->2025,-9.35491754000003,4.789327496928366,,-18.74199943397963,0.032164353979567295
change,POL,science,P50,2015->2025,-3.9378307599998834,4.441809733103618,,-12.643777836882974,4.768116316883207
change,POL,science,P75,2015->2025,-1.0908006400001113,4.397006857556097,,-9.708934080810062,7.527332800809839
change,POL,science,P90,2015->2025,0.05336681000017052,4.786416681692633,,-9.32800988611739,9.434743506117732
change,POL,science,P90-P10,2015->2025,18.355636810000135,7.011568984333005,,4.612961600707445,32.09831201929283
change,PRT,math,P10,2015->2025,-25.78264704000003,5.588641193074746,,-36.73638377842653,-14.828910301573526
change,PRT,math,P25,2015->2025,-31.992303789999937,5.122201311437794,,-42.031818360418015,-21.95278921958186
change,PRT,math,P50,2015->2025,-35.54359253000001,5.323045876429201,,-45.97676244780125,-25.11042261219878
change,PRT,math,P75,2015->2025,-34.82606830999998,4.819215871700258,,-44.27173141853249,-25.380405201467475
change,PRT,math,P90,2015->2025,-31.566646170000126,5.40806220716237,,-42.16644809603837,-20.96684424396188
change,PRT,math,P90-P10,2015->2025,-5.783999129999955,6.559586368165418,,-18.640788411604174,7.072790151604263
change,PRT,reading,P10,2015->2025,-38.858349369999985,5.917555177307337,,-50.45675751752236,-27.259941222477604
change,PRT,reading,P25,2015->2025,-39.08682369999997,5.918324544215739,,-50.686739806662814,-27.48690759333712
change,PRT,reading,P50,2015->2025,-37.5774977100001,5.121018342279356,,-47.614693660867644,-27.540301759132564
change,PRT,reading,P75,2015->2025,-33.8632117599999,4.40219116065179,,-42.49150643487741,-25.23491708512239
change,PRT,reading,P90,2015->2025,-29.878105100000084,4.34478861238136,,-38.393890780267554,-21.362319419732618
change,PRT,reading,P90-P10,2015->2025,8.980244270000043,6.014326763693493,,-2.8078361868392037,20.76832472683929
change,PRT,science,P10,2015->2025,-25.744593430000066,5.35929192458642,,-36.24880560218945,-15.240381257810684
change,PRT,science,P25,2015->2025,-23.057217920000028,5.709035615763086,,-34.24692772689568,-11.86750811310438
change,PRT,science,P50,2015->2025,-20.070417380000094,5.391127936500034,,-30.637028135540163,-9.503806624460028
change,PRT,science,P75,2015->2025,-16.31108180000001,4.557031612084814,,-25.242863759686244,-7.3792998403137755
change,PRT,science,P90,2015->2025,-12.183081190000053,4.74542168955999,,-21.48410770153763,-2.882054678462472
change,PRT,science,P90-P10,2015->2025,13.561512239999985,5.5983711290144935,,2.5887048271315773,24.53431965286839
change,SVK,math,P10,2015->2025,-18.462693110000032,6.210811655695326,,-30.63588395516287,-6.289502264837193
change,SVK,math,P25,2015->2025,-15.906199549999997,5.281815166919554,,-26.25855727716232,-5.553841822837672
change,SVK,math,P50,2015->2025,-7.135038530000031,4.451574872493066,,-15.860125280086441,1.5900482200863788
change,SVK,math,P75,2015->2025,-0.6465987699999687,4.267664426870156,,-9.011221046665474,7.718023506665537
change,SVK,math,P90,2015->2025,5.935268879999967,4.922999682572489,,-3.713810497842111,15.584348257842045
change,SVK,math,P90-P10,2015->2025,24.397961989999942,7.460558628775411,,9.775267077600137,39.02065690239975
change,SVK,reading,P10,2015->2025,2.3111812499999473,6.434200340976613,,-10.299851418314214,14.922213918314108
change,SVK,reading,P25,2015->2025,-4.8991636499999345,5.587441811851099,,-15.850549601228089,6.05222230122822
change,SVK,reading,P50,2015->2025,-8.04526863000001,4.67711127290017,,-17.212406724884342,1.1218694648843233
change,SVK,reading,P75,2015->2025,-7.499566359999903,4.390398827209368,,-16.104748061330262,1.1056153413304575
change,SVK,reading,P90,2015->2025,-6.5475485800000115,4.676899202655956,,-15.714271017205684,2.619173857205661
change,SVK,reading,P90-P10,2015->2025,-8.858729829999959,7.68653746125131,,-23.924343254052527,6.206883594052609
change,SVK,science,P10,2015->2025,11.044715069999938,6.633982262997448,,-1.9578901654750602,24.047320305474937
change,SVK,science,P25,2015->2025,12.785373039999968,5.238660021433423,,2.517599397990459,23.053146682009476
change,SVK,science,P50,2015->2025,15.791465399999993,4.137762300413434,,7.681451291189662,23.901479508810326
change,SVK,science,P75,2015->2025,15.554062329999965,4.048584266680774,,7.618837167305648,23.48928749269428
change,SVK,science,P90,2015->2025,14.785940499999924,4.653423810671887,,5.6652298310830265,23.906651168916824
change,SVK,science,P90-P10,2015->2025,3.741225429999986,7.59850595020917,,-11.151846232409987,18.63429709240996
change,SVN,math,P10,2015->2025,-56.20259930999998,3.475949401532746,,-63.01546013700416,-49.3897384829958
change,SVN,math,P25,2015->2025,-56.97948842000005,3.0335315330908816,,-62.925210224858176,-51.03376661514193
change,SVN,math,P50,2015->2025,-53.39002681000005,2.620246301187314,,-58.525709560327186,-48.25434405967292
change,SVN,math,P75,2015->2025,-45.931908539999995,2.5769149484700558,,-50.9826618390013,-40.88115524099869
change,SVN,math,P90,2015->2025,-39.97350229999995,4.331687634069503,,-48.463610062776176,-31.483394537223724
change,SVN,math,P90-P10,2015->2025,16.229097009999975,5.7653269171489185,,4.929056252388095,27.529137767611857
change,SVN,reading,P10,2015->2025,-74.66440878999998,3.946875253903816,,-82.40028428765146,-66.9285332923485
change,SVN,reading,P25,2015->2025,-70.74156605999991,3.1952008055487644,,-77.00415963887549,-64.47897248112433
change,SVN,reading,P50,2015->2025,-62.59887115999999,2.922122390731687,,-68.32623104583409,-56.87151127416588
change,SVN,reading,P75,2015->2025,-51.89370914999995,3.2304125386029123,,-58.225317725661654,-45.562100574338245
change,SVN,reading,P90,2015->2025,-42.11948662999998,4.238270707037662,,-50.4264972157938,-33.812476044206164
change,SVN,reading,P90-P10,2015->2025,32.54492216000014,5.575888597260552,,21.616180509369457,43.473663810630825
change,SVN,science,P10,2015->2025,-34.062437860000045,3.7466495294118443,,-41.40587093764726,-26.71900478235283
change,SVN,science,P25,2015->2025,-33.39306648000013,3.0811753925764696,,-39.43217024945001,-27.35396271055025
change,SVN,science,P50,2015->2025,-29.991046649999987,2.5536104871350407,,-34.996123204784666,-24.985970095215308
change,SVN,science,P75,2015->2025,-25.11291001999973,2.9665655844295067,,-30.927378565481565,-19.298441474517897
change,SVN,science,P90,2015->2025,-22.58584533999999,4.019974481204263,,-30.464995323160345,-14.706695356839637
change,SVN,science,P90-P10,2015->2025,11.476592520000054,5.394446171915293,,0.9034780230460804,22.049707016954027
change,SWE,math,P10,2015->2025,-40.50568203,5.4609089047902275,,-51.209063483388846,-29.80230057661116
change,SWE,math,P25,2015->2025,-39.020952000000136,4.834226510302971,,-48.49603596019396,-29.545868039806315
change,SWE,math,P50,2015->2025,-31.5603706899999,4.931823179182255,,-41.22674412119712,-21.893997258802678
change,SWE,math,P75,2015->2025,-23.13656727,5.174581000272623,,-33.27874603053434,-12.99438850946566
change,SWE,math,P90,2015->2025,-15.199794129999873,5.294059387623893,,-25.576150529742705,-4.823437730257043
change,SWE,math,P90-P10,2015->2025,25.305887900000016,6.382393286610344,,12.796397058243743,37.81537874175629
change,SWE,reading,P10,2015->2025,-52.531006640000044,6.087588519165524,,-64.46268013756448,-40.59933314243562
change,SWE,reading,P25,2015->2025,-47.63914165999995,6.09160344172752,,-59.57868440578589,-35.69959891421401
change,SWE,reading,P50,2015->2025,-38.08090650999998,5.466726409396892,,-48.795690272417886,-27.366122747582068
change,SWE,reading,P75,2015->2025,-24.35613297000009,5.219954872595088,,-34.58724452028646,-14.125021419713716
change,SWE,reading,P90,2015->2025,-9.919040119999977,5.594074544798075,,-20.883426227804204,1.0453459878042501
change,SWE,reading,P90-P10,2015->2025,42.61196652000001,6.522429645768332,,29.828004414294078,55.39592862570594
change,SWE,science,P10,2015->2025,-14.611144440000032,5.812332165026604,,-26.003315483452177,-3.218973396547888
change,SWE,science,P25,2015->2025,-14.113621799999976,5.618028054079681,,-25.12495678599615,-3.1022868140038007
change,SWE,science,P50,2015->2025,-9.181988389999901,5.466754005771163,,-19.89682624131138,1.532849461311578
change,SWE,science,P75,2015->2025,-3.579614450000008,5.69119057883743,,-14.73434798452137,7.575119084521354
change,SWE,science,P90,2015->2025,0.6385415000000876,5.569259861773485,,-10.277207829075943,11.554290829076118
change,SWE,science,P90-P10,2015->2025,15.249685940000006,6.326546278946181,,2.8496552332654908,27.64971664673452
change,TUR,math,P10,2015->2025,21.78587069000008,5.407532214304447,,11.187107549963365,32.3846338300368
change,TUR,math,P25,2015->2025,28.285117100000036,4.988590291489286,,18.507480128681035,38.062754071319034
change,TUR,math,P50,2015->2025,39.41290793000002,5.54642813577661,,28.54190878387786,50.283907076122176
change,TUR,math,P75,2015->2025,50.49316564999992,6.759439372596568,,37.24466447971065,63.7416668202892
change,TUR,math,P90,2015->2025,64.62340733999997,7.1758561063570925,,50.55872937154007,78.68808530845988
change,TUR,math,P90-P10,2015->2025,42.83753665000006,8.323349786236362,,26.523771068976792,59.15130223102333
change,TUR,reading,P10,2015->2025,31.605692350000083,6.416619680840888,,19.029117775551942,44.18226692444823
change,TUR,reading,P25,2015->2025,38.23502807999995,5.476313906883442,,27.501452822508405,48.968603337491494
change,TUR,reading,P50,2015->2025,44.67005255000004,5.2485640564548754,,34.38286699934848,54.957238100651594
change,TUR,reading,P75,2015->2025,49.156289049999884,5.6888201730772,,38.00620151076857,60.3063765892312
change,TUR,reading,P90,2015->2025,53.359815809999986,6.347357217369466,,40.91899566395583,65.80063595604415
change,TUR,reading,P90-P10,2015->2025,21.75412345999993,7.914824209026263,,6.241068010308455,37.26717890969141
change,TUR,science,P10,2015->2025,45.74010133999991,5.143593818847202,,35.6586574550594,55.82154522494042
change,TUR,science,P25,2015->2025,60.140271270000085,4.915063109215787,,50.50674757593714,69.77379496406303
change,TUR,science,P50,2015->2025,72.87991664000003,5.613952106512447,,61.876570511235634,83.88326276876442
change,TUR,science,P75,2015->2025,77.93724349000001,6.1789027959607346,,65.82659400991697,90.04789297008305
change,TUR,science,P90,2015->2025,86.36579061999998,6.6571430969869025,,73.31779014990566,99.4137910900943
change,TUR,science,P90-P10,2015->2025,40.62568927999999,7.302947460949204,,26.31191225653955,54.93946630346043
change,USA,math,P10,2015->2025,-20.508756430000005,6.373989798978149,,-33.00177643599718,-8.015736424002833
change,USA,math,P25,2015->2025,-16.993292120000035,6.110809422320989,,-28.97047858774917,-5.016105652250898
change,USA,math,P50,2015->2025,-10.359213660000023,6.627281575903779,,-23.348685548771428,2.6302582287713836
change,USA,math,P75,2015->2025,0.8551081100000602,7.551864851387106,,-13.946546998718667,15.656763218718787
change,USA,math,P90,2015->2025,9.995696179999982,10.352589465725018,,-10.295379172821054,30.286771532821017
change,USA,math,P90-P10,2015->2025,30.50445260999996,10.309927022966848,,10.296995644984936,50.711909575014985
change,USA,reading,P10,2015->2025,-32.190802419999955,7.6168193433968465,,-47.11976833305778,-17.261836506942135
change,USA,reading,P25,2015->2025,-25.42012387000011,7.961002591502764,,-41.02368894934553,-9.816558790654694
change,USA,reading,P50,2015->2025,-10.84925482999995,7.659400801470224,,-25.86168040088159,4.163170740881689
change,USA,reading,P75,2015->2025,7.317607690000159,7.968253648036476,,-8.300169460151334,22.935384840151652
change,USA,reading,P90,2015->2025,20.176917709999884,9.409160577769912,,1.7349629775708557,38.61887244242891
change,USA,reading,P90-P10,2015->2025,52.36772013000001,10.050185673723634,,32.669356209501686,72.06608405049833
change,USA,science,P10,2015->2025,-16.166383680000024,6.997619133551183,,-29.881717181760344,-2.451050178239706
change,USA,science,P25,2015->2025,-5.393974950000143,6.941005727912734,,-18.998346176709102,8.210396276708817
change,USA,science,P50,2015->2025,6.502566749999971,7.3521598966821395,,-7.907666647497022,20.912800147496966
change,USA,science,P75,2015->2025,15.85289221000005,7.529181661468538,,1.0956961535217165,30.610088266478385
change,USA,science,P90,2015->2025,23.813333619999867,10.211856567363116,,3.798094747968161,43.82857249203157
change,USA,science,P90-P10,2015->2025,39.979717300000004,10.06010003972354,,20.261921222141865,59.697513377858144
change,OECD_ORT,math,P10,2015->2025,-27.696143259210537,0.8513061530955024,38.0,-29.364703319277723,-26.02758319914335
change,DONOR_ORT,math,P10,2015->2025,-29.65073106400005,2.7085962614245704,5.0,-34.95957973639221,-24.34188239160789
change,TUR-OECD_ORT,math,P10,2015->2025,49.48201394921062,5.331707561160542,38.0,39.03186712933596,59.93216076908528
change,OECD_ORT,math,P25,2015->2025,-27.173129043684213,0.7508467839034679,38.0,-28.64478874013501,-25.701469347233417
change,DONOR_ORT,math,P25,2015->2025,-30.426644505999956,2.3405923549934835,5.0,-35.01420552178718,-25.83908349021273
change,TUR-OECD_ORT,math,P25,2015->2025,55.45824614368425,4.913248698533633,38.0,45.82827869455833,65.08821359281018
change,OECD_ORT,math,P50,2015->2025,-23.731650279999975,0.7049177359087739,38.0,-25.113289042381172,-22.35001151761878
change,DONOR_ORT,math,P50,2015->2025,-28.848232055999937,2.132655724289234,5.0,-33.028237275606834,-24.66822683639304
change,TUR-OECD_ORT,math,P50,2015->2025,63.14455820999999,5.444325111379717,38.0,52.473680991695744,73.81543542830424
change,OECD_ORT,math,P75,2015->2025,-18.625382516578977,0.72117683513362,38.0,-20.038889113440874,-17.21187591971708
change,DONOR_ORT,math,P75,2015->2025,-23.813465236000024,2.050653695872115,5.0,-27.832746479909368,-19.79418399209068
change,TUR-OECD_ORT,math,P75,2015->2025,69.1185481665789,6.6185631923667625,38.0,56.14616430954005,82.09093202361775
change,OECD_ORT,math,P90,2015->2025,-13.47120080394735,0.8389665537146456,38.0,-15.115575249228055,-11.826826358666644
change,DONOR_ORT,math,P90,2015->2025,-18.46845564399994,2.2813547770838065,5.0,-22.9399110070842,-13.997000280915678
change,TUR-OECD_ORT,math,P90,2015->2025,78.09460814394733,7.034672880403285,38.0,64.30664929835689,91.88256698953776
change,OECD_ORT,math,P90-P10,2015->2025,14.224942455263168,1.060728973152349,38.0,12.145913667884564,16.303971242641772
change,DONOR_ORT,math,P90-P10,2015->2025,11.182275420000035,3.204047698578902,5.0,4.902341930785388,17.46220890921468
change,TUR-OECD_ORT,math,P90-P10,2015->2025,28.612594194736893,8.170500542187852,38.0,12.598413132048702,44.62677525742508
change,OECD_ORT,reading,P10,2015->2025,-34.81245533789473,1.0009254518985622,38.0,-36.77426922361592,-32.85064145217355
change,DONOR_ORT,reading,P10,2015->2025,-39.57104325599998,3.1740944695031366,5.0,-45.79226841622613,-33.349818095773834
change,TUR-OECD_ORT,reading,P10,2015->2025,66.41814768789482,6.32517663476636,38.0,54.02080148375275,78.81549389203688
change,OECD_ORT,reading,P25,2015->2025,-33.68529008552631,0.8443879943262675,38.0,-35.3402905544058,-32.030289616646826
change,DONOR_ORT,reading,P25,2015->2025,-40.00711066400006,2.579425498112948,5.0,-45.06278464030144,-34.95143668769868
change,TUR-OECD_ORT,reading,P25,2015->2025,71.92031816552625,5.396719679755444,38.0,61.34274759320559,82.49788873784692
change,OECD_ORT,reading,P50,2015->2025,-29.645453381315793,0.7452752994807706,38.0,-31.106192968298103,-28.184713794333483
change,DONOR_ORT,reading,P50,2015->2025,-36.54492890399998,2.14795973331319,5.0,-40.754929981293834,-32.33492782670613
change,TUR-OECD_ORT,reading,P50,2015->2025,74.31550593131583,5.162653917435795,38.0,64.19670425314166,84.43430760948999
change,OECD_ORT,reading,P75,2015->2025,-23.397423742631574,0.7239349454460451,38.0,-24.816336235705823,-21.978511249557325
change,DONOR_ORT,reading,P75,2015->2025,-30.68786027799998,1.963539118379171,5.0,-34.53639695002315,-26.839323605976805
change,TUR-OECD_ORT,reading,P75,2015->2025,72.55371279263146,5.584215082234752,38.0,61.60865123145135,83.49877435381157
change,OECD_ORT,reading,P90,2015->2025,-17.722165425789466,0.8017010845521026,38.0,-19.293499551511587,-16.150831300067345
change,DONOR_ORT,reading,P90,2015->2025,-25.147733969999898,2.229309227606278,5.0,-29.517180056108202,-20.778287883891593
change,TUR-OECD_ORT,reading,P90,2015->2025,71.08198123578946,6.229863365733798,38.0,58.87144903895121,83.2925134326277
change,OECD_ORT,reading,P90-P10,2015->2025,17.090289912105277,1.1297439334070216,38.0,14.875991802627514,19.30458802158304
change,DONOR_ORT,reading,P90-P10,2015->2025,14.423309286000016,3.535861706292173,5.0,7.493020341667358,21.353598230332675
change,TUR-OECD_ORT,reading,P90-P10,2015->2025,4.663833547894654,7.78612148032949,38.0,-10.596964553551144,19.924631649340455
change,OECD_ORT,science,P10,2015->2025,-13.951429714736845,0.8612716301046931,38.0,-15.639522109742042,-12.263337319731647
change,DONOR_ORT,science,P10,2015->2025,-11.987658527499995,1.9448816120312764,8.0,-15.799626487081298,-8.175690567918693
change,TUR-OECD_ORT,science,P10,2015->2025,59.69153105473676,5.079950374367726,38.0,49.734828320976014,69.64823378849749
change,OECD_ORT,science,P25,2015->2025,-10.905730492894744,0.7916134237713628,38.0,-12.457292803486615,-9.354168182302873
change,DONOR_ORT,science,P25,2015->2025,-9.553553044999987,1.8017599330263407,8.0,-13.085002513731615,-6.022103576268359
change,TUR-OECD_ORT,science,P25,2015->2025,71.04600176289483,4.8490237816087465,38.0,61.54191515094169,80.55008837484797
change,OECD_ORT,science,P50,2015->2025,-6.889331459210535,0.7242975161904841,38.0,-8.308954590943884,-5.469708327477186
change,DONOR_ORT,science,P50,2015->2025,-7.055735918750045,1.5418000301809967,8.0,-10.077663977904798,-4.033807859595292
change,TUR-OECD_ORT,science,P50,2015->2025,79.76924809921057,5.512014530589253,38.0,68.96569961925563,90.57279657916551
change,OECD_ORT,science,P75,2015->2025,-3.1093592215789436,0.7051929807188358,38.0,-4.491537463787862,-1.7271809793700255
change,DONOR_ORT,science,P75,2015->2025,-5.517442019999983,1.5138441366102133,8.0,-8.484576527756001,-2.5503075122439647
change,TUR-OECD_ORT,science,P75,2015->2025,81.04660271157896,6.055305465700098,38.0,69.17820399880677,92.91500142435115
change,OECD_ORT,science,P90,2015->2025,0.29736567184211465,0.7921014654887258,38.0,-1.255153200515788,1.8498845442000174
change,DONOR_ORT,science,P90,2015->2025,-3.1099960100000175,1.7285498128959007,8.0,-6.497953643275983,0.27796162327594764
change,TUR-OECD_ORT,science,P90,2015->2025,86.06842494815787,6.527823227694968,38.0,73.27389142187573,98.86295847444
change,OECD_ORT,science,P90-P10,2015->2025,14.248795386578955,1.0249763740945474,38.0,12.239841693353641,16.257749079804267
change,DONOR_ORT,science,P90-P10,2015->2025,8.877662517500013,2.3164215222489117,8.0,4.3374763338921465,13.41784870110788
change,TUR-OECD_ORT,science,P90-P10,2015->2025,26.376893893421034,7.181686152600083,38.0,12.300789034324872,40.452998752517196
change,AUS,math,P10,2018->2022,-13.013599999999997,3.586851293962441,,-20.04382853616638,-5.983371463833612
change,AUS,math,P25,2018->2022,-11.959700000000055,3.022219670209296,,-17.883250553610274,-6.036149446389835
change,AUS,math,P50,2018->2022,-7.847000000000037,2.8456187351982187,,-13.424412720988546,-2.269587279011528
change,AUS,math,P75,2018->2022,0.9764000000000124,3.3668295497726493,,-5.62258591755438,7.575385917554405
change,AUS,math,P90,2018->2022,9.842700000000036,4.278522143347061,,1.4567965990397962,18.228603400960274
change,AUS,math,P90-P10,2018->2022,22.856300000000033,4.741591630161985,,13.562780404882542,32.14981959511752
change,AUS,reading,P10,2018->2022,-6.052799999999991,3.9014220889453934,,-13.69958729433296,1.5939872943329805
change,AUS,reading,P25,2018->2022,-6.367400000000032,3.139077402411949,,-12.519991708727453,-0.21480829127261192
change,AUS,reading,P50,2018->2022,-5.150100000000009,2.9058103641191466,,-10.845488313673536,0.5452883136735185
change,AUS,reading,P75,2018->2022,-3.7586000000000013,3.362042541951071,,-10.3482033822241,2.8310033822240976
change,AUS,reading,P90,2018->2022,-2.1529999999999063,3.7771128222787094,,-9.556141131666177,5.250141131666364
change,AUS,reading,P90-P10,2018->2022,3.8998000000000843,4.686956161104033,,-5.2866340757638195,13.086234075763988
change,AUS,science,P10,2018->2022,-4.468500000000006,3.718656172896636,,-11.757066098877413,2.8200660988774002
change,AUS,science,P25,2018->2022,-1.9867999999999597,3.2393985778398924,,-8.336021212566148,4.362421212566229
change,AUS,science,P50,2018->2022,2.084099999999978,3.184546808242713,,-4.157611744155739,8.325811744155695
change,AUS,science,P75,2018->2022,8.30970000000002,3.300151684476867,,1.8414026984253615,14.777997301574679
change,AUS,science,P90,2018->2022,16.816600000000108,4.166496079641335,,8.650267683903092,24.982932316097124
change,AUS,science,P90-P10,2018->2022,21.2851,5.117307959540612,,11.255176399300401,31.315023600699597
change,AUT,math,P10,2018->2022,-11.36379999999997,5.710395224452023,,-22.556174639925935,-0.17142536007400366
change,AUT,math,P25,2018->2022,-12.994700000000023,5.392660227980663,,-23.56431404684212,-2.4250859531579234
change,AUT,math,P50,2018->2022,-14.268500000000017,4.558215708537231,,-23.20260278873299,-5.334397211267044
change,AUT,math,P75,2018->2022,-12.02959999999996,4.424366360031428,,-20.70135806566156,-3.357841934338362
change,AUT,math,P90,2018->2022,-9.214500000000157,4.2738920514886365,,-17.591328420917883,-0.8376715790824303
change,AUT,math,P90-P10,2018->2022,2.1492999999999824,6.109457441222678,,-9.825236584796466,14.12383658479643
change,AUT,reading,P10,2018->2022,-10.311599999999942,5.696003872891943,,-21.475767590868152,0.8525675908682668
change,AUT,reading,P25,2018->2022,-6.282500000000084,5.767761942325055,,-17.587313406957193,5.022313406957023
change,AUT,reading,P50,2018->2022,-3.041300000000035,5.078550480041852,,-12.995258940882065,6.912658940881995
change,AUT,reading,P75,2018->2022,-1.1499999999999773,3.9352500173997176,,-8.863090034103424,6.563090034103469
change,AUT,reading,P90,2018->2022,0.9271999999999707,4.5003749165424445,,-7.893534836423221,9.747934836423163
change,AUT,reading,P90-P10,2018->2022,11.23879999999997,6.454721954980799,,-1.412455031762395,23.890055031762333
change,AUT,science,P10,2018->2022,-5.646400000000085,4.728037575052794,,-14.913353647103563,3.6205536471033923
change,AUT,science,P25,2018->2022,-1.9577000000000453,5.194634538476532,,-12.139183695414047,8.223783695413957
change,AUT,science,P50,2018->2022,2.0348999999999933,4.821362413606073,,-7.414970330667909,11.484770330667896
change,AUT,science,P75,2018->2022,4.847099999999955,4.596820781438706,,-4.162668731619908,13.856868731619818
change,AUT,science,P90,2018->2022,7.9485999999998285,4.546385905981923,,-0.9623163757247415,16.859516375724397
change,AUT,science,P90-P10,2018->2022,13.595000000000027,5.670494453210306,,2.480830871707827,24.709169128292228
change,BEL,math,P10,2018->2022,-17.046099999999967,5.031939883495336,,-26.908702171650823,-7.183497828349109
change,BEL,math,P25,2018->2022,-19.607200000000034,4.422008000017891,,-28.2743356800351,-10.940064319964968
change,BEL,math,P50,2018->2022,-22.06320000000005,3.9123641348081746,,-29.731433704224074,-14.39496629577603
change,BEL,math,P75,2018->2022,-20.109299999999962,3.8440068112582684,,-27.643553350066167,-12.575046649933757
change,BEL,math,P90,2018->2022,-14.74049999999977,4.361382472654484,,-23.28880964640256,-6.192190353596981
change,BEL,math,P90-P10,2018->2022,2.30559999999997,6.1773692374756894,,-9.80204370545238,14.41324370545232
change,BEL,reading,P10,2018->2022,-15.637299999999925,5.435707569397014,,-26.291286836018074,-4.983313163981778
change,BEL,reading,P25,2018->2022,-14.778599999999983,4.681734146244434,,-23.95479892663907,-5.602401073360893
change,BEL,reading,P50,2018->2022,-13.326599999999985,4.151912922443764,,-21.464349327989762,-5.188850672010208
change,BEL,reading,P75,2018->2022,-13.226100000000088,3.7046051792929884,,-20.487126151414344,-5.96507384858583
change,BEL,reading,P90,2018->2022,-13.040099999999939,4.12413051287447,,-21.123395805233898,-4.9568041947659776
change,BEL,reading,P90-P10,2018->2022,2.5971999999999866,6.086577363574528,,-9.332491632606088,14.52689163260606
change,BEL,science,P10,2018->2022,-10.404000000000053,5.471298233762966,,-21.127744538175467,0.3197445381753603
change,BEL,science,P25,2018->2022,-9.238100000000088,4.892588579053925,,-18.82757361494578,0.3513736149456044
change,BEL,science,P50,2018->2022,-9.460899999999867,3.858515299884719,,-17.023589987773917,-1.8982100122258183
change,BEL,science,P75,2018->2022,-6.713899999999967,3.7797793773064474,,-14.122267579520603,0.6944675795206701
change,BEL,science,P90,2018->2022,-5.356100000000083,3.9979664528774372,,-13.19211424763986,2.4799142476396936
change,BEL,science,P90-P10,2018->2022,5.047900000000027,6.03150675785081,,-6.77385324538756,16.869653245387614
change,CAN,math,P10,2018->2022,-16.56909999999999,3.8230752025619967,,-24.062327397021505,-9.075872602978478
change,CAN,math,P25,2018->2022,-18.931600000000003,3.3122782821395456,,-25.423665432993513,-12.439534567006493
change,CAN,math,P50,2018->2022,-17.15900000000005,3.179312976449824,,-23.390453433841703,-10.927546566158394
change,CAN,math,P75,2018->2022,-14.346300000000042,3.438691645088287,,-21.086135624373085,-7.606464375627
change,CAN,math,P90,2018->2022,-10.27410000000009,3.462681709792762,,-17.060956151193903,-3.4872438488062762
change,CAN,math,P90-P10,2018->2022,6.2949999999999875,4.237916822895153,,-2.0113169728745124,14.601316972874487
change,CAN,reading,P10,2018->2022,-22.294500000000028,3.605217047557609,,-29.36072541321294,-15.228274586787114
change,CAN,reading,P25,2018->2022,-18.371900000000096,3.4099133012764726,,-25.05533007050198,-11.68846992949821
change,CAN,reading,P50,2018->2022,-13.38370000000009,3.203441053513131,,-19.662444464885827,-7.104955535114353
change,CAN,reading,P75,2018->2022,-8.657799999999952,3.381874238741985,,-15.286273507934244,-2.0293264920656613
change,CAN,reading,P90,2018->2022,-3.1351999999999407,3.7399152410181706,,-10.465433872395554,4.1950338723956735
change,CAN,reading,P90-P10,2018->2022,19.159300000000087,4.774322157472551,,9.801628571353888,28.516971428646286
change,CAN,science,P10,2018->2022,-9.293700000000001,3.518467972396187,,-16.189897225896527,-2.397502774103475
change,CAN,science,P25,2018->2022,-6.770600000000115,3.357045886059814,,-13.350409936677352,-0.19079006332288007
change,CAN,science,P50,2018->2022,-3.8939000000000306,3.448920813095018,,-10.653784793666265,2.865984793666205
change,CAN,science,P75,2018->2022,-1.4866000000000668,3.482573877735967,,-8.312444800362563,5.339244800362429
change,CAN,science,P90,2018->2022,3.6215000000000828,3.843529309400684,,-3.9118174464252577,11.154817446425422
change,CAN,science,P90-P10,2018->2022,12.915200000000027,4.293740549852119,,4.499468522289874,21.33093147771018
change,CHE,math,P10,2018->2022,-11.855999999999995,4.588107394364506,,-20.848690492954425,-2.863309507045562
change,CHE,math,P25,2018->2022,-8.519100000000094,4.905788924605073,,-18.134446292226038,1.0962462922258478
change,CHE,math,P50,2018->2022,-9.312900000000013,4.624992638012155,,-18.377885570503835,-0.24791442949618947
change,CHE,math,P75,2018->2022,-4.348799999999983,4.26659618047247,,-12.711328513726023,4.013728513726058
change,CHE,math,P90,2018->2022,-3.7931999999998425,5.104177506328631,,-13.79738791240396,6.210987912404274
change,CHE,math,P90-P10,2018->2022,8.062800000000038,5.779070320513888,,-3.264177828207183,19.389777828207258
change,CHE,reading,P10,2018->2022,-0.16559999999998354,5.933261291416563,,-11.794792131176447,11.46359213117648
change,CHE,reading,P25,2018->2022,-4.019399999999962,5.165811404319759,,-14.144390352466688,6.1055903524667645
change,CHE,reading,P50,2018->2022,-2.4423999999999637,4.8097410342045555,,-11.869492427040893,6.984692427040965
change,CHE,reading,P75,2018->2022,2.0913999999999078,4.927944892199545,,-7.5673719887112,11.750171988711015
change,CHE,reading,P90,2018->2022,2.822599999999966,5.053011724814338,,-7.081302980636137,12.726502980636068
change,CHE,reading,P90-P10,2018->2022,2.988200000000063,6.94919768990157,,-10.632227472207015,16.60862747220714
change,CHE,science,P10,2018->2022,3.5311999999999557,5.000698720956674,,-6.270169493075125,13.332569493075036
change,CHE,science,P25,2018->2022,3.409599999999955,4.830855502162921,,-6.05887678423937,12.87807678423928
change,CHE,science,P50,2018->2022,7.148400000000038,4.798519159594971,,-2.256697552806104,16.553497552806178
change,CHE,science,P75,2018->2022,10.223899999999958,4.800555784027052,,0.8148106633069361,19.63298933669298
change,CHE,science,P90,2018->2022,9.721300000000042,5.418605454819531,,-0.8991666914462382,20.341766691446324
change,CHE,science,P90-P10,2018->2022,6.190100000000086,6.592291437100353,,-6.7307912167166055,19.110991216716776
change,CHL,math,P10,2018->2022,4.378399999999999,4.5340954908951305,,-4.508427162154456,13.265227162154455
change,CHL,math,P25,2018->2022,-0.8833999999999378,3.837255417033841,,-8.404420617386267,6.637620617386391
change,CHL,math,P50,2018->2022,-7.318900000000099,3.8767286041913644,,-14.917288064215173,0.2794880642149753
change,CHL,math,P75,2018->2022,-11.761499999999955,4.0053003269972685,,-19.6118886409146,-3.911111359085309
change,CHL,math,P90,2018->2022,-14.759699999999953,4.495780486251032,,-23.571429753051973,-5.94797024694793
change,CHL,math,P90-P10,2018->2022,-19.13809999999998,5.7650044640052265,,-30.437508749450224,-7.838691250549736
change,CHL,reading,P10,2018->2022,-2.4200000000000728,5.175022443751654,,-12.563043989753314,7.723043989753169
change,CHL,reading,P25,2018->2022,-4.266200000000026,4.503468971372083,,-13.092999183889308,4.560599183889256
change,CHL,reading,P50,2018->2022,-4.7398000000000025,4.549288827510418,,-13.656406101920423,4.176806101920418
change,CHL,reading,P75,2018->2022,-3.7712999999999965,4.749310011406331,,-13.079947622356405,5.537347622356412
change,CHL,reading,P90,2018->2022,-3.9587999999999965,4.746028605113487,,-13.261016066022432,5.343416066022439
change,CHL,reading,P90-P10,2018->2022,-1.5388000000000375,6.069549454311519,,-13.435116930450615,10.35751693045054
change,CHL,science,P10,2018->2022,-9.918400000000076,4.693188865319141,,-19.117050176025593,-0.7197498239745599
change,CHL,science,P25,2018->2022,-5.333300000000122,4.469800693046114,,-14.094109358370506,3.427509358370262
change,CHL,science,P50,2018->2022,0.6675000000000182,4.156244998660307,,-7.478740197374185,8.813740197374221
change,CHL,science,P75,2018->2022,5.985200000000077,4.48534649838288,,-2.806079136830366,14.77647913683052
change,CHL,science,P90,2018->2022,10.341799999999921,4.526602415167468,,1.4696592662716839,19.21394073372816
change,CHL,science,P90-P10,2018->2022,20.26019999999997,5.929088230776578,,8.639187067677875,31.881212932322065
change,COL,math,P10,2018->2022,3.1826999999999543,4.948556513604079,,-6.516470766664041,12.88187076666395
change,COL,math,P25,2018->2022,-3.0749000000000706,4.752568569965325,,-12.389934397132107,6.240134397131966
change,COL,math,P50,2018->2022,-9.879099999999994,4.985018001360563,,-19.649735282666697,-0.10846471733328933
change,COL,math,P75,2018->2022,-15.196799999999882,5.341060727670736,,-25.665279026234522,-4.728320973765241
change,COL,math,P90,2018->2022,-18.205000000000155,6.26290978535093,,-30.480303179287976,-5.9296968207123335
change,COL,math,P90-P10,2018->2022,-21.387699999999995,7.066535212849674,,-35.23810901718535,-7.5372909828146355
change,COL,reading,P10,2018->2022,-9.253600000000006,5.316617581696091,,-19.674170460124344,1.1669704601243325
change,COL,reading,P25,2018->2022,-7.618399999999951,5.156983377367474,,-17.7260874196402,2.4892874196402968
change,COL,reading,P50,2018->2022,-3.7538999999999874,5.895250894293362,,-15.308591752814976,7.800791752815002
change,COL,reading,P75,2018->2022,0.3324999999998681,6.428338179369018,,-12.267042831563408,12.932042831563145
change,COL,reading,P90,2018->2022,2.483500000000049,6.541824231563142,,-10.33847549386371,15.305475493863808
change,COL,reading,P90-P10,2018->2022,11.737099999999913,6.560939142209582,,-1.122340718730868,24.596540718730694
change,COL,science,P10,2018->2022,-7.391799999999932,5.162171626952277,,-17.509656388826393,2.72605638882653
change,COL,science,P25,2018->2022,-5.787799999999947,4.876558412161413,,-15.345854487836316,3.7702544878364215
change,COL,science,P50,2018->2022,-2.460300000000018,5.116160899867529,,-12.487975363740373,7.567375363740338
change,COL,science,P75,2018->2022,0.16030000000000655,5.963355556135227,,-11.527876890025038,11.84847689002505
change,COL,science,P90,2018->2022,3.9491999999999052,6.235091437269471,,-8.271579217048258,16.169979217048066
change,COL,science,P90-P10,2018->2022,11.34099999999998,6.908065857347069,,-2.198809080400274,24.880809080400233
change,CRI,math,P10,2018->2022,-6.108899999999949,4.087076672880023,,-14.119570278844794,1.9017702788448965
change,CRI,math,P25,2018->2022,-12.498099999999909,3.4095735507212312,,-19.180864159413524,-5.815335840586295
change,CRI,math,P50,2018->2022,-19.0702,3.921210069962821,,-26.75577173712713,-11.38462826287287
change,CRI,math,P75,2018->2022,-25.602999999999952,4.902870642230369,,-35.212626458771474,-15.993373541228427
change,CRI,math,P90,2018->2022,-29.061100000000067,6.286283289653579,,-41.382215247721085,-16.73998475227905
change,CRI,math,P90-P10,2018->2022,-22.952200000000005,6.2399672232045225,,-35.18253575748087,-10.72186424251914
change,CRI,reading,P10,2018->2022,-17.340299999999957,4.437740704833185,,-26.038271781473,-8.642328218526913
change,CRI,reading,P25,2018->2022,-15.442399999999964,4.194634325209081,,-23.66388327740976,-7.220916722590166
change,CRI,reading,P50,2018->2022,-10.25909999999999,4.857567368607005,,-19.779932042469717,-0.73826795753026
change,CRI,reading,P75,2018->2022,-8.297800000000109,5.713962996856426,,-19.497167473838704,2.9015674738384867
change,CRI,reading,P90,2018->2022,-5.873800000000074,7.244207513401471,,-20.072446726266957,8.32484672626681
change,CRI,reading,P90-P10,2018->2022,11.466499999999996,6.760364949345083,,-1.7838153007163644,24.716815300716355
change,CRI,science,P10,2018->2022,-14.332600000000014,4.4209599971801,,-22.997681594473008,-5.667518405527018
change,CRI,science,P25,2018->2022,-9.161399999999958,4.10094550141252,,-17.199253182768494,-1.1235468172314196
change,CRI,science,P50,2018->2022,-5.612099999999941,4.3940825750851165,,-14.224501847166769,3.0003018471668863
change,CRI,science,P75,2018->2022,-1.4954000000000747,5.20536605506493,,-11.697917467927338,8.707117467927189
change,CRI,science,P90,2018->2022,3.594100000000026,6.645682478204256,,-9.431437657280314,16.619637657280364
change,CRI,science,P90-P10,2018->2022,17.92670000000004,6.664358574036461,,4.864557194888576,30.988842805111503
change,CZE,math,P10,2018->2022,-12.236800000000073,5.341382825220035,,-22.70591033743134,-1.7676896625688059
change,CZE,math,P25,2018->2022,-16.515700000000038,4.672036200035744,,-25.672890952070098,-7.35850904792998
change,CZE,math,P50,2018->2022,-15.267399999999895,3.9073798763081378,,-22.925864557563845,-7.608935442435945
change,CZE,math,P75,2018->2022,-11.17619999999988,3.872720126445725,,-18.7667314478335,-3.5856685521662595
change,CZE,math,P90,2018->2022,-8.878999999999905,4.2663070304812045,,-17.240961779743067,-0.5170382202567438
change,CZE,math,P90-P10,2018->2022,3.3577999999999406,6.538158075440255,,-9.456989827862959,16.17258982786284
change,CZE,reading,P10,2018->2022,-2.9173000000000684,5.504228239423457,,-13.705587349270045,7.8709873492699085
change,CZE,reading,P25,2018->2022,-2.540300000000002,4.807525470724691,,-11.963049922620396,6.882449922620392
change,CZE,reading,P50,2018->2022,-1.3751999999999498,4.046418120250165,,-9.306179515690271,6.555779515690372
change,CZE,reading,P75,2018->2022,-1.5725000000001046,3.9444715379742403,,-9.303664214429617,6.158664214429407
change,CZE,reading,P90,2018->2022,-1.5211000000001604,4.071871655298359,,-9.501968444384945,6.459768444384624
change,CZE,reading,P90-P10,2018->2022,1.3961999999999932,6.48980370983762,,-11.323815271281742,14.116215271281728
change,CZE,science,P10,2018->2022,-4.77170000000001,5.24742404365122,,-15.056651125556401,5.513251125556382
change,CZE,science,P25,2018->2022,-3.2302999999999997,4.966707944850839,,-12.965047571907643,6.504447571907644
change,CZE,science,P50,2018->2022,0.8401999999999816,4.201566735027408,,-7.394870800653738,9.075270800653701
change,CZE,science,P75,2018->2022,3.8541000000000167,4.357318599717553,,-4.686244455446387,12.39444445544642
change,CZE,science,P90,2018->2022,8.037599999999998,4.47035522153068,,-0.7242962342001338,16.799496234200127
change,CZE,science,P90-P10,2018->2022,12.809300000000007,6.0915567639424655,,0.8698487426727759,24.74875125732724
change,DEU,math,P10,2018->2022,-22.2466,5.873152071550301,,-33.75797806023859,-10.735221939761411
change,DEU,math,P25,2018->2022,-25.972300000000075,5.298574664368611,,-36.35750634216255,-15.587093657837597
change,DEU,math,P50,2018->2022,-29.686099999999897,5.173146566592183,,-39.825467270520576,-19.546732729479217
change,DEU,math,P75,2018->2022,-28.461900000000128,4.767856863122273,,-37.80689945171979,-19.116900548280473
change,DEU,math,P90,2018->2022,-21.63370000000009,4.9310586864170345,,-31.298575025377477,-11.968824974622702
change,DEU,math,P90-P10,2018->2022,0.6128999999999962,6.474774605343415,,-12.077658226473098,13.30345822647309
change,DEU,reading,P10,2018->2022,-14.07869999999997,6.827489398706124,,-27.460579221463973,-0.696820778535967
change,DEU,reading,P25,2018->2022,-18.313000000000045,6.297396890250233,,-30.6558979048905,-5.9701020951095884
change,DEU,reading,P50,2018->2022,-21.6173,6.101887285094668,,-33.57699907878555,-9.657600921214451
change,DEU,reading,P75,2018->2022,-20.11979999999994,5.04585656548464,,-30.009678868349837,-10.229921131650046
change,DEU,reading,P90,2018->2022,-16.65519999999981,5.147699262831458,,-26.744690555149468,-6.565709444850151
change,DEU,reading,P90-P10,2018->2022,-2.57650000000001,7.190182496602186,,-16.669257693340295,11.516257693340275
change,DEU,science,P10,2018->2022,-11.168299999999988,6.405050352564675,,-23.72219869102675,1.3855986910267752
change,DEU,science,P25,2018->2022,-13.414199999999994,5.980384282431649,,-25.135753193566025,-1.692646806433963
change,DEU,science,P50,2018->2022,-15.199099999999987,5.969862141857034,,-26.900029798039775,-3.4981702019602015
change,DEU,science,P75,2018->2022,-9.907199999999989,5.206276756580579,,-20.111502442897923,0.2971024428979465
change,DEU,science,P90,2018->2022,-1.7743999999999005,5.320114851308309,,-12.201825108564186,8.653025108564385
change,DEU,science,P90-P10,2018->2022,9.39390000000003,7.341251277995233,,-4.994952504870625,23.782752504870686
change,DNK,math,P10,2018->2022,-17.905399999999986,3.6078831873951955,,-24.97685104729457,-10.833948952705402
change,DNK,math,P25,2018->2022,-20.853399999999965,3.3089049878908434,,-27.338853776266017,-14.367946223733913
change,DNK,math,P50,2018->2022,-22.23690000000005,3.3741340935284607,,-28.850202823315833,-15.623597176684266
change,DNK,math,P75,2018->2022,-22.240099999999984,3.440272875320611,,-28.98303483562838,-15.497165164371587
change,DNK,math,P90,2018->2022,-18.023000000000025,4.110881462384647,,-26.08032766627393,-9.965672333726117
change,DNK,math,P90-P10,2018->2022,-0.11760000000003856,5.061346707536336,,-10.037839546771256,9.802639546771179
change,DNK,reading,P10,2018->2022,-12.641700000000014,4.597162802872132,,-21.652139093629394,-3.6312609063706347
change,DNK,reading,P25,2018->2022,-11.684399999999926,4.332621781131293,,-20.176338691017257,-3.192461308982592
change,DNK,reading,P50,2018->2022,-12.97930000000008,3.7873792114219484,,-20.402563254387097,-5.556036745613062
change,DNK,reading,P75,2018->2022,-12.07280000000003,3.6569402745555832,,-19.240402938128973,-4.905197061871086
change,DNK,reading,P90,2018->2022,-12.766200000000026,4.486821955831686,,-21.56037103343013,-3.9720289665699227
change,DNK,reading,P90-P10,2018->2022,-0.12450000000004025,5.777332888251005,,-11.448072460972009,11.199072460971928
change,DNK,science,P10,2018->2022,-2.3059000000000083,5.085406128160591,,-12.273296011194768,7.661496011194751
change,DNK,science,P25,2018->2022,-3.712400000000059,4.386055303712231,,-12.309068395276032,4.884268395275914
change,DNK,science,P50,2018->2022,-0.9300000000000068,3.9417238394021368,,-8.655778725228195,6.795778725228181
change,DNK,science,P75,2018->2022,2.2172000000001617,4.062973449676684,,-5.746227961366139,10.180627961366461
change,DNK,science,P90,2018->2022,6.830799999999954,4.707065926231441,,-2.395049215413671,16.05664921541358
change,DNK,science,P90-P10,2018->2022,9.136699999999934,6.093824794367207,,-2.807196596959793,21.08059659695966
change,ESP,math,P10,2018->2022,-6.046599999999955,3.2382089594403833,,-12.393489560503106,0.3002895605031961
change,ESP,math,P25,2018->2022,-7.383500000000026,2.6606950745998654,,-12.598462346215761,-2.1685376537842904
change,ESP,math,P50,2018->2022,-9.88680000000005,2.447857890982328,,-14.684601466325415,-5.088998533674688
change,ESP,math,P75,2018->2022,-10.753499999999917,2.4166593384946435,,-15.490152303449419,-6.016847696550416
change,ESP,math,P90,2018->2022,-9.371800000000007,2.833736401231896,,-14.925923346414525,-3.817676653585491
change,ESP,math,P90-P10,2018->2022,-3.3251999999999953,3.806752934223896,,-10.78643575107883,4.136035751078841
change,ESP,reading,P10,2018->2022,-6.96999999999997,3.875079938171886,,-14.565156678816866,0.6251566788169258
change,ESP,reading,P25,2018->2022,-3.80559999999997,3.206644588454835,,-10.090623393371446,2.4794233933715066
change,ESP,reading,P50,2018->2022,-1.5581000000000245,2.6243183928826603,,-6.701764050050039,3.5855640500499897
change,ESP,reading,P75,2018->2022,-0.3229999999999791,2.3812278539069314,,-4.990206593657565,4.344206593657606
change,ESP,reading,P90,2018->2022,1.9638000000001057,2.6635681120965824,,-3.256793499709196,7.184393499709407
change,ESP,reading,P90-P10,2018->2022,8.933800000000076,3.9678955478103606,,1.1567247262917695,16.710875273708382
change,ESP,science,P10,2018->2022,-1.4796999999999798,3.2852769396201595,,-7.918842801655493,4.959442801655533
change,ESP,science,P25,2018->2022,0.42530000000004975,2.741959060092294,,-4.948939757780846,5.799539757780946
change,ESP,science,P50,2018->2022,1.429200000000037,2.639594014448264,,-3.7444042683185605,6.602804268318635
change,ESP,science,P75,2018->2022,1.3818999999998596,2.5324276519225957,,-3.5816581977684274,6.345458197768147
change,ESP,science,P90,2018->2022,3.283999999999992,2.908806304425698,,-2.417260356674377,8.98526035667436
change,ESP,science,P90-P10,2018->2022,4.763700000000057,3.3910048296108988,,-1.8826694660373047,11.410069466037418
change,EST,math,P10,2018->2022,-17.745499999999936,3.8061720585707195,,-25.205597234798546,-10.285402765201326
change,EST,math,P25,2018->2022,-18.52499999999992,3.508947501032179,,-25.40253710202299,-11.647462897976851
change,EST,math,P50,2018->2022,-14.593900000000076,3.161786585320255,,-20.791001707227778,-8.396798292772376
change,EST,math,P75,2018->2022,-10.709399999999846,3.308906368592361,,-17.194856482440873,-4.223943517558818
change,EST,math,P90,2018->2022,-7.32100000000014,4.007934717462902,,-15.176552046227428,0.534552046227148
change,EST,math,P90-P10,2018->2022,10.424499999999995,4.858196812947519,,0.9024342466228585,19.94656575337713
change,EST,reading,P10,2018->2022,-13.72610000000003,5.325062919033605,,-24.163223321305896,-3.2889766786941657
change,EST,reading,P25,2018->2022,-11.018499999999847,4.241741805752278,,-19.332313939274314,-2.704686060725381
change,EST,reading,P50,2018->2022,-9.671300000000087,3.4868212891941788,,-16.505469726820678,-2.837130273179497
change,EST,reading,P75,2018->2022,-11.103700000000003,3.324688178444546,,-17.620088829751314,-4.587311170248694
change,EST,reading,P90,2018->2022,-14.867600000000152,4.345024188655343,,-23.383847409764627,-6.351352590235679
change,EST,reading,P90-P10,2018->2022,-1.1415000000000077,5.820264967383834,,-12.549219336072323,10.266219336072307
change,EST,science,P10,2018->2022,-7.664299999999969,4.748217455354521,,-16.97080621249483,1.6422062124948908
change,EST,science,P25,2018->2022,-4.834699999999941,4.017731144149229,,-12.70945304253243,3.0400530425325476
change,EST,science,P50,2018->2022,-4.15829999999994,3.452605871093757,,-10.925407507343703,2.6088075073438235
change,EST,science,P75,2018->2022,-2.6458999999998696,3.812916232579299,,-10.119215815855295,4.827415815855556
change,EST,science,P90,2018->2022,-2.9545000000001664,4.20252381413043,,-11.19144667569581,5.282446675695477
change,EST,science,P90-P10,2018->2022,4.709800000000058,5.956175393889755,,-6.964303772023861,16.383903772023977
change,FIN,math,P10,2018->2022,-33.307500000000005,4.265905855670563,,-41.668675477114306,-24.946324522885703
change,FIN,math,P25,2018->2022,-30.8356,3.3970917168627857,,-37.49389976505106,-24.17730023494894
change,FIN,math,P50,2018->2022,-24.487099999999998,3.3648417165183626,,-31.08218976437599,-17.892010235624006
change,FIN,math,P75,2018->2022,-17.403400000000033,3.335147737024215,,-23.940289564567493,-10.866510435432572
change,FIN,math,P90,2018->2022,-12.210399999999822,3.697587676520395,,-19.457671845979796,-4.963128154019848
change,FIN,math,P90-P10,2018->2022,21.09710000000001,4.669650060348322,,11.944585881717302,30.24961411828272
change,FIN,reading,P10,2018->2022,-36.90809999999993,5.728659112450888,,-48.136271860403674,-25.679928139596193
change,FIN,reading,P25,2018->2022,-34.11940000000004,4.3896891128846205,,-42.723190661253895,-25.515609338746188
change,FIN,reading,P50,2018->2022,-29.98879999999997,3.856035967227952,,-37.546630495766756,-22.430969504233182
change,FIN,reading,P75,2018->2022,-26.30659999999989,3.485947989826834,,-33.139058060060485,-19.474141939939294
change,FIN,reading,P90,2018->2022,-23.511199999999917,4.263326194481907,,-31.867319341184455,-15.155080658815379
change,FIN,reading,P90-P10,2018->2022,13.39690000000013,6.035576607683994,,1.5671698489395034,25.226630151060757
change,FIN,science,P10,2018->2022,-23.52430000000004,5.233635544193391,,-33.782225666619084,-13.266374333380993
change,FIN,science,P25,2018->2022,-20.82439999999997,4.4892847961067925,,-29.62339820036928,-12.025401799630655
change,FIN,science,P50,2018->2022,-12.833299999999781,4.308760870533949,,-21.278471306246324,-4.38812869375324
change,FIN,science,P75,2018->2022,-4.8868000000001075,3.97648505264246,,-12.68071070317933,2.9071107031791144
change,FIN,science,P90,2018->2022,3.9479999999998654,4.451635036266022,,-4.777204671081536,12.673204671081267
change,FIN,science,P90-P10,2018->2022,27.47229999999996,5.48483563716057,,16.722022151165245,38.222577848834675
change,FRA,math,P10,2018->2022,-16.660999999999945,4.541150740909911,,-25.56165545218337,-7.760344547816519
change,FRA,math,P25,2018->2022,-24.449299999999994,4.588337406282243,,-33.44244131631319,-15.456158683686798
change,FRA,math,P50,2018->2022,-26.490700000000004,4.192040949492531,,-34.707100261005365,-18.274299738994642
change,FRA,math,P75,2018->2022,-23.152500000000032,4.463824252999507,,-31.901595535879068,-14.403404464120998
change,FRA,math,P90,2018->2022,-18.494299999999953,4.499052328608278,,-27.312442564072178,-9.676157435927728
change,FRA,math,P90-P10,2018->2022,-1.8332999999998663,5.807000813242578,,-13.215021593955319,9.548421593955586
change,FRA,reading,P10,2018->2022,-24.5542999999999,5.686803791088038,,-35.70043543053245,-13.408164569467344
change,FRA,reading,P25,2018->2022,-22.813800000000015,5.436538084060888,,-33.469414644759354,-12.158185355240676
change,FRA,reading,P50,2018->2022,-18.16710000000012,4.549002155601449,,-27.08314422497896,-9.251055775021278
change,FRA,reading,P75,2018->2022,-17.18290000000013,4.576020548892781,,-26.15190027582998,-8.21389972417028
change,FRA,reading,P90,2018->2022,-13.934600000000046,5.065391401351797,,-23.862767146649567,-4.006432853350523
change,FRA,reading,P90-P10,2018->2022,10.61970000000008,6.447603854275369,,-2.017603554379642,23.2570035543798
change,FRA,science,P10,2018->2022,-14.293700000000001,5.281254645546937,,-24.644959105271997,-3.942440894728005
change,FRA,science,P25,2018->2022,-11.079600000000028,5.051887497427734,,-20.981299494958385,-1.1779005050416682
change,FRA,science,P50,2018->2022,-6.615400000000136,4.569363966984661,,-15.571353375290071,2.340553375289799
change,FRA,science,P75,2018->2022,-2.3111000000000104,4.251724039923887,,-10.644479118250828,6.0222791182508075
change,FRA,science,P90,2018->2022,5.019499999999994,4.626444479475201,,-4.048331179771401,14.087331179771388
change,FRA,science,P90-P10,2018->2022,19.313199999999995,6.659180233290297,,6.261206742751012,32.365193257248976
change,GBR,math,P10,2018->2022,-17.77770000000004,5.035425167473181,,-27.647133328247474,-7.908266671752603
change,GBR,math,P25,2018->2022,-16.359900000000096,4.007974278166517,,-24.21552958520647,-8.504270414793723
change,GBR,math,P50,2018->2022,-15.220500000000015,3.7616363390447787,,-22.59330722452778,-7.847692775472249
change,GBR,math,P75,2018->2022,-11.624500000000012,4.177978434868015,,-19.81333773234132,-3.435662267658703
change,GBR,math,P90,2018->2022,-6.320099999999911,5.291420325394693,,-16.69128383777351,4.051083837773687
change,GBR,math,P90-P10,2018->2022,11.457600000000014,6.467561641633853,,-1.218820817602337,24.134020817602362
change,GBR,reading,P10,2018->2022,-14.894699999999943,5.615911469902085,,-25.901886481008027,-3.8875135189918577
change,GBR,reading,P25,2018->2022,-10.389099999999985,4.3814366690618725,,-18.976715871361257,-1.8014841286387142
change,GBR,reading,P50,2018->2022,-9.886299999999949,3.922795035430736,,-17.57497826944419,-2.1976217305557064
change,GBR,reading,P75,2018->2022,-7.972700000000032,4.0908523656106555,,-15.990770636596917,0.045370636596853586
change,GBR,reading,P90,2018->2022,-6.329099999999926,4.907655174769767,,-15.948104142548669,3.289904142548817
change,GBR,reading,P90-P10,2018->2022,8.565599999999904,6.09210107507163,,-3.3749181071404912,20.5061181071403
change,GBR,science,P10,2018->2022,-10.900699999999972,4.851701359088148,,-20.41003466381274,-1.391365336187203
change,GBR,science,P25,2018->2022,-9.686199999999985,4.273000783147336,,-18.061281534968764,-1.3111184650312069
change,GBR,science,P50,2018->2022,-6.479800000000182,3.993156950403475,,-14.306387622790993,1.3467876227906288
change,GBR,science,P75,2018->2022,-2.7486000000000104,4.51228751872779,,-11.59268353670648,6.095483536706459
change,GBR,science,P90,2018->2022,1.9531000000000631,5.004948089474398,,-7.856598255369757,11.762798255369884
change,GBR,science,P90-P10,2018->2022,12.853800000000035,6.217723342054826,,0.6670622495725773,25.040537750427493
change,GRC,math,P10,2018->2022,-8.16799999999995,5.520236293201386,,-18.98766313467467,2.6516631346747683
change,GRC,math,P25,2018->2022,-20.880999999999915,4.903824374574062,,-30.492495774165075,-11.269504225834755
change,GRC,math,P50,2018->2022,-27.262099999999975,4.303549956528134,,-35.69705791479512,-18.827142085204834
change,GRC,math,P75,2018->2022,-26.04879999999997,4.074946032089811,,-34.035694222896,-18.06190577710394
change,GRC,math,P90,2018->2022,-22.8667999999999,4.9344878812857145,,-32.538396247319895,-13.195203752679898
change,GRC,math,P90-P10,2018->2022,-14.698800000000034,6.327916523013105,,-27.101516385105718,-2.296083614894348
change,GRC,reading,P10,2018->2022,-10.699599999999975,6.5713760076055125,,-23.57949697490678,2.1802969749068293
change,GRC,reading,P25,2018->2022,-18.02019999999993,6.068886882058541,,-29.915218288834673,-6.125181711165192
change,GRC,reading,P50,2018->2022,-21.036099999999976,5.231783111425776,,-31.290394898394496,-10.781805101605455
change,GRC,reading,P75,2018->2022,-21.132999999999925,4.849280473832061,,-30.637589728710765,-11.628410271289086
change,GRC,reading,P90,2018->2022,-22.154300000000035,5.1205295078840365,,-32.190537835452744,-12.118062164547323
change,GRC,reading,P90-P10,2018->2022,-11.454700000000031,6.586529004549951,,-24.364296848917935,1.4548968489178726
change,GRC,science,P10,2018->2022,-15.00079999999997,6.093152260712202,,-26.943378430995885,-3.058221569004054
change,GRC,science,P25,2018->2022,-15.70640000000003,5.313418529063944,,-26.12070031696536,-5.292099683034699
change,GRC,science,P50,2018->2022,-12.216200000000015,4.70142532737561,,-21.430993641656208,-3.0014063583438197
change,GRC,science,P75,2018->2022,-7.977700000000084,4.504352430766887,,-16.80623076430318,0.850830764303014
change,GRC,science,P90,2018->2022,-1.8121000000001004,4.876881440417517,,-11.370787623218433,7.7465876232182325
change,GRC,science,P90-P10,2018->2022,13.188700000000011,6.773624967187883,,-0.08760493568824046,26.465004935688263
change,HUN,math,P10,2018->2022,-12.573500000000081,5.150489881069566,,-22.66846016689643,-2.4785398331037314
change,HUN,math,P25,2018->2022,-11.690400000000011,4.678239821473696,,-20.859750050088454,-2.5210499499115677
change,HUN,math,P50,2018->2022,-9.61239999999998,4.404149946735847,,-18.24453389560224,-0.9802661043977192
change,HUN,math,P75,2018->2022,-7.612799999999993,4.509787234633882,,-16.451982979882402,1.2263829798824162
change,HUN,math,P90,2018->2022,-2.612899999999968,5.60974654864194,,-13.60800323533817,8.382203235338235
change,HUN,math,P90-P10,2018->2022,9.960599999999971,7.688526077611445,,-5.108911112118461,25.030111112118405
change,HUN,reading,P10,2018->2022,-10.063400000000058,5.886633085125044,,-21.601200846845146,1.4744008468450271
change,HUN,reading,P25,2018->2022,-2.7720999999999663,5.113789362650317,,-12.795127150794587,7.250927150794654
change,HUN,reading,P50,2018->2022,0.43180000000000973,4.962394983775477,,-9.294494168199925,10.158094168199945
change,HUN,reading,P75,2018->2022,-0.838799999999992,4.455415270581788,,-9.571413930340297,7.893813930340313
change,HUN,reading,P90,2018->2022,-2.3256000000001222,5.048518394649171,,-12.220696053512496,7.5694960535122515
change,HUN,reading,P90-P10,2018->2022,7.737799999999993,7.369211199156767,,-6.705853950347269,22.181453950347255
change,HUN,science,P10,2018->2022,0.5982999999999947,5.117868872609208,,-9.432722990314051,10.62932299031404
change,HUN,science,P25,2018->2022,4.43240000000003,4.9066620540059835,,-5.184657625851697,14.049457625851757
change,HUN,science,P50,2018->2022,3.706999999999937,4.807363415694258,,-5.715432294760809,13.129432294760683
change,HUN,science,P75,2018->2022,6.264300000000048,4.853273136073566,,-3.2481153467041413,15.776715346704238
change,HUN,science,P90,2018->2022,8.962499999999977,5.28551112865267,,-1.3971018121592564,19.32210181215921
change,HUN,science,P90-P10,2018->2022,8.36420000000004,7.288987075909652,,-5.922214668782878,22.650614668782957
change,IRL,math,P10,2018->2022,-10.680899999999951,4.276536775502139,,-19.062912079984144,-2.2988879200157584
change,IRL,math,P25,2018->2022,-10.67659999999995,3.907559255539902,,-18.335416140858158,-3.017783859141743
change,IRL,math,P50,2018->2022,-9.16259999999994,3.38689160711313,,-15.800907549941675,-2.5242924500582067
change,IRL,math,P75,2018->2022,-6.564199999999914,3.1081950341887405,,-12.656262267009845,-0.4721377329899834
change,IRL,math,P90,2018->2022,-5.040099999999825,4.071030707531772,,-13.019320186762098,2.939120186762448
change,IRL,math,P90-P10,2018->2022,5.640800000000041,4.634193283805353,,-3.4422188362584514,14.723818836258534
change,IRL,reading,P10,2018->2022,1.8333000000000652,5.223107566807757,,-8.403990830943139,12.070590830943269
change,IRL,reading,P25,2018->2022,2.1099000000000387,4.229985213134122,,-6.18087101774284,10.400671017742917
change,IRL,reading,P50,2018->2022,0.5544999999999618,3.5595578277989044,,-6.422233342485891,7.531233342485814
change,IRL,reading,P75,2018->2022,-4.821000000000026,3.8069318796987472,,-12.28258648420957,2.6405864842095177
change,IRL,reading,P90,2018->2022,-7.837500000000091,3.8171538903714404,,-15.319121625128114,-0.3558783748720682
change,IRL,reading,P90-P10,2018->2022,-9.670800000000014,5.102394987922616,,-19.67149417632834,0.3298941763283132
change,IRL,science,P10,2018->2022,3.9495999999999754,5.2795847216213705,,-6.3983860543779105,14.297586054377861
change,IRL,science,P25,2018->2022,6.128900000000101,4.042394793243782,,-1.7941937947577111,14.051993794757912
change,IRL,science,P50,2018->2022,8.200700000000097,3.696893785027881,,0.9547881813454504,15.446611818654745
change,IRL,science,P75,2018->2022,10.520300000000134,3.6011034719312836,,3.462137195014818,17.57846280498545
change,IRL,science,P90,2018->2022,10.990199999999959,4.255783944038194,,2.6488634696850983,19.33153653031482
change,IRL,science,P90-P10,2018->2022,7.040599999999955,6.1001650219937105,,-4.9157234431077175,18.996923443107626
change,ISL,math,P10,2018->2022,-29.62949999999995,5.106592943005696,,-39.638422168291115,-19.620577831708786
change,ISL,math,P25,2018->2022,-37.617600000000095,4.269013002569924,,-45.98486548503715,-29.250334514963043
change,ISL,math,P50,2018->2022,-41.50319999999999,3.447849648855225,,-48.26098531175623,-34.745414688243756
change,ISL,math,P75,2018->2022,-38.1318,3.736688164226006,,-45.45570880188297,-30.807891198117026
change,ISL,math,P90,2018->2022,-34.3338,4.465933461588235,,-43.08702958471294,-25.580570415287056
change,ISL,math,P90-P10,2018->2022,-4.704300000000018,6.364946429817341,,-17.179595002442007,7.770995002441969
change,ISL,reading,P10,2018->2022,-33.36590000000001,5.8864678080794315,,-44.90337690383569,-21.828423096164325
change,ISL,reading,P25,2018->2022,-40.569300000000055,4.450318972463278,,-49.29192518602808,-31.84667481397203
change,ISL,reading,P50,2018->2022,-40.11259999999993,4.311021636843559,,-48.56220240821331,-31.662997591786553
change,ISL,reading,P75,2018->2022,-38.757600000000025,4.1796461676398655,,-46.949706488574165,-30.56549351142589
change,ISL,reading,P90,2018->2022,-39.31079999999997,5.033565977846457,,-49.176589316579026,-29.445010683420918
change,ISL,reading,P90-P10,2018->2022,-5.944900000000018,7.974990941687646,,-21.575882245707803,9.686082245707768
change,ISL,science,P10,2018->2022,-30.153599999999926,4.876610144010565,,-39.71175588226063,-20.59544411773922
change,ISL,science,P25,2018->2022,-31.026799999999923,3.8904385334075418,,-38.652059525478705,-23.40154047452114
change,ISL,science,P50,2018->2022,-29.42089999999996,3.5395058070772123,,-36.358331381871295,-22.483468618128626
change,ISL,science,P75,2018->2022,-25.845199999999977,4.030976209031477,,-33.745913369701675,-17.944486630298282
change,ISL,science,P90,2018->2022,-22.96230000000014,4.540359781143144,,-31.861405171040705,-14.063194828959578
change,ISL,science,P90-P10,2018->2022,7.191299999999956,6.427384123939283,,-5.406372882921039,19.78897288292095
change,ISR,math,P10,2018->2022,1.2715000000000032,7.013083765006665,,-12.47414417941306,15.017144179413066
change,ISR,math,P25,2018->2022,-7.741400000000056,6.322767703044814,,-20.13402469796789,4.6512246979677805
change,ISR,math,P50,2018->2022,-9.93159999999989,5.7755375452083335,,-21.25165358860822,1.388453588608444
change,ISR,math,P75,2018->2022,-7.794099999999958,5.242096169366688,,-18.068608491958663,2.48040849195875
change,ISR,math,P90,2018->2022,-3.6698999999998705,6.027413052555058,,-15.483629583007785,8.143829583008044
change,ISR,math,P90-P10,2018->2022,-4.941400000000044,8.486733375032403,,-21.575397415063552,11.692597415063464
change,ISR,reading,P10,2018->2022,9.778799999999876,7.444261088247777,,-4.811951732965767,24.36955173296552
change,ISR,reading,P25,2018->2022,6.712199999999996,7.659418778572922,,-8.300260806002932,21.724660806002923
change,ISR,reading,P50,2018->2022,2.1083999999999037,6.50134865666775,,-10.634243367068885,14.851043367068693
change,ISR,reading,P75,2018->2022,0.16980000000012296,5.098790921929982,,-9.823830206982642,10.163430206982888
change,ISR,reading,P90,2018->2022,0.5641000000000531,5.2681684145862615,,-9.761510092589019,10.889710092589125
change,ISR,reading,P90-P10,2018->2022,-9.214699999999993,7.9599259427738644,,-24.816154847836767,6.38675484783678
change,ISR,science,P10,2018->2022,6.430300000000102,6.539578818836713,,-6.387274484919855,19.24787448492006
change,ISR,science,P25,2018->2022,3.8406000000000518,6.51973979167199,,-8.938089991677048,16.61928999167715
change,ISR,science,P50,2018->2022,2.0161000000000513,6.421831054475218,,-10.570688866771377,14.60288886677148
change,ISR,science,P75,2018->2022,-0.4411999999999807,5.391732347461872,,-11.008995401025249,10.126595401025288
change,ISR,science,P90,2018->2022,-1.7520000000000664,5.974332908646227,,-13.461692500946672,9.95769250094654
change,ISR,science,P90-P10,2018->2022,-8.182299999999941,7.603113312759882,,-23.08440209300931,6.719802093009427
change,ITA,math,P10,2018->2022,-6.087600000000009,5.629575244486334,,-17.121567479193224,4.946367479193206
change,ITA,math,P25,2018->2022,-15.458399999999983,4.319479266776389,,-23.924579362881705,-6.992220637118262
change,ITA,math,P50,2018->2022,-21.09620000000001,4.946116788732124,,-30.790588905914973,-11.401811094085048
change,ITA,math,P75,2018->2022,-19.064499999999953,5.508143742929889,,-29.860461736142533,-8.268538263857371
change,ITA,math,P90,2018->2022,-15.522399999999948,6.436102536085008,,-28.137160970726562,-2.907639029273332
change,ITA,math,P90-P10,2018->2022,-9.434800000000081,7.566019160290889,,-24.264197554170224,5.39459755417006
change,ITA,reading,P10,2018->2022,11.596900000000005,5.963874870417724,,-0.09229474601873378,23.286094746018744
change,ITA,reading,P25,2018->2022,6.76640000000009,4.827920294495341,,-2.696323777210779,16.22912377721096
change,ITA,reading,P50,2018->2022,5.243499999999926,4.289773324495782,,-3.1644557160118048,13.651455716011657
change,ITA,reading,P75,2018->2022,2.311200000000099,4.322957151457021,,-6.1617960168556625,10.78419601685586
change,ITA,reading,P90,2018->2022,-1.211699999999837,4.8564661413647485,,-10.730373637074743,8.30697363707507
change,ITA,reading,P90-P10,2018->2022,-12.808599999999984,7.0364903031743555,,-26.60012099422172,0.982920994221752
change,ITA,science,P10,2018->2022,7.977399999999932,5.497582242626703,,-2.797861195548407,18.75266119554827
change,ITA,science,P25,2018->2022,6.04340000000002,4.882589386676795,,-3.526475197886498,15.613275197886537
change,ITA,science,P50,2018->2022,9.582999999999913,4.838000142046757,,0.10051972158827027,19.065480278411556
change,ITA,science,P75,2018->2022,11.221399999999903,5.245727761341713,,0.9397735877701461,21.50302641222966
change,ITA,science,P90,2018->2022,14.00120000000004,5.661294615388087,,2.9050625538393895,25.09733744616069
change,ITA,science,P90-P10,2018->2022,6.023800000000023,6.895486308126168,,-7.491353163927267,19.53895316392731
change,JPN,math,P10,2018->2022,-2.6370000000000005,6.249434184210421,,-14.885891001052425,9.611891001052424
change,JPN,math,P25,2018->2022,4.733200000000011,5.202107705536287,,-5.462931102851112,14.929331102851133
change,JPN,math,P50,2018->2022,10.110399999999913,4.33730279103398,,1.6092865295733123,18.611513470426516
change,JPN,math,P75,2018->2022,12.652400000000057,4.368862676626738,,4.0894291538116505,21.215370846188463
change,JPN,math,P90,2018->2022,15.95169999999996,5.758043259312238,,4.665935211747973,27.23746478825195
change,JPN,math,P90-P10,2018->2022,18.58869999999996,7.897105228710918,,3.110373751726563,34.06702624827336
change,JPN,reading,P10,2018->2022,12.826999999999998,7.081721323473084,,-1.053173794007245,26.70717379400724
change,JPN,reading,P25,2018->2022,12.773500000000013,5.593952088044136,,1.8093539074335059,23.73764609256652
change,JPN,reading,P50,2018->2022,13.985699999999838,4.786015440205861,,4.605109737196351,23.366290262803325
change,JPN,reading,P75,2018->2022,12.578800000000001,4.511685323997869,,3.7358967649641777,21.421703235035825
change,JPN,reading,P90,2018->2022,8.96709999999996,5.079831307347832,,-0.9893693624017921,18.92356936240171
change,JPN,reading,P90-P10,2018->2022,-3.8599000000000103,7.78011952357489,,-19.108934266206795,11.389134266206774
change,JPN,science,P10,2018->2022,16.656900000000064,6.36690191524366,,4.17777224612249,29.136027753877638
change,JPN,science,P25,2018->2022,17.763099999999838,5.640773461148745,,6.707184016148297,28.81901598385138
change,JPN,science,P50,2018->2022,18.439300000000003,4.340330802804985,,9.932251626502232,26.946348373497774
change,JPN,science,P75,2018->2022,18.633300000000077,4.323078420138442,,10.160066296528731,27.10653370347142
change,JPN,science,P90,2018->2022,16.930799999999977,4.864048099748463,,7.397265724492989,26.464334275506964
change,JPN,science,P90-P10,2018->2022,0.27390000000005443,7.36598091110598,,-14.163422585767666,14.711222585767775
change,KOR,math,P10,2018->2022,-5.474700000000041,7.789500649271429,,-20.742121272572042,9.79272127257196
change,KOR,math,P25,2018->2022,-3.4256000000000313,6.328616460877439,,-15.829688263319811,8.978488263319749
change,KOR,math,P50,2018->2022,1.3145000000000664,5.500276193923758,,-9.4660413400905,12.095041340090633
change,KOR,math,P75,2018->2022,4.798799999999915,5.534450710072515,,-6.0487233917422145,15.646323391742044
change,KOR,math,P90,2018->2022,8.275100000000066,6.809477613020122,,-5.071476121519373,21.621676121519506
change,KOR,math,P90-P10,2018->2022,13.749799999999993,9.49132420625981,,-4.853195444269232,32.35279544426922
change,KOR,reading,P10,2018->2022,1.9975000000000591,7.985471699419028,,-13.654024530861236,17.649024530861354
change,KOR,reading,P25,2018->2022,2.1177999999998747,6.160101222382634,,-9.955998395870088,14.191598395869837
change,KOR,reading,P50,2018->2022,0.5178999999999405,5.063104067609548,,-9.405783972514774,10.441583972514655
change,KOR,reading,P75,2018->2022,1.6444000000000187,4.764143063786212,,-7.693320405020955,10.982120405020993
change,KOR,reading,P90,2018->2022,1.4188000000001466,5.7162411342594766,,-9.785032623148426,12.62263262314872
change,KOR,reading,P90-P10,2018->2022,-0.5787000000000262,8.335624073117348,,-16.916523183310026,15.759123183309974
change,KOR,science,P10,2018->2022,-0.21730000000007976,7.584363954398401,,-15.082653350620946,14.648053350620787
change,KOR,science,P25,2018->2022,5.920099999999991,6.085967940042257,,-6.008397162482831,17.84859716248281
change,KOR,science,P50,2018->2022,11.012899999999945,5.278325805067786,,0.6673814220670842,21.358418577932806
change,KOR,science,P75,2018->2022,14.069000000000074,5.129975868689183,,4.014247297369275,24.123752702630874
change,KOR,science,P90,2018->2022,15.49690000000021,6.230252166913732,,3.285605752849296,27.708194247151123
change,KOR,science,P90-P10,2018->2022,15.714199999999948,8.91909544345413,,-1.767227069170147,33.195627069170044
change,LTU,math,P10,2018->2022,1.6915999999999372,4.660974902015908,,-7.443910807951243,10.827110807951117
change,LTU,math,P25,2018->2022,-5.679400000000101,3.7180883615702855,,-12.96685318867786,1.6080531886776592
change,LTU,math,P50,2018->2022,-10.350200000000143,3.2459104114938886,,-16.712184406528166,-3.9882155934721215
change,LTU,math,P75,2018->2022,-10.077100000000087,3.32437364000097,,-16.59287233440199,-3.561327665598186
change,LTU,math,P90,2018->2022,-7.517600000000016,4.098447804284506,,-15.550557696397647,0.515357696397615
change,LTU,math,P90-P10,2018->2022,-9.209199999999981,5.676698165160208,,-20.335528403713987,1.9171284037140257
change,LTU,reading,P10,2018->2022,-2.9619999999999322,5.083281297493222,,-12.925231343086647,7.001231343086783
change,LTU,reading,P25,2018->2022,-1.6821999999999662,3.7824218825744125,,-9.095746889845815,5.731346889845883
change,LTU,reading,P50,2018->2022,-5.2094000000000165,3.6092081205192654,,-12.283447916217778,1.864647916217744
change,LTU,reading,P75,2018->2022,-4.917599999999993,3.394012204030951,,-11.569863919900657,1.7346639199006706
change,LTU,reading,P90,2018->2022,-5.050199999999904,3.922812414440545,,-12.738912332303371,2.6385123323035637
change,LTU,reading,P90-P10,2018->2022,-2.088200000000029,6.120868581564029,,-14.085102419865525,9.908702419865467
change,LTU,science,P10,2018->2022,0.21900000000005093,4.385140382270812,,-8.37587514925074,8.813875149250842
change,LTU,science,P25,2018->2022,1.271600000000035,4.06128300609002,,-6.688514691936403,9.231714691936473
change,LTU,science,P50,2018->2022,0.9841000000000122,3.4860633774598337,,-5.848584219821261,7.816784219821286
change,LTU,science,P75,2018->2022,2.804399999999987,3.3246986677993258,,-3.712009388886692,9.320809388886666
change,LTU,science,P90,2018->2022,6.494000000000028,4.143449221160234,,-1.6271604734740297,14.615160473474086
change,LTU,science,P90-P10,2018->2022,6.274999999999949,5.374329409899541,,-4.258685643403153,16.808685643403052
change,LVA,math,P10,2018->2022,-11.947000000000003,4.648508796258102,,-21.05807724066588,-2.8359227593341227
change,LVA,math,P25,2018->2022,-13.839699999999993,3.517275493664572,,-20.733559967582554,-6.945840032417433
change,LVA,math,P50,2018->2022,-15.391100000000108,3.384911170917187,,-22.025525894997795,-8.756674105002421
change,LVA,math,P75,2018->2022,-13.826999999999884,3.5710134850705173,,-20.826186430738097,-6.827813569261671
change,LVA,math,P90,2018->2022,-12.276199999999903,4.283323645708886,,-20.67151434558932,-3.8808856544104877
change,LVA,math,P90-P10,2018->2022,-0.32919999999998595,5.698552246404348,,-11.498362402952507,10.839962402952535
change,LVA,reading,P10,2018->2022,-2.404000000000053,5.094831320618531,,-12.389869388412373,7.581869388412267
change,LVA,reading,P25,2018->2022,-1.4016999999999484,4.1571907203062,,-9.5497938118001,6.746393811800203
change,LVA,reading,P50,2018->2022,-4.68730000000005,3.479534596832682,,-11.507187809792107,2.132587809792007
change,LVA,reading,P75,2018->2022,-5.629800000000046,3.800171988578641,,-13.078137097614182,1.8185370976140902
change,LVA,reading,P90,2018->2022,-4.2333999999999605,4.409815306790088,,-12.876638001308532,4.409838001308611
change,LVA,reading,P90-P10,2018->2022,-1.829400000000021,5.978988570820331,,-13.548217598807868,9.889417598807826
change,LVA,science,P10,2018->2022,8.185999999999979,4.644036646783338,,-0.9163118276953632,17.28831182769532
change,LVA,science,P25,2018->2022,5.378999999999962,3.9794166549745578,,-2.4206566437501706,13.178656643750095
change,LVA,science,P50,2018->2022,3.9331999999999425,3.496019880680189,,-2.918998966133228,10.785398966133112
change,LVA,science,P75,2018->2022,6.3554000000000315,3.6491186580536956,,-0.7968725697852115,13.507672569785274
change,LVA,science,P90,2018->2022,8.786600000000021,4.181325308041301,,0.5912023962390709,16.981997603760973
change,LVA,science,P90-P10,2018->2022,0.6006000000000142,6.013067645414716,,-11.185012585012828,12.386212585012856
change,MEX,math,P10,2018->2022,-1.5445999999999458,4.610699411212525,,-10.581570845976493,7.492370845976602
change,MEX,math,P25,2018->2022,-8.902499999999975,3.5432965534309355,,-15.84736124472461,-1.9576387552753411
change,MEX,math,P50,2018->2022,-16.79940000000005,3.707264239375926,,-24.065637909176864,-9.533162090823232
change,MEX,math,P75,2018->2022,-20.90050000000008,4.263669423161228,,-29.257292069396087,-12.543707930604073
change,MEX,math,P90,2018->2022,-22.144299999999987,5.262370209906477,,-32.45854561141668,-11.830054388583292
change,MEX,math,P90-P10,2018->2022,-20.599700000000013,6.258207599979759,,-32.86578689596034,-8.333613104039685
change,MEX,reading,P10,2018->2022,-5.933899999999994,5.117168068592451,,-15.963549414441198,4.09574941444121
change,MEX,reading,P25,2018->2022,-5.672500000000014,4.213389391175076,,-13.930743206703163,2.5857432067031354
change,MEX,reading,P50,2018->2022,-4.712600000000009,4.355863071067417,,-13.250091619292146,3.824891619292128
change,MEX,reading,P75,2018->2022,-3.7961000000001377,5.296083225575507,,-14.176423122128131,6.584223122127856
change,MEX,reading,P90,2018->2022,-4.163299999999936,6.38881786861493,,-16.685383022485198,8.358783022485326
change,MEX,reading,P90-P10,2018->2022,1.7706000000000017,7.250876816212572,,-12.441118559776639,15.982318559776642
change,MEX,science,P10,2018->2022,-10.787900000000036,5.104941414725327,,-20.793585172861675,-0.7822148271383949
change,MEX,science,P25,2018->2022,-9.453599999999994,3.856306416983311,,-17.011960577287283,-1.895239422712705
change,MEX,science,P50,2018->2022,-7.654799999999966,3.928261407841046,,-15.354192359368415,0.04459235936848405
change,MEX,science,P75,2018->2022,-7.987700000000075,4.283079738861327,,-16.382536288168275,0.4071362881681253
change,MEX,science,P90,2018->2022,-9.725400000000036,5.714644546494367,,-20.926103311128998,1.4753033111289238
change,MEX,science,P90-P10,2018->2022,1.0625000000000853,7.070578783357606,,-12.795834415380822,14.920834415380993
change,NLD,math,P10,2018->2022,-46.674399999999935,7.425609704821101,,-61.228595021449294,-32.120204978550575
change,NLD,math,P25,2018->2022,-41.908500000000004,7.7625366271098635,,-57.12307178913534,-26.69392821086467
change,NLD,math,P50,2018->2022,-27.54300000000012,5.7599124237651775,,-38.83242835057987,-16.253571649420373
change,NLD,math,P75,2018->2022,-13.464799999999968,4.357862612884656,,-22.006210721253893,-4.923389278746043
change,NLD,math,P90,2018->2022,-7.949100000000044,4.566355240658433,,-16.899156271690572,1.0009562716904856
change,NLD,math,P90-P10,2018->2022,38.725299999999976,8.225990859532432,,22.60235791531641,54.84824208468354
change,NLD,reading,P10,2018->2022,-39.29409999999996,7.955523863957673,,-54.886926773357,-23.70127322664292
change,NLD,reading,P25,2018->2022,-39.85419999999999,8.088849253104208,,-55.70834453608424,-24.000055463915743
change,NLD,reading,P50,2018->2022,-24.095899999999972,6.7935741054404595,,-37.411305246663275,-10.780494753336672
change,NLD,reading,P75,2018->2022,-14.515800000000013,5.584042928739002,,-25.46052414032846,-3.571075859671568
change,NLD,reading,P90,2018->2022,-12.820799999999963,5.0422974911685285,,-22.70370308269028,-2.937896917309647
change,NLD,reading,P90-P10,2018->2022,26.47330000000011,8.453670603189016,,9.90410561774964,43.04249438225058
change,NLD,science,P10,2018->2022,-23.69350000000003,7.469706297810885,,-38.33412434370936,-9.052875656290695
change,NLD,science,P25,2018->2022,-26.615900000000067,7.834617245383892,,-41.971749800952495,-11.26005019904764
change,NLD,science,P50,2018->2022,-18.98769999999996,6.310567656100535,,-31.35641260595701,-6.618987394042913
change,NLD,science,P75,2018->2022,-7.186800000000062,5.358312404469243,,-17.689092312759776,3.3154923127596536
change,NLD,science,P90,2018->2022,-0.06799999999986994,5.083135971196013,,-10.030946503544055,9.894946503544315
change,NLD,science,P90-P10,2018->2022,23.625500000000045,8.590485860176319,,6.78814771405446,40.46285228594563
change,NOR,math,P10,2018->2022,-35.537199999999984,4.673159663261392,,-44.696592939992314,-26.377807060007655
change,NOR,math,P25,2018->2022,-39.56220000000002,3.853171027507372,,-47.11441521391447,-32.00998478608557
change,NOR,math,P50,2018->2022,-35.03430000000003,3.9698408416179314,,-42.81518804957118,-27.253411950428884
change,NOR,math,P75,2018->2022,-30.522199999999884,3.539314283790636,,-37.45925599622953,-23.58514400377024
change,NOR,math,P90,2018->2022,-27.59629999999993,4.002783017823701,,-35.44175471493438,-19.750845285065473
change,NOR,math,P90-P10,2018->2022,7.940900000000056,5.62701817015212,,-3.0880556134980974,18.96985561349821
change,NOR,reading,P10,2018->2022,-32.955600000000004,5.7174383081256055,,-44.16177908392619,-21.749420916073817
change,NOR,reading,P25,2018->2022,-32.2817,4.852544829834706,,-41.79268786647602,-22.77071213352398
change,NOR,reading,P50,2018->2022,-24.18760000000003,4.189178391602187,,-32.39838964754032,-15.976810352459745
change,NOR,reading,P75,2018->2022,-18.289800000000014,4.333594981780278,,-26.783646164289358,-9.79595383571067
change,NOR,reading,P90,2018->2022,-13.358799999999974,4.164810836574027,,-21.52182923968507,-5.195770760314881
change,NOR,reading,P90-P10,2018->2022,19.59680000000003,6.313427402018301,,7.222482292044161,31.971117707955898
change,NOR,science,P10,2018->2022,-18.801800000000014,5.014982620054071,,-28.631165935305994,-8.972434064694035
change,NOR,science,P25,2018->2022,-23.366800000000012,4.596503360405841,,-32.37594658639546,-14.357653413604563
change,NOR,science,P50,2018->2022,-14.866599999999892,3.902341620389254,,-22.51518957596283,-7.218010424036954
change,NOR,science,P75,2018->2022,-4.817099999999982,4.240022433771875,,-13.127543970192857,3.4933439701928926
change,NOR,science,P90,2018->2022,-1.2504999999999882,4.272352885836007,,-9.62431165623856,7.1233116562385845
change,NOR,science,P90-P10,2018->2022,17.55129999999997,5.763043507316459,,6.2557347256597104,28.846865274340228
change,NZL,math,P10,2018->2022,-21.87480000000005,4.41881748824778,,-30.535682276965698,-13.213917723034402
change,NZL,math,P25,2018->2022,-21.986900000000105,4.1075771470404385,,-30.037751208199364,-13.936048791800847
change,NZL,math,P50,2018->2022,-17.554299999999955,3.485079906305354,,-24.385056616358447,-10.723543383641461
change,NZL,math,P75,2018->2022,-13.247899999999845,3.6087999313406565,,-20.32114786542753,-6.174652134572159
change,NZL,math,P90,2018->2022,-5.628000000000043,4.34644467365123,,-14.147031560356453,2.8910315603563674
change,NZL,math,P90-P10,2018->2022,16.246800000000007,6.1791249452401384,,4.135715107329336,28.35788489267068
change,NZL,reading,P10,2018->2022,-8.212599999999952,5.285115299068177,,-18.57142598617358,2.1462259861736737
change,NZL,reading,P25,2018->2022,-7.183800000000076,4.641693700759099,,-16.281519653487912,1.913919653487758
change,NZL,reading,P50,2018->2022,-6.510999999999967,4.035982374631145,,-14.421525454277013,1.3995254542770779
change,NZL,reading,P75,2018->2022,-4.038799999999924,3.691395337433022,,-11.273934861368646,3.1963348613687987
change,NZL,reading,P90,2018->2022,0.5228999999998223,4.352255654255615,,-8.007521082341182,9.053321082340826
change,NZL,reading,P90-P10,2018->2022,8.735500000000059,6.602971209404305,,-4.206323570432378,21.677323570432495
change,NZL,science,P10,2018->2022,-8.781599999999969,5.522678275629603,,-19.60604942023399,2.0428494202340524
change,NZL,science,P25,2018->2022,-8.628300000000138,4.539475688826238,,-17.525672350099565,0.26907235009928954
change,NZL,science,P50,2018->2022,-6.018299999999954,3.8358820285851105,,-13.53662877602677,1.5000287760268627
change,NZL,science,P75,2018->2022,-0.9445000000001755,4.0277661362513815,,-8.838921627052883,6.949921627052532
change,NZL,science,P90,2018->2022,3.3773999999998523,4.246680988921435,,-4.94609473828616,11.700894738285864
change,NZL,science,P90-P10,2018->2022,12.159000000000049,6.751637137185504,,-1.0742087888835403,25.392208788883636
change,POL,math,P10,2018->2022,-27.869999999999948,4.917922914989395,,-37.509128913379165,-18.23087108662073
change,POL,math,P25,2018->2022,-28.413999999999987,4.331139310209777,,-36.90303304801115,-19.92496695198882
change,POL,math,P50,2018->2022,-26.367999999999938,4.030841791873145,,-34.268449912071304,-18.467550087928572
change,POL,math,P75,2018->2022,-25.99039999999991,4.0757186255922955,,-33.97880850616081,-18.00199149383901
change,POL,math,P90,2018->2022,-26.46979999999985,5.258752913635193,,-36.77695571072483,-16.162644289274873
change,POL,math,P90-P10,2018->2022,1.400199999999984,6.8528570780530815,,-12.031399872984055,14.831799872984023
change,POL,reading,P10,2018->2022,-36.99349999999998,6.282874810148615,,-49.30793462789127,-24.679065372108695
change,POL,reading,P25,2018->2022,-27.40429999999992,5.357978185949542,,-37.90593724446102,-16.90266275553882
change,POL,reading,P50,2018->2022,-20.019100000000094,4.609388540914195,,-29.053501540191917,-10.984698459808271
change,POL,reading,P75,2018->2022,-17.985500000000002,4.821836626685352,,-27.43629978830329,-8.534700211696713
change,POL,reading,P90,2018->2022,-16.856499999999983,5.411546698803713,,-27.46313152965526,-6.249868470344705
change,POL,reading,P90-P10,2018->2022,20.136999999999972,7.691665661971762,,5.061335302535317,35.212664697464625
change,POL,science,P10,2018->2022,-21.957499999999925,5.199967593862697,,-32.14943648397081,-11.76556351602904
change,POL,science,P25,2018->2022,-15.912799999999947,4.8527980795161385,,-25.42428423585158,-6.4013157641483165
change,POL,science,P50,2018->2022,-9.096599999999967,4.365352945639103,,-17.65269177345261,-0.5405082265473258
change,POL,science,P75,2018->2022,-8.017299999999864,4.488101449450048,,-16.81397884092196,0.7793788409222309
change,POL,science,P90,2018->2022,-7.116099999999847,5.254262985212835,,-17.414455451017,3.1822554510173084
change,POL,science,P90-P10,2018->2022,14.841399999999993,6.568341333201566,,1.9674509869249235,27.715349013075063
change,PRT,math,P10,2018->2022,-5.815099999999973,5.569252563954263,,-16.73083502535033,5.100635025350384
change,PRT,math,P25,2018->2022,-18.47670000000005,4.734224322831445,,-27.755779672749682,-9.197620327250418
change,PRT,math,P50,2018->2022,-26.64510000000007,4.188177009153269,,-34.85392693794048,-18.436273062059662
change,PRT,math,P75,2018->2022,-25.26400000000001,4.033538784092432,,-33.169736016821176,-17.358263983178844
change,PRT,math,P90,2018->2022,-24.711900000000014,4.219123185370793,,-32.98138144332677,-16.44241855667326
change,PRT,math,P90-P10,2018->2022,-18.89680000000004,6.198405194080185,,-31.045674180397206,-6.747925819602878
change,PRT,reading,P10,2018->2022,-10.364100000000064,6.320697464063778,,-22.752667029565067,2.0244670295649403
change,PRT,reading,P25,2018->2022,-11.713099999999997,4.9042283179925485,,-21.325387503265393,-2.1008124967346014
change,PRT,reading,P50,2018->2022,-16.925299999999993,4.145765962668686,,-25.05100128683062,-8.799598713169368
change,PRT,reading,P75,2018->2022,-18.592899999999872,3.868920299716116,,-26.17598378744346,-11.009816212556284
change,PRT,reading,P90,2018->2022,-18.20150000000001,3.882819698077379,,-25.811826608231673,-10.591173391768347
change,PRT,reading,P90-P10,2018->2022,-7.837400000000031,6.3999055540774235,,-20.38121488599178,4.70641488599172
change,PRT,science,P10,2018->2022,-4.064700000000016,5.9988102760741935,,-15.822368141105436,7.692968141105403
change,PRT,science,P25,2018->2022,-8.321499999999958,5.066304828746269,,-18.251457464342643,1.6084574643427292
change,PRT,science,P50,2018->2022,-8.79120000000006,4.49038569835599,,-17.592355968777802,0.009955968777680013
change,PRT,science,P75,2018->2022,-7.8390000000000555,4.339543576294119,,-16.34450540953653,0.666505409536418
change,PRT,science,P90,2018->2022,-5.742899999999963,4.461388613798776,,-14.487221683045563,3.0014216830456366
change,PRT,science,P90-P10,2018->2022,-1.6782000000000608,6.428526555690826,,-14.27811204915408,10.921712049153959
change,SVK,math,P10,2018->2022,-26.001900000000035,7.499891687477152,,-40.70168770745525,-11.302112292544816
change,SVK,math,P25,2018->2022,-27.276899999999955,5.982968605410973,,-39.00351846660546,-15.550281533394447
change,SVK,math,P50,2018->2022,-23.490400000000022,4.67055446535943,,-32.644686752104505,-14.33611324789554
change,SVK,math,P75,2018->2022,-19.981499999999983,4.037615280638361,,-27.89522595005117,-12.067774049948795
change,SVK,math,P90,2018->2022,-19.6570999999999,4.779912688823687,,-29.025728870094326,-10.288471129905473
change,SVK,math,P90-P10,2018->2022,6.344799999999964,8.266847268322886,,-9.858220645912894,22.54782064591282
change,SVK,reading,P10,2018->2022,-20.3861,6.384078413957305,,-32.898893691356314,-7.8733063086436825
change,SVK,reading,P25,2018->2022,-15.299900000000036,5.414423497935863,,-25.912170055954327,-4.687629944045744
change,SVK,reading,P50,2018->2022,-6.252999999999986,4.806366489239962,,-15.67347831891031,3.167478318910339
change,SVK,reading,P75,2018->2022,-5.396200000000022,4.546432909191301,,-14.307208502014971,3.514808502014928
change,SVK,reading,P90,2018->2022,-9.107400000000212,4.677412446713093,,-18.27512839555787,0.060328395557450065
change,SVK,reading,P90-P10,2018->2022,11.278699999999958,7.183758000285541,,-2.8014656805597014,25.358865680559617
change,SVK,science,P10,2018->2022,-13.667100000000005,6.156117892344529,,-25.733091068995282,-1.6011089310047275
change,SVK,science,P25,2018->2022,-6.020400000000052,5.245295179650682,,-16.30117855211539,4.260378552115286
change,SVK,science,P50,2018->2022,0.7641999999999598,4.605479841691007,,-8.262540489714414,9.790940489714334
change,SVK,science,P75,2018->2022,4.868199999999888,4.585697861285669,,-4.119767808120024,13.8561678081198
change,SVK,science,P90,2018->2022,3.5932999999998856,5.026947230289088,,-6.259516571366726,13.446116571366497
change,SVK,science,P90-P10,2018->2022,17.260400000000033,7.7291105025452795,,2.1113434150112855,32.40945658498878
change,SVN,math,P10,2018->2022,-22.88689999999997,4.005052009511106,,-30.736801938641737,-15.0369980613582
change,SVN,math,P25,2018->2022,-27.022599999999954,2.9756678076806,,-32.85490890305393,-21.190291096945977
change,SVN,math,P50,2018->2022,-29.422399999999925,2.591611085792005,,-34.501957728152256,-24.342842271847594
change,SVN,math,P75,2018->2022,-25.246400000000108,3.2408476607208696,,-31.598461415013013,-18.894338584987203
change,SVN,math,P90,2018->2022,-18.31510000000003,3.861323602298381,,-25.883294260504854,-10.746905739495203
change,SVN,math,P90-P10,2018->2022,4.571800000000053,5.494777379020919,,-6.197963662880948,15.341563662881054
change,SVN,reading,P10,2018->2022,-32.29930000000002,4.720228449921084,,-41.55094776184534,-23.04765223815469
change,SVN,reading,P25,2018->2022,-27.529800000000023,3.2466200758977473,,-33.893175348759605,-21.16642465124044
change,SVN,reading,P50,2018->2022,-26.25400000000002,2.782711869741456,,-31.708115264693273,-20.799884735306765
change,SVN,reading,P75,2018->2022,-24.734499999999912,3.262409321004606,,-31.12882226916894,-18.340177730830884
change,SVN,reading,P90,2018->2022,-22.25570000000016,4.222541162288669,,-30.531880678085955,-13.979519321914369
change,SVN,reading,P90-P10,2018->2022,10.043600000000055,5.631820585052592,,-0.9947683467030259,21.081968346703135
change,SVN,science,P10,2018->2022,-13.505699999999933,4.488711511608257,,-22.303574562752118,-4.707825437247749
change,SVN,science,P25,2018->2022,-12.114499999999964,3.13133634802211,,-18.2519192421233,-5.977080757876629
change,SVN,science,P50,2018->2022,-9.32889999999992,2.821969421343899,,-14.859960065833961,-3.797839934165877
change,SVN,science,P75,2018->2022,-2.94279999999992,3.0071180652467517,,-8.836751407883554,2.951151407883713
change,SVN,science,P90,2018->2022,1.726099999999974,4.306879154652224,,-6.715383143118384,10.167583143118332
change,SVN,science,P90-P10,2018->2022,15.231800000000078,6.549967346186641,,2.3938640014742614,28.069735998525893
change,SWE,math,P10,2018->2022,-26.76750000000004,5.479654006615954,,-37.50762185296731,-16.02737814703277
change,SWE,math,P25,2018->2022,-27.5385,4.657640671162452,,-36.6674757154784,-18.409524284521595
change,SWE,math,P50,2018->2022,-22.0184000000001,4.163160558798248,,-30.178194695244663,-13.858605304755534
change,SWE,math,P75,2018->2022,-17.162999999999897,4.034781924507614,,-25.071172572034822,-9.254827427964972
change,SWE,math,P90,2018->2022,-11.320799999999963,4.267068854221436,,-19.684254954273975,-2.9573450457259494
change,SWE,math,P90-P10,2018->2022,15.446699999999964,6.329383444345559,,3.0411084490826674,27.85229155091726
change,SWE,reading,P10,2018->2022,-23.053500000000042,7.106430280347818,,-36.98210334948177,-9.124896650518318
change,SWE,reading,P25,2018->2022,-23.793199999999956,5.4087482286158926,,-34.394346528087105,-13.192053471912807
change,SWE,reading,P50,2018->2022,-18.928300000000036,4.623798049103019,,-27.990944176241953,-9.865655823758118
change,SWE,reading,P75,2018->2022,-15.854199999999878,4.300631300621908,,-24.283437349218815,-7.424962650780939
change,SWE,reading,P90,2018->2022,-13.69889999999998,4.692708101405849,,-22.896607878755443,-4.501192121244518
change,SWE,reading,P90-P10,2018->2022,9.354600000000062,7.549078241892994,,-5.441593354110207,24.15079335411033
change,SWE,science,P10,2018->2022,-18.549099999999953,6.457279511829189,,-31.205367843185165,-5.892832156814743
change,SWE,science,P25,2018->2022,-16.550100000000043,5.457697567401681,,-27.247187232107336,-5.853012767892748
change,SWE,science,P50,2018->2022,-6.3653999999999655,4.5430698209226055,,-15.269816849008272,2.539016849008341
change,SWE,science,P75,2018->2022,2.1843999999999824,4.118127095402583,,-5.8871291069890805,10.255929106989045
change,SWE,science,P90,2018->2022,9.238200000000006,4.643541126482394,,0.13685939209451448,18.339540607905498
change,SWE,science,P90-P10,2018->2022,27.787300000000073,7.455543094198079,,13.174435535371838,42.400164464628304
change,TUR,math,P10,2018->2022,-1.8036000000000172,4.437667198728027,,-10.50142770950695,6.894227709506916
change,TUR,math,P25,2018->2022,-4.758899999999983,3.952595761648286,,-12.505987692830622,2.9881876928306577
change,TUR,math,P50,2018->2022,-3.527500000000032,3.3942924787223494,,-10.180313258295836,3.1253132582957726
change,TUR,math,P75,2018->2022,3.016899999999964,3.485096185186288,,-3.8138885229651605,9.84768852296509
change,TUR,math,P90,2018->2022,5.681600000000003,4.74047844567284,,-3.6097377535187647,14.97293775351877
change,TUR,math,P90-P10,2018->2022,7.485200000000049,6.075221534278033,,-4.422234207184896,19.392634207184994
change,TUR,reading,P10,2018->2022,-9.582000000000107,5.048611172171782,,-19.4772778974568,0.31327789745658485
change,TUR,reading,P25,2018->2022,-8.735000000000014,4.253702162299992,,-17.072256238107997,-0.39774376189203053
change,TUR,reading,P50,2018->2022,-8.262299999999982,3.6340977954950824,,-15.385131679170343,-1.1394683208296206
change,TUR,reading,P75,2018->2022,-8.314300000000117,3.3487153545136574,,-14.877782094846886,-1.7508179051533483
change,TUR,reading,P90,2018->2022,-12.814899999999852,4.018798760340094,,-20.691745570266438,-4.938054429733268
change,TUR,reading,P90-P10,2018->2022,-3.232900000000086,6.076078616317152,,-15.142014087981703,8.676214087981531
change,TUR,science,P10,2018->2022,-0.5147000000000617,4.1220099083389465,,-8.593839420344397,7.564439420344273
change,TUR,science,P25,2018->2022,1.6298000000001025,3.9757174785747136,,-6.162606258006336,9.42220625800654
change,TUR,science,P50,2018->2022,7.726999999999862,3.5454544291090433,,0.7779093189461372,14.676090681053587
change,TUR,science,P75,2018->2022,13.954700000000003,3.334980474372297,,7.418138270230301,20.491261729769704
change,TUR,science,P90,2018->2022,15.786599999999908,4.9580924713487,,6.0687387561564545,25.50446124384336
change,TUR,science,P90-P10,2018->2022,16.301300000000055,6.139681992307637,,4.267523295077085,28.335076704923026
change,USA,math,P10,2018->2022,-12.37519999999995,6.084455031060713,,-24.300731860878948,-0.44966813912095205
change,USA,math,P25,2018->2022,-18.225199999999973,5.772302604054797,,-29.538913103947372,-6.911486896052571
change,USA,math,P50,2018->2022,-17.697299999999984,6.035526592279347,,-29.526932120867507,-5.867667879132464
change,USA,math,P75,2018->2022,-12.859800000000064,5.994680932154214,,-24.609374627022323,-1.1102253729778049
change,USA,math,P90,2018->2022,-7.775700000000029,7.303908670248645,,-22.091360993687374,6.539960993687314
change,USA,math,P90-P10,2018->2022,4.599500000000035,7.763191586619229,,-10.616355509773653,19.815355509773724
change,USA,reading,P10,2018->2022,-4.799099999999953,8.062097448313997,,-20.600810998695387,11.00261099869548
change,USA,reading,P25,2018->2022,-2.220700000000079,7.152562623555903,,-16.239722742169647,11.798322742169491
change,USA,reading,P50,2018->2022,-3.3342999999999847,6.123931849809497,,-15.337206425626599,8.66860642562663
change,USA,reading,P75,2018->2022,-0.9837999999999738,6.5806034357715735,,-13.881782734112258,11.91418273411231
change,USA,reading,P90,2018->2022,5.256399999999871,6.713953584099638,,-7.902949024835419,18.41574902483516
change,USA,reading,P90-P10,2018->2022,10.055499999999938,8.446030627460448,,-6.49872002982254,26.609720029822416
change,USA,science,P10,2018->2022,-14.007000000000005,7.087924611501831,,-27.899332238543593,-0.11466776145641688
change,USA,science,P25,2018->2022,-11.817299999999989,6.678760424368517,,-24.907670431762284,1.2730704317623047
change,USA,science,P50,2018->2022,-2.68709999999993,6.529885530220095,,-15.485675639231316,10.111475639231456
change,USA,science,P75,2018->2022,2.9019999999998163,6.1030273562934845,,-9.059933618335412,14.863933618335045
change,USA,science,P90,2018->2022,9.566400000000044,6.480508693896382,,-3.135397040036864,22.268197040036952
change,USA,science,P90-P10,2018->2022,23.57340000000005,7.633652725923555,,8.611440657189883,38.53535934281022
change,OECD_ORT,math,P10,2018->2022,-14.208372972972967,0.8506871480384295,37.0,-15.87571978312829,-12.541026162817644
change,DONOR_ORT,math,P10,2018->2022,-15.565919999999972,2.2989207695206315,5.0,-20.07180470826041,-11.060035291739535
change,TUR-OECD_ORT,math,P10,2018->2022,12.40477297297295,4.399099708003316,37.0,3.7825375452864503,21.027008400659447
change,OECD_ORT,math,P25,2018->2022,-17.181437837837844,0.746554870249929,37.0,-18.644685383527705,-15.718190292147984
change,DONOR_ORT,math,P25,2018->2022,-17.09200000000004,2.097237768828322,5.0,-21.202586026903553,-12.98141397309653
change,TUR-OECD_ORT,math,P25,2018->2022,12.422537837837861,3.9161039601012777,37.0,4.746974076039358,20.098101599636365
change,OECD_ORT,math,P50,2018->2022,-17.399264864864875,0.6815766320902534,37.0,-18.735155063761773,-16.063374665967977
change,DONOR_ORT,math,P50,2018->2022,-17.851920000000028,1.8435858542464945,5.0,-21.46534827432316,-14.2384917256769
change,TUR-OECD_ORT,math,P50,2018->2022,13.871764864864844,3.3709048355770292,37.0,7.264791387133866,20.478738342595822
change,OECD_ORT,math,P75,2018->2022,-14.898191891891868,0.6825901728664303,37.0,-16.236068630710072,-13.560315153073665
change,DONOR_ORT,math,P75,2018->2022,-14.617999999999984,1.8542465620060102,5.0,-18.252323261531764,-10.983676738468205
change,TUR-OECD_ORT,math,P75,2018->2022,17.915091891891834,3.4576422424140807,37.0,11.138113096760236,24.69207068702343
change,OECD_ORT,math,P90,2018->2022,-11.836705405405379,0.8033293379420682,37.0,-13.411230907771833,-10.262179903038925
change,DONOR_ORT,math,P90,2018->2022,-11.08201999999992,2.1763766292063425,5.0,-15.34771819324435,-6.8163218067554885
change,TUR-OECD_ORT,math,P90,2018->2022,17.518305405405382,4.68003887492069,37.0,8.345429210560829,26.691181600249934
change,OECD_ORT,math,P90-P10,2018->2022,2.371667567567566,1.0545949392589749,37.0,0.3046614866199753,4.438673648515156
change,DONOR_ORT,math,P90-P10,2018->2022,4.483900000000017,2.8855198280956813,5.0,-1.1717188630675182,10.139518863067552
change,TUR-OECD_ORT,math,P90-P10,2018->2022,5.113532432432483,6.002119878095635,37.0,-6.650622528634961,16.877687393499926
change,OECD_ORT,reading,P10,2018->2022,-12.310859459459454,0.9625121964757541,37.0,-14.197383364551932,-10.424335554366976
change,DONOR_ORT,reading,P10,2018->2022,-12.179219999999964,2.6973433140736405,5.0,-17.4660128955843,-6.892427104415629
change,TUR-OECD_ORT,reading,P10,2018->2022,2.728859459459347,5.0037135312974765,37.0,-7.078419061883707,12.536137980802401
change,OECD_ORT,reading,P25,2018->2022,-11.55364324324324,0.8323902527211967,37.0,-13.185128138576786,-9.922158347909694
change,DONOR_ORT,reading,P25,2018->2022,-13.88152,2.2738322483468787,5.0,-18.338231206759882,-9.424808793240118
change,TUR-OECD_ORT,reading,P25,2018->2022,2.8186432432432262,4.2200476931754185,37.0,-5.4526502353805935,11.089936721867046
change,OECD_ORT,reading,P50,2018->2022,-9.97371081081083,0.7449808379299441,37.0,-11.433873253153521,-8.51354836846814
change,DONOR_ORT,reading,P50,2018->2022,-12.012600000000031,2.025401310264763,5.0,-15.982386568118967,-8.042813431881095
change,TUR-OECD_ORT,reading,P50,2018->2022,1.7114108108108486,3.6121723873196627,37.0,-5.368447068335691,8.791268689957388
change,OECD_ORT,reading,P75,2018->2022,-8.783437837837841,0.7236568073656207,37.0,-10.201805180274457,-7.365070495401224
change,DONOR_ORT,reading,P75,2018->2022,-10.899280000000067,1.9674699591946343,5.0,-14.75552112002155,-7.0430388799785835
change,TUR-OECD_ORT,reading,P75,2018->2022,0.46913783783772445,3.336377862227433,37.0,-6.070162772128044,7.008438447803493
change,OECD_ORT,reading,P90,2018->2022,-8.06002162162162,0.7981294295231824,37.0,-9.624355303487059,-6.495687939756183
change,DONOR_ORT,reading,P90,2018->2022,-10.899160000000006,2.1848665185009972,5.0,-15.18149837626196,-6.616821623738051
change,TUR-OECD_ORT,reading,P90,2018->2022,-4.754878378378232,3.98932837724738,37.0,-12.573961997783096,3.0642052410266327
change,OECD_ORT,reading,P90-P10,2018->2022,4.250837837837841,1.0974718953278086,37.0,2.0997929229953356,6.401882752680345
change,DONOR_ORT,reading,P90-P10,2018->2022,1.2800600000000202,3.1688490549023567,5.0,-4.930884147608599,7.491004147608639
change,TUR-OECD_ORT,reading,P90-P10,2018->2022,-7.483737837837927,6.010621333324109,37.0,-19.26455565115318,4.2970799754773275
change,OECD_ORT,science,P10,2018->2022,-7.668043243243243,0.8851631198955069,37.0,-9.402962958238437,-5.93312352824805
change,DONOR_ORT,science,P10,2018->2022,-6.187537499999976,1.8353114103450425,8.0,-9.784747864276259,-2.590327135723693
change,TUR-OECD_ORT,science,P10,2018->2022,7.153343243243182,4.105611873488537,37.0,-0.8936560287943518,15.200342515280715
change,OECD_ORT,science,P25,2018->2022,-6.386705405405411,0.7971388090619282,37.0,-7.94909747116679,-4.824313339644031
change,DONOR_ORT,science,P25,2018->2022,-4.9403375000000125,1.6590989532395666,8.0,-8.192171448349562,-1.688503551650462
change,TUR-OECD_ORT,science,P25,2018->2022,8.016505405405514,3.9480835303751625,37.0,0.27826168587019584,15.754749124940833
change,OECD_ORT,science,P50,2018->2022,-3.0406756756756677,0.7280409832931354,37.0,-4.467636002930213,-1.6137153484211224
change,DONOR_ORT,science,P50,2018->2022,-3.1929999999999836,1.4811725394801476,8.0,-6.096098177381073,-0.2899018226188943
change,TUR-OECD_ORT,science,P50,2018->2022,10.76767567567553,3.5243180851828155,37.0,3.8600122287172116,17.67533912263385
change,OECD_ORT,science,P75,2018->2022,0.6638378378378305,0.7235544953138674,37.0,-0.7543289729773497,2.082004648653011
change,DONOR_ORT,science,P75,2018->2022,-0.7117749999999745,1.5385695590283694,8.0,-3.7273713356955787,2.3038213356956296
change,TUR-OECD_ORT,science,P75,2018->2022,13.290862162162172,3.3233163497539295,37.0,6.777162116644471,19.804562207679872
change,OECD_ORT,science,P90,2018->2022,4.040594594594581,0.8081433634500261,37.0,2.4566336022325297,5.624555586956633
change,DONOR_ORT,science,P90,2018->2022,1.3552374999999444,1.6989361712814701,8.0,-1.974677395711737,4.685152395711626
change,TUR-OECD_ORT,science,P90,2018->2022,11.746005405405327,4.8894767700877635,37.0,2.1626309360333114,21.329379874777345
change,OECD_ORT,science,P90-P10,2018->2022,11.708637837837852,1.0794215312039228,37.0,9.592971636678163,13.824304038997541
change,DONOR_ORT,science,P90-P10,2018->2022,7.542775000000013,2.2770314378693,8.0,3.0797933817761853,12.005756618223842
change,TUR-OECD_ORT,science,P90-P10,2018->2022,4.592662162162203,6.068215608839223,37.0,-7.301040431162674,16.48636475548708
change,AUS,math,P10,2022->2025,-12.04061409999997,3.058725854948251,,-18.035716775698543,-6.045511424301399
change,AUS,math,P25,2022->2025,-8.804519219999975,3.0970936152628505,,-14.874822705915161,-2.7342157340847875
change,AUS,math,P50,2022->2025,-6.016801509999993,2.8981061389245273,,-11.697089542292066,-0.3365134777079204
change,AUS,math,P75,2022->2025,-8.241476379999995,3.559498499977412,,-15.218093439955723,-1.264859320044267
change,AUS,math,P90,2022->2025,-12.752041819999931,4.2628690914411,,-21.10726523922449,-4.396818400775375
change,AUS,math,P90-P10,2022->2025,-0.7114277199999606,4.441935631277766,,-9.417621557304383,7.9947661173044615
change,AUS,reading,P10,2022->2025,-10.169214510000018,3.9619545878486457,,-17.934645502183365,-2.403783517816672
change,AUS,reading,P25,2022->2025,-8.60493495999998,3.345980546712368,,-15.163056831556222,-2.0468130884437388
change,AUS,reading,P50,2022->2025,-5.962518209999985,3.116411723275537,,-12.070685187620036,0.1456487676200675
change,AUS,reading,P75,2022->2025,-5.349494779999986,3.5286600409613236,,-12.26566846028418,1.5666789002842076
change,AUS,reading,P90,2022->2025,-6.6084888700000874,3.8482115220353856,,-14.150983453189443,0.9340057131892685
change,AUS,reading,P90-P10,2022->2025,3.560725639999987,4.768476621193865,,-5.7854885375399885,12.906939817539962
change,AUS,science,P10,2022->2025,3.716153870000028,3.7749191426516253,,-3.682687649597158,11.114995389597214
change,AUS,science,P25,2022->2025,4.877658249999968,3.2771578269025823,,-1.5455710907290934,11.30088759072903
change,AUS,science,P50,2022->2025,4.928089000000057,3.0244411882147477,,-0.9998157289008489,10.855993728900962
change,AUS,science,P75,2022->2025,0.8155565800000204,3.2146976629131756,,-5.485250839309804,7.116363999309844
change,AUS,science,P90,2022->2025,-4.439784319999944,3.9903993804033235,,-12.260967105590458,3.3813984655905696
change,AUS,science,P90-P10,2022->2025,-8.155938190000029,4.825609556745189,,-17.614132921220598,1.3022565412205402
change,AUT,math,P10,2022->2025,-7.867716760000064,5.430402097390123,,-18.511304870884704,2.775871350884575
change,AUT,math,P25,2022->2025,-8.734583579999992,5.013931187899186,,-18.561888708282396,1.0927215482824124
change,AUT,math,P50,2022->2025,-9.56328196000004,4.144280624171337,,-17.68607198337586,-1.4404919366242197
change,AUT,math,P75,2022->2025,-10.69577819999995,3.8346709788808444,,-18.211733318606406,-3.1798230813934945
change,AUT,math,P90,2022->2025,-12.673881049999864,4.135517546923051,,-20.779495441969043,-4.568266658030684
change,AUT,math,P90-P10,2022->2025,-4.80616428999997,5.750628919127649,,-16.07739697149016,6.465068391490222
change,AUT,reading,P10,2022->2025,-6.304908100000034,5.857698448778332,,-17.785997059605563,5.176180859605497
change,AUT,reading,P25,2022->2025,-9.66915954999996,5.3382545166381,,-20.132138402610636,0.7938193026107161
change,AUT,reading,P50,2022->2025,-14.547224350000022,4.67369153845583,,-23.70765976537345,-5.386788934626596
change,AUT,reading,P75,2022->2025,-16.826862769999934,3.9806279618251876,,-24.6288935751773,-9.024831964822567
change,AUT,reading,P90,2022->2025,-17.805692990000125,4.338059067121409,,-26.30828876155809,-9.303097218442163
change,AUT,reading,P90-P10,2022->2025,-11.500784889999977,6.371582248844126,,-23.989086097734464,0.9875163177345101
change,AUT,science,P10,2022->2025,4.017174240000031,5.402939556118107,,-6.572587289991459,14.606935769991521
change,AUT,science,P25,2022->2025,5.553422090000026,5.42982961904156,,-5.089043963321432,16.195888143321483
change,AUT,science,P50,2022->2025,5.555013420000137,4.676442848660135,,-3.6108145633737276,14.720841403374001
change,AUT,science,P75,2022->2025,5.929946130000076,4.446959447531299,,-2.7860943871612704,14.645986647161422
change,AUT,science,P90,2022->2025,6.167452160000153,4.312758401316274,,-2.285554306579744,14.62045862658005
change,AUT,science,P90-P10,2022->2025,2.1502779200000077,5.972041604617784,,-9.554923625050849,13.855479465050864
change,BEL,math,P10,2022->2025,-12.193207560000019,5.9877170150794985,,-23.929132909555836,-0.4572822104442018
change,BEL,math,P25,2022->2025,-11.09290478999992,5.301682874389526,,-21.48420322380339,-0.7016063561964501
change,BEL,math,P50,2022->2025,-8.804312769999854,4.413282679814649,,-17.454346822436563,-0.15427871756314282
change,BEL,math,P75,2022->2025,-7.806768830000237,4.066126038129967,,-15.776375864734973,0.1628382047344985
change,BEL,math,P90,2022->2025,-8.237847050000028,4.23369814847235,,-16.535895421005833,0.06020132100577946
change,BEL,math,P90-P10,2022->2025,3.955360510000048,6.839225549141072,,-9.449521566316452,17.36024258631655
change,BEL,reading,P10,2022->2025,-15.995746499999996,6.879840180005052,,-29.480233252809896,-2.5112597471900937
change,BEL,reading,P25,2022->2025,-13.778426670000044,5.76015880431286,,-25.06833792645325,-2.488515413546839
change,BEL,reading,P50,2022->2025,-10.936228809999932,4.7589215478283915,,-20.26371504374358,-1.6087425762562848
change,BEL,reading,P75,2022->2025,-10.594816349999974,3.777621184875738,,-17.99895387235642,-3.190678827643527
change,BEL,reading,P90,2022->2025,-11.489373440000008,4.296533114728223,,-19.910578344867325,-3.068168535132692
change,BEL,reading,P90-P10,2022->2025,4.50637305999993,7.7030223414977606,,-10.59155072933568,19.60429684933554
change,BEL,science,P10,2022->2025,-3.1712720300000115,6.233146466419674,,-15.388239104182572,9.04569504418255
change,BEL,science,P25,2022->2025,-3.611239939999905,5.816539455739282,,-15.011657273248899,7.789177393249089
change,BEL,science,P50,2022->2025,0.46414369000001443,4.3466799382104195,,-8.055348988892408,8.983636368892437
change,BEL,science,P75,2022->2025,0.860564380000028,3.916987135212415,,-6.816730405016305,8.53785916501636
change,BEL,science,P90,2022->2025,0.4745041400001355,4.391898971491777,,-8.133617844123748,9.082626124124019
change,BEL,science,P90-P10,2022->2025,3.6457761699999764,6.974807298121615,,-10.024846134318388,17.31639847431834
change,CAN,math,P10,2022->2025,-18.96996067000009,3.605849988172206,,-26.037426646817615,-11.902494693182568
change,CAN,math,P25,2022->2025,-13.534510670000031,2.871345346184476,,-19.162347548521605,-7.906673791478458
change,CAN,math,P50,2022->2025,-9.81718450999989,2.671810210982899,,-15.053932523526372,-4.580436496473409
change,CAN,math,P75,2022->2025,-7.2605334300000095,3.0232502047270624,,-13.18610383126505,-1.3349630287349674
change,CAN,math,P90,2022->2025,-6.389750349999872,3.3592395340023042,,-12.973859836644388,0.19435913664464444
change,CAN,math,P90-P10,2022->2025,12.580210320000077,4.0014949882636595,,4.7372801430033045,20.42314049699685
change,CAN,reading,P10,2022->2025,-15.63147768999994,3.867571409498988,,-23.211917652617956,-8.051037727381924
change,CAN,reading,P25,2022->2025,-14.897466319999978,3.4310302749385393,,-21.622285658879516,-8.17264698112044
change,CAN,reading,P50,2022->2025,-16.475982950000002,3.098540981053535,,-22.549123272864932,-10.402842627135072
change,CAN,reading,P75,2022->2025,-18.77091109999992,3.3385552557754314,,-25.314479401319765,-12.227342798680077
change,CAN,reading,P90,2022->2025,-20.757875340000055,3.716496940310628,,-28.042209343008885,-13.473541336991225
change,CAN,reading,P90-P10,2022->2025,-5.126397650000058,4.979235545014439,,-14.885699318228358,4.632904018228242
change,CAN,science,P10,2022->2025,-4.648822060000043,3.7577143291838526,,-12.013942145200394,2.7162980252003077
change,CAN,science,P25,2022->2025,-3.7245750299999827,3.063237928854556,,-9.728521370554912,2.2793713105549465
change,CAN,science,P50,2022->2025,-4.007358899999986,3.016431925669175,,-9.919565474311568,1.904847674311597
change,CAN,science,P75,2022->2025,-4.336533669999994,3.1316700531626323,,-10.474606974198753,1.8015396341987646
change,CAN,science,P90,2022->2025,-6.923838700000147,3.719537010289004,,-14.214131240166594,0.3664538401663018
change,CAN,science,P90-P10,2022->2025,-2.2750166400000467,4.458530864195847,,-11.013737133823907,6.463703853823814
change,CHE,math,P10,2022->2025,-12.30821780000008,4.432043127311282,,-20.995022329530194,-3.621413270469967
change,CHE,math,P25,2022->2025,-13.84627232999992,4.35748431283623,,-22.38694158315893,-5.305603076840908
change,CHE,math,P50,2022->2025,-10.40130985999997,4.374432532548644,,-18.97519762379531,-1.8274220962046268
change,CHE,math,P75,2022->2025,-5.729828440000006,4.40015983355147,,-14.354141713760887,2.8944848337608757
change,CHE,math,P90,2022->2025,-1.1002943900000446,4.463059491492308,,-9.847890993324967,7.647302213324878
change,CHE,math,P90-P10,2022->2025,11.207923409999978,5.733081216131807,,-0.028915773618363616,22.44476259361832
change,CHE,reading,P10,2022->2025,-17.481359200000043,5.658271713742038,,-28.57157175893444,-6.391146641065648
change,CHE,reading,P25,2022->2025,-14.22450377000007,5.05262333328738,,-24.127645503243333,-4.321362036756806
change,CHE,reading,P50,2022->2025,-12.250313960000085,4.9959011976482435,,-22.04228030739064,-2.4583476126095274
change,CHE,reading,P75,2022->2025,-10.713531789999934,4.587044914510446,,-19.704139822440407,-1.7229237575594603
change,CHE,reading,P90,2022->2025,-12.238900089999902,5.087036090639374,,-22.209490827653074,-2.26830935234673
change,CHE,reading,P90-P10,2022->2025,5.242459110000084,7.0185956213803316,,-8.513988307905366,18.998906527905532
change,CHE,science,P10,2022->2025,-8.571259459999965,5.1084422521724155,,-18.5838062742579,1.4412873542579696
change,CHE,science,P25,2022->2025,-3.6651040199999443,4.776798050112409,,-13.027628198220265,5.6974201582203765
change,CHE,science,P50,2022->2025,0.27172587999996267,4.5312045115732,,-8.609434962683508,9.152886722683434
change,CHE,science,P75,2022->2025,1.8045004200000676,4.35439121701595,,-6.730106365351194,10.339107205351329
change,CHE,science,P90,2022->2025,2.9923510600000327,4.696859477409275,,-6.213493515722146,12.198195635722211
change,CHE,science,P90-P10,2022->2025,11.56361051999994,6.72322151620104,,-1.6139036517540966,24.741124691753978
change,CHL,math,P10,2022->2025,-11.005447130000107,4.361999539780193,,-19.554966227969285,-2.455928032030929
change,CHL,math,P25,2022->2025,-9.291957140000079,3.9584121862925303,,-17.05044502513344,-1.53346925486672
change,CHL,math,P50,2022->2025,-7.2122495399999025,3.612606618467343,,-14.292958512195895,-0.13154056780390988
change,CHL,math,P75,2022->2025,-9.039680930000031,3.4849313796952703,,-15.870146434202761,-2.209215425797302
change,CHL,math,P90,2022->2025,-10.775474400000007,3.9286914178090737,,-18.475709578905793,-3.0752392210942228
change,CHL,math,P90-P10,2022->2025,0.22997272999998586,5.254086332014656,,-10.06803648074874,10.527981940748711
change,CHL,reading,P10,2022->2025,-16.088525999999945,5.714813942772424,,-27.289561327833894,-4.887490672165994
change,CHL,reading,P25,2022->2025,-13.678972559999977,4.748493474692756,,-22.986019770397778,-4.371925349602176
change,CHL,reading,P50,2022->2025,-11.297000959999934,4.526663142627757,,-20.169260719550337,-2.4247412004495317
change,CHL,reading,P75,2022->2025,-12.613239720000138,4.477581200498838,,-21.38929887297786,-3.8371805670224166
change,CHL,reading,P90,2022->2025,-11.463103950000004,4.612257162611001,,-20.503127988717566,-2.423079911282443
change,CHL,reading,P90-P10,2022->2025,4.625422050000083,6.225177579068532,,-7.5759260049742405,16.826770104974408
change,CHL,science,P10,2022->2025,4.11545873,4.829677961803866,,-5.350710075135577,13.581627535135578
change,CHL,science,P25,2022->2025,0.5313522900000862,4.686394363488916,,-8.65398066243819,9.716685242438363
change,CHL,science,P50,2022->2025,-1.768256459999975,4.169011516331195,,-9.939519032009118,6.403006112009168
change,CHL,science,P75,2022->2025,-4.247404230000143,4.271893723161789,,-12.620315927397249,4.125507467396963
change,CHL,science,P90,2022->2025,-5.474950829999898,4.31918373167628,,-13.940550944085407,2.9906492840856114
change,CHL,science,P90-P10,2022->2025,-9.590409559999983,5.843168801202756,,-21.043020410357386,1.8622012903574188
change,COL,math,P10,2022->2025,-6.394693320000044,3.9497917943919987,,-14.136285237008362,1.3468985970082725
change,COL,math,P25,2022->2025,-4.6966829400000165,4.056757351900081,,-12.647927349724174,3.254561469724142
change,COL,math,P50,2022->2025,-1.4081162900000663,4.7107317624062555,,-10.641150544316327,7.824917964316194
change,COL,math,P75,2022->2025,0.6918789699998911,5.262109028209474,,-9.621854725290676,11.005612665290458
change,COL,math,P90,2022->2025,0.3276918900000396,6.521331562573602,,-12.45411797264422,13.109501752644299
change,COL,math,P90-P10,2022->2025,6.72238520999997,6.27475696150819,,-5.576138434556082,19.020908854556023
change,COL,reading,P10,2022->2025,-7.765727290000029,5.237618718606434,,-18.03145997846864,2.5000053984685824
change,COL,reading,P25,2022->2025,-7.473886249999964,5.213270297536363,,-17.691896033171236,2.744123533171308
change,COL,reading,P50,2022->2025,-7.0691238800000065,5.753506586310964,,-18.345996789169497,4.207749029169483
change,COL,reading,P75,2022->2025,-10.797220509999988,6.642358321319294,,-23.816242819785803,2.221801799785826
change,COL,reading,P90,2022->2025,-14.46402028,6.598560748688164,,-27.397199347428803,-1.5308412125711985
change,COL,reading,P90-P10,2022->2025,-6.698292989999942,6.551189008566117,,-19.53862344678953,6.142037466789647
change,COL,science,P10,2022->2025,-2.143586970000001,4.841203801109117,,-11.63234642017387,7.3451724801738685
change,COL,science,P25,2022->2025,0.1313689699999827,4.622289001713744,,-8.928317473358955,9.19105541335892
change,COL,science,P50,2022->2025,3.0793102700000077,5.355485747665421,,-7.417441795424217,13.576062335424233
change,COL,science,P75,2022->2025,5.1050297100000535,6.181081429909312,,-7.0098898926221995,17.219949312622305
change,COL,science,P90,2022->2025,6.406060000000025,7.083042019284088,,-7.476702357796787,20.28882235779684
change,COL,science,P90-P10,2022->2025,8.549646970000026,7.1092065499245285,,-5.38439786785205,22.483691807852104
change,CRI,math,P10,2022->2025,-1.3238391100000513,3.54518749067395,,-8.272406591720992,5.62472837172089
change,CRI,math,P25,2022->2025,0.14999540999997407,3.169396289449151,,-6.0620213173203625,6.362012137320311
change,CRI,math,P50,2022->2025,2.1510994500000606,3.1780133590870783,,-4.077806733810613,8.380005633810734
change,CRI,math,P75,2022->2025,5.540024499999959,3.817436711815698,,-1.9421514551588102,13.022200455158728
change,CRI,math,P90,2022->2025,8.584855020000134,4.793310947493343,,-0.8100344370868182,17.97974447708709
change,CRI,math,P90-P10,2022->2025,9.908694130000015,5.0855551611602925,,-0.05899398587415838,19.87638224587419
change,CRI,reading,P10,2022->2025,2.3294915599999513,4.423620829176365,,-6.340805265185724,10.999788385185626
change,CRI,reading,P25,2022->2025,2.4498227099998644,4.115498609356858,,-5.616554564339577,10.516199984339305
change,CRI,reading,P50,2022->2025,0.2866252399999212,4.402029269690938,,-8.341352128594316,8.914602608594159
change,CRI,reading,P75,2022->2025,-0.6207185099999037,5.0507353166023705,,-10.52015973054055,9.278722710540743
change,CRI,reading,P90,2022->2025,-0.5469100299999354,6.101408961557016,,-12.505671594651687,11.411851534651817
change,CRI,reading,P90-P10,2022->2025,-2.876401590000029,6.265455781980444,,-15.1566949226817,9.403891742681642
change,CRI,science,P10,2022->2025,15.675325329999964,4.2849446439088466,,7.276833827938626,24.073816832061304
change,CRI,science,P25,2022->2025,13.253035350000005,3.677695458574727,,6.04475225119354,20.46131844880647
change,CRI,science,P50,2022->2025,12.834579009999857,3.9596265202993206,,5.073711030213189,20.595446989786524
change,CRI,science,P75,2022->2025,12.98180266999998,4.516932356902738,,4.128615250470613,21.834990089529345
change,CRI,science,P90,2022->2025,12.923672920000058,5.426833697024196,,2.287078873832634,23.560266966167482
change,CRI,science,P90-P10,2022->2025,-2.7516524100000197,5.84283296936113,,-14.203605029947834,8.700300209947795
change,CZE,math,P10,2022->2025,-13.906621809999933,4.5430259348182025,,-22.81095264224361,-5.002290977756257
change,CZE,math,P25,2022->2025,-10.382240639999907,4.218510099680228,,-18.650520435373153,-2.1139608446266607
change,CZE,math,P50,2022->2025,-10.401820599999951,4.3306230037624305,,-18.889841687374314,-1.9137995126255873
change,CZE,math,P75,2022->2025,-8.89551328000016,4.283154301209472,,-17.290495710370724,-0.5005308496295946
change,CZE,math,P90,2022->2025,-4.142762029999972,4.840788511037444,,-13.630707511633362,5.345183451633419
change,CZE,math,P90-P10,2022->2025,9.76385977999999,6.227782681368137,,-2.442594275481559,21.97031383548154
change,CZE,reading,P10,2022->2025,-20.369488879999892,5.344353251927836,,-30.84442125377845,-9.894556506221335
change,CZE,reading,P25,2022->2025,-18.101642680000054,4.549505422274376,,-27.01867330765783,-9.184612052342278
change,CZE,reading,P50,2022->2025,-20.26317489999991,4.119775241302219,,-28.33793437295226,-12.18841542704756
change,CZE,reading,P75,2022->2025,-20.8437934399999,4.26353079929135,,-29.200313806610943,-12.487273073388854
change,CZE,reading,P90,2022->2025,-20.707959909999886,4.549096376387508,,-29.624188807719403,-11.79173101228037
change,CZE,reading,P90-P10,2022->2025,-0.33847102999996537,6.591338864474238,,-13.257495204369473,12.580553144369542
change,CZE,science,P10,2022->2025,-5.608620949999988,5.180597715234429,,-15.762592471859469,4.545350571859492
change,CZE,science,P25,2022->2025,-5.146603070000026,4.64096537987523,,-14.242895214555478,3.949689074555426
change,CZE,science,P50,2022->2025,-7.419527600000038,4.277958087736672,,-15.804325451963916,0.9652702519638403
change,CZE,science,P75,2022->2025,-9.126121020000028,4.556332408831907,,-18.056532541310567,-0.1957094986894905
change,CZE,science,P90,2022->2025,-11.583120259999987,5.263526487582624,,-21.899632175661928,-1.266608344338044
change,CZE,science,P90-P10,2022->2025,-5.974499310000027,6.7278219966729695,,-19.161030423479048,7.212031803478993
change,DEU,math,P10,2022->2025,-14.878905160000045,5.630534923992258,,-25.91475361102487,-3.8430567089752206
change,DEU,math,P25,2022->2025,-14.926651799999945,5.309133344160194,,-25.332553154553924,-4.520750445445966
change,DEU,math,P50,2022->2025,-12.192729450000115,5.357637007958556,,-22.693697985598885,-1.6917609144013461
change,DEU,math,P75,2022->2025,-7.314072809999857,5.020485282235731,,-17.154223963181888,2.5260783431821743
change,DEU,math,P90,2022->2025,-4.631497529999933,4.987114331713969,,-14.406241620159312,5.1432465601594455
change,DEU,math,P90-P10,2022->2025,10.247407630000055,6.143376175211504,,-1.7936096734144922,22.288424933414603
change,DEU,reading,P10,2022->2025,-19.65823727999998,6.891064760226666,,-33.16472421004424,-6.151750349955716
change,DEU,reading,P25,2022->2025,-20.792603579999934,6.051417812008556,,-32.6533824915367,-8.931824668463165
change,DEU,reading,P50,2022->2025,-16.622965360000023,6.282345681507171,,-28.93636289575408,-4.309567824245969
change,DEU,reading,P75,2022->2025,-10.018906010000023,5.584490572175269,,-20.96450753146355,0.9266955114635032
change,DEU,reading,P90,2022->2025,-6.859905210000193,5.434884172305214,,-17.51227818771841,3.7924677677180263
change,DEU,reading,P90-P10,2022->2025,12.798332070000015,6.785013399309144,,-0.5002941926459066,26.096958332645936
change,DEU,science,P10,2022->2025,-10.750266040000042,6.4781260635440905,,-23.44739312454646,1.9468610445463757
change,DEU,science,P25,2022->2025,-13.716871939999976,6.305976156330781,,-26.076585206408303,-1.3571586735916465
change,DEU,science,P50,2022->2025,-8.258163420000017,6.311536248589487,,-20.62877446723541,4.112447627235378
change,DEU,science,P75,2022->2025,-1.270963770000094,5.588180128129042,,-12.223796821133016,9.681869281132828
change,DEU,science,P90,2022->2025,-1.298785119999934,5.602152592018879,,-12.279004200356935,9.681433960357067
change,DEU,science,P90-P10,2022->2025,9.451480919999995,7.100845684221122,,-4.466176621073405,23.369138461073394
change,DNK,math,P10,2022->2025,-25.53714442000006,3.903522715915303,,-33.188048943194055,-17.886239896806067
change,DNK,math,P25,2022->2025,-22.14488136,3.8669855762209426,,-29.724173089393048,-14.56558963060695
change,DNK,math,P50,2022->2025,-16.82042083999994,3.6747243477687315,,-24.022880561626653,-9.617961118373227
change,DNK,math,P75,2022->2025,-14.543717440000023,3.468159902943439,,-21.341310849769165,-7.746124030230883
change,DNK,math,P90,2022->2025,-14.040953360000003,4.292608764772161,,-22.45446653895344,-5.627440181046568
change,DNK,math,P90-P10,2022->2025,11.496191060000001,5.1182861637989845,,1.4643501789539908,21.52803194104601
change,DNK,reading,P10,2022->2025,-33.458726920000004,5.153966469357039,,-43.5605011999398,-23.356952640060207
change,DNK,reading,P25,2022->2025,-31.78956079000011,4.497211597286179,,-40.60409552068102,-22.975026059319198
change,DNK,reading,P50,2022->2025,-29.49805908999997,4.275093952219441,,-37.877243236350076,-21.118874943649864
change,DNK,reading,P75,2022->2025,-26.670253889999913,4.313102991411584,,-35.12393575316662,-18.21657202683321
change,DNK,reading,P90,2022->2025,-22.813996839999845,5.414741356685555,,-33.42688989910353,-12.201103780896158
change,DNK,reading,P90-P10,2022->2025,10.644730080000102,6.577923837570079,,-2.248000641637253,23.537460801637458
change,DNK,science,P10,2022->2025,-18.472871940000005,5.03185759200281,,-28.335312820325512,-8.610431059674497
change,DNK,science,P25,2022->2025,-17.499994390000097,4.8502977385297115,,-27.00657795751833,-7.993410822481863
change,DNK,science,P50,2022->2025,-15.148782639999979,4.380776473627142,,-23.73510452830918,-6.5624607516907805
change,DNK,science,P75,2022->2025,-14.13407992000009,4.260531096614331,,-22.48472086936418,-5.783438970636002
change,DNK,science,P90,2022->2025,-15.785355920000029,4.689328827354623,,-24.976440421615088,-6.594271418384968
change,DNK,science,P90-P10,2022->2025,2.6875160200000607,5.913256215078517,,-8.902466161553832,14.277498201553954
change,ESP,math,P10,2022->2025,-17.00044001000009,3.5350134417658046,,-23.929066355861067,-10.071813664139114
change,ESP,math,P25,2022->2025,-16.50366674000003,3.0707100937718184,,-22.522258523792793,-10.485074956207264
change,ESP,math,P50,2022->2025,-14.896063120000065,2.569682711969593,,-19.932641235460466,-9.859485004539664
change,ESP,math,P75,2022->2025,-14.954806440000084,2.3803547941099352,,-19.620301836455557,-10.289311043544611
change,ESP,math,P90,2022->2025,-14.94543114999999,2.5405948662979996,,-19.92499708794407,-9.965865212055911
change,ESP,math,P90-P10,2022->2025,2.0550088599999867,3.5404795277017054,,-4.8843310142953555,8.994348734295329
change,ESP,reading,P10,2022->2025,-22.72868342999999,4.555129896528512,,-31.65673802719587,-13.800628832804106
change,ESP,reading,P25,2022->2025,-22.192865259999962,3.735481364101556,,-29.514408733639012,-14.871321786360912
change,ESP,reading,P50,2022->2025,-21.53992738000005,2.720144893271032,,-26.871411370811273,-16.20844338918883
change,ESP,reading,P75,2022->2025,-23.213992570000073,2.417644648521267,,-27.952576081101757,-18.47540905889839
change,ESP,reading,P90,2022->2025,-27.071098829999983,2.624055709125366,,-32.2142480198857,-21.927949640114264
change,ESP,reading,P90-P10,2022->2025,-4.34241540000005,4.443048646122513,,-13.050790746400175,4.365959946400075
change,ESP,science,P10,2022->2025,-11.00356654999996,3.7900659784903024,,-18.432095867840953,-3.5750372321589667
change,ESP,science,P25,2022->2025,-10.068071410000073,3.3309648851786684,,-16.596762584950262,-3.539380235049883
change,ESP,science,P50,2022->2025,-6.726593320000063,2.7881756182376267,,-12.191417531745811,-1.261769108254315
change,ESP,science,P75,2022->2025,-4.8755887599998005,2.5506708005436947,,-9.874903529065442,0.12372600906584097
change,ESP,science,P90,2022->2025,-4.874136340000064,2.688241086635729,,-10.143088869806093,0.3948161898059652
change,ESP,science,P90-P10,2022->2025,6.129430209999981,3.689567414106045,,-1.1021219216478668,13.36098234164783
change,EST,math,P10,2022->2025,-10.679296380000096,4.062045429995083,,-18.640905422790457,-2.7176873372097345
change,EST,math,P25,2022->2025,-3.00052476999997,3.9925884877921,,-10.825998206072487,4.8249486660725465
change,EST,math,P50,2022->2025,0.585968810000054,3.407182198457108,,-6.0921082989758775,7.264045918975985
change,EST,math,P75,2022->2025,0.7242251099999066,3.5587576469107844,,-6.250939877945231,7.699390097945044
change,EST,math,P90,2022->2025,1.8428393500001903,4.587121335687477,,-7.147918467947264,10.833597167947644
change,EST,math,P90-P10,2022->2025,12.522135729999974,5.025955053662478,,2.6712638248215175,22.373007635178432
change,EST,reading,P10,2022->2025,-15.098911059999978,5.598002429766253,,-26.070995822341835,-4.126826297658122
change,EST,reading,P25,2022->2025,-13.613686750000056,4.644578682162597,,-22.717060967038748,-4.5103125329613665
change,EST,reading,P50,2022->2025,-11.057080829999904,3.895212389520166,,-18.69169711345943,-3.42246454654038
change,EST,reading,P75,2022->2025,-10.209449309999968,3.759210658061226,,-17.577502199799973,-2.841396420199965
change,EST,reading,P90,2022->2025,-9.863352480000003,4.327359333826761,,-18.344976774300456,-1.3817281856995507
change,EST,reading,P90-P10,2022->2025,5.235558580000003,5.527017118266016,,-5.597394971801389,16.068512131801395
change,EST,science,P10,2022->2025,0.873871139999892,4.580308132300284,,-8.103532799308665,9.851275079308449
change,EST,science,P25,2022->2025,1.7901226399999928,4.271230630623374,,-6.581489396021821,10.161734676021807
change,EST,science,P50,2022->2025,3.0652702399999043,3.5491231778149905,,-3.891011188517477,10.021551668517287
change,EST,science,P75,2022->2025,0.7812839099999564,3.9428001391305023,,-6.946604362695828,8.50917218269574
change,EST,science,P90,2022->2025,-1.078270810000049,4.506176283758808,,-9.910376326167313,7.753834706167215
change,EST,science,P90-P10,2022->2025,-1.9521419500000263,5.503084477924533,,-12.73818752673211,8.833903626732058
change,FIN,math,P10,2022->2025,-19.25789623999998,3.929735104835383,,-26.96017704547733,-11.555615434522629
change,FIN,math,P25,2022->2025,-18.029169449999927,3.839375407230845,,-25.554345248172382,-10.503993651827471
change,FIN,math,P50,2022->2025,-15.08319302000001,3.4892089502037824,,-21.922042562399422,-8.244343477600598
change,FIN,math,P75,2022->2025,-12.552195050000137,3.4610390328663616,,-19.335831554418206,-5.768558545582068
change,FIN,math,P90,2022->2025,-11.046650420000105,3.6872845984777882,,-18.27372823301657,-3.819572606983641
change,FIN,math,P90-P10,2022->2025,8.211245819999931,4.58411675779317,,-0.7736230252746825,17.196114665274543
change,FIN,reading,P10,2022->2025,-12.725377690000016,5.070138669348625,,-22.66284948192332,-2.787905898076712
change,FIN,reading,P25,2022->2025,-16.33545832999988,4.358877540351904,,-24.878858309089615,-7.792058350910148
change,FIN,reading,P50,2022->2025,-17.62817332999998,3.6864541853809514,,-24.853623533346646,-10.402723126653317
change,FIN,reading,P75,2022->2025,-16.679466890000185,3.4422717684995914,,-23.426319556259383,-9.932614223740988
change,FIN,reading,P90,2022->2025,-16.251013780000108,3.831484731950108,,-23.76072385462232,-8.741303705377895
change,FIN,reading,P90-P10,2022->2025,-3.5256360900000914,5.321716718473306,,-13.95620085820777,6.904928678207588
change,FIN,science,P10,2022->2025,-6.608947569999998,5.085958251715168,,-16.577425743361726,3.35953060336173
change,FIN,science,P25,2022->2025,-5.630241039999987,4.723844934612794,,-14.888977111841063,3.628495031841089
change,FIN,science,P50,2022->2025,-5.227284430000111,4.045969464175839,,-13.157384579784754,2.7028157197845326
change,FIN,science,P75,2022->2025,-5.9946061399999735,3.7144757477921986,,-13.274978605672683,1.2857663256727356
change,FIN,science,P90,2022->2025,-9.277520839999852,4.139169031959164,,-17.390292142639815,-1.1647495373598904
change,FIN,science,P90-P10,2022->2025,-2.6685732700000244,5.673825834295109,,-13.789271905218438,8.45212536521839
change,FRA,math,P10,2022->2025,-19.60861993000003,4.976356903108673,,-29.36227946009303,-9.854960399907032
change,FRA,math,P25,2022->2025,-20.152078029999984,5.090869254841777,,-30.130181769489866,-10.173974290510102
change,FRA,math,P50,2022->2025,-16.217121229999975,5.016170217099311,,-26.048814855514625,-6.385427604485326
change,FRA,math,P75,2022->2025,-13.101533049999944,4.683455168407082,,-22.281105180077823,-3.9219609199220624
change,FRA,math,P90,2022->2025,-13.022136729999943,4.544763102594387,,-21.929872411084943,-4.114401048914944
change,FRA,math,P90-P10,2022->2025,6.586483199999975,5.732804089874038,,-4.649812816153139,17.822779216153087
change,FRA,reading,P10,2022->2025,-15.984824820000028,5.956092069047353,,-27.65876527533284,-4.310884364667217
change,FRA,reading,P25,2022->2025,-19.573890489999997,6.417738318184208,,-32.152657593641045,-6.99512338635895
change,FRA,reading,P50,2022->2025,-17.890511029999914,5.414547661925342,,-28.503024447373583,-7.277997612626244
change,FRA,reading,P75,2022->2025,-16.222342450000042,4.798759156111345,,-25.627910395978276,-6.816774504021806
change,FRA,reading,P90,2022->2025,-17.704643689999898,5.18689814822953,,-27.87096406052978,-7.5383233194700185
change,FRA,reading,P90-P10,2022->2025,-1.71981887000004,6.005032253056882,,-13.489682085991529,10.050044345991449
change,FRA,science,P10,2022->2025,-7.3286937500000136,5.5388392793059475,,-18.18481873743967,3.527431237439643
change,FRA,science,P25,2022->2025,-7.392461260000005,6.0662688631764805,,-19.282348231825907,4.497425711825898
change,FRA,science,P50,2022->2025,-0.8967321499998206,5.283436439465854,,-11.252267571352894,9.458803271353252
change,FRA,science,P75,2022->2025,-1.0883078699999942,4.673524971751486,,-10.248416814632906,8.071801074632917
change,FRA,science,P90,2022->2025,-4.900519990000021,4.890526355696541,,-14.48595164716524,4.684911667165199
change,FRA,science,P90-P10,2022->2025,2.4281737600000497,6.332738988802823,,-9.983994658053483,14.840342178053582
change,GBR,math,P10,2022->2025,-6.625797230000046,4.0735809632451705,,-14.610015917960581,1.358421457960488
change,GBR,math,P25,2022->2025,-6.767313529999967,3.7010211294197606,,-14.021314943662698,0.4866878836627633
change,GBR,math,P50,2022->2025,-3.7173568899999623,3.588186826842148,,-10.750203070610572,3.315489290610648
change,GBR,math,P75,2022->2025,1.7771087600000328,4.170075478926914,,-6.396239178696717,9.950456698696783
change,GBR,math,P90,2022->2025,7.990715910000063,5.695315636511148,,-3.1721027375617865,19.153534557561912
change,GBR,math,P90-P10,2022->2025,14.616513139999967,6.376392833783822,,2.118783185783677,27.114243094216256
change,GBR,reading,P10,2022->2025,6.920036739999944,4.975414005238787,,-2.8317747102680784,16.671848190267966
change,GBR,reading,P25,2022->2025,2.112335879999989,3.839507909970531,,-5.4130996235422515,9.63777138354223
change,GBR,reading,P50,2022->2025,0.06522187000001622,3.7359864530873987,,-7.257311578051286,7.387755318051318
change,GBR,reading,P75,2022->2025,-2.771831039999938,3.73470557662956,,-10.091853970193876,4.5481918901939995
change,GBR,reading,P90,2022->2025,-5.300528289999988,4.669962543907788,,-14.453654876059252,3.8525982960592753
change,GBR,reading,P90-P10,2022->2025,-12.220565029999989,6.084755532223154,,-24.14668587315737,-0.29444418684260754
change,GBR,science,P10,2022->2025,10.69819063,4.128683000032873,,2.6059719499355687,18.79040931006443
change,GBR,science,P25,2022->2025,10.900941500000044,3.8440415498245413,,3.3666200623439435,18.435262937656145
change,GBR,science,P50,2022->2025,12.04604160000008,3.8338658985532557,,4.5316644388356995,19.560418761164463
change,GBR,science,P75,2022->2025,13.33838634000017,4.306724367102236,,4.8972065804797875,21.77956609952055
change,GBR,science,P90,2022->2025,12.690973049999911,5.073973614362575,,2.745984765849265,22.635961334150558
change,GBR,science,P90-P10,2022->2025,1.992782420000026,5.809257409138232,,-9.39336210191091,13.378926941910962
change,GRC,math,P10,2022->2025,-14.182430130000057,4.558410052513636,,-23.116913832926784,-5.24794642707333
change,GRC,math,P25,2022->2025,-10.094926310000062,4.251212729004574,,-18.427303258849026,-1.7625493611510983
change,GRC,math,P50,2022->2025,-5.257639129999916,4.331623944761348,,-13.747622061732157,3.232343801732325
change,GRC,math,P75,2022->2025,-2.142174950000026,4.662063031993192,,-11.279818492706681,6.995468592706629
change,GRC,math,P90,2022->2025,-0.8556793400000515,5.1106722633795245,,-10.87259697622392,9.161238296223816
change,GRC,math,P90-P10,2022->2025,13.326750790000006,5.544612154980869,,2.459310966237503,24.19419061376251
change,GRC,reading,P10,2022->2025,-17.43871360999998,6.422477700305856,,-30.026769902599455,-4.850657317400502
change,GRC,reading,P25,2022->2025,-15.675840489999928,5.229963993880153,,-25.92656991800503,-5.425111061994828
change,GRC,reading,P50,2022->2025,-15.640142279999964,4.852351632785127,,-25.150751480258812,-6.129533079741115
change,GRC,reading,P75,2022->2025,-16.086882050000042,4.844419121743389,,-25.581943528617085,-6.591820571383
change,GRC,reading,P90,2022->2025,-13.939870459999838,4.9212377002242365,,-23.585496352439343,-4.294244567560336
change,GRC,reading,P90-P10,2022->2025,3.498843149999999,6.742579442151954,,-9.71661255661783,16.71429885661783
change,GRC,science,P10,2022->2025,-7.519522050000035,5.3897449964100215,,-18.083422242963678,3.044378142963607
change,GRC,science,P25,2022->2025,-8.139648759999943,5.040704475358506,,-18.019429531702613,1.7401320117027286
change,GRC,science,P50,2022->2025,-8.942565219999949,4.574497171899908,,-17.908579676923768,0.02344923692387013
change,GRC,science,P75,2022->2025,-6.0348511500000654,4.764995929629122,,-15.374243172073145,3.304540872073014
change,GRC,science,P90,2022->2025,-2.285644419999926,5.055554933637663,,-12.194532089929746,7.623243249929894
change,GRC,science,P90-P10,2022->2025,5.233877629999995,6.419901391076581,,-7.349129096510104,17.816884356510094
change,HUN,math,P10,2022->2025,-8.822239829999944,4.989469022672383,,-18.601599114437814,0.957119454437926
change,HUN,math,P25,2022->2025,-11.345744759999889,4.779749293026702,,-20.714053374332224,-1.9774361456675518
change,HUN,math,P50,2022->2025,-13.529628380000077,4.345677942259654,,-22.047157146828997,-5.012099613171156
change,HUN,math,P75,2022->2025,-14.763508570000113,4.514922998760194,,-23.612757647570092,-5.9142594924301335
change,HUN,math,P90,2022->2025,-18.153188020000016,5.984914557966042,,-29.883620553613458,-6.422755486386574
change,HUN,math,P90-P10,2022->2025,-9.330948190000015,7.586373267532592,,-24.200239794363895,5.5383434143638635
change,HUN,reading,P10,2022->2025,-11.660638909999989,6.014375304961297,,-23.44881450772413,0.12753668772415416
change,HUN,reading,P25,2022->2025,-18.308369450000043,5.454269092145954,,-28.998736870606113,-7.618002029393974
change,HUN,reading,P50,2022->2025,-24.503244129999985,4.713079470796222,,-33.74087989276058,-15.26560836723939
change,HUN,reading,P75,2022->2025,-25.691716129999804,4.161871332299569,,-33.848983941306955,-17.53444831869265
change,HUN,reading,P90,2022->2025,-23.70748006999986,4.938454151930061,,-33.38685020778278,-14.028109932216942
change,HUN,reading,P90-P10,2022->2025,-12.046841159999929,7.2296403925106665,,-26.216936329320834,2.123254009320977
change,HUN,science,P10,2022->2025,-4.590470519999997,5.36626789506688,,-15.108355594331082,5.927414554331088
change,HUN,science,P25,2022->2025,-3.9270753100000775,5.156332144968425,,-14.03348631413819,6.179335694138034
change,HUN,science,P50,2022->2025,-4.633520850000025,4.622407054885475,,-13.693438677575555,4.426396977575505
change,HUN,science,P75,2022->2025,-6.830804429999944,4.619339531939301,,-15.884709912600973,2.223101052601086
change,HUN,science,P90,2022->2025,-9.221376739999869,5.222312854502776,,-19.45710993482531,1.0143564548255721
change,HUN,science,P90-P10,2022->2025,-4.630906219999986,7.321105734393226,,-18.98027345941071,9.718461019410737
change,IRL,math,P10,2022->2025,-16.911677420000046,4.066175110750073,,-24.88138063707019,-8.941974202929902
change,IRL,math,P25,2022->2025,-14.50042840000009,3.876644252375458,,-22.098651134655988,-6.902205665344192
change,IRL,math,P50,2022->2025,-11.154602700000112,3.167211214713661,,-17.362336680838887,-4.946868719161336
change,IRL,math,P75,2022->2025,-8.32646016000001,3.161288736836481,,-14.522586084199514,-2.1303342358005075
change,IRL,math,P90,2022->2025,-7.069732920000206,3.573039683891732,,-14.072890700428001,-0.06657513957241079
change,IRL,math,P90-P10,2022->2025,9.841944499999983,4.692713053151141,,0.6442269158237472,19.039662084176218
change,IRL,reading,P10,2022->2025,-23.97157825000005,5.251515695421324,,-34.26454901302584,-13.678607486974256
change,IRL,reading,P25,2022->2025,-20.034633009999936,4.080468944835989,,-28.032352141878473,-12.0369138781214
change,IRL,reading,P50,2022->2025,-15.964007300000048,3.7529264026378972,,-23.319743049170327,-8.60827155082977
change,IRL,reading,P75,2022->2025,-11.328600449999954,3.550253628674217,,-18.287097562201417,-4.370103337798489
change,IRL,reading,P90,2022->2025,-8.81823997999993,3.5771145440200343,,-15.829384486279197,-1.807095473720663
change,IRL,reading,P90-P10,2022->2025,15.153338270000035,5.335090332331111,,4.696561218631057,25.610115321369012
change,IRL,science,P10,2022->2025,-7.382346969999958,5.0275403864467965,,-17.236326127435678,2.4716321874357625
change,IRL,science,P25,2022->2025,-7.0279904000000215,4.352538989120522,,-15.558966818676245,1.5029860186762019
change,IRL,science,P50,2022->2025,-3.9667424700000424,3.8625845581877742,,-11.53740820404808,3.603923264047995
change,IRL,science,P75,2022->2025,-3.0914753199999723,3.4489516490951115,,-9.85142055222639,3.6684699122264464
change,IRL,science,P90,2022->2025,-1.6565021999998635,3.806182731326356,,-9.116620353399522,5.803615953399794
change,IRL,science,P90-P10,2022->2025,5.725844770000037,5.692736268806113,,-5.431918316859944,16.883607856860017
change,ISL,math,P10,2022->2025,-12.72838581000002,3.992012876667656,,-20.552731048268626,-4.904040571731414
change,ISL,math,P25,2022->2025,-10.887779989999956,3.3121833103650946,,-17.379659278315543,-4.39590070168437
change,ISL,math,P50,2022->2025,-8.368720069999938,3.220237482194098,,-14.68038553510037,-2.0570546048995064
change,ISL,math,P75,2022->2025,-6.9439587099998334,3.49813405594825,,-13.800301459658403,-0.08761596034126384
change,ISL,math,P90,2022->2025,-6.1819053000000395,4.389341288836094,,-14.785014226118783,2.4212036261187038
change,ISL,math,P90-P10,2022->2025,6.546480510000038,5.541113488907414,,-4.314101928258495,17.40706294825857
change,ISL,reading,P10,2022->2025,-12.852566730000035,5.304149906177763,,-23.248700546108452,-2.4564329138916197
change,ISL,reading,P25,2022->2025,-12.068268589999946,3.9806105159114065,,-19.870265201186303,-4.266271978813589
change,ISL,reading,P50,2022->2025,-14.95915360999993,4.227509863232906,,-23.245072941936428,-6.673234278063434
change,ISL,reading,P75,2022->2025,-15.476000420000048,4.014249016542077,,-23.34392849242252,-7.6080723475775764
change,ISL,reading,P90,2022->2025,-12.015370480000001,4.954061338276487,,-21.725330703021918,-2.305410256978087
change,ISL,reading,P90-P10,2022->2025,0.8371962500000336,6.936289446356641,,-12.757931064858983,14.43232356485905
change,ISL,science,P10,2022->2025,-9.536023300000068,4.794360802039168,,-18.932970471996835,-0.13907612800329971
change,ISL,science,P25,2022->2025,-7.24879143000004,3.7886515239663874,,-14.674548416974158,0.17696555697407934
change,ISL,science,P50,2022->2025,-6.969355749999977,3.341727217966058,,-13.519141097213451,-0.41957040278650304
change,ISL,science,P75,2022->2025,-4.839343110000186,3.8410222277444674,,-12.367746676379342,2.6890604563789697
change,ISL,science,P90,2022->2025,-0.7325660099999141,4.658642931684071,,-9.863506156100692,8.398374136100864
change,ISL,science,P90-P10,2022->2025,8.80345729000004,6.525164123645852,,-3.98586439234583,21.59277897234591
change,ISR,math,P10,2022->2025,-16.690819930000032,5.822570940433711,,-28.103058973250107,-5.278580886749959
change,ISR,math,P25,2022->2025,-22.48823625,5.403053127621385,,-33.078220380137914,-11.898252119862084
change,ISR,math,P50,2022->2025,-26.333792110000047,5.5682542516703295,,-37.247570443273894,-15.4200137767262
change,ISR,math,P75,2022->2025,-28.350599380000006,5.320592801584161,,-38.77896127110496,-17.92223748889505
change,ISR,math,P90,2022->2025,-27.338115020000032,6.021030507966142,,-39.139334815613665,-15.536895224386395
change,ISR,math,P90-P10,2022->2025,-10.64729509,7.5555410478718406,,-25.456155543828807,4.161565363828807
change,ISR,reading,P10,2022->2025,-23.591367589999948,6.804553771293651,,-36.9282929817355,-10.254442198264393
change,ISR,reading,P25,2022->2025,-35.75255683,6.832050432952891,,-49.14337567858767,-22.36173798141234
change,ISR,reading,P50,2022->2025,-43.574942270000065,6.1991331736131725,,-55.72524329028188,-31.42464124971825
change,ISR,reading,P75,2022->2025,-43.10966555000016,5.101109309908408,,-53.10783979742064,-33.11149130257968
change,ISR,reading,P90,2022->2025,-42.55953026999998,5.258071114007139,,-52.865349653453976,-32.25371088654599
change,ISR,reading,P90-P10,2022->2025,-18.968162679999978,7.168554845396333,,-33.01853017697679,-4.917795183023166
change,ISR,science,P10,2022->2025,-22.182402590000038,5.811490973798349,,-33.5729248986448,-10.791880281355274
change,ISR,science,P25,2022->2025,-24.39400746000001,5.935442790213253,,-36.027475328817985,-12.760539591182036
change,ISR,science,P50,2022->2025,-25.82831039000007,5.829689950175244,,-37.25450269234355,-14.402118087656591
change,ISR,science,P75,2022->2025,-22.766111820000106,5.48150825663089,,-33.50986800299665,-12.022355637003562
change,ISR,science,P90,2022->2025,-17.569506029999957,6.092477748507349,,-29.51076241707436,-5.628249642925553
change,ISR,science,P90-P10,2022->2025,4.6128965599999106,6.954897376384332,,-9.018702297713379,18.2444954177132
change,ITA,math,P10,2022->2025,-11.45372949,4.778350878363648,,-20.81929721159275,-2.08816176840725
change,ITA,math,P25,2022->2025,-6.669639330000109,4.532727541984456,,-15.553785312289643,2.2145066522894243
change,ITA,math,P50,2022->2025,-0.7487164499999608,4.8576768515147695,,-10.269763078968909,8.772330178968987
change,ITA,math,P75,2022->2025,0.1559380499999179,5.5332091743344165,,-10.689151931695537,11.001028031695373
change,ITA,math,P90,2022->2025,0.06787565000001905,6.3155022153935665,,-12.310508692171371,12.44625999217141
change,ITA,math,P90-P10,2022->2025,11.521605140000048,6.608112856634924,,-1.4302960590044034,24.4735063390045
change,ITA,reading,P10,2022->2025,-11.187656900000036,6.0705781924639295,,-23.08599015722934,0.710676357229266
change,ITA,reading,P25,2022->2025,-10.381076430000064,5.000758481644151,,-20.1825630540226,-0.5795898059775286
change,ITA,reading,P50,2022->2025,-7.507596029999888,4.472544938191802,,-16.27378410885582,1.258592048856043
change,ITA,reading,P75,2022->2025,-3.8607606399999668,4.451708264106856,,-12.586108837649405,4.864587557649472
change,ITA,reading,P90,2022->2025,-3.56802416000005,4.4645316767741985,,-12.31850624647748,5.18245792647738
change,ITA,reading,P90-P10,2022->2025,7.619632740000014,6.455957871892728,,-5.034044688909733,20.27331016890976
change,ITA,science,P10,2022->2025,4.507645430000082,5.46713833842492,,-6.207945713312762,15.223236573312926
change,ITA,science,P25,2022->2025,5.553191710000078,4.841565712019023,,-3.936277085557208,15.042660505557365
change,ITA,science,P50,2022->2025,5.754469610000058,4.907496797929014,,-3.864224113940809,15.373163333940925
change,ITA,science,P75,2022->2025,6.140531760000044,5.175690266613702,,-4.0038211625628115,16.2848846825629
change,ITA,science,P90,2022->2025,3.938184750000005,5.148993677113717,,-6.15384285714288,14.03021235714289
change,ITA,science,P90-P10,2022->2025,-0.5694606799999917,6.256695506944293,,-12.832583873610806,11.693662513610823
change,JPN,math,P10,2022->2025,-22.56422422000003,7.968031820023436,,-38.18156658724596,-6.946881852754094
change,JPN,math,P25,2022->2025,-18.04648739000004,6.812954506103032,,-31.39987822196198,-4.693096558038096
change,JPN,math,P50,2022->2025,-12.642496349999988,5.683204882180805,,-23.781577919074365,-1.5034147809256098
change,JPN,math,P75,2022->2025,-3.3309371499999543,5.768812785853512,,-14.637810210272837,7.975935910272929
change,JPN,math,P90,2022->2025,5.891905250000036,6.927998935620573,,-7.686972663816286,19.470783163816357
change,JPN,math,P90-P10,2022->2025,28.456129470000008,9.733522256353913,,9.378425847546339,47.533833092453676
change,JPN,reading,P10,2022->2025,-27.722819029999982,9.018006077837715,,-45.3981109425619,-10.047527117438062
change,JPN,reading,P25,2022->2025,-16.835563800000045,6.907624403789159,,-30.374507631426795,-3.296619968573294
change,JPN,reading,P50,2022->2025,-10.957937109999818,5.381351733501897,,-21.505386507663538,-0.41048771233610104
change,JPN,reading,P75,2022->2025,-8.317110380000145,4.748787053696689,,-17.624733005245655,0.9905122452453661
change,JPN,reading,P90,2022->2025,-4.5691821499999605,5.439057971161851,,-15.22973577347719,6.091371473477269
change,JPN,reading,P90-P10,2022->2025,23.153636879999993,9.425167549171391,,4.680308483624067,41.62696527637592
change,JPN,science,P10,2022->2025,-20.500222949999966,7.813700582771914,,-35.815076092232914,-5.185369807767014
change,JPN,science,P25,2022->2025,-13.305320169999959,6.840467559408046,,-26.71263658643973,0.10199624643981231
change,JPN,science,P50,2022->2025,-7.835401980000029,5.073350148732343,,-17.779168271515424,2.1083643115153645
change,JPN,science,P75,2022->2025,-5.380493239999964,4.988485225758888,,-15.157924282487384,4.3969378024874555
change,JPN,science,P90,2022->2025,-1.1891706099999055,5.31697844481453,,-11.610448361836385,9.232107141836574
change,JPN,science,P90-P10,2022->2025,19.311052340000003,8.49627992005617,,2.6583436966899114,35.963760983310095
change,KOR,math,P10,2022->2025,-15.136456189999933,8.545631729408806,,-31.88589437964119,1.612981999641324
change,KOR,math,P25,2022->2025,-9.389647759999889,7.218900827089532,,-23.53869338109537,4.759397861095593
change,KOR,math,P50,2022->2025,-4.005875149999838,6.069022028588882,,-15.901158326034047,7.889408026034371
change,KOR,math,P75,2022->2025,0.905971240000099,6.083803623219201,,-11.018283861509536,12.830226341509734
change,KOR,math,P90,2022->2025,3.2740795500000104,7.075142293404767,,-10.593199345073332,17.14135844507335
change,KOR,math,P90-P10,2022->2025,18.41053574,9.908161383688192,,-1.009460572028857,37.83053205202886
change,KOR,reading,P10,2022->2025,-19.445087510000064,9.156478695529378,,-37.39178575323764,-1.4983892667624836
change,KOR,reading,P25,2022->2025,-14.37359891999995,6.680581981012267,,-27.467539602783994,-1.2796582372159069
change,KOR,reading,P50,2022->2025,-13.78428002999999,5.403118487330922,,-24.3743922651686,-3.194167794831383
change,KOR,reading,P75,2022->2025,-13.850714440000047,4.932177815589035,,-23.517782958554555,-4.183645921445539
change,KOR,reading,P90,2022->2025,-13.93828530999997,5.431029056792517,,-24.5831022613133,-3.2934683586866367
change,KOR,reading,P90-P10,2022->2025,5.506802200000095,8.807522943929827,,-11.755942770102365,22.769547170102555
change,KOR,science,P10,2022->2025,-3.372976319999907,8.413306616523473,,-19.863057288385914,13.1171046483861
change,KOR,science,P25,2022->2025,-0.08364629999994122,6.648547443631847,,-13.114799289518361,12.947506689518478
change,KOR,science,P50,2022->2025,-1.0029236299999411,5.47644718573419,,-11.736760114038953,9.73091285403907
change,KOR,science,P75,2022->2025,-3.3265053400000397,5.473815211910708,,-14.055183155345027,7.402172475344948
change,KOR,science,P90,2022->2025,-3.310307869999974,6.448712504915649,,-15.949784379634647,9.329168639634698
change,KOR,science,P90-P10,2022->2025,0.06266844999998966,9.447835311597924,,-18.45508876073194,18.58042566073192
change,LTU,math,P10,2022->2025,-8.45120518999994,4.379535451717926,,-17.035094675367073,0.13268429536719495
change,LTU,math,P25,2022->2025,-2.5957754099999875,3.3863242614460978,,-9.23297096243434,4.041420142434364
change,LTU,math,P50,2022->2025,-1.42648147999995,3.0221219080665223,,-7.3498404198103335,4.496877459810434
change,LTU,math,P75,2022->2025,-2.874356730000045,3.376078875256985,,-9.491471325503735,3.742757865503645
change,LTU,math,P90,2022->2025,-6.341248650000125,4.3483298120831355,,-14.863975081683071,2.181477781682821
change,LTU,math,P90-P10,2022->2025,2.1099565399999847,5.65072984586656,,-8.965473957898473,13.185387037898442
change,LTU,reading,P10,2022->2025,-9.893246070000089,5.592863786016032,,-20.85525909059151,1.0687669505913338
change,LTU,reading,P25,2022->2025,-9.184872530000007,3.7294603281013,,-16.494614773078553,-1.8751302869214594
change,LTU,reading,P50,2022->2025,-6.640041380000014,3.5553147203046684,,-13.608458231797163,0.3283754717971359
change,LTU,reading,P75,2022->2025,-7.03847640999993,3.6682394215854544,,-14.22822567630742,0.1512728563075605
change,LTU,reading,P90,2022->2025,-7.879083379999997,4.540595047435253,,-16.778649672973092,1.0204829129730975
change,LTU,reading,P90-P10,2022->2025,2.0141626900000063,6.86294806951198,,-11.437215526243476,15.465540906243488
change,LTU,science,P10,2022->2025,6.263719100000003,4.448495400745933,,-2.4553318854620247,14.98277008546203
change,LTU,science,P25,2022->2025,6.331900850000011,3.6649853557568997,,-0.8514704472835124,13.515272147283534
change,LTU,science,P50,2022->2025,4.767552449999982,3.4462777663013675,,-1.9871519719506976,11.522256871950663
change,LTU,science,P75,2022->2025,2.304929640000182,3.666520340561708,,-4.881450227500765,9.491309507501128
change,LTU,science,P90,2022->2025,-3.4998558599999114,4.611314842435213,,-12.53803295117293,5.538321231173107
change,LTU,science,P90-P10,2022->2025,-9.763574959999943,5.744338934489501,,-21.022479271599366,1.4953293515994783
change,LVA,math,P10,2022->2025,-32.96506569000002,4.41960416106702,,-41.62748984569137,-24.30264153430866
change,LVA,math,P25,2022->2025,-27.513026079999975,3.4348519766692425,,-34.24533595427169,-20.78071620572826
change,LVA,math,P50,2022->2025,-21.28675063000003,3.2006130860160584,,-27.559952278591503,-15.013548981408555
change,LVA,math,P75,2022->2025,-16.301339589999998,3.227251595011395,,-22.62675271622233,-9.975926463777665
change,LVA,math,P90,2022->2025,-14.478297790000056,3.911865146372161,,-22.145553476889493,-6.81104210311062
change,LVA,math,P90-P10,2022->2025,18.486767900000046,5.04655159821051,,8.595526767507447,28.378009032492646
change,LVA,reading,P10,2022->2025,-60.76091414999996,5.266247903066333,,-71.08276004000997,-50.43906825998995
change,LVA,reading,P25,2022->2025,-54.93936704999999,4.613527525780721,,-63.9818810005302,-45.89685309946977
change,LVA,reading,P50,2022->2025,-44.88459643999994,3.7796608984686526,,-52.292731800998496,-37.47646107900138
change,LVA,reading,P75,2022->2025,-35.02956137999996,3.8278143268283236,,-42.53207746058347,-27.527045299416447
change,LVA,reading,P90,2022->2025,-30.596047539999972,4.516616241869544,,-39.448615374064275,-21.743479705935666
change,LVA,reading,P90-P10,2022->2025,30.16486661000002,6.016302378909038,,18.372913947338304,41.95681927266173
change,LVA,science,P10,2022->2025,-43.62965604999994,4.744604742331555,,-52.92908134496979,-34.33023075503009
change,LVA,science,P25,2022->2025,-33.416606119999926,4.132062983008,,-41.51544956669561,-25.317762673304244
change,LVA,science,P50,2022->2025,-22.340952630000004,3.9016269716445313,,-29.988141494423285,-14.693763765576723
change,LVA,science,P75,2022->2025,-15.814265060000139,3.6200483879354888,,-22.9095599003537,-8.71897021964658
change,LVA,science,P90,2022->2025,-12.249923970000168,4.2648560904092,,-20.6090419072022,-3.8908060327981353
change,LVA,science,P90-P10,2022->2025,31.37973207999994,5.690084398392389,,20.227166659150857,42.532297500849026
change,MEX,math,P10,2022->2025,-7.070388570000034,3.5321450202131865,,-13.99339280961788,-0.1473843303821889
change,MEX,math,P25,2022->2025,-6.274687730000096,3.0096425190138327,,-12.173587067267208,-0.3757883927329839
change,MEX,math,P50,2022->2025,-6.560359349999885,3.1613062904831524,,-12.756519679346864,-0.3641990206529062
change,MEX,math,P75,2022->2025,-8.497202279999954,3.754090104027487,,-15.855218883893828,-1.139185676106079
change,MEX,math,P90,2022->2025,-9.726767590000065,5.138261010421608,,-19.797759170426417,0.34422399042628626
change,MEX,math,P90-P10,2022->2025,-2.656379020000003,5.559521345496737,,-13.553040857173608,8.240282817173602
change,MEX,reading,P10,2022->2025,-1.5072101500001054,4.385883278155973,,-10.103541375185811,7.0891210751856
change,MEX,reading,P25,2022->2025,-5.291174889999979,4.058921175917237,,-13.246660394797765,2.664310614797805
change,MEX,reading,P50,2022->2025,-6.886497619999943,3.977088962332599,,-14.681591986171838,0.9085967461719511
change,MEX,reading,P75,2022->2025,-10.705188349999958,4.756791459342867,,-20.028499610311975,-1.38187708968794
change,MEX,reading,P90,2022->2025,-14.909370780000017,6.086972203771961,,-26.839836299393063,-2.9789052606069735
change,MEX,reading,P90-P10,2022->2025,-13.402160630000026,6.7212559332229915,,-26.57582225911709,-0.22849900088296238
change,MEX,science,P10,2022->2025,4.5320246300000235,4.012963424747338,,-3.333383682504758,12.397432942504805
change,MEX,science,P25,2022->2025,3.2471998899999903,3.4023114916256105,,-3.421330633586206,9.915730413586186
change,MEX,science,P50,2022->2025,2.3930372200000534,3.5992568743044053,,-4.661506253636581,9.447580693636688
change,MEX,science,P75,2022->2025,2.6645800500000405,4.120064359555231,,-5.410746094728212,10.739906194728293
change,MEX,science,P90,2022->2025,4.733508369999981,5.346017929324682,,-5.744686771476395,15.211703511476358
change,MEX,science,P90-P10,2022->2025,0.20148373999998626,6.258016740508923,,-12.064229071397502,12.467196551397475
change,NLD,math,P10,2022->2025,-5.733144170000003,6.8372690393320354,,-19.134191487090792,7.667903147090787
change,NLD,math,P25,2022->2025,-7.802959439999995,7.929368549922517,,-23.344521797848127,7.738602917848137
change,NLD,math,P50,2022->2025,-9.892178959999796,6.163670452040125,,-21.972973045998444,2.188615125998849
change,NLD,math,P75,2022->2025,-12.385159489999978,4.7304001324799785,,-21.656743749660734,-3.1135752303392206
change,NLD,math,P90,2022->2025,-9.257205019999901,4.395696502284642,,-17.8727701644778,-0.641639875522003
change,NLD,math,P90-P10,2022->2025,-3.5240608499999553,7.439813401061339,,-18.10609511608018,11.05797341608027
change,NLD,reading,P10,2022->2025,-14.635099349999962,8.036003049686103,,-30.38566532738472,1.1154666273847997
change,NLD,reading,P25,2022->2025,-11.859501179999995,8.609142887006936,,-28.733421238533587,5.014418878533597
change,NLD,reading,P50,2022->2025,-16.211839740000073,7.0227186355336935,,-29.976368265646112,-2.447311214354034
change,NLD,reading,P75,2022->2025,-22.897742259999973,5.4774318538222735,,-33.63350869349163,-12.161975826508316
change,NLD,reading,P90,2022->2025,-22.81492628000001,4.95204952799588,,-32.52094335487193,-13.108909205128086
change,NLD,reading,P90-P10,2022->2025,-8.17982692999999,8.506955930724674,,-24.85346055422035,8.493806694220371
change,NLD,science,P10,2022->2025,-2.0615236700000423,6.625275469692395,,-15.047063590597135,10.92401625059705
change,NLD,science,P25,2022->2025,0.7459882100000073,7.944905726552074,,-14.826027014042058,16.318003434042073
change,NLD,science,P50,2022->2025,0.6731935799999178,6.498214310137964,,-12.063306467870492,13.409693627870327
change,NLD,science,P75,2022->2025,-5.914562829999909,5.390228280495008,,-16.479410259770127,4.650284599770307
change,NLD,science,P90,2022->2025,-9.837945439999999,4.8919217850405,,-19.42611213867938,-0.24977874132061828
change,NLD,science,P90-P10,2022->2025,-7.776421769999956,7.696236358294665,,-22.8610450322575,7.308201492257586
change,NOR,math,P10,2022->2025,-19.273988329999952,3.880858833367752,,-26.880471643400746,-11.667505016599158
change,NOR,math,P25,2022->2025,-19.03295143999992,3.5857936237027093,,-26.06110694245723,-12.00479593754261
change,NOR,math,P50,2022->2025,-16.917006319999928,3.7766770726897025,,-24.319293382471745,-9.51471925752811
change,NOR,math,P75,2022->2025,-15.235020300000087,3.675562170371959,,-22.439122153929127,-8.030918446071048
change,NOR,math,P90,2022->2025,-12.020219580000116,4.147828259654498,,-20.149962968922935,-3.8904761910772994
change,NOR,math,P90-P10,2022->2025,7.253768749999978,4.933548103327595,,-2.415985532522109,16.923523032522063
change,NOR,reading,P10,2022->2025,-16.995357780000006,4.948915156065065,,-26.695231485887533,-7.295484074112478
change,NOR,reading,P25,2022->2025,-21.887328799999977,4.609181134704949,,-30.921323824021677,-12.853333775978278
change,NOR,reading,P50,2022->2025,-26.247418119999793,4.102611198705078,,-34.28853606946174,-18.20630017053784
change,NOR,reading,P75,2022->2025,-26.579256450000116,4.085019446823667,,-34.5858945657745,-18.57261833422573
change,NOR,reading,P90,2022->2025,-27.2832363199999,4.102378335299312,,-35.32389785718655,-19.24257478281325
change,NOR,reading,P90-P10,2022->2025,-10.287878540000008,5.564045598928431,,-21.193407913899733,0.6176508338997166
change,NOR,science,P10,2022->2025,-3.162728369999968,4.2707945331630635,,-11.533485654999572,5.208028914999636
change,NOR,science,P25,2022->2025,-4.597287880000067,4.218071701002279,,-12.864708413964532,3.670132653964398
change,NOR,science,P50,2022->2025,-8.452391309999996,3.8137940554541077,,-15.927427658690046,-0.9773549613099446
change,NOR,science,P75,2022->2025,-12.367906720000065,4.173496783096705,,-20.547960414869607,-4.187853025130524
change,NOR,science,P90,2022->2025,-10.766429650000077,4.454262051565712,,-19.49678327106887,-2.036076028931282
change,NOR,science,P90-P10,2022->2025,-7.603701280000109,5.117795409475559,,-17.634580282572205,2.4271777225719866
change,NZL,math,P10,2022->2025,-4.3767337299998985,4.5618545479764325,,-13.317968644033707,4.56450118403391
change,NZL,math,P25,2022->2025,-1.3889459800000168,4.481698655703321,,-10.173075345178525,7.395183385178491
change,NZL,math,P50,2022->2025,-0.6707349400000453,3.9258933717227475,,-8.36548594857663,7.02401606857654
change,NZL,math,P75,2022->2025,4.55248784999992,4.075234835501352,,-3.4349724275827285,12.53994812758257
change,NZL,math,P90,2022->2025,6.140396890000034,4.961413423099367,,-3.5839734192747255,15.864767199274793
change,NZL,math,P90-P10,2022->2025,10.517130620000046,6.239687137670639,,-1.712656169834407,22.7469174098345
change,NZL,reading,P10,2022->2025,-9.659951440000043,5.754092701587527,,-20.937973135111598,1.61807025511151
change,NZL,reading,P25,2022->2025,-7.719231299999933,4.900589365192923,,-17.32438645577806,1.8859238557781968
change,NZL,reading,P50,2022->2025,-4.349621259999992,4.083372116830773,,-12.353030608988307,3.653788088988323
change,NZL,reading,P75,2022->2025,-1.3385740700000497,4.621414215246112,,-10.396545931882429,7.719397791882329
change,NZL,reading,P90,2022->2025,4.163703240000018,4.73417962872164,,-5.115288832294397,13.442695312294433
change,NZL,reading,P90-P10,2022->2025,13.823654679999947,6.962716092409742,,0.17673113887685155,27.47057822112304
change,NZL,science,P10,2022->2025,4.54609585999998,5.6392861833837005,,-6.506905059432073,15.599096779432033
change,NZL,science,P25,2022->2025,4.166863350000085,4.976827304316147,,-5.587718166459561,13.921444866459732
change,NZL,science,P50,2022->2025,4.460465269999986,4.0977100056879,,-3.571046341148298,12.49197688114827
change,NZL,science,P75,2022->2025,5.84252016999983,4.116550294236424,,-2.2259184067035616,13.910958746703221
change,NZL,science,P90,2022->2025,7.005073720000155,4.123249957673434,,-1.0764961970397753,15.086643637040085
change,NZL,science,P90-P10,2022->2025,2.4589778599999477,6.672190819706181,,-10.618516146624167,15.536471866624062
change,POL,math,P10,2022->2025,-10.378422200000045,5.468434043000402,,-21.096552924280832,0.3397085242807414
change,POL,math,P25,2022->2025,-8.444597730000055,4.789297750708874,,-17.83162132138945,0.9424258613893386
change,POL,math,P50,2022->2025,-5.885257749999937,4.340672715966953,,-14.392976273295165,2.622460773295291
change,POL,math,P75,2022->2025,-1.0633396200000789,4.201293687167596,,-9.297875246848568,7.17119600684841
change,POL,math,P90,2022->2025,2.5277922799999715,4.887830151319569,,-7.052354816586384,12.107939376586327
change,POL,math,P90-P10,2022->2025,12.906214480000017,7.130374566042147,,-1.0693196694425904,26.881748629442626
change,POL,reading,P10,2022->2025,-3.8120782099999815,7.3459291344434785,,-18.210099313509197,10.585942893509236
change,POL,reading,P25,2022->2025,-6.550683870000057,6.205664859353341,,-18.713786994332605,5.61241925433249
change,POL,reading,P50,2022->2025,-8.41953398000004,4.651699710772503,,-17.536865413114143,0.6977974531140649
change,POL,reading,P75,2022->2025,-7.594533929999898,4.555334689250554,,-16.522989920930982,1.3339220609311866
change,POL,reading,P90,2022->2025,-8.531176149999851,4.911377606863577,,-18.157476259452462,1.09512395945276
change,POL,reading,P90-P10,2022->2025,-4.719097939999926,8.652669401031686,,-21.67832996602203,12.240134086022177
change,POL,science,P10,2022->2025,-3.970869999999991,6.305209109606717,,-16.329079854829157,8.387339854829175
change,POL,science,P25,2022->2025,-4.44191754000002,5.480131391171267,,-15.182975066695704,6.299139986695664
change,POL,science,P50,2022->2025,-4.04823075999991,4.553307260977654,,-12.972712991516111,4.876251471516291
change,POL,science,P75,2022->2025,-3.547600640000155,4.320163661490383,,-12.015121416521307,4.919920136520997
change,POL,science,P90,2022->2025,-3.6952331900000672,4.715546673175506,,-12.93770466942406,5.547238289423925
change,POL,science,P90-P10,2022->2025,0.2756368100000657,7.413882994300049,,-14.25557385882803,14.80684747882816
change,PRT,math,P10,2022->2025,-16.49974703999999,5.8294783076035905,,-27.925524522903025,-5.073969557096952
change,PRT,math,P25,2022->2025,-15.510403789999998,5.065987027377951,,-25.43973836366078,-5.581069216339214
change,PRT,math,P50,2022->2025,-11.675692529999935,5.109548032992626,,-21.690406674665482,-1.6609783853343885
change,PRT,math,P75,2022->2025,-10.327368309999997,4.7350896092357315,,-19.608143944102032,-1.0465926758979638
change,PRT,math,P90,2022->2025,-7.118046170000071,4.591056405953757,,-16.116516725669435,1.8804243856692935
change,PRT,math,P90-P10,2022->2025,9.381700870000032,6.335066773854833,,-3.0350300067554414,21.798431746755504
change,PRT,reading,P10,2022->2025,-16.60164936999996,6.706580828006775,,-29.74654779289324,-3.4567509471066824
change,PRT,reading,P25,2022->2025,-16.77342370000008,5.49090074766121,,-27.535589165416052,-6.011258234584108
change,PRT,reading,P50,2022->2025,-14.279997709999975,4.731222409373874,,-23.553193632372768,-5.006801787627182
change,PRT,reading,P75,2022->2025,-13.064711760000023,4.29676059910623,,-21.486362534248236,-4.643060985751811
change,PRT,reading,P90,2022->2025,-10.647205100000065,4.125493457239173,,-18.733172276188846,-2.5612379238112855
change,PRT,reading,P90-P10,2022->2025,5.95444427000001,6.591758460501339,,-6.965402312582613,18.874290852582632
change,PRT,science,P10,2022->2025,-11.084593429999984,5.970181217949707,,-22.78614861718141,0.6169617571814427
change,PRT,science,P25,2022->2025,-7.550617920000036,5.792057600844094,,-18.90305081765446,3.801814977654388
change,PRT,science,P50,2022->2025,-2.579117380000014,5.403353086118539,,-13.169689428792351,8.011454668792323
change,PRT,science,P75,2022->2025,1.6914182000000437,4.707473403027032,,-7.53522966993294,10.918066069933028
change,PRT,science,P90,2022->2025,4.279218809999975,4.509860179413285,,-4.560107141650063,13.118544761650012
change,PRT,science,P90-P10,2022->2025,15.363812240000016,6.103210464070415,,3.4015197304220024,27.32610474957803
change,SVK,math,P10,2022->2025,2.906906890000016,6.918546975242131,,-10.65344518147456,16.46725896147459
change,SVK,math,P25,2022->2025,3.407000450000055,5.675209676327319,,-7.71641051560149,14.5304114156016
change,SVK,math,P50,2022->2025,3.6669614699999897,4.7792733223054515,,-5.700414241718695,13.034337181718675
change,SVK,math,P75,2022->2025,6.1121012300000075,4.410282602602407,,-2.5320526711007094,14.756255131100724
change,SVK,math,P90,2022->2025,11.208368879999853,5.144717501492605,,1.1247225770743476,21.292015182925358
change,SVK,math,P90-P10,2022->2025,8.301461990000007,8.19273932024609,,-7.7563070776823295,24.359231057682344
change,SVK,reading,P10,2022->2025,8.51448124999996,6.717313772470628,,-4.65145374404247,21.68041624404239
change,SVK,reading,P25,2022->2025,5.272836350000034,5.869504566944085,,-6.231392601210372,16.777065301210442
change,SVK,reading,P50,2022->2025,-0.02496862999998939,5.1103691732464505,,-10.041292209563032,9.991354949563053
change,SVK,reading,P75,2022->2025,-3.768266359999984,4.5488178771174805,,-12.683949399150245,5.147416679150277
change,SVK,reading,P90,2022->2025,-3.993748579999874,4.789220949709582,,-13.380621641430656,5.393124481430908
change,SVK,reading,P90-P10,2022->2025,-12.508229829999948,7.761893798830971,,-27.72154167570865,2.7050820157087543
change,SVK,science,P10,2022->2025,15.976415069999916,6.939830654008806,,2.3743469881426567,29.578483151857178
change,SVK,science,P25,2022->2025,13.514973040000086,5.589833610885667,,2.5588991626641793,24.471046917335993
change,SVK,science,P50,2022->2025,13.660065400000065,4.639137249802,,4.567356390388143,22.752774409611987
change,SVK,science,P75,2022->2025,10.79516233000004,4.618762587049281,,1.7423876593834482,19.847937000616632
change,SVK,science,P90,2022->2025,10.03544050000005,4.916018950335877,,0.40004335734173146,19.67083764265837
change,SVK,science,P90-P10,2022->2025,-5.940974570000037,8.070545298995723,,-21.759243356031654,9.877294216031581
change,SVN,math,P10,2022->2025,-31.57929931000001,3.599960721979295,,-38.635222325079425,-24.523376294920592
change,SVN,math,P25,2022->2025,-28.61088841999998,2.905469862562112,,-34.30560935062172,-22.91616748937824
change,SVN,math,P50,2022->2025,-22.557126810000057,2.548791606166257,,-27.55275835808592,-17.561495261914192
change,SVN,math,P75,2022->2025,-20.26000853999983,2.876926063620212,,-25.898783624695447,-14.621233455304216
change,SVN,math,P90,2022->2025,-21.452202300000067,4.046340150780365,,-29.383028995529582,-13.521375604470553
change,SVN,math,P90-P10,2022->2025,10.127097009999943,5.345694162432855,,-0.3504635483684524,20.60465756836834
change,SVN,reading,P10,2022->2025,-32.63360879000004,4.614775996416347,,-41.67856974297608,-23.588647837024
change,SVN,reading,P25,2022->2025,-30.255366059999858,3.2185937826603026,,-36.563809874014055,-23.946922245985665
change,SVN,reading,P50,2022->2025,-25.05867115999996,2.9708255012096725,,-30.881489142370917,-19.235853177629004
change,SVN,reading,P75,2022->2025,-17.830309150000062,3.5071116767864354,,-24.704248036501475,-10.956370263498648
change,SVN,reading,P90,2022->2025,-12.778286629999911,4.089271420439408,,-20.793258614061152,-4.763314645938673
change,SVN,reading,P90-P10,2022->2025,19.855322160000128,5.755869040973567,,8.573818839691937,31.136825480308318
change,SVN,science,P10,2022->2025,-24.482537860000093,3.9618632023354565,,-32.24778973657759,-16.7172859834226
change,SVN,science,P25,2022->2025,-22.436366480000117,3.2642441341053163,,-28.834284982846537,-16.038447977153698
change,SVN,science,P50,2022->2025,-15.504946650000022,2.776029930795551,,-20.945965314359302,-10.063927985640742
change,SVN,science,P75,2022->2025,-10.627710019999995,3.1394620030171128,,-16.781055545913535,-4.474364494086454
change,SVN,science,P90,2022->2025,-8.434545339999886,4.224911545764435,,-16.71537196969818,-0.15371871030159312
change,SVN,science,P90-P10,2022->2025,16.047992520000008,6.093450289041923,,4.104829953477839,27.991155086522177
change,SWE,math,P10,2022->2025,-20.629282029999956,4.346126880245793,,-29.147690715281712,-12.110873344718202
change,SWE,math,P25,2022->2025,-19.297551999999996,4.129447491240931,,-27.39126908283222,-11.203834917167772
change,SWE,math,P50,2022->2025,-18.308470689999865,4.362788661719762,,-26.859536466970596,-9.757404913029132
change,SWE,math,P75,2022->2025,-15.561067269999967,4.352138625631738,,-24.091258976238173,-7.030875563761761
change,SWE,math,P90,2022->2025,-13.396194129999913,4.478341626926911,,-22.173743718776656,-4.618644541223167
change,SWE,math,P90-P10,2022->2025,7.233087900000015,5.4508203530367725,,-3.450519991952058,17.916695791952087
change,SWE,reading,P10,2022->2025,-25.593506639999987,5.801403064040085,,-36.96425664551855,-14.22275663448142
change,SWE,reading,P25,2022->2025,-25.036541659999955,5.473375078519238,,-35.76435681389766,-14.308726506102248
change,SWE,reading,P50,2022->2025,-23.578006509999966,4.78458727497619,,-32.9557975689533,-14.200215451046633
change,SWE,reading,P75,2022->2025,-18.733432970000194,4.555545361392747,,-27.662301878329977,-9.80456406167041
change,SWE,reading,P90,2022->2025,-11.192240120000065,5.309656887845636,,-21.59916762017751,-0.7853126198226192
change,SWE,reading,P90-P10,2022->2025,14.401266519999979,6.508300130994927,,1.6449982632499225,27.157534776750033
change,SWE,science,P10,2022->2025,-7.618844440000089,5.309954438174749,,-18.026355138822595,2.7886662588224187
change,SWE,science,P25,2022->2025,-7.156721800000014,5.219124588875433,,-17.386205994195862,3.072762394195834
change,SWE,science,P50,2022->2025,-10.212188390000051,4.718000249594163,,-19.45946887920461,-0.9649079007954917
change,SWE,science,P75,2022->2025,-9.339614449999885,4.652179116247347,,-18.457885517844687,-0.22134338215508542
change,SWE,science,P90,2022->2025,-7.245558500000016,5.060034480576972,,-17.16322608193088,2.6721090819308486
change,SWE,science,P90-P10,2022->2025,0.3732859399999029,6.922829240088586,,-13.195459370573724,13.94203125057353
change,TUR,math,P10,2022->2025,-1.8439293099999077,4.398265468008235,,-10.464529627296049,6.776671007296233
change,TUR,math,P25,2022->2025,3.845917100000065,3.96907275313448,,-3.9334654961435156,11.625299696143646
change,TUR,math,P50,2022->2025,9.829807929999959,3.74460642380789,,2.490379339336494,17.169236520663425
change,TUR,math,P75,2022->2025,12.79106564999995,3.76156798085406,,5.418392407525992,20.16373889247391
change,TUR,math,P90,2022->2025,17.67970734000005,4.312352863799543,,9.227495726952947,26.131918953047155
change,TUR,math,P90-P10,2022->2025,19.523636649999986,5.7129258280029385,,8.326302027114227,30.720971272885745
change,TUR,reading,P10,2022->2025,11.773292350000077,5.035761140273432,,1.9032005150641496,21.643384184936004
change,TUR,reading,P25,2022->2025,14.423628079999958,4.435630868076843,,5.729791578569346,23.117464581430568
change,TUR,reading,P50,2022->2025,16.040052549999928,3.7300691623374953,,8.729116991818437,23.35098810818142
change,TUR,reading,P75,2022->2025,17.36598904999994,3.343384177737206,,10.812956061635015,23.919022038364865
change,TUR,reading,P90,2022->2025,19.733315809999908,3.545634744913344,,12.783871709969754,26.682759910030065
change,TUR,reading,P90-P10,2022->2025,7.960023459999974,5.7396786620574005,,-3.2897467176325303,19.20979363763248
change,TUR,science,P10,2022->2025,10.094001339999977,4.594813914132474,,1.0881660683003282,19.099836611699626
change,TUR,science,P25,2022->2025,17.21437126999996,4.300601870515929,,8.785191603788737,25.643550936211177
change,TUR,science,P50,2022->2025,20.31481664000006,3.8114605596942037,,12.844353942999422,27.7852793370007
change,TUR,science,P75,2022->2025,19.86064349000003,3.5537691725731744,,12.895255911756607,26.826031068243452
change,TUR,science,P90,2022->2025,23.975190620000035,4.124584768512997,,15.891004473714561,32.05937676628551
change,TUR,science,P90-P10,2022->2025,13.881189279999973,5.640695970715949,,2.8254251773967116,24.936953382603235
change,USA,math,P10,2022->2025,-10.147156430000052,6.431415245040877,,-22.75273031028017,2.4584174502800664
change,USA,math,P25,2022->2025,-4.581492120000064,6.311509229779644,,-16.952050210368167,7.789065970368039
change,USA,math,P50,2022->2025,-2.036413659999937,7.311541227149967,,-16.367034465213873,12.294207145214
change,USA,math,P75,2022->2025,2.000608110000144,8.079348003964895,,-13.834913977771052,17.83613019777134
change,USA,math,P90,2022->2025,4.412096179999935,11.158367369141843,,-17.458303863518076,26.282496223517946
change,USA,math,P90-P10,2022->2025,14.559252609999987,10.709331517160985,,-6.431037163635544,35.54954238363552
change,USA,reading,P10,2022->2025,-23.917202420000024,8.09216988397151,,-39.777855392584186,-8.056549447415865
change,USA,reading,P25,2022->2025,-23.21112387000005,8.532596879596005,,-39.935013754008224,-6.487233985991882
change,USA,reading,P50,2022->2025,-16.139154829999995,8.082885572396261,,-31.981610551896665,-0.2966991081033239
change,USA,reading,P75,2022->2025,-7.677692309999884,8.52628639241948,,-24.389213639142067,9.0338290191423
change,USA,reading,P90,2022->2025,-4.145382290000043,10.217085755838024,,-24.17087037144257,15.880105791442485
change,USA,reading,P90-P10,2022->2025,19.771820130000037,10.840872959273046,,-1.4762908701751307,41.01993113017521
change,USA,science,P10,2022->2025,-5.1410836799999515,7.731277328698126,,-20.294387244248277,10.012219884248376
change,USA,science,P25,2022->2025,-1.5100749500001598,7.734568658369288,,-16.669829520403965,13.649679620403646
change,USA,science,P50,2022->2025,-0.1210332500000959,8.19025844068855,,-16.173939793749653,15.931873293749462
change,USA,science,P75,2022->2025,5.963992210000129,8.040687354757033,,-9.795755005323656,21.723739425323913
change,USA,science,P90,2022->2025,10.632133619999877,10.764655089053534,,-10.466590354545048,31.7308575945448
change,USA,science,P90-P10,2022->2025,15.773217299999942,10.753317605863737,,-5.3032852074929835,36.84971980749287
change,OECD_ORT,math,P10,2022->2025,-13.354860425945962,0.8186248758291534,37.0,-14.959365182571101,-11.750355669320822
change,DONOR_ORT,math,P10,2022->2025,-15.880531064000035,2.527335254805135,5.0,-20.8341081634181,-10.926953964581969
change,TUR-OECD_ORT,math,P10,2022->2025,11.510931115946054,4.355367291051764,37.0,2.9744112254845962,20.047451006407513
change,OECD_ORT,math,P25,2022->2025,-11.323816604324316,0.7539155262473386,37.0,-12.8014910357691,-9.846142172879532
change,DONOR_ORT,math,P25,2022->2025,-14.805104505999964,2.28385085319329,5.0,-19.28145217825881,-10.328756833741116
change,TUR-OECD_ORT,math,P25,2022->2025,15.169733704324381,3.933240968680436,37.0,7.460581405710727,22.878886002938035
change,OECD_ORT,math,P50,2022->2025,-8.799353172702673,0.7077136820772185,37.0,-10.186471989574022,-7.412234355831325
change,DONOR_ORT,math,P50,2022->2025,-11.286792055999944,2.0634285528242318,5.0,-15.33111201953544,-7.242472092464451
change,TUR-OECD_ORT,math,P50,2022->2025,18.629161102702632,3.710119378451574,37.0,11.357327120937548,25.900995084467716
change,OECD_ORT,math,P75,2022->2025,-6.79045934756758,0.7151509299178739,37.0,-8.192155170206613,-5.388763524928548
change,DONOR_ORT,math,P75,2022->2025,-7.3826052359999945,2.033181572460749,5.0,-11.367641118023062,-3.3975693539769267
change,TUR-OECD_ORT,math,P75,2022->2025,19.58152499756753,3.7277342229068187,37.0,12.275165920670165,26.887884074464896
change,OECD_ORT,math,P90,2022->2025,-5.329708051891893,0.8405122720234481,37.0,-6.977112105057851,-3.682303998725934
change,DONOR_ORT,math,P90,2022->2025,-4.5300556440000035,2.242868323353132,5.0,-8.926077557772143,-0.13403373022786536
change,TUR-OECD_ORT,math,P90,2022->2025,23.00941539189194,4.277573842873826,37.0,14.625370659859243,31.39346012392464
change,OECD_ORT,math,P90-P10,2022->2025,8.02515237405406,1.040341474768521,37.0,5.986083083507758,10.06422166460036
change,DONOR_ORT,math,P90-P10,2022->2025,11.35047542000001,3.085149353192176,5.0,5.3035826877433445,17.397368152256675
change,TUR-OECD_ORT,math,P90-P10,2022->2025,11.498484275945927,5.65293211954258,37.0,0.41873732164246924,22.578231230249386
change,OECD_ORT,reading,P10,2022->2025,-15.237950280270272,0.9880033026424521,37.0,-17.174436753449477,-13.301463807091066
change,DONOR_ORT,reading,P10,2022->2025,-18.007463256000015,2.995207587270288,5.0,-23.87807012704978,-12.136856384950251
change,TUR-OECD_ORT,reading,P10,2022->2025,27.01124263027035,4.996427720177032,37.0,17.218244298723366,36.80424096181733
change,OECD_ORT,reading,P25,2022->2025,-15.043431280270267,0.8654625249605585,37.0,-16.73973782919296,-13.347124731347574
change,DONOR_ORT,reading,P25,2022->2025,-15.296130664000021,2.5570008377228266,5.0,-20.307852305936763,-10.284409022063281
change,TUR-OECD_ORT,reading,P25,2022->2025,29.467059360270227,4.4000389465794,37.0,20.8429830249746,38.09113569556585
change,OECD_ORT,reading,P50,2022->2025,-14.493460419459442,0.7724522956353527,37.0,-16.007466918904733,-12.979453920014151
change,DONOR_ORT,reading,P50,2022->2025,-13.398828903999936,2.2248997782525404,5.0,-17.759632469374914,-9.038025338624957
change,TUR-OECD_ORT,reading,P50,2022->2025,30.53351296945937,3.7091807675955852,37.0,23.263518664972022,37.803507273946714
change,OECD_ORT,reading,P75,2022->2025,-13.66297398756757,0.7446145707700712,37.0,-15.12241854627691,-12.20352942885823
change,DONOR_ORT,reading,P75,2022->2025,-12.264760278000029,1.9698189353408797,5.0,-16.125605391268152,-8.403915164731906
change,TUR-OECD_ORT,reading,P75,2022->2025,31.028963037567507,3.3359317486907045,37.0,24.490536810133726,37.56738926500129
change,OECD_ORT,reading,P90,2022->2025,-12.86314948702701,0.8210013232593969,37.0,-14.472312080615428,-11.253986893438594
change,DONOR_ORT,reading,P90,2022->2025,-11.603493969999954,2.2393581290235445,5.0,-15.992635902886102,-7.214352037113807
change,TUR-OECD_ORT,reading,P90,2022->2025,32.59646529702692,3.5448592334540012,37.0,25.648541199457075,39.54438939459676
change,OECD_ORT,reading,P90-P10,2022->2025,2.3748007932432573,1.1211094930888283,37.0,0.177426186789154,4.572175399697361
change,DONOR_ORT,reading,P90-P10,2022->2025,6.403969286000001,3.356209437230747,5.0,-0.1742012109722637,12.982139782972265
change,TUR-OECD_ORT,reading,P90-P10,2022->2025,5.585222666756716,5.693860350013746,37.0,-5.574743619270225,16.745188952783657
change,OECD_ORT,science,P10,2022->2025,-4.5818279500000045,0.8935201097355755,37.0,-6.333127365081733,-2.8305285349182765
change,DONOR_ORT,science,P10,2022->2025,-5.514183527500016,1.952051957780941,8.0,-9.34020536475066,-1.688161690249372
change,TUR-OECD_ORT,science,P10,2022->2025,14.675829289999982,4.557355250679813,37.0,5.743412998667548,23.608245581332415
change,OECD_ORT,science,P25,2022->2025,-3.456185005675676,0.8308041149035579,37.0,-5.084561070886649,-1.8278089404647027
change,DONOR_ORT,science,P25,2022->2025,-3.3711905449999833,1.801199730156839,8.0,-6.9015420161073875,0.15916092610742094
change,TUR-OECD_ORT,science,P25,2022->2025,20.670556275675633,4.264466280618163,37.0,12.312202365664033,29.02891018568723
change,OECD_ORT,science,P50,2022->2025,-2.0979082783783776,0.7532649733722231,37.0,-3.5743076261879345,-0.6215089305688204
change,DONOR_ORT,science,P50,2022->2025,-0.5066859187499944,1.5682419362488451,8.0,-3.5804401137977306,2.567068276297742
change,TUR-OECD_ORT,science,P50,2022->2025,22.412724918378437,3.782774637241057,37.0,14.998486629385965,29.82696320737091
change,OECD_ORT,science,P75,2022->2025,-1.5695676086486448,0.7439608468472473,37.0,-3.0277308684692494,-0.11140434882804007
change,DONOR_ORT,science,P75,2022->2025,-0.05647951999998213,1.595788379510274,8.0,-3.184224743840119,3.071265703840155
change,TUR-OECD_ORT,science,P75,2022->2025,21.430211098648673,3.5355465690777352,37.0,14.500539823256311,28.359882374041035
change,OECD_ORT,science,P90,2022->2025,-1.380461763243218,0.8364367179622625,37.0,-3.0198777304492523,0.25895420396281654
change,DONOR_ORT,science,P90,2022->2025,-0.19093350999995096,1.798345858147114,8.0,-3.7156913919682943,3.3338243719683924
change,TUR-OECD_ORT,science,P90,2022->2025,25.355652383243253,4.09783449443359,37.0,17.323896774153418,33.38740799233309
change,OECD_ORT,science,P90-P10,2022->2025,3.201366186756747,1.0862017954512366,37.0,1.0724106676723233,5.330321705841171
change,DONOR_ORT,science,P90-P10,2022->2025,5.323250017500008,2.3800602446339294,8.0,0.6583319380175068,9.988168096982509
change,TUR-OECD_ORT,science,P90-P10,2022->2025,10.679823093243225,5.592622207554862,37.0,-0.28171643356430387,21.641362620050757
