country_name,iso3,oecd_member,cycle,math_mean,math_se,reading_mean,reading_se,science_mean,science_se,cps2025_mean,cps2025_se,coverage_index3,overall_exclusion_pct,school_rr_before,school_rr_after,student_rr,asterisk_flag,scores_source_file,annex_source,cycle_index,gov_year,gov_year_prev,cc_est,cc_se,cc_pctrank,rl_est,rl_se,cc_est_prev,rl_est_prev,cpi,cpi_prev
Albania,ALB,0,2000,,,348.85,3.2907,,,,,,,,,,,data/pisa/2025/annex_tables/mrq53f.xlsx,,1,2000,1999,-0.98277,0.28699,27.9621,-0.969417,0.254439,,,,
Albania,ALB,0,2009,377.461,3.9798,384.817,4.0361,390.696,3.9389,,,,,,,,,data/pisa/2025/annex_tables/mrq53f.xlsx,,4,2009,2008,-0.574472,0.187161,36.2266,-0.405736,0.181191,-0.643813,-0.472656,,
Albania,ALB,0,2012,394.329,2.0016,393.964,3.1958,397.373,2.4435,,,,,,,,,data/pisa/2025/annex_tables/mrq53f.xlsx,,5,2012,2011,-0.822627,0.165597,31.2036,-0.402226,0.145413,-0.689427,-0.299265,33.0,
Albania,ALB,0,2015,413.157,3.4479,405.259,4.1302,427.225,3.2778,,,,,,,,,data/pisa/2025/annex_tables/mrq53f.xlsx,,6,2015,2014,-0.586523,0.166763,35.9827,-0.226793,0.144759,-0.675863,-0.276422,36.0,33.0
Albania,ALB,0,2018,437.222,2.421,405.429,1.9223,416.726,1.9854,,,,,,,,,data/pisa/2025/annex_tables/mrq53f.xlsx,,7,2018,2017,-0.587109,0.171625,35.9708,-0.174353,0.14748,-0.566359,-0.205749,36.0,38.0
Albania,ALB,0,2022,368.222,2.0863,358.435,1.9347,375.968,2.2162,,,,,,,,,data/pisa/2025/annex_tables/mrq53f.xlsx,,8,2022,2021,-0.500456,0.172077,37.7248,-0.130966,0.152367,-0.60203,-0.201559,36.0,35.0
Albania,ALB,0,2025,432.817,2.8952,407.641,2.5698,434.627,2.7101,436.987,2.6287,,,,,,,data/pisa/2025/annex_tables/mrq53f.xlsx,,9,2024,2023,-0.42076,0.172077,39.338,-0.118502,0.152367,-0.464044,-0.153011,39.0,42.0
United Arab Emirates,ARE,0,2009,421.15,2.4618,431.416,2.8612,437.806,2.6186,,,,,,,,,data/pisa/2025/annex_tables/mrq53f.xlsx,,4,2009,2008,0.845149,0.195239,64.9619,0.127393,0.177622,0.912301,0.089033,,
United Arab Emirates,ARE,0,2012,434.007,2.4256,441.704,2.4962,448.37,2.8086,,,,,,,,,data/pisa/2025/annex_tables/mrq53f.xlsx,,5,2012,2011,1.089476,0.163217,69.9075,0.367179,0.141544,1.131938,0.425163,68.0,
United Arab Emirates,ARE,0,2015,427.483,2.4077,433.542,2.8706,436.731,2.4227,,,,,,,,,data/pisa/2025/annex_tables/mrq53f.xlsx,,6,2015,2014,0.919944,0.164332,66.4759,0.350997,0.143987,0.98568,0.350259,70.0,70.0
United Arab Emirates,ARE,0,2018,434.947,2.1444,431.782,2.3022,433.637,2.0077,,,,,,,,,data/pisa/2025/annex_tables/mrq53f.xlsx,,7,2018,2017,1.094811,0.164332,70.0155,0.389319,0.145971,1.076215,0.383489,70.0,71.0
United Arab Emirates,ARE,0,2022,431.11,0.9493,417.35,1.3356,431.979,1.3103,,,,,,,,,data/pisa/2025/annex_tables/mrq53f.xlsx,,8,2022,2021,1.022347,0.164332,68.5487,0.409903,0.150705,1.034983,0.338504,67.0,69.0
United Arab Emirates,ARE,0,2025,452.589,2.1588,432.811,1.6169,458.067,1.9744,475.553,1.5218,,,,,,,data/pisa/2025/annex_tables/mrq53f.xlsx,,9,2024,2023,1.170218,0.164332,71.5418,0.496845,0.150705,0.991858,0.449289,69.0,68.0
Argentina,ARG,0,2000,,,418.251,9.8643,,,,,,,,,,,data/pisa/2025/annex_tables/mrq53f.xlsx,,1,2000,1999,-0.305116,0.199662,41.6788,-0.160553,0.185324,,,,
Argentina,ARG,0,2006,381.254,6.2436,373.724,7.1718,391.244,6.08,,,,,,,,,data/pisa/2025/annex_tables/mrq53f.xlsx,,3,2006,2005,-0.320852,0.176047,41.3603,-0.444897,0.16749,-0.38908,-0.412794,,
Argentina,ARG,0,2009,388.068,4.0909,398.261,4.6336,400.839,4.5767,,,,,,,,,data/pisa/2025/annex_tables/mrq53f.xlsx,,4,2009,2008,-0.397007,0.172684,39.8188,-0.630526,0.161658,-0.413776,-0.678214,,
Argentina,ARG,0,2012,388.432,3.5297,395.979,3.7044,405.632,3.8809,,,,,,,,,data/pisa/2025/annex_tables/mrq53f.xlsx,,5,2012,2011,-0.516814,0.156277,37.3937,-0.515107,0.136821,-0.339635,-0.46851,35.0,
Argentina,ARG,0,2018,379.454,2.7711,401.503,2.977,404.071,2.8705,,,,,,,,,data/pisa/2025/annex_tables/mrq53f.xlsx,,7,2018,2017,-0.005735,0.159218,47.7387,-0.20221,0.143976,-0.178142,-0.172505,40.0,39.0
Argentina,ARG,0,2022,377.529,2.2517,400.744,2.5698,406.191,2.4929,,,,,,,,,data/pisa/2025/annex_tables/mrq53f.xlsx,,8,2022,2021,-0.340232,0.159218,40.968,-0.291349,0.148512,-0.32733,-0.303899,38.0,38.0
Argentina,ARG,0,2025,366.814,2.6635,388.704,2.6915,392.934,2.9888,403.34,3.3028,,,,,,,data/pisa/2025/annex_tables/mrq53f.xlsx,,9,2024,2023,-0.325708,0.162801,41.262,-0.25138,0.149213,-0.354078,-0.237774,36.0,37.0
Armenia,ARM,0,2025,375.8,1.9514,348.286,1.5026,368.633,1.7763,354.366,2.7196,,,,,,,data/pisa/2025/annex_tables/mrq53f.xlsx,,9,2024,2023,0.144681,0.192545,50.7834,-0.142394,0.195149,0.104612,-0.210791,46.0,47.0
Australia,AUS,1,2000,,,528.279,3.5226,,,,,,,,,,,data/pisa/2025/annex_tables/mrq53f.xlsx,,1,2000,1999,2.05941,0.199662,89.5404,1.796234,0.186813,,,,
Australia,AUS,1,2003,524.266,2.1484,525.427,2.1264,,,,,,,,,,,data/pisa/2025/annex_tables/mrq53f.xlsx,,2,2003,2002,2.029477,0.199662,88.9346,1.81567,0.186813,2.015846,1.754067,,
Australia,AUS,1,2006,519.908,2.2406,512.893,2.062,526.88,2.2603,,,0.8697759102604445,1.76339032301397,98.4037,98.8452,86.3016,,data/pisa/2025/annex_tables/mrq53f.xlsx,data/derived/annex_extract.csv,3,2006,2005,1.746989,0.198051,83.2166,1.737579,0.1806,1.779787,1.717732,,
Australia,AUS,1,2009,514.34,2.5283,514.901,2.3374,527.271,2.5311,,,0.8411556434094449,4.359465648707781,97.77828471189898,98.8461925275517,86.05267089647313,,data/pisa/2025/annex_tables/mrq53f.xlsx,data/derived/annex_extract.csv,4,2009,2008,1.972411,0.198051,87.7794,1.697486,0.1806,1.987406,1.717234,,
Australia,AUS,1,2012,504.151,1.6431,511.804,1.5768,521.495,1.7576,,,0.8589282350402614,4.000795487944191,97.8860027332011,97.8860027332011,86.7822675728866,,data/pisa/2025/annex_tables/mrq53f.xlsx,data/derived/annex_extract.csv,5,2012,2011,1.963573,0.173858,87.6006,1.634895,0.147742,1.96892,1.575215,85.0,
Australia,AUS,1,2015,493.896,1.6054,502.901,1.6909,509.994,1.5353,,,0.906115211673878,5.313984078889035,94.4163999293432,94.9499229422624,83.9919678886914,,data/pisa/2025/annex_tables/mrq53f.xlsx,data/derived/annex_extract.csv,6,2015,2014,1.854444,0.173858,85.3916,1.717785,0.147742,1.863109,1.732345,79.0,80.0
Australia,AUS,1,2018,491.36,1.9398,502.632,1.6343,502.965,1.7954,,,0.8944593764638527,5.71886568870258,94.8123016332016,95.8076379081935,85.1401339058471,,data/pisa/2025/annex_tables/mrq53f.xlsx,data/derived/annex_extract.csv,7,2018,2017,1.768647,0.172535,83.655,1.635892,0.147675,1.794294,1.6237,77.0,77.0
Australia,AUS,1,2022,487.084,1.7796,498.051,2.0136,507.001,1.9331,,,0.8952655458780636,6.871684551292005,92.49859274921138,95.63367377741783,76.05481374707708,,data/pisa/2025/annex_tables/mrq53f.xlsx,data/derived/annex_extract.csv,8,2022,2021,1.728816,0.172994,82.8487,1.471946,0.152582,1.677056,1.570184,75.0,73.0
Australia,AUS,1,2025,477.527,1.9152,490.863,1.8518,509.106,1.8853,531.76,1.7351,0.834088938965771,,,,,,data/pisa/2025/annex_tables/mrq53f.xlsx,data/derived/annex_extract.csv,9,2024,2023,1.85202,0.172994,85.3425,1.470401,0.152582,1.80577,1.503184,76.0,77.0
Austria,AUT,1,2000,,,492.056,2.692,,,,,,,,,,,data/pisa/2025/annex_tables/mrq53f.xlsx,,1,2000,1999,1.690407,0.199662,82.0713,1.899869,0.180299,,,,
Austria,AUT,1,2003,505.611,3.2662,490.693,3.7584,,,,,,,,,,,data/pisa/2025/annex_tables/mrq53f.xlsx,,2,2003,2002,1.981911,0.199662,87.9717,1.865648,0.180299,1.869607,1.911451,,
Austria,AUT,1,2006,505.484,3.7378,490.194,4.08,510.837,3.9249,,,0.9238533137450302,2.1599395931626835,98.7743,98.7743,90.81,,data/pisa/2025/annex_tables/mrq53f.xlsx,data/derived/annex_extract.csv,3,2006,2005,1.943438,0.197363,87.193,1.919562,0.174695,1.951156,1.819162,,
Austria,AUT,1,2012,505.541,2.6681,489.609,2.7612,505.781,2.7003,,,0.8792462875653484,1.3321372373765052,100,100,91.6725381083727,,data/pisa/2025/annex_tables/mrq53f.xlsx,data/derived/annex_extract.csv,5,2012,2011,1.37209,0.162024,75.628,1.702589,0.142841,1.577812,1.668496,69.0,
Austria,AUT,1,2015,496.742,2.8609,484.866,2.8353,495.037,2.4393,,,0.8337264949496097,2.111612876683986,99.9500994153141,99.9500994153141,86.5873871209915,,data/pisa/2025/annex_tables/mrq53f.xlsx,data/derived/annex_extract.csv,6,2015,2014,1.49148,0.162024,78.0447,1.781631,0.142841,1.421131,1.775894,76.0,72.0
Austria,AUT,1,2018,498.942,2.971,484.393,2.6975,489.78,2.7774,,,0.8887721520485836,2.5429286899686465,99.9060152908643,99.9060152908643,92.5444673152706,,data/pisa/2025/annex_tables/mrq53f.xlsx,data/derived/annex_extract.csv,7,2018,2017,1.634809,0.162404,80.9459,1.798946,0.144778,1.567247,1.773884,76.0,75.0
Austria,AUT,1,2022,487.268,2.3378,480.406,2.6683,491.271,2.6501,,,0.8879804104477612,3.5179999992938265,95.73463366003108,96.34526078257755,88.83917255293508,,data/pisa/2025/annex_tables/mrq53f.xlsx,data/derived/annex_extract.csv,8,2022,2021,1.367834,0.162024,75.5419,1.641964,0.149392,1.360117,1.716701,71.0,74.0
Austria,AUT,1,2025,477.194,2.5758,467.212,2.5548,496.913,2.7242,509.454,2.5715,0.7967151384230573,,,,,,data/pisa/2025/annex_tables/mrq53f.xlsx,data/derived/annex_extract.csv,9,2024,2023,1.294447,0.160738,74.0564,1.67774,0.148655,1.320088,1.657723,69.0,67.0
Azerbaijan,AZE,0,2006,475.995,2.2595,352.892,3.1243,382.334,2.7535,,,,,,,,,data/pisa/2025/annex_tables/mrq53f.xlsx,,3,2006,2005,-1.142057,0.178787,24.7378,-0.761157,0.165498,-1.15759,-0.723941,,
Azerbaijan,AZE,0,2009,430.975,2.765,361.515,3.3292,373.184,3.0516,,,,,,,,,data/pisa/2025/annex_tables/mrq53f.xlsx,,4,2009,2008,-1.14183,0.17828,24.7424,-0.767354,0.165498,-1.174787,-0.753719,,
Azerbaijan,AZE,0,2025,422.395,3.9787,373.571,2.8365,408.564,3.2038,387.832,3.5039,,,,,,,data/pisa/2025/annex_tables/mrq53f.xlsx,,9,2024,2023,-0.775078,0.194025,32.1661,-0.485371,0.195149,-0.881959,-0.516058,30.0,22.0
Belgium,BEL,1,2000,,,507.126,3.5579,,,,,,,,,,,data/pisa/2025/annex_tables/mrq53f.xlsx,,1,2000,1999,1.450425,0.199662,77.2137,1.334387,0.180299,,,,
Belgium,BEL,1,2003,529.286,2.2861,506.987,2.5817,,,,,,,,,,,data/pisa/2025/annex_tables/mrq53f.xlsx,,2,2003,2002,1.45609,0.199662,77.3283,1.312005,0.180299,1.559427,1.302596,,
Belgium,BEL,1,2006,520.349,2.9546,500.901,3.0413,510.363,2.4847,,,0.9857410979406609,2.6974743393234935,81.5432,93.5926,92.9807,,data/pisa/2025/annex_tables/mrq53f.xlsx,data/derived/annex_extract.csv,3,2006,2005,1.406902,0.198051,76.3327,1.216521,0.174695,1.471559,1.287482,,
Belgium,BEL,1,2009,515.272,2.2543,505.946,2.3498,506.576,2.5222,,,0.9427384729816344,2.1976688465013745,88.76035569951488,95.58083614429388,91.38118953451125,,data/pisa/2025/annex_tables/mrq53f.xlsx,data/derived/annex_extract.csv,4,2009,2008,1.558074,0.198051,79.3926,1.227683,0.174695,1.404707,1.316197,,
Belgium,BEL,1,2012,514.529,2.1449,508.618,2.2541,504.868,2.1803,,,0.9549963958564498,1.3992051335146347,84.4251558358295,96.6377242920292,90.8654638923185,,data/pisa/2025/annex_tables/mrq53f.xlsx,data/derived/annex_extract.csv,5,2012,2011,1.486204,0.162024,77.9379,1.313828,0.142841,1.566484,1.268929,75.0,
Belgium,BEL,1,2015,506.984,2.3503,498.524,2.4157,502.0,2.2896,,,0.9294011162339239,1.6629882008803787,83.0723509603113,95.374980854003,90.6291328726879,,data/pisa/2025/annex_tables/mrq53f.xlsx,data/derived/annex_extract.csv,6,2015,2014,1.524446,0.162024,78.7119,1.42518,0.142841,1.515046,1.360097,77.0,76.0
Belgium,BEL,1,2018,508.07,2.2627,492.864,2.322,498.773,2.2292,,,0.9364743594829844,1.9388965825870506,86.5442639478058,94.604607542847,91.0993776824467,,data/pisa/2025/annex_tables/mrq53f.xlsx,data/derived/annex_extract.csv,7,2018,2017,1.45436,0.162024,77.2933,1.42076,0.144778,1.442534,1.377531,75.0,75.0
Belgium,BEL,1,2022,489.487,2.2029,478.853,2.5236,490.578,2.4819,,,0.9909715439012741,2.4142876348819544,80.3112152164424,91.41589150376886,86.55792954120156,,data/pisa/2025/annex_tables/mrq53f.xlsx,data/derived/annex_extract.csv,8,2022,2021,1.577431,0.162024,79.7844,1.339809,0.149392,1.550215,1.405213,73.0,73.0
Belgium,BEL,1,2025,479.686,2.8086,466.328,3.0358,489.71,2.8551,508.149,2.5399,0.9062166364712763,,,,,,data/pisa/2025/annex_tables/mrq53f.xlsx,data/derived/annex_extract.csv,9,2024,2023,1.468781,0.160738,77.5852,1.282799,0.148655,1.467016,1.271998,69.0,69.0
Bulgaria,BGR,0,2000,,,430.403,4.887,,,,,,,,,,,data/pisa/2025/annex_tables/mrq53f.xlsx,,1,2000,1999,-0.14913,0.213756,44.8362,-0.090755,0.1909,,,,
Bulgaria,BGR,0,2006,413.449,6.1332,401.935,6.9083,434.08,6.1118,,,,,,,,,data/pisa/2025/annex_tables/mrq53f.xlsx,,3,2006,2005,0.106873,0.178432,50.0181,-0.069945,0.164657,0.023543,-0.116097,,
Bulgaria,BGR,0,2009,428.066,5.8597,429.081,6.6813,439.294,5.8622,,,,,,,,,data/pisa/2025/annex_tables/mrq53f.xlsx,,4,2009,2008,-0.248644,0.178432,42.8219,-0.139365,0.164657,-0.111677,-0.14695,,
Bulgaria,BGR,0,2012,438.738,3.9884,436.126,6.0226,446.469,4.7835,,,,,,,,,data/pisa/2025/annex_tables/mrq53f.xlsx,,5,2012,2011,-0.357262,0.15105,40.6233,-0.217518,0.137195,-0.355814,-0.336721,41.0,
Bulgaria,BGR,0,2015,441.19,3.9549,431.718,4.9977,445.772,4.3502,,,,,,,,,data/pisa/2025/annex_tables/mrq53f.xlsx,,6,2015,2014,-0.438708,0.151933,38.9747,-0.208098,0.139416,-0.39042,-0.21494,41.0,43.0
Bulgaria,BGR,0,2018,436.041,3.8172,419.844,3.9126,424.074,3.6315,,,,,,,,,data/pisa/2025/annex_tables/mrq53f.xlsx,,7,2018,2017,-0.189394,0.152762,44.0212,-0.140667,0.141239,-0.308377,-0.233333,42.0,43.0
Bulgaria,BGR,0,2022,417.304,3.3027,404.304,3.3958,420.993,3.1742,,,,,,,,,data/pisa/2025/annex_tables/mrq53f.xlsx,,8,2022,2021,-0.136935,0.152762,45.0831,-0.099803,0.145514,-0.226061,-0.037746,43.0,42.0
Bulgaria,BGR,0,2025,405.078,4.034,386.645,3.9461,420.794,4.0533,425.307,4.0649,,,,,,,data/pisa/2025/annex_tables/mrq53f.xlsx,,9,2024,2023,-0.240018,0.151682,42.9965,-0.033342,0.144832,-0.150129,-0.026594,40.0,43.0
Brazil,BRA,0,2000,,,396.029,3.0992,,,,,,,,,,,data/pisa/2025/annex_tables/mrq53f.xlsx,,1,2000,1999,0.110603,0.199662,50.0936,-0.366495,0.185324,,,,
Brazil,BRA,0,2003,356.016,4.8323,402.796,4.5791,,,,,,,,,,,data/pisa/2025/annex_tables/mrq53f.xlsx,,2,2003,2002,0.053801,0.199616,48.9438,-0.38733,0.17807,0.097771,-0.300531,,
Brazil,BRA,0,2006,369.515,2.9334,392.885,3.7432,390.332,2.7863,,,0.5531565230907446,0.3420789792334948,98.0056,99.2402,90.8347,,data/pisa/2025/annex_tables/mrq53f.xlsx,data/derived/annex_extract.csv,3,2006,2005,-0.213273,0.175292,43.5379,-0.307378,0.166507,-0.247162,-0.351771,,
Brazil,BRA,0,2009,385.814,2.3886,411.755,2.7278,405.404,2.433,,,0.631878723775236,0.7150881475405036,93.13248482528978,94.74962307770286,89.04005197069081,,data/pisa/2025/annex_tables/mrq53f.xlsx,data/derived/annex_extract.csv,4,2009,2008,-0.040203,0.173145,47.0411,-0.205322,0.161658,-0.091933,-0.247276,,
Brazil,BRA,0,2012,388.509,1.9365,406.533,2.0304,401.62,2.0609,,,0.6911478944471049,1.4492724531684853,92.7439400877965,95.4363715705188,90.0608002712728,,data/pisa/2025/annex_tables/mrq53f.xlsx,data/derived/annex_extract.csv,5,2012,2011,-0.011387,0.156277,47.6243,-0.044689,0.136821,0.209751,-0.074789,43.0,
Brazil,BRA,0,2015,377.07,2.8634,407.349,2.7502,400.682,2.2968,,,0.7072245445309459,2.7993020849092427,93.1856897619954,94.080278394696,87.319919474942,,data/pisa/2025/annex_tables/mrq53f.xlsx,data/derived/annex_extract.csv,6,2015,2014,-0.351268,0.159218,40.7446,-0.225205,0.142071,-0.235179,-0.141991,38.0,43.0
Brazil,BRA,0,2018,383.569,2.0324,412.873,2.111,403.621,2.0577,,,0.6502425248119451,2.898999043522069,86.7615500698514,92.6926990626417,88.8451412189245,,data/pisa/2025/annex_tables/mrq53f.xlsx,data/derived/annex_extract.csv,7,2018,2017,-0.407628,0.159218,39.6038,-0.401504,0.142012,-0.469369,-0.280818,35.0,37.0
Brazil,BRA,0,2022,378.691,1.5814,410.357,2.088,403.001,1.9328,,,0.7610099093939656,3.1656799472084933,80.9301352455465,95.55126454473103,84.1580322888174,,data/pisa/2025/annex_tables/mrq53f.xlsx,data/derived/annex_extract.csv,8,2022,2021,-0.456279,0.159218,38.619,-0.439833,0.14636,-0.404589,-0.409143,38.0,38.0
Brazil,BRA,0,2025,376.768,1.748,408.008,2.0145,408.54,1.9332,405.55,1.9837,0.7570824159963017,,,,,,data/pisa/2025/annex_tables/mrq53f.xlsx,data/derived/annex_extract.csv,9,2024,2023,-0.40889,0.162801,39.5783,-0.446218,0.147031,-0.451506,-0.483013,35.0,34.0
Brunei Darussalam,BRN,0,2018,430.113,1.159,408.07,0.8978,430.984,1.2101,,,,,,,,,data/pisa/2025/annex_tables/mrq53f.xlsx,,7,2018,2017,1.215973,0.23588,72.468,0.340509,0.200402,1.216699,0.293646,63.0,62.0
Brunei Darussalam,BRN,0,2022,442.093,0.926,429.232,1.1592,445.855,1.3168,,,,,,,,,data/pisa/2025/annex_tables/mrq53f.xlsx,,8,2022,2021,1.182541,0.23588,71.7913,0.638584,0.213211,1.1828,0.561635,,
Brunei Darussalam,BRN,0,2025,435.183,0.8529,425.681,0.92,439.454,0.8199,496.336,0.8181,,,,,,,data/pisa/2025/annex_tables/mrq53f.xlsx,,9,2024,2023,1.186177,0.23588,71.8649,0.587608,0.213211,1.18165,0.638307,63.0,
Canada,CAN,1,2000,,,534.313,1.5587,,,,,,,,,,,data/pisa/2025/annex_tables/mrq53f.xlsx,,1,2000,1999,2.062699,0.199662,89.607,1.795216,0.186813,,,,
Canada,CAN,1,2003,532.487,1.8179,527.914,1.7467,,,,,,,,,,,data/pisa/2025/annex_tables/mrq53f.xlsx,,2,2003,2002,1.961615,0.199662,87.5609,1.705305,0.186813,1.89376,1.776434,,
Canada,CAN,1,2006,527.007,1.9669,527.011,2.4387,534.47,2.0318,,,0.86863706094382,6.347680932017,83.2004,86.2257,81.4257,,data/pisa/2025/annex_tables/mrq53f.xlsx,data/derived/annex_extract.csv,3,2006,2005,1.976193,0.196301,87.856,1.802596,0.179369,1.916248,1.665024,,
Canada,CAN,1,2009,526.805,1.6136,524.242,1.4832,528.705,1.6213,,,0.8363369011887435,5.998059102587086,88.04126619618182,89.63522821716829,79.5162940291109,,data/pisa/2025/annex_tables/mrq53f.xlsx,data/derived/annex_extract.csv,4,2009,2008,1.967756,0.194408,87.6852,1.633841,0.174712,1.94249,1.696766,,
Canada,CAN,1,2012,518.07,1.8414,523.124,1.9264,525.441,1.9305,,,0.8329562570446044,6.3774347615571925,91.2845400340814,92.9031063685251,80.7601186320081,,data/pisa/2025/annex_tables/mrq53f.xlsx,data/derived/annex_extract.csv,5,2012,2011,1.84074,0.171828,85.1142,1.601385,0.144466,1.889244,1.576628,84.0,
Canada,CAN,1,2015,515.647,2.3131,526.668,2.3009,527.705,2.0803,,,0.835199211015553,7.492103848530636,74.476219486272,78.5732586870997,80.801018311771,,data/pisa/2025/annex_tables/mrq53f.xlsx,data/derived/annex_extract.csv,6,2015,2014,1.867974,0.173131,85.6655,1.720459,0.147066,1.817856,1.64322,83.0,81.0
Canada,CAN,1,2018,512.017,2.3575,520.086,1.7997,517.998,2.1537,,,0.8634535619067245,6.871524238408851,85.7273584865702,88.5749795757223,84.0289089887235,,data/pisa/2025/annex_tables/mrq53f.xlsx,data/derived/annex_extract.csv,7,2018,2017,1.807353,0.173595,84.4384,1.702834,0.149181,1.884122,1.712657,81.0,82.0
Canada,CAN,1,2022,496.948,1.5618,507.133,1.9656,515.017,1.929,,,0.921964632088716,5.82538609440682,81.3419137075204,85.59642974051556,76.9949364586471,,data/pisa/2025/annex_tables/mrq53f.xlsx,data/derived/annex_extract.csv,8,2022,2021,1.651994,0.173595,81.2937,1.505258,0.154246,1.615613,1.549333,74.0,74.0
Canada,CAN,1,2025,485.338,1.9129,489.826,1.7808,510.055,1.7891,524.878,1.5732,0.9577067981701018,,,,,*,data/pisa/2025/annex_tables/mrq53f.xlsx,data/derived/annex_extract.csv,9,2024,2023,1.631909,0.172015,80.8872,1.46083,0.153435,1.626358,1.436168,75.0,75.0
Switzerland,CHE,1,2000,,,494.372,4.2468,,,,,,,,,,,data/pisa/2025/annex_tables/mrq53f.xlsx,,1,2000,1999,2.006334,0.199662,88.4661,2.003931,0.186813,,,,
Switzerland,CHE,1,2003,526.553,3.383,499.121,3.2813,,,,,,,,,,,data/pisa/2025/annex_tables/mrq53f.xlsx,,2,2003,2002,1.974908,0.199662,87.83,1.901811,0.186813,1.992029,1.905749,,
Switzerland,CHE,1,2006,529.656,3.1534,499.278,3.0613,511.524,3.1623,,,1.0214764845620108,3.3811824505001176,95.4448,99.0868,94.9415,,data/pisa/2025/annex_tables/mrq53f.xlsx,data/derived/annex_extract.csv,3,2006,2005,2.192774,0.197363,92.2399,1.789899,0.1806,1.982124,1.886963,,
Switzerland,CHE,1,2009,533.961,3.2977,500.5,2.4436,516.568,2.8167,,,0.8920367897774296,3.0811574512247044,94.24523106746256,98.70940082257243,93.581277251868,,data/pisa/2025/annex_tables/mrq53f.xlsx,data/derived/annex_extract.csv,4,2009,2008,2.049901,0.197363,89.348,1.784598,0.1806,2.176294,1.830644,,
Switzerland,CHE,1,2012,530.931,3.0406,509.04,2.5654,515.298,2.7138,,,0.9137475917431191,4.222590474431409,94.4582086611581,98.3321090089672,91.9567533404391,,data/pisa/2025/annex_tables/mrq53f.xlsx,data/derived/annex_extract.csv,5,2012,2011,2.16495,0.197363,91.6767,1.868798,0.1806,2.089242,1.806843,86.0,
Switzerland,CHE,1,2015,521.251,2.9203,492.198,3.031,505.506,2.9003,,,0.9617344873969239,4.3512921794522095,93.1583496145095,97.6723646135658,92.4520628418036,,data/pisa/2025/annex_tables/mrq53f.xlsx,data/derived/annex_extract.csv,6,2015,2014,2.270225,0.197363,93.8077,1.885681,0.1806,2.260746,1.880784,86.0,86.0
Switzerland,CHE,1,2018,515.315,2.908,483.929,3.1243,495.276,3.005,,,0.8894830624146917,6.67970734175807,86.0785416070708,99.488815045473,94.3489922683493,,data/pisa/2025/annex_tables/mrq53f.xlsx,data/derived/annex_extract.csv,7,2018,2017,2.293776,0.197363,94.2844,1.913422,0.184562,2.302758,1.889529,85.0,85.0
Switzerland,CHE,1,2022,507.991,2.1437,483.332,2.2584,502.523,2.1859,,,0.9077611886602389,5.774986042851104,95.10219792119447,98.15741186060903,90.87988450971102,,data/pisa/2025/annex_tables/mrq53f.xlsx,data/derived/annex_extract.csv,8,2022,2021,2.094943,0.198051,90.2597,1.779351,0.18711,2.105955,1.789399,82.0,84.0
Switzerland,CHE,1,2025,499.147,2.5929,470.053,2.9209,501.238,2.5913,519.809,2.2686,0.8944555698984753,,,,,,data/pisa/2025/annex_tables/mrq53f.xlsx,data/derived/annex_extract.csv,9,2024,2023,2.007218,0.198051,88.484,1.763652,0.18711,2.097244,1.792091,80.0,81.0
Chile,CHL,1,2000,,,409.557,3.5857,,,,,,,,,,,data/pisa/2025/annex_tables/mrq53f.xlsx,,1,2000,1999,1.53755,0.199662,78.9772,1.316448,0.185324,,,,
Chile,CHL,1,2006,411.35,4.5814,442.091,4.9927,438.177,4.3177,,,0.7799125994402624,1.4258482094982128,83.082,87.885,93.7181,,data/pisa/2025/annex_tables/mrq53f.xlsx,data/derived/annex_extract.csv,3,2006,2005,1.47133,0.176676,77.6368,1.289773,0.170523,1.502074,1.329033,,
Chile,CHL,1,2009,421.06,3.0594,449.37,3.1255,447.467,2.9228,,,0.8524895882174477,1.2246844320061556,94.33501076049598,99.03710037031985,92.87551199459183,,data/pisa/2025/annex_tables/mrq53f.xlsx,data/derived/annex_extract.csv,4,2009,2008,1.420522,0.175292,76.6084,1.252374,0.166507,1.394793,1.248799,,
Chile,CHL,1,2012,422.632,3.0673,441.398,2.9021,444.934,2.8633,,,0.8340466807130926,1.2997427974022637,91.8889948634288,98.8324058702779,94.6486537941656,,data/pisa/2025/annex_tables/mrq53f.xlsx,data/derived/annex_extract.csv,5,2012,2011,1.479689,0.161341,77.806,1.13565,0.140307,1.544199,1.105687,72.0,
Chile,CHL,1,2015,422.671,2.5395,458.571,2.5849,446.956,2.3793,,,0.7977675775133104,1.7458445443948558,92.430920682857,99.1374756349528,93.3086427505,,data/pisa/2025/annex_tables/mrq53f.xlsx,data/derived/annex_extract.csv,6,2015,2014,1.143849,0.162418,71.0081,1.003335,0.142685,1.386066,1.057621,70.0,73.0
Chile,CHL,1,2018,417.407,2.4159,452.273,2.6438,443.583,2.4153,,,0.8928570056619844,1.9287557025548359,90.2170543712885,99.6613396822993,93.0936456998015,,data/pisa/2025/annex_tables/mrq53f.xlsx,data/derived/annex_extract.csv,7,2018,2017,1.112123,0.162418,70.3659,0.958074,0.144615,1.112364,0.967431,67.0,67.0
Chile,CHL,1,2022,411.697,2.0779,447.979,2.6326,443.543,2.4686,,,0.8649096344172894,2.8679400622799225,84.25218483218148,94.24792494419694,83.95148065954119,,data/pisa/2025/annex_tables/mrq53f.xlsx,data/derived/annex_extract.csv,8,2022,2021,1.145297,0.162418,71.0374,0.743761,0.149213,1.146301,0.756484,67.0,67.0
Chile,CHL,1,2025,402.645,2.1761,435.656,2.7595,442.361,2.4952,466.232,2.7039,0.9489350938374708,,,,,,data/pisa/2025/annex_tables/mrq53f.xlsx,data/derived/annex_extract.csv,9,2024,2023,1.105797,0.162801,70.2379,0.691055,0.149213,1.031834,0.66478,63.0,63.0
Colombia,COL,1,2006,369.979,3.7834,385.308,5.0829,388.038,3.3749,,,0.598636187891166,0.5519847524181178,93.5349,99.2185,93.8912,,data/pisa/2025/annex_tables/mrq53f.xlsx,data/derived/annex_extract.csv,3,2006,2005,-0.202551,0.174007,43.7549,-0.552814,0.165326,-0.100181,-0.559723,,
Colombia,COL,1,2009,380.848,3.2409,413.182,3.7426,401.75,3.6344,,,0.5849439285510332,0.16374037887626186,90.2121588559594,94.90080089721084,92.83032652111255,,data/pisa/2025/annex_tables/mrq53f.xlsx,data/derived/annex_extract.csv,4,2009,2008,-0.289566,0.172684,41.9936,-0.46295,0.161658,-0.230105,-0.408723,,
Colombia,COL,1,2012,376.489,2.8867,403.403,3.4456,398.679,3.0528,,,0.6303103416883119,0.1410726678223371,86.6060662818408,97.4350631477239,93.0837834592908,,data/pisa/2025/annex_tables/mrq53f.xlsx,data/derived/annex_extract.csv,5,2012,2011,-0.409987,0.158202,39.5561,-0.447664,0.139723,-0.206675,-0.390244,36.0,
Colombia,COL,1,2015,389.644,2.2861,424.905,2.9447,415.729,2.3611,,,0.7462658049017044,0.0947047316870388,98.6415840721244,99.8056774887838,94.5209487064684,,data/pisa/2025/annex_tables/mrq53f.xlsx,data/derived/annex_extract.csv,6,2015,2014,-0.317337,0.159218,41.4314,-0.399534,0.142071,-0.371322,-0.411465,37.0,37.0
Colombia,COL,1,2018,390.932,2.9896,412.295,3.2513,413.323,3.0524,,,0.6190723074101633,0.48748441127570996,94.7083484583392,96.9992776956515,92.8222174202711,,data/pisa/2025/annex_tables/mrq53f.xlsx,data/derived/annex_extract.csv,7,2018,2017,-0.318594,0.159218,41.406,-0.422011,0.143976,-0.410863,-0.365383,36.0,37.0
Colombia,COL,1,2022,382.697,3.031,408.665,3.751,411.121,3.2841,,,0.7285649568212921,0.5806164826056365,96.60504790336701,99.19364146594963,91.75495102488858,,data/pisa/2025/annex_tables/mrq53f.xlsx,data/derived/annex_extract.csv,8,2022,2021,-0.2564,0.159218,42.6649,-0.529648,0.148512,-0.269745,-0.506983,39.0,39.0
Colombia,COL,1,2025,380.529,2.7814,399.267,3.3084,413.731,3.2937,431.789,3.879,0.7522795707319039,,,,,,data/pisa/2025/annex_tables/mrq53f.xlsx,data/derived/annex_extract.csv,9,2024,2023,-0.29372,0.161495,41.9095,-0.559743,0.148479,-0.309005,-0.56488,37.0,39.0
Costa Rica,CRI,1,2009,409.385,2.981,442.581,3.17,430.481,2.7633,,,,,,,,,data/pisa/2025/annex_tables/mrq53f.xlsx,,4,2009,2008,0.618657,0.186821,60.3774,0.626967,0.174062,0.487714,0.550706,,
Costa Rica,CRI,1,2012,407.0,3.0415,440.548,3.5037,429.351,2.938,,,0.4955711813864448,0.030225907092839583,98.944784289651,98.944784289651,88.9674321333174,,data/pisa/2025/annex_tables/mrq53f.xlsx,data/derived/annex_extract.csv,5,2012,2011,0.670503,0.189099,61.4268,0.447108,0.178666,0.657907,0.462602,54.0,
Costa Rica,CRI,1,2015,400.253,2.4653,427.488,2.635,419.608,2.0745,,,0.6346508016093332,0.18803694963563874,99.1240695404706,99.1240695404706,92.4566082661114,,data/pisa/2025/annex_tables/mrq53f.xlsx,data/derived/annex_extract.csv,6,2015,2014,0.769969,0.171911,63.4402,0.521252,0.147354,0.78099,0.546394,55.0,54.0
Costa Rica,CRI,1,2018,402.331,3.2888,426.498,3.4203,415.622,3.266,,,0.6277215504389598,0.5437275155517093,100,100,97.0508413986509,,data/pisa/2025/annex_tables/mrq53f.xlsx,data/derived/annex_extract.csv,7,2018,2017,0.649694,0.17146,61.0056,0.518591,0.149482,0.585352,0.54111,56.0,59.0
Costa Rica,CRI,1,2022,384.576,1.8877,415.233,2.6598,410.987,2.418,,,0.7758809817447518,0.060801511606228244,99.01478597117122,99.01478597117122,92.01755987240037,,data/pisa/2025/annex_tables/mrq53f.xlsx,data/derived/annex_extract.csv,8,2022,2021,0.56698,0.17146,59.3314,0.667559,0.154578,0.590956,0.610454,54.0,58.0
Costa Rica,CRI,1,2025,387.091,2.251,416.035,2.7556,423.97,2.5697,451.916,2.3684,0.730077828857166,,,,,,data/pisa/2025/annex_tables/mrq53f.xlsx,data/derived/annex_extract.csv,9,2024,2023,0.679237,0.170376,61.6036,0.616741,0.153762,0.677563,0.643126,56.0,58.0
Cyprus,CYP,0,2012,439.696,1.0749,448.953,1.1837,437.676,1.1833,,,,,,,,,data/pisa/2025/annex_tables/mrq53f.xlsx,,5,2012,2011,1.005224,0.214276,68.2021,0.96104,0.183482,1.012434,0.957958,66.0,
Cyprus,CYP,0,2015,437.129,1.7183,442.831,1.6587,432.577,1.379,,,,,,,,,data/pisa/2025/annex_tables/mrq53f.xlsx,,6,2015,2014,0.68242,0.214276,61.6681,0.835657,0.183482,0.753079,0.822787,61.0,63.0
Cyprus,CYP,0,2018,450.683,1.4102,424.358,1.3684,439.008,1.3876,,,,,,,,,data/pisa/2025/annex_tables/mrq53f.xlsx,,7,2018,2017,0.660859,0.197363,61.2316,0.852144,0.178273,0.817983,0.925262,59.0,57.0
Cyprus,CYP,0,2022,418.307,1.1789,381.076,1.1642,410.903,1.4566,,,,,,,,,data/pisa/2025/annex_tables/mrq53f.xlsx,,8,2022,2021,0.565289,0.162024,59.2971,0.764227,0.149392,0.490552,0.771228,52.0,53.0
Cyprus,CYP,0,2025,411.781,1.3748,379.429,1.2794,411.185,1.4658,427.151,1.8977,,,,,,,data/pisa/2025/annex_tables/mrq53f.xlsx,,9,2024,2023,0.532478,0.160738,58.633,0.689191,0.148655,0.482682,0.759116,55.0,56.0
Czechia,CZE,1,2000,,,491.577,2.3698,,,,,,,,,,,data/pisa/2025/annex_tables/mrq53f.xlsx,,1,2000,1999,0.259475,0.196956,53.107,0.574269,0.181061,,,,
Czechia,CZE,1,2003,516.455,3.5456,488.542,3.4632,,,,,,,,,,,data/pisa/2025/annex_tables/mrq53f.xlsx,,2,2003,2002,0.511095,0.196956,58.2002,0.861414,0.174278,0.408316,0.853792,,
Czechia,CZE,1,2006,509.859,3.5511,482.715,4.1815,512.861,3.4784,,,1.0084478034881172,1.056431969293228,72.8735,93.869,90.6174,,data/pisa/2025/annex_tables/mrq53f.xlsx,data/derived/annex_extract.csv,3,2006,2005,0.538493,0.179893,58.7548,0.755668,0.168537,0.564339,0.85324,,
Czechia,CZE,1,2009,492.814,2.8301,478.187,2.8921,500.497,2.9742,,,0.9338184991846067,1.7582728850110634,83.09495991338912,97.39585888930506,90.74567810985343,,data/pisa/2025/annex_tables/mrq53f.xlsx,data/derived/annex_extract.csv,4,2009,2008,0.395089,0.179893,55.852,0.73871,0.168537,0.416593,0.732948,,
Czechia,CZE,1,2012,498.958,2.8525,492.89,2.8707,508.299,2.9629,,,0.8468688754564397,1.8326875989151683,98.1481565334552,99.6058403750054,90.0720255400908,,data/pisa/2025/annex_tables/mrq53f.xlsx,data/derived/annex_extract.csv,5,2012,2011,0.410438,0.15105,56.1627,0.830921,0.137195,0.47451,0.844062,49.0,
Czechia,CZE,1,2015,492.325,2.3961,487.25,2.5997,492.83,2.2677,,,0.9350324700467968,2.438986198293075,98.1311327831675,98.1311327831675,88.7685117533713,,data/pisa/2025/annex_tables/mrq53f.xlsx,data/derived/annex_extract.csv,6,2015,2014,0.592926,0.151933,59.8566,1.047513,0.139416,0.509133,0.957065,56.0,51.0
Czechia,CZE,1,2018,499.468,2.4607,490.219,2.5479,496.791,2.5461,,,0.9542952626259333,1.6742910092901944,98.8153478602394,98.8153478602394,91.9029171871559,,data/pisa/2025/annex_tables/mrq53f.xlsx,data/derived/annex_extract.csv,7,2018,2017,0.614058,0.152762,60.2843,1.04031,0.141239,0.747385,1.13083,59.0,57.0
Czechia,CZE,1,2022,486.999,2.0936,488.604,2.2462,497.742,2.3043,,,0.9148688820759882,1.9724158507214626,100.00000000000001,100.00000000000001,91.21633122428565,,data/pisa/2025/annex_tables/mrq53f.xlsx,data/derived/annex_extract.csv,8,2022,2021,0.803175,0.152762,64.1123,1.139273,0.145514,0.730009,1.166983,56.0,54.0
Czechia,CZE,1,2025,477.148,2.5986,468.357,2.676,490.278,2.5861,516.528,2.3415,0.8940766310794781,,,,,,data/pisa/2025/annex_tables/mrq53f.xlsx,data/derived/annex_extract.csv,9,2024,2023,0.931066,0.151682,66.701,1.188131,0.144832,0.849921,1.160587,59.0,56.0
Germany,DEU,1,2000,,,483.991,2.4651,,,,,,,,,,,data/pisa/2025/annex_tables/mrq53f.xlsx,,1,2000,1999,1.725086,0.199662,82.7732,1.68779,0.180299,,,,
Germany,DEU,1,2003,502.986,3.3172,491.358,3.3864,,,,,,,,,,,data/pisa/2025/annex_tables/mrq53f.xlsx,,2,2003,2002,1.888522,0.199662,86.0814,1.696892,0.180299,1.810302,1.696409,,
Germany,DEU,1,2006,503.791,3.8682,494.944,4.4101,515.649,3.7956,,,0.9495314938494117,1.2230915206713957,98.1549,99.0536,92.2579,,data/pisa/2025/annex_tables/mrq53f.xlsx,data/derived/annex_extract.csv,3,2006,2005,1.72959,0.197363,82.8644,1.670566,0.174695,1.928814,1.663252,,
Germany,DEU,1,2009,512.778,2.8631,497.305,2.6558,520.405,2.7987,,,0.9001795329818647,1.2998502104514966,98.60660875179977,100,93.93146133373223,,data/pisa/2025/annex_tables/mrq53f.xlsx,data/derived/annex_extract.csv,4,2009,2008,1.682193,0.197363,81.905,1.608338,0.174695,1.688208,1.632293,,
Germany,DEU,1,2012,513.525,2.8765,507.677,2.816,524.121,2.9633,,,0.9483431520442632,1.5368829321229156,97.7115977324225,97.9551824616747,93.2397377573165,,data/pisa/2025/annex_tables/mrq53f.xlsx,data/derived/annex_extract.csv,5,2012,2011,1.657072,0.160955,81.3965,1.617979,0.140456,1.664906,1.591936,79.0,
Germany,DEU,1,2015,505.971,2.8879,509.104,3.0185,509.141,2.6988,,,0.9610157734492972,2.1429612692546804,96.2499459415837,98.9432630062369,93.2676929623806,,data/pisa/2025/annex_tables/mrq53f.xlsx,data/derived/annex_extract.csv,6,2015,2014,1.723365,0.162024,82.7384,1.739872,0.142841,1.708292,1.736565,81.0,79.0
Germany,DEU,1,2018,500.044,2.6471,498.279,3.0254,502.989,2.9115,,,0.9934079849471203,2.729610606425455,95.6776,98.196,90.4010393588799,,data/pisa/2025/annex_tables/mrq53f.xlsx,data/derived/annex_extract.csv,7,2018,2017,1.91781,0.162024,86.6743,1.715527,0.144778,1.822261,1.702885,80.0,81.0
Germany,DEU,1,2022,474.826,3.0648,479.794,3.6091,492.427,3.4831,,,0.9189398197721934,2.489824260582913,92.92593542996975,98.18426402465536,87.96668900063602,,data/pisa/2025/annex_tables/mrq53f.xlsx,data/derived/annex_extract.csv,8,2022,2021,1.82241,0.162024,84.7432,1.581052,0.149392,1.824329,1.63495,79.0,80.0
Germany,DEU,1,2025,463.806,3.0462,465.282,3.5622,485.521,3.5211,497.538,2.7638,0.9312646945124056,,,,,,data/pisa/2025/annex_tables/mrq53f.xlsx,data/derived/annex_extract.csv,9,2024,2023,1.773421,0.160738,83.7516,1.625784,0.148655,1.699403,1.585564,77.0,75.0
Denmark,DNK,1,2000,,,496.871,2.3528,,,,,,,,,,,data/pisa/2025/annex_tables/mrq53f.xlsx,,1,2000,1999,2.312161,0.199662,94.6565,1.969416,0.180299,,,,
Denmark,DNK,1,2003,514.288,2.7437,492.323,2.8175,,,,,,,,,,,data/pisa/2025/annex_tables/mrq53f.xlsx,,2,2003,2002,2.303426,0.199662,94.4797,1.964967,0.180299,2.285528,1.96531,,
Denmark,DNK,1,2006,513.026,2.617,494.483,3.1782,495.894,3.1087,,,0.8510745047694397,6.065424071826836,87.2434,96.4661,89.5146,,data/pisa/2025/annex_tables/mrq53f.xlsx,data/derived/annex_extract.csv,3,2006,2005,2.345303,0.197363,95.3274,1.984929,0.174695,2.25322,1.765287,,
Denmark,DNK,1,2009,503.278,2.6027,494.916,2.0739,499.337,2.4823,,,0.8629151186863674,8.167061835991834,83.94342060321809,90.7465922652334,89.29347391744378,,data/pisa/2025/annex_tables/mrq53f.xlsx,data/derived/annex_extract.csv,4,2009,2008,2.309994,0.197363,94.6126,1.873448,0.174695,2.301725,1.953388,,
Denmark,DNK,1,2012,500.027,2.2947,496.131,2.6478,498.474,2.7421,,,0.9077856451389849,6.176656182330455,86.9530479781081,95.5088207640545,89.05723300065,,data/pisa/2025/annex_tables/mrq53f.xlsx,data/derived/annex_extract.csv,5,2012,2011,2.258271,0.162024,93.5657,1.922667,0.142841,2.332265,1.895373,90.0,
Denmark,DNK,1,2015,511.088,2.1742,499.815,2.5446,501.937,2.3755,,,0.8897019391556898,5.036408447493857,90.4638418338122,92.0316581343212,89.0784791940127,,data/pisa/2025/annex_tables/mrq53f.xlsx,data/derived/annex_extract.csv,6,2015,2014,2.158936,0.162024,91.555,1.981798,0.142841,2.151634,1.91056,91.0,92.0
Denmark,DNK,1,2018,509.398,1.735,501.13,1.7955,492.637,1.9376,,,0.87782662158008,5.700286483162199,88.1146636155362,93.3352975050137,86.4377636715543,,data/pisa/2025/annex_tables/mrq53f.xlsx,data/derived/annex_extract.csv,7,2018,2017,2.158095,0.162404,91.538,1.924835,0.144778,2.187781,1.937456,88.0,88.0
Denmark,DNK,1,2022,489.274,1.9488,488.801,2.5783,493.816,2.4975,,,0.8355521949787109,11.550017056353191,90.0886327682525,96.19744255511488,84.21042696370179,,data/pisa/2025/annex_tables/mrq53f.xlsx,data/derived/annex_extract.csv,8,2022,2021,2.302238,0.162024,94.4556,2.002327,0.149392,2.294831,2.013392,90.0,88.0
Denmark,DNK,1,2025,470.628,2.1088,460.009,2.373,477.541,2.3903,505.879,2.3213,0.8049548098306438,,,,,,data/pisa/2025/annex_tables/mrq53f.xlsx,data/derived/annex_extract.csv,9,2024,2023,2.287475,0.162024,94.1568,2.004315,0.149392,2.317163,2.01435,89.0,90.0
Dominican Republic,DOM,0,2015,327.702,2.6859,357.738,3.0535,331.639,2.5782,,,,,,,,,data/pisa/2025/annex_tables/mrq53f.xlsx,,6,2015,2014,-0.790391,0.168129,31.8561,-0.534436,0.146678,-0.755538,-0.413435,33.0,32.0
Dominican Republic,DOM,0,2018,325.101,2.6188,341.626,2.8637,335.63,2.5047,,,,,,,,,data/pisa/2025/annex_tables/mrq53f.xlsx,,7,2018,2017,-0.844373,0.168129,30.7634,-0.548326,0.148777,-0.801055,-0.559547,30.0,29.0
Dominican Republic,DOM,0,2022,339.107,1.6234,351.312,2.4408,360.426,2.0445,,,,,,,,,data/pisa/2025/annex_tables/mrq53f.xlsx,,8,2022,2021,-0.422173,0.167708,39.3094,-0.27742,0.153798,-0.545258,-0.324344,32.0,30.0
Dominican Republic,DOM,0,2025,338.829,1.6928,345.542,2.5101,360.847,2.3225,378.766,2.8491,,,,,,,data/pisa/2025/annex_tables/mrq53f.xlsx,,9,2024,2023,-0.265492,0.171911,42.4809,-0.182263,0.154578,-0.429853,-0.24116,37.0,36.0
Ecuador,ECU,0,2018,377.487,3.0529,408.902,3.3957,399.263,2.9363,,,,,,,,,data/pisa/2025/annex_tables/mrq53f.xlsx,,7,2018,2017,-0.618424,0.167708,35.337,-0.7671,0.148777,-0.775723,-0.8824,34.0,32.0
Ecuador,ECU,0,2025,365.839,1.7217,384.998,2.2963,393.421,2.1619,421.908,2.4378,,,,,,,data/pisa/2025/annex_tables/mrq53f.xlsx,,9,2024,2023,-0.77568,0.170376,32.1539,-0.965037,0.153762,-0.719996,-0.85865,33.0,32.0
Spain,ESP,1,2000,,,492.553,2.7085,,,,,,,,,,,data/pisa/2025/annex_tables/mrq53f.xlsx,,1,2000,1999,1.483198,0.199662,77.877,1.224983,0.180299,,,,
Spain,ESP,1,2003,485.108,2.4093,480.538,2.6013,,,,,,,,,,,data/pisa/2025/annex_tables/mrq53f.xlsx,,2,2003,2002,1.53777,0.199662,78.9817,1.17293,0.180299,1.511926,1.182819,,
Spain,ESP,1,2006,479.958,2.3344,460.83,2.2336,488.425,2.5654,,,0.86862294186589,3.524838674054689,98.2626,100,88.4785,,data/pisa/2025/annex_tables/mrq53f.xlsx,data/derived/annex_extract.csv,3,2006,2005,1.178335,0.197363,71.7061,1.119671,0.174695,1.256301,1.048705,,
Spain,ESP,1,2009,483.493,2.1085,481.042,2.0201,488.255,2.0525,,,0.8934280649271508,3.883624468817278,99.52583106044865,99.52583106044865,89.60387045724754,,data/pisa/2025/annex_tables/mrq53f.xlsx,data/derived/annex_extract.csv,4,2009,2008,1.02168,0.195439,68.5352,0.981017,0.170384,1.145493,1.137442,,
Spain,ESP,1,2012,484.319,1.8961,487.939,1.909,496.446,1.8286,,,0.8838624469823637,4.319373306753518,99.6547830886611,99.6547830886611,89.8774298018934,,data/pisa/2025/annex_tables/mrq53f.xlsx,data/derived/annex_extract.csv,5,2012,2011,1.105688,0.162024,70.2357,1.083576,0.142841,1.118086,1.021769,65.0,
Spain,ESP,1,2015,485.843,2.1512,495.576,2.3638,492.786,2.0655,,,0.9087705983403169,3.162655685494021,98.8745268110331,100,89.1416880333839,,data/pisa/2025/annex_tables/mrq53f.xlsx,data/derived/annex_extract.csv,6,2015,2014,0.590348,0.162024,59.8044,0.953935,0.142841,0.599178,0.903013,58.0,60.0
Spain,ESP,1,2022,473.14,1.5044,474.307,1.6536,484.534,1.6011,,,0.9040639500531769,4.01900648089783,97.72371104560045,99.07310902206407,86.30304180138235,,data/pisa/2025/annex_tables/mrq53f.xlsx,data/derived/annex_extract.csv,8,2022,2021,0.781674,0.162024,63.6771,0.960636,0.149392,0.812089,0.920766,60.0,61.0
Spain,ESP,1,2025,457.449,1.6868,451.356,1.938,477.127,1.9043,498.791,1.8617,0.8784017516306901,,,,,,data/pisa/2025/annex_tables/mrq53f.xlsx,data/derived/annex_extract.csv,9,2024,2023,0.714594,0.160738,62.3193,0.931774,0.148655,0.739522,0.930461,55.0,56.0
Estonia,EST,1,2006,514.575,2.7452,500.75,2.9269,531.392,2.523,,,0.9391706506969956,3.9716762119102205,98.9793,100,94.8888,,data/pisa/2025/annex_tables/mrq53f.xlsx,data/derived/annex_extract.csv,3,2006,2005,1.051898,0.179893,69.1469,1.076934,0.168537,0.965003,0.955434,,
Estonia,EST,1,2009,512.104,2.5656,500.962,2.6355,527.832,2.6686,,,0.9108632790567097,3.811078404937882,100,100,94.06464332448088,,data/pisa/2025/annex_tables/mrq53f.xlsx,data/derived/annex_extract.csv,4,2009,2008,0.992443,0.180414,67.9434,1.011851,0.168537,1.005848,1.130726,,
Estonia,EST,1,2012,520.546,2.0212,516.294,2.0316,541.405,1.9483,,,0.9197470155743537,5.800067353830999,100,100,92.8899765247669,,data/pisa/2025/annex_tables/mrq53f.xlsx,data/derived/annex_extract.csv,5,2012,2011,1.113914,0.16156,70.4021,1.153837,0.140916,1.162316,1.157463,64.0,
Estonia,EST,1,2015,519.529,2.0426,519.143,2.2177,534.194,2.0948,,,0.9278931140801644,5.51856528337738,99.8881918075237,99.8881918075237,93.2189725674553,,data/pisa/2025/annex_tables/mrq53f.xlsx,data/derived/annex_extract.csv,6,2015,2014,1.299999,0.16156,74.1688,1.361387,0.140916,1.26964,1.343408,70.0,69.0
Estonia,EST,1,2018,523.415,1.7436,523.017,1.8422,530.108,1.8846,,,0.9312629517826548,5.029154245362129,100,100,92.096821054493,,data/pisa/2025/annex_tables/mrq53f.xlsx,data/derived/annex_extract.csv,7,2018,2017,1.497646,0.162558,78.1695,1.362154,0.1428,1.280741,1.406449,73.0,71.0
Estonia,EST,1,2022,509.947,1.9845,511.03,2.3606,525.812,2.0654,,,0.9391245601688951,5.879253776836135,99.37455700140285,99.37455700140285,88.17266740815296,,data/pisa/2025/annex_tables/mrq53f.xlsx,data/derived/annex_extract.csv,8,2022,2021,1.595712,0.152762,80.1545,1.522096,0.145514,1.53681,1.488841,74.0,74.0
Estonia,EST,1,2025,507.896,2.2875,499.244,2.5339,527.117,2.3344,540.676,1.7657,0.8930369281646151,,,,,,data/pisa/2025/annex_tables/mrq53f.xlsx,data/derived/annex_extract.csv,9,2024,2023,1.669321,0.151682,81.6444,1.486448,0.144832,1.672785,1.482125,76.0,76.0
Finland,FIN,1,2000,,,546.469,2.5782,,,,,,,,,,,data/pisa/2025/annex_tables/mrq53f.xlsx,,1,2000,1999,2.35019,0.199662,95.4263,2.048255,0.180299,,,,
Finland,FIN,1,2003,544.289,1.8663,543.463,1.6416,,,,,,,,,,,data/pisa/2025/annex_tables/mrq53f.xlsx,,2,2003,2002,2.354254,0.199662,95.5085,2.034549,0.180299,2.361552,2.033241,,
Finland,FIN,1,2006,548.358,2.2956,546.868,2.1472,563.323,2.0185,,,0.9268478982968957,4.465147097289161,100,100,92.7782,,data/pisa/2025/annex_tables/mrq53f.xlsx,data/derived/annex_extract.csv,3,2006,2005,2.396962,0.197363,96.373,1.94336,0.174695,2.316875,1.882336,,
Finland,FIN,1,2009,540.504,2.1665,535.878,2.2538,554.08,2.3358,,,0.9284721592797366,3.4027648270241464,98.65240118499729,99.99529422695491,92.26990646563631,,data/pisa/2025/annex_tables/mrq53f.xlsx,data/derived/annex_extract.csv,4,2009,2008,2.176107,0.197363,91.9026,1.917826,0.174695,2.298511,1.94956,,
Finland,FIN,1,2012,518.75,1.9408,524.022,2.3817,545.442,2.1987,,,0.9604025718535579,1.9090173878606114,99.0331361991185,99.3183027273168,90.734720151002,,data/pisa/2025/annex_tables/mrq53f.xlsx,data/derived/annex_extract.csv,5,2012,2011,2.089062,0.173858,90.1406,1.991216,0.144456,2.13573,1.905025,90.0,
Finland,FIN,1,2015,511.077,2.3093,526.425,2.5466,530.661,2.3924,,,0.9728030277141783,2.777078006380323,99.7805655587881,100,93.4377257160429,,data/pisa/2025/annex_tables/mrq53f.xlsx,data/derived/annex_extract.csv,6,2015,2014,2.175021,0.162024,91.8806,2.064828,0.142841,2.04503,2.014704,90.0,89.0
Finland,FIN,1,2018,507.301,1.9679,520.079,2.3071,521.885,2.5095,,,0.9630928418345478,3.424603511141032,99.4964746343178,100,92.8332633336275,,data/pisa/2025/annex_tables/mrq53f.xlsx,data/derived/annex_extract.csv,7,2018,2017,2.18347,0.162404,92.0516,2.051007,0.144778,2.179595,2.089452,85.0,85.0
Finland,FIN,1,2022,484.139,1.8572,490.218,2.2554,510.959,2.5008,,,0.951542844230676,3.2829026016525606,99.46979404703148,99.46979404703148,88.68644421153576,,data/pisa/2025/annex_tables/mrq53f.xlsx,data/derived/annex_extract.csv,8,2022,2021,2.18947,0.162024,92.1731,1.993936,0.149392,2.226468,2.070854,87.0,88.0
Finland,FIN,1,2025,468.695,2.2007,474.297,2.1202,504.372,2.2606,506.649,2.1344,0.9288196523006778,,,,,,data/pisa/2025/annex_tables/mrq53f.xlsx,data/derived/annex_extract.csv,9,2024,2023,2.192086,0.162024,92.226,2.02127,0.149392,2.193956,2.020054,88.0,88.0
France,FRA,1,2000,,,504.742,2.7279,,,,,,,,,,,data/pisa/2025/annex_tables/mrq53f.xlsx,,1,2000,1999,1.288627,0.199662,73.9386,1.354,0.180299,,,,
France,FRA,1,2003,510.799,2.5035,496.189,2.6778,,,,,,,,,,,data/pisa/2025/annex_tables/mrq53f.xlsx,,2,2003,2002,1.34057,0.199662,74.99,1.289226,0.180299,1.247923,1.162323,,
France,FRA,1,2006,495.538,3.1708,487.706,4.0644,495.22,3.3603,,,0.9135790702702703,3.0042405205058156,96.6804,96.68,89.78,,data/pisa/2025/annex_tables/mrq53f.xlsx,data/derived/annex_extract.csv,3,2006,2005,1.475886,0.197363,77.729,1.257407,0.174695,1.42776,1.449337,,
France,FRA,1,2009,496.782,3.0936,495.617,3.4419,498.227,3.6014,,,0.9037249802616136,2.659788235943243,94.14004759776658,94.14004759776658,87.11698403202362,,data/pisa/2025/annex_tables/mrq53f.xlsx,data/derived/annex_extract.csv,4,2009,2008,1.433355,0.195439,76.8681,1.242156,0.170384,1.449647,1.310267,,
France,FRA,1,2012,494.985,2.4548,505.481,2.8264,498.971,2.5787,,,0.8845068431479616,4.421525374659586,96.5756851024789,96.5756851024789,89.4554032357701,,data/pisa/2025/annex_tables/mrq53f.xlsx,data/derived/annex_extract.csv,5,2012,2011,1.468628,0.162024,77.5821,1.2886,0.142841,1.503435,1.180741,71.0,
France,FRA,1,2015,492.92,2.0989,499.306,2.507,494.978,2.0607,,,0.9097337061669805,4.163219781489029,90.751061594039,94.335040225643,88.2058571851002,,data/pisa/2025/annex_tables/mrq53f.xlsx,data/derived/annex_extract.csv,6,2015,2014,1.296355,0.162024,74.095,1.242487,0.142841,1.311456,1.263002,70.0,69.0
France,FRA,1,2018,495.408,2.3202,492.606,2.321,492.977,2.2237,,,0.9134037836454173,2.5754575673684776,98.0106734631441,99.7860431541243,92.5652090468117,,data/pisa/2025/annex_tables/mrq53f.xlsx,data/derived/annex_extract.csv,7,2018,2017,1.412337,0.162024,76.4427,1.225462,0.144778,1.356492,1.244914,72.0,70.0
France,FRA,1,2022,473.944,2.489,473.852,3.0745,487.225,2.7296,,,0.9338552444108703,3.716699169878911,99.56734801075437,99.56734801075437,90.67370945047048,,data/pisa/2025/annex_tables/mrq53f.xlsx,data/derived/annex_extract.csv,8,2022,2021,1.385644,0.162024,75.9024,1.019519,0.149392,1.422803,1.080552,72.0,71.0
France,FRA,1,2025,457.655,2.9951,456.335,3.2442,483.421,3.2059,497.49,2.9254,0.8798857092463384,,,,,,data/pisa/2025/annex_tables/mrq53f.xlsx,data/derived/annex_extract.csv,9,2024,2023,1.218224,0.160738,72.5135,0.97866,0.148655,1.267271,0.994618,66.0,67.0
United Kingdom,GBR,1,2006,495.444,2.1427,495.084,2.2552,514.774,2.289,,,0.9395793093356745,3.2687134681311196,76.04724122213202,88.15290085591138,87.65147760038509,,data/pisa/2025/annex_tables/mrq53f.xlsx,data/derived/annex_extract.csv,3,2006,2005,1.730983,0.197363,82.8926,1.618216,0.174695,1.902068,1.557638,,
United Kingdom,GBR,1,2009,492.414,2.4204,494.182,2.2805,513.71,2.5184,,,0.8687483505503251,4.621762013626066,71.06369453654185,87.34657619128814,86.96075221087939,,data/pisa/2025/annex_tables/mrq53f.xlsx,data/derived/annex_extract.csv,4,2009,2008,1.368361,0.197363,75.5525,1.480499,0.174695,1.573173,1.472491,,
United Kingdom,GBR,1,2012,493.934,3.2965,499.323,3.5,514.129,3.3818,,,0.9324854281324435,5.430255569013871,80.06,89.23,86.07,,data/pisa/2025/annex_tables/mrq53f.xlsx,data/derived/annex_extract.csv,5,2012,2011,1.482683,0.162024,77.8666,1.49852,0.142841,1.448639,1.443189,74.0,
United Kingdom,GBR,1,2015,492.479,2.4965,497.972,2.7694,509.222,2.5644,,,0.8396316177385288,8.217593566948466,83.65051695904026,92.58938307621732,89.01926518398562,,data/pisa/2025/annex_tables/mrq53f.xlsx,data/derived/annex_extract.csv,6,2015,2014,1.65427,0.162024,81.3398,1.660881,0.142841,1.520167,1.593458,81.0,78.0
United Kingdom,GBR,1,2018,501.77,2.5644,503.928,2.5826,504.667,2.5644,,,0.8483625216799646,5.452259821506914,72.88840603120626,86.56528009523642,83.09988886123138,,data/pisa/2025/annex_tables/mrq53f.xlsx,data/derived/annex_extract.csv,7,2018,2017,1.804371,0.162024,84.3781,1.485497,0.142782,1.816116,1.608424,80.0,82.0
United Kingdom,GBR,1,2022,488.975,2.218,494.405,2.3713,499.67,2.3765,,,0.9690909247535275,4.920480221824137,67.31649055093784,81.76474695740879,75.16877051752672,,data/pisa/2025/annex_tables/mrq53f.xlsx,data/derived/annex_extract.csv,8,2022,2021,1.635277,0.174328,80.9553,1.299458,0.148972,1.664176,1.306184,73.0,78.0
United Kingdom,GBR,1,2025,487.574,2.1993,494.231,2.0214,511.356,2.1021,522.57,1.9471,0.8493628779489082,,,,,,data/pisa/2025/annex_tables/mrq53f.xlsx,data/derived/annex_extract.csv,9,2024,2023,1.509755,0.172728,78.4146,1.269914,0.148241,1.474575,1.270355,70.0,71.0
Georgia,GEO,0,2009,379.491,2.793,374.26,2.8863,372.653,2.9176,,,,,,,,,data/pisa/2025/annex_tables/mrq53f.xlsx,,4,2009,2008,0.138809,0.187275,50.6645,-0.174578,0.171114,0.118986,-0.227987,,
Georgia,GEO,0,2015,403.833,2.7819,401.288,2.9577,411.132,2.4169,,,0.7872278468015196,4.450494423302123,97.4939974514451,98.8328507976824,93.9093052873966,,data/pisa/2025/annex_tables/mrq53f.xlsx,data/derived/annex_extract.csv,6,2015,2014,0.775403,0.168036,63.5502,0.34056,0.1449,0.808016,0.352798,52.0,52.0
Georgia,GEO,0,2018,397.586,2.6027,379.753,2.1613,382.664,2.31,,,0.825855809462504,2.8912564904885087,99.1096044737345,99.3441477562998,95.1342539983395,,data/pisa/2025/annex_tables/mrq53f.xlsx,data/derived/annex_extract.csv,7,2018,2017,0.841668,0.17489,64.8915,0.266389,0.154024,0.861687,0.223162,58.0,56.0
Georgia,GEO,0,2022,390.024,2.3736,373.858,2.2879,384.067,2.3083,,,0.8627550432276657,4.869707422393969,93.62487017333098,99.83543348993774,98.11218103337788,,data/pisa/2025/annex_tables/mrq53f.xlsx,data/derived/annex_extract.csv,8,2022,2021,0.651282,0.175787,61.0378,0.18182,0.160057,0.722679,0.225135,56.0,55.0
Georgia,GEO,0,2025,416.363,2.9375,384.179,2.4848,422.119,2.652,413.337,2.7898,0.9331840382417126,,,,,,data/pisa/2025/annex_tables/mrq53f.xlsx,data/derived/annex_extract.csv,9,2024,2023,0.381086,0.17836,55.5686,0.148967,0.155865,0.658413,0.164292,50.0,53.0
Greece,GRC,1,2000,,,473.799,4.9702,,,,,,,,,,,data/pisa/2025/annex_tables/mrq53f.xlsx,,1,2000,1999,0.904619,0.199662,66.1657,0.814348,0.180299,,,,
Greece,GRC,1,2003,444.912,3.9008,472.267,4.1006,,,,,,,,,,,data/pisa/2025/annex_tables/mrq53f.xlsx,,2,2003,2002,0.437016,0.199662,56.7007,0.876769,0.180299,0.45128,0.80246,,
Greece,GRC,1,2006,459.202,2.9682,459.711,4.044,473.378,3.2309,,,0.8968112180828799,1.9979935530166046,92.5078,99.3459,95.2372,,data/pisa/2025/annex_tables/mrq53f.xlsx,data/derived/annex_extract.csv,3,2006,2005,0.474927,0.197363,57.4681,0.811886,0.174695,0.397307,0.805755,,
Greece,GRC,1,2009,466.096,3.8797,482.776,4.3222,470.116,4.0388,,,0.9105852546733314,3.7367546441362856,98.19041668220804,99.39947630127148,95.94516605543834,,data/pisa/2025/annex_tables/mrq53f.xlsx,data/derived/annex_extract.csv,4,2009,2008,0.096657,0.197363,49.8113,0.623138,0.174695,0.174844,0.700803,,
Greece,GRC,1,2012,452.973,2.5021,477.197,3.2675,466.722,3.1225,,,0.8744025117398503,3.596494186871723,93.1630217466454,98.8623359319471,96.7194301049747,,data/pisa/2025/annex_tables/mrq53f.xlsx,data/derived/annex_extract.csv,5,2012,2011,-0.022961,0.159959,47.3901,0.345876,0.139745,-0.075633,0.478777,36.0,
Greece,GRC,1,2015,453.63,3.7536,467.04,4.3387,454.829,3.9173,,,0.9111792855112291,1.890322054433217,92.2343754317282,98.4838762625648,94.3171185038306,,data/pisa/2025/annex_tables/mrq53f.xlsx,data/derived/annex_extract.csv,6,2015,2014,0.022032,0.162024,48.3008,0.339644,0.142841,0.001979,0.360883,46.0,43.0
Greece,GRC,1,2018,451.37,3.0912,457.414,3.621,451.633,3.1396,,,0.9271101800365517,2.0824742099077596,85.0341920381377,96.4642294474638,95.6822394751078,,data/pisa/2025/annex_tables/mrq53f.xlsx,data/derived/annex_extract.csv,7,2018,2017,0.240815,0.162024,52.7293,0.279761,0.144778,0.146684,0.277897,45.0,48.0
Greece,GRC,1,2022,430.146,2.335,438.441,2.8336,440.786,2.7672,,,0.9141860681864782,1.4544750994607059,90.10420315399136,96.07970182180598,92.3820589751412,,data/pisa/2025/annex_tables/mrq53f.xlsx,data/derived/annex_extract.csv,8,2022,2021,0.322499,0.162024,54.3827,0.489274,0.149392,0.391052,0.443937,52.0,49.0
Greece,GRC,1,2025,423.852,2.9245,422.663,3.1907,434.285,2.9384,461.01,2.9802,0.952234482242711,,,,,,data/pisa/2025/annex_tables/mrq53f.xlsx,data/derived/annex_extract.csv,9,2024,2023,0.299681,0.160738,53.9208,0.298302,0.148655,0.329298,0.396379,50.0,49.0
Guatemala,GTM,0,2018,334.31,3.2495,368.769,3.504,364.94,2.9162,,,,,,,,,data/pisa/2025/annex_tables/mrq53f.xlsx,,7,2018,2017,-0.972041,0.167708,28.1792,-0.980853,0.148777,-0.883921,-0.951067,27.0,28.0
Guatemala,GTM,0,2022,344.199,2.2108,374.122,2.4376,372.963,2.2303,,,,,,,,,data/pisa/2025/annex_tables/mrq53f.xlsx,,8,2022,2021,-1.216662,0.167708,23.2277,-1.03713,0.153798,-1.217909,-0.975568,24.0,25.0
Guatemala,GTM,0,2025,334.302,1.9334,337.081,2.4981,351.234,2.5259,369.062,3.2928,,,,,,,data/pisa/2025/annex_tables/mrq53f.xlsx,,9,2024,2023,-0.948265,0.171911,28.6605,-0.962274,0.154578,-1.086913,-1.010816,26.0,25.0
Hong Kong (China),HKG,0,2000,,,525.456,2.9279,,,,,,,,,,,data/pisa/2025/annex_tables/mrq53f.xlsx,,1,2000,1999,1.055832,0.199662,69.2265,0.984245,0.191208,,,,
Hong Kong (China),HKG,0,2003,550.383,4.5353,509.535,3.6866,,,,,,,,,,,data/pisa/2025/annex_tables/mrq53f.xlsx,,2,2003,2002,1.728641,0.197666,82.8452,1.438669,0.191204,1.368546,1.24716,,
Hong Kong (China),HKG,0,2006,547.461,2.6696,536.066,2.4227,542.211,2.4733,,,,,,,,,data/pisa/2025/annex_tables/mrq53f.xlsx,,3,2006,2005,1.699718,0.197363,82.2597,1.464612,0.184562,1.699782,1.480713,,
Hong Kong (China),HKG,0,2009,554.528,2.7282,533.151,2.1174,549.029,2.7516,,,,,,,,,data/pisa/2025/annex_tables/mrq53f.xlsx,,4,2009,2008,1.638913,0.195434,81.0289,1.403453,0.184559,1.658116,1.483329,,
Hong Kong (China),HKG,0,2012,561.241,3.2168,544.6,2.7882,554.937,2.6092,,,,,,,,,data/pisa/2025/annex_tables/mrq53f.xlsx,,5,2012,2011,1.629976,0.172535,80.848,1.43802,0.149886,1.738789,1.481108,77.0,
Hong Kong (China),HKG,0,2015,547.931,2.98,526.675,2.6885,523.277,2.5472,,,,,,,,,data/pisa/2025/annex_tables/mrq53f.xlsx,,6,2015,2014,1.638609,0.172535,81.0228,1.575909,0.149886,1.577389,1.554154,75.0,74.0
Hong Kong (China),HKG,0,2018,551.154,2.9951,524.283,2.7317,516.686,2.5431,,,,,,,,,data/pisa/2025/annex_tables/mrq53f.xlsx,,7,2018,2017,1.715261,0.172535,82.5743,1.480286,0.149886,1.701914,1.495706,76.0,77.0
Hong Kong (China),HKG,0,2022,540.352,2.9875,499.701,2.8485,520.419,2.7929,,,,,,,,,data/pisa/2025/annex_tables/mrq53f.xlsx,,8,2022,2021,1.528427,0.172994,78.7925,0.884177,0.155439,1.634539,1.031997,76.0,76.0
Hong Kong (China),HKG,0,2025,521.708,2.91,480.121,3.1987,495.627,3.047,545.487,2.3685,,,,,,,data/pisa/2025/annex_tables/mrq53f.xlsx,,9,2024,2023,1.572157,0.17143,79.6777,0.92098,0.154609,1.553419,0.875904,76.0,74.0
Croatia,HRV,0,2006,467.247,2.3658,477.364,2.8056,493.204,2.4452,,,,,,,,,data/pisa/2025/annex_tables/mrq53f.xlsx,,3,2006,2005,0.136804,0.175573,50.624,0.033828,0.167528,0.196927,0.133911,,
Croatia,HRV,0,2009,459.939,3.0909,475.749,2.8707,486.363,2.8336,,,,,,,,,data/pisa/2025/annex_tables/mrq53f.xlsx,,4,2009,2008,0.050097,0.175573,48.8689,0.108355,0.167528,0.065744,0.085624,,
Croatia,HRV,0,2012,471.131,3.5393,484.565,3.3064,491.357,3.1005,,,,,,,,,data/pisa/2025/annex_tables/mrq53f.xlsx,,5,2012,2011,0.094476,0.16156,49.7672,0.267695,0.140916,0.108658,0.240209,46.0,
Croatia,HRV,0,2015,464.04,2.7711,486.863,2.6768,475.391,2.452,,,,,,,,,data/pisa/2025/annex_tables/mrq53f.xlsx,,6,2015,2014,0.17226,0.151933,51.3416,0.333543,0.139416,0.115381,0.359107,51.0,48.0
Croatia,HRV,0,2018,464.204,2.5486,478.989,2.6685,472.363,2.7895,,,,,,,,,data/pisa/2025/annex_tables/mrq53f.xlsx,,7,2018,2017,0.024919,0.152762,48.3592,0.255405,0.141239,0.045623,0.343334,48.0,49.0
Croatia,HRV,0,2022,463.105,2.3789,475.499,2.4424,482.667,2.3975,,,,,,,,,data/pisa/2025/annex_tables/mrq53f.xlsx,,8,2022,2021,0.106778,0.152762,50.0162,0.43451,0.145514,0.095498,0.412796,50.0,47.0
Croatia,HRV,0,2025,455.292,1.8155,453.387,1.7813,476.301,1.7672,463.784,1.9554,,,,,,,data/pisa/2025/annex_tables/mrq53f.xlsx,,9,2024,2023,0.148681,0.151682,50.8644,0.377483,0.144832,0.113708,0.425787,47.0,47.0
Hungary,HUN,1,2000,,,479.967,3.9538,,,,,,,,,,,data/pisa/2025/annex_tables/mrq53f.xlsx,,1,2000,1999,0.775523,0.196956,63.5526,0.86158,0.181061,,,,
Hungary,HUN,1,2003,490.012,2.8376,481.87,2.469,,,,,,,,,,,data/pisa/2025/annex_tables/mrq53f.xlsx,,2,2003,2002,0.562863,0.196956,59.248,0.857212,0.174278,0.560671,0.850433,,
Hungary,HUN,1,2006,490.937,2.8852,482.375,3.2814,503.932,2.676,,,0.8518695156054129,3.6926073033711955,94.6951,100,93.1193,,data/pisa/2025/annex_tables/mrq53f.xlsx,data/derived/annex_extract.csv,3,2006,2005,0.605617,0.180414,60.1134,0.962471,0.168537,0.605408,0.916237,,
Hungary,HUN,1,2009,490.17,3.451,494.179,3.1748,502.643,3.1423,,,0.8717001361891792,3.1375510881308832,98.2051980402454,99.46835840763524,93.24643755537546,,data/pisa/2025/annex_tables/mrq53f.xlsx,data/derived/annex_extract.csv,4,2009,2008,0.384632,0.178432,55.6404,0.612415,0.164657,0.426571,0.77668,,
Hungary,HUN,1,2012,477.044,3.1929,488.461,3.1571,494.302,2.9498,,,0.8158359356126019,2.576346008325805,97.6075258614538,99.4454458978456,92.6974959772136,,data/pisa/2025/annex_tables/mrq53f.xlsx,data/derived/annex_extract.csv,5,2012,2011,0.383389,0.15105,55.6152,0.566117,0.137195,0.298214,0.631596,55.0,
Hungary,HUN,1,2015,476.831,2.527,469.523,2.6591,476.748,2.4215,,,0.895563243929535,3.3119716029176036,93.4187777030312,98.8045060783259,92.2965276725958,,data/pisa/2025/annex_tables/mrq53f.xlsx,data/derived/annex_extract.csv,6,2015,2014,0.172375,0.151933,51.344,0.355278,0.139416,0.172662,0.350997,51.0,54.0
Hungary,HUN,1,2018,481.083,2.3196,475.987,2.251,480.912,2.33,,,0.8958648464445775,3.6842090859385195,98.4053258508457,99.007083917118,93.9620115856407,,data/pisa/2025/annex_tables/mrq53f.xlsx,data/derived/annex_extract.csv,7,2018,2017,0.139157,0.152762,50.6716,0.339678,0.141239,0.160723,0.400988,46.0,45.0
Hungary,HUN,1,2022,472.776,2.5141,472.975,2.828,485.89,2.7087,,,0.8619928093498046,4.67949987255926,88.76159980536863,98.59627274840125,92.26785805503098,,data/pisa/2025/annex_tables/mrq53f.xlsx,data/derived/annex_extract.csv,8,2022,2021,0.040262,0.152762,48.6698,0.242622,0.145514,0.131269,0.29714,42.0,43.0
Hungary,HUN,1,2025,459.489,2.5084,452.306,2.3375,479.912,2.444,495.034,2.486,0.8988742399866279,,,,,,data/pisa/2025/annex_tables/mrq53f.xlsx,data/derived/annex_extract.csv,9,2024,2023,0.039437,0.151682,48.6531,0.192336,0.144832,0.083173,0.1894,40.0,41.0
Indonesia,IDN,0,2000,,,370.615,3.9865,,,,,,,,,,,data/pisa/2025/annex_tables/mrq53f.xlsx,,1,2000,1999,-1.079931,0.199662,25.9954,-0.950184,0.186813,,,,
Indonesia,IDN,0,2003,360.159,3.9086,381.59,3.3842,,,,,,,,,,,data/pisa/2025/annex_tables/mrq53f.xlsx,,2,2003,2002,-1.221643,0.195834,23.1269,-0.935415,0.173367,-1.340737,-1.135619,,
Indonesia,IDN,0,2006,391.007,5.6261,392.933,5.9221,393.481,5.73,,,,,,,,,data/pisa/2025/annex_tables/mrq53f.xlsx,,3,2006,2005,-0.896932,0.17173,29.6995,-0.650663,0.163088,-1.135167,-0.765256,,
Indonesia,IDN,0,2009,371.301,3.7208,401.705,3.7352,382.569,3.7849,,,,,,,,,data/pisa/2025/annex_tables/mrq53f.xlsx,,4,2009,2008,-0.620412,0.17173,35.2967,-0.553058,0.163088,-0.532594,-0.577289,,
Indonesia,IDN,0,2012,375.114,4.0363,396.12,4.2067,381.911,3.8169,,,,,,,,,data/pisa/2025/annex_tables/mrq53f.xlsx,,5,2012,2011,-0.772434,0.155861,32.2196,-0.385232,0.137966,-0.645167,-0.285231,32.0,
Indonesia,IDN,0,2015,386.11,3.0845,397.259,2.8658,403.1,2.5658,,,,,,,,,data/pisa/2025/annex_tables/mrq53f.xlsx,,6,2015,2014,-0.522967,0.158777,37.2692,-0.381222,0.143355,-0.715025,-0.338428,36.0,34.0
Indonesia,IDN,0,2018,378.668,3.1196,370.965,2.5591,396.07,2.3864,,,,,,,,,data/pisa/2025/annex_tables/mrq53f.xlsx,,7,2018,2017,-0.338129,0.158777,41.0106,-0.219719,0.145312,-0.376769,-0.3166,38.0,37.0
Indonesia,IDN,0,2022,365.525,2.3512,358.57,2.9066,382.863,2.5613,,,,,,,,,data/pisa/2025/annex_tables/mrq53f.xlsx,,8,2022,2021,-0.370214,0.158777,40.3611,-0.129118,0.14998,-0.416213,-0.143678,34.0,38.0
Indonesia,IDN,0,2025,363.902,2.1008,365.205,2.4528,388.674,2.3187,426.86,2.6028,,,,,,,data/pisa/2025/annex_tables/mrq53f.xlsx,,9,2024,2023,-0.544615,0.157565,36.831,-0.206598,0.147051,-0.443166,-0.081757,34.0,37.0
Ireland,IRL,1,2000,,,526.669,3.2373,,,,,,,,,,,data/pisa/2025/annex_tables/mrq53f.xlsx,,1,2000,1999,1.283351,0.199662,73.8318,1.665143,0.180299,,,,
Ireland,IRL,1,2003,502.837,2.4481,515.48,2.6254,,,,,,,,,,,data/pisa/2025/annex_tables/mrq53f.xlsx,,2,2003,2002,1.466673,0.199662,77.5425,1.550882,0.180299,1.43351,1.632024,,
Ireland,IRL,1,2006,501.472,2.7852,517.313,3.5361,508.329,3.1861,,,0.9394422758961597,1.7575211530023993,100,100,83.7524,,data/pisa/2025/annex_tables/mrq53f.xlsx,data/derived/annex_extract.csv,3,2006,2005,1.506116,0.197363,78.3409,1.62003,0.174695,1.644592,1.61495,,
Ireland,IRL,1,2009,487.136,2.5441,495.639,2.9719,507.984,3.2671,,,0.9321843383067009,3.232369273893674,87.18354879308231,88.44303930098029,83.8081011042835,,data/pisa/2025/annex_tables/mrq53f.xlsx,data/derived/annex_extract.csv,4,2009,2008,1.442508,0.197363,77.0534,1.542322,0.174695,1.46946,1.6535,,
Ireland,IRL,1,2012,501.497,2.2476,523.173,2.5504,522.004,2.4504,,,0.91085941716136,4.465085476797942,98.7022182148179,99.3155379319561,84.1001959500736,,data/pisa/2025/annex_tables/mrq53f.xlsx,data/derived/annex_extract.csv,5,2012,2011,1.403574,0.195439,76.2653,1.527635,0.170384,1.380224,1.515011,69.0,
Ireland,IRL,1,2015,503.722,2.0531,520.815,2.4661,502.575,2.386,,,0.9648624946924911,3.112822302045122,99.2869435830399,99.2869435830399,88.6017360731121,,data/pisa/2025/annex_tables/mrq53f.xlsx,data/derived/annex_extract.csv,6,2015,2014,1.630802,0.180535,80.8648,1.603553,0.17186,1.591308,1.532425,75.0,74.0
Ireland,IRL,1,2018,499.633,2.1986,518.078,2.2445,496.114,2.2142,,,0.9619340634526363,3.9140220628736877,100,100,86.4791470269442,,data/pisa/2025/annex_tables/mrq53f.xlsx,data/derived/annex_extract.csv,7,2018,2017,1.553378,0.181061,79.2976,1.528116,0.175264,1.558063,1.531979,73.0,74.0
Ireland,IRL,1,2022,491.648,2.0223,516.01,2.3326,503.846,2.257,,,1.0225685781642753,3.6269479790128685,99.39415487387596,100,76.75793372328039,,data/pisa/2025/annex_tables/mrq53f.xlsx,data/derived/annex_extract.csv,8,2022,2021,1.646364,0.162024,81.1798,1.504027,0.149392,1.611747,1.545358,77.0,74.0
Ireland,IRL,1,2025,479.875,1.8344,500.447,2.0345,499.597,2.1707,511.429,1.6055,0.9350351819626239,,,,,,data/pisa/2025/annex_tables/mrq53f.xlsx,data/derived/annex_extract.csv,9,2024,2023,1.572589,0.160738,79.6864,1.591322,0.148655,1.585913,1.598044,76.0,77.0
Iceland,ISL,1,2000,,,506.93,1.4541,,,,,,,,,,,data/pisa/2025/annex_tables/mrq53f.xlsx,,1,2000,1999,2.19514,0.236355,92.2878,1.877739,0.228141,,,,
Iceland,ISL,1,2003,515.109,1.4234,491.747,1.558,,,,,,,,,,,data/pisa/2025/annex_tables/mrq53f.xlsx,,2,2003,2002,2.101196,0.236355,90.3863,1.916973,0.228141,2.118432,1.88409,,
Iceland,ISL,1,2006,505.545,1.8067,484.445,1.9452,490.794,1.6375,,,0.9594190871369294,2.365575506335425,98.35,98.35,83.3186,,data/pisa/2025/annex_tables/mrq53f.xlsx,data/derived/annex_extract.csv,3,2006,2005,1.964835,0.198957,87.6261,1.858096,0.181113,2.291086,1.874135,,
Iceland,ISL,1,2009,506.669,1.3898,500.283,1.4094,495.599,1.4111,,,0.9307450401013085,4.504701041417898,98.46423870118473,98.46423870118473,83.91043397968606,,data/pisa/2025/annex_tables/mrq53f.xlsx,data/derived/annex_extract.csv,4,2009,2008,2.146851,0.197363,91.3104,1.682452,0.1806,2.108554,1.714643,,
Iceland,ISL,1,2012,492.796,1.7024,482.522,1.8011,478.155,2.1151,,,0.9253385127635959,3.814524159380538,99.3444846292948,99.3444846292948,84.7158403869408,,data/pisa/2025/annex_tables/mrq53f.xlsx,data/derived/annex_extract.csv,5,2012,2011,1.824319,0.197363,84.7819,1.691069,0.174695,1.881645,1.682499,82.0,
Iceland,ISL,1,2015,488.033,1.9887,481.526,1.985,473.23,1.6809,,,0.9332329411764705,3.62087088275215,98.8229642085035,98.8229642085035,86.1054247697032,,data/pisa/2025/annex_tables/mrq53f.xlsx,data/derived/annex_extract.csv,6,2015,2014,1.985403,0.197363,88.0424,1.642147,0.174695,1.842095,1.621173,79.0,79.0
Iceland,ISL,1,2018,495.187,1.9531,473.974,1.7415,475.024,1.7955,,,0.9156450850661626,5.988026649957546,97.5712283979449,97.5712283979449,86.6525982590346,,data/pisa/2025/annex_tables/mrq53f.xlsx,data/derived/annex_extract.csv,7,2018,2017,1.886808,0.198051,86.0467,1.740785,0.178273,1.869132,1.66583,76.0,77.0
Iceland,ISL,1,2022,458.914,1.581,435.923,2.0676,446.967,1.7614,,,0.941375730045425,4.8172974926314325,96.3920886763747,96.3920886763747,80.0953516090584,,data/pisa/2025/annex_tables/mrq53f.xlsx,data/derived/annex_extract.csv,8,2022,2021,1.649573,0.198051,81.2447,1.596861,0.18711,1.85843,1.707617,74.0,74.0
Iceland,ISL,1,2025,449.73,1.4679,422.285,1.6164,441.38,1.6497,489.771,1.8519,0.9155286721280244,,,,,,data/pisa/2025/annex_tables/mrq53f.xlsx,data/derived/annex_extract.csv,9,2024,2023,1.828818,0.195714,84.8729,1.627889,0.185668,1.662376,1.59027,77.0,77.0
Israel,ISR,1,2000,,,452.172,8.4672,,,,,,,,,,,data/pisa/2025/annex_tables/mrq53f.xlsx,,1,2000,1999,1.016586,0.199662,68.4321,0.988309,0.186813,,,,
Israel,ISR,1,2006,441.859,4.3457,438.672,4.5814,453.904,3.707,,,0.7612320388824556,3.0090961291781033,89.8905,93.4486,90.5691,,data/pisa/2025/annex_tables/mrq53f.xlsx,data/derived/annex_extract.csv,3,2006,2005,0.841614,0.195439,64.8904,0.826549,0.175849,0.808857,0.845699,,
Israel,ISR,1,2009,446.864,3.2782,473.99,3.6337,454.851,3.1125,,,0.8409390306517469,2.680003009414216,92.03401669512876,95.40352372921924,89.44761403742851,,data/pisa/2025/annex_tables/mrq53f.xlsx,data/derived/annex_extract.csv,4,2009,2008,0.687295,0.195439,61.7667,0.796654,0.175849,0.68993,0.797601,,
Israel,ISR,1,2012,466.481,4.6821,485.803,5.0068,470.073,4.9578,,,0.9057801820887241,4.134363542020365,91.0510373364585,93.7939656491219,90.021120343688,,data/pisa/2025/annex_tables/mrq53f.xlsx,data/derived/annex_extract.csv,5,2012,2011,0.755858,0.197363,63.1546,0.871332,0.1806,0.722372,0.891887,60.0,
Israel,ISR,1,2015,469.669,3.6292,478.961,3.7766,466.553,3.4376,,,0.9373555890173966,3.428809453205886,90.9046676291005,92.9593661293288,90.4828040607978,,data/pisa/2025/annex_tables/mrq53f.xlsx,data/derived/annex_extract.csv,6,2015,2014,0.849558,0.197363,65.0512,1.040849,0.1806,0.747011,0.928954,61.0,60.0
Israel,ISR,1,2018,463.035,3.4986,470.415,3.671,462.197,3.6184,,,0.8085217905997896,10.21,95.4741970740905,99.815901294028,90.5113868964857,,data/pisa/2025/annex_tables/mrq53f.xlsx,data/derived/annex_extract.csv,7,2018,2017,0.739851,0.198051,62.8306,0.935194,0.184562,0.808962,0.994279,61.0,62.0
Israel,ISR,1,2022,457.897,3.2692,473.833,3.4873,464.752,3.3848,,,0.8988659926720043,3.7555150766023746,90.67898152010825,92.90515826464934,84.07978969308483,,data/pisa/2025/annex_tables/mrq53f.xlsx,data/derived/annex_extract.csv,8,2022,2021,0.887834,0.198051,65.826,0.801026,0.194421,0.92491,0.880793,63.0,59.0
Israel,ISR,1,2025,433.375,3.1041,435.838,3.5239,442.009,3.3513,443.765,3.3138,0.8831477110961264,,,,,,data/pisa/2025/annex_tables/mrq53f.xlsx,data/derived/annex_extract.csv,9,2024,2023,0.853319,0.195714,65.1273,0.599718,0.192804,0.871296,0.664238,62.0,64.0
Italy,ITA,1,2000,,,487.47,2.913,,,,,,,,,,,data/pisa/2025/annex_tables/mrq53f.xlsx,,1,2000,1999,0.781429,0.199662,63.6722,0.877642,0.180299,,,,
Italy,ITA,1,2003,465.664,3.075,475.662,3.0441,,,,,,,,,,,data/pisa/2025/annex_tables/mrq53f.xlsx,,2,2003,2002,0.508067,0.199662,58.1389,0.738404,0.180299,0.684483,0.776886,,
Italy,ITA,1,2006,461.689,2.2825,468.523,2.4256,475.397,2.0193,,,0.8995456047158862,1.700652792528111,90.5325,97.473,92.3009,,data/pisa/2025/annex_tables/mrq53f.xlsx,data/derived/annex_extract.csv,3,2006,2005,0.54658,0.197363,58.9184,0.470502,0.174695,0.547716,0.594204,,
Italy,ITA,1,2009,482.908,1.8559,486.051,1.5722,488.831,1.773,,,0.8633999768275562,2.5209124101861904,94.26726481716919,99.07536829051055,92.12752764075681,,data/pisa/2025/annex_tables/mrq53f.xlsx,data/derived/annex_extract.csv,4,2009,2008,0.287797,0.195439,53.6803,0.377082,0.170384,0.313575,0.409463,,
Italy,ITA,1,2012,485.321,2.0252,489.754,1.9715,493.541,1.9355,,,0.8609351434375464,3.326454486624459,89.0851824782309,97.3668950673705,92.7646268882348,,data/pisa/2025/annex_tables/mrq53f.xlsx,data/derived/annex_extract.csv,5,2012,2011,0.158574,0.158929,51.0646,0.546176,0.137508,0.249158,0.521013,42.0,
Italy,ITA,1,2015,489.729,2.8454,484.758,2.6814,480.547,2.516,,,0.8027312038212533,3.798118172615393,74.3892853033678,87.5042513191315,87.6686265568464,,data/pisa/2025/annex_tables/mrq53f.xlsx,data/derived/annex_extract.csv,6,2015,2014,0.067776,0.162024,49.2267,0.461793,0.142841,0.013143,0.554335,44.0,43.0
Italy,ITA,1,2018,486.59,2.7801,476.285,2.4389,468.012,2.4296,,,0.8458864626694905,0.7502294980013929,93.4135307298252,97.762449649741,86.2768741008205,,data/pisa/2025/annex_tables/mrq53f.xlsx,data/derived/annex_extract.csv,7,2018,2017,0.247693,0.162024,52.8685,0.418718,0.144778,0.194858,0.438999,52.0,50.0
Italy,ITA,1,2022,471.259,3.0934,481.598,2.6802,477.463,3.1776,,,0.8672739378899356,3.0650587881398828,96.04674253022571,99.41175680877572,91.92036936412434,,data/pisa/2025/annex_tables/mrq53f.xlsx,data/derived/annex_extract.csv,8,2022,2021,0.573858,0.162024,59.4706,0.573968,0.149392,0.539432,0.5885,56.0,56.0
Italy,ITA,1,2025,467.763,2.8457,474.29,2.5983,482.982,2.4788,490.026,2.2026,0.8788699382887255,,,,,,data/pisa/2025/annex_tables/mrq53f.xlsx,data/derived/annex_extract.csv,9,2024,2023,0.553162,0.160738,59.0517,0.619204,0.148655,0.571449,0.650555,53.0,54.0
Jordan,JOR,0,2006,384.036,3.3043,,,,,,,,,,,,,data/pisa/2025/annex_tables/mrq53f.xlsx,,3,2006,2005,0.088357,0.175254,49.6433,0.148297,0.164858,0.063524,0.16129,,
Jordan,JOR,0,2009,386.664,3.7119,,,,,,,,,,,,,data/pisa/2025/annex_tables/mrq53f.xlsx,,4,2009,2008,0.088563,0.173903,49.6475,0.112217,0.161221,0.240853,0.276864,,
Jordan,JOR,0,2012,385.596,3.1162,,,,,,,,,,,,,data/pisa/2025/annex_tables/mrq53f.xlsx,,5,2012,2011,0.094838,0.156834,49.7745,0.178242,0.136555,0.150624,0.150545,48.0,
Jordan,JOR,0,2015,380.259,2.6518,,,,,,,,,,,,,data/pisa/2025/annex_tables/mrq53f.xlsx,,6,2015,2014,0.26445,0.159557,53.2077,0.137542,0.143356,0.094201,0.111905,53.0,49.0
Jordan,JOR,0,2018,399.762,3.3122,,,,,,,,,,,,,data/pisa/2025/annex_tables/mrq53f.xlsx,,7,2018,2017,0.074248,0.160395,49.3577,0.145876,0.141716,0.177645,0.193384,49.0,48.0
Jordan,JOR,0,2022,361.228,2.0331,342.166,2.4013,374.527,2.3513,,,,,,,,,data/pisa/2025/annex_tables/mrq53f.xlsx,,8,2022,2021,0.022658,0.159557,48.3135,0.076487,0.146035,0.017711,0.043608,47.0,49.0
Jordan,JOR,0,2025,387.561,2.1912,362.598,2.0884,406.935,2.4789,407.793,2.2902,,,,,,,data/pisa/2025/annex_tables/mrq53f.xlsx,,9,2024,2023,0.272193,0.158682,53.3644,0.168534,0.145346,0.106032,0.123227,50.0,49.0
Japan,JPN,1,2000,,,522.235,5.2099,,,,,,,,,,,data/pisa/2025/annex_tables/mrq53f.xlsx,,1,2000,1999,0.848741,0.199662,65.0347,1.310183,0.186813,,,,
Japan,JPN,1,2003,534.137,4.0157,498.105,3.924,,,,,,,,,,,data/pisa/2025/annex_tables/mrq53f.xlsx,,2,2003,2002,0.880485,0.197666,65.6772,1.152904,0.186809,0.849229,1.145769,,
Japan,JPN,1,2006,523.103,3.3415,497.957,3.6496,531.389,3.3743,,,0.8936725038456692,1.3585660271762299,87.2717,92.3841,99.546,,data/pisa/2025/annex_tables/mrq53f.xlsx,data/derived/annex_extract.csv,3,2006,2005,0.97947,0.195434,67.6808,1.275713,0.180597,0.927773,1.206993,,
Japan,JPN,1,2009,528.993,3.3282,519.858,3.4656,539.431,3.4126,,,0.9189205144753978,1.9301870149832292,87.76797719236602,94.99149628972917,95.32429161366083,,data/pisa/2025/annex_tables/mrq53f.xlsx,data/derived/annex_extract.csv,4,2009,2008,1.166324,0.193565,71.463,1.309762,0.175846,0.958664,1.225871,,
Japan,JPN,1,2012,536.407,3.5872,538.051,3.673,546.736,3.6046,,,0.9085131093441222,2.1484973113942223,86.3414986113532,95.527906558119,96.1010702747951,,data/pisa/2025/annex_tables/mrq53f.xlsx,data/derived/annex_extract.csv,5,2012,2011,1.490414,0.171245,78.0231,1.348404,0.145105,1.540609,1.387931,74.0,
Japan,JPN,1,2015,532.44,3.0,515.958,3.1972,538.395,2.9662,,,0.947348851337575,2.3508877589989385,94.450588486226,98.9949663138034,97.2436358001321,,data/pisa/2025/annex_tables/mrq53f.xlsx,data/derived/annex_extract.csv,6,2015,2014,1.450585,0.172535,77.2169,1.43602,0.14774,1.539348,1.456695,75.0,76.0
Japan,JPN,1,2018,526.973,2.4715,503.856,2.671,529.135,2.5932,,,0.909063680383941,2.3932347963209937,89.3442194084297,93.4689930166205,96.3470700222253,,data/pisa/2025/annex_tables/mrq53f.xlsx,data/derived/annex_extract.csv,7,2018,2017,1.390955,0.172535,76.0099,1.48712,0.149886,1.476063,1.489201,73.0,73.0
Japan,JPN,1,2022,535.579,2.9338,515.855,3.1769,546.634,2.804,,,0.9204928396975459,2.515566974191288,91.9115810389516,91.9115810389516,91.85349019165886,,data/pisa/2025/annex_tables/mrq53f.xlsx,data/derived/annex_extract.csv,8,2022,2021,1.441935,0.172535,77.0418,1.508468,0.155025,1.455401,1.531902,73.0,73.0
Japan,JPN,1,2025,525.376,4.2041,502.715,3.7778,537.586,3.8059,557.32,3.1667,0.8607051506538423,,,,,,data/pisa/2025/annex_tables/mrq53f.xlsx,data/derived/annex_extract.csv,9,2024,2023,1.357013,0.173858,75.3229,1.511575,0.155026,1.33779,1.508487,71.0,71.0
Kazakhstan,KAZ,0,2009,404.885,3.0379,390.41,3.0724,400.376,3.1317,,,0.8899297732364313,4.208189867025536,100,100,98.48995057811298,,data/pisa/2025/annex_tables/mrq53f.xlsx,data/derived/annex_extract.csv,4,2009,2008,-0.990861,0.174687,27.7983,-0.735108,0.168545,-1.024682,-0.790813,,
Kazakhstan,KAZ,0,2012,431.798,3.0256,392.736,2.69,424.708,2.9723,,,0.8055604601184311,3.425495457017141,100,100,98.8682719360528,,data/pisa/2025/annex_tables/mrq53f.xlsx,data/derived/annex_extract.csv,5,2012,2011,-0.912828,0.160499,29.3778,-0.643061,0.14152,-0.889434,-0.586478,28.0,
Kazakhstan,KAZ,0,2018,423.146,1.9128,386.909,1.4605,397.105,1.6578,,,0.9201494498061965,5.874132479307737,100,100,99.056253130982,,data/pisa/2025/annex_tables/mrq53f.xlsx,data/derived/annex_extract.csv,7,2018,2017,-0.504866,0.162558,37.6356,-0.370499,0.143926,-0.742794,-0.46147,31.0,31.0
Kazakhstan,KAZ,0,2022,425.439,1.6882,386.285,1.6634,423.166,1.72,,,0.9340648591940427,4.217838303214543,98.52427047398787,100,98.28476107995083,,data/pisa/2025/annex_tables/mrq53f.xlsx,data/derived/annex_extract.csv,8,2022,2021,-0.19201,0.162942,43.9683,-0.440638,0.148457,-0.269819,-0.465579,36.0,37.0
Kazakhstan,KAZ,0,2025,413.715,1.7478,384.798,1.5188,419.548,1.5943,448.855,1.4029,0.9491086836388303,,,,,,data/pisa/2025/annex_tables/mrq53f.xlsx,data/derived/annex_extract.csv,9,2024,2023,-0.06709,0.161633,46.4968,-0.381548,0.147734,-0.222316,-0.377789,38.0,40.0
Kenya,KEN,0,2025,325.935,2.6948,320.214,2.6531,334.949,2.9217,277.891,3.5763,,,,,,,data/pisa/2025/annex_tables/mrq53f.xlsx,,9,2024,2023,-0.80183,0.148753,31.6246,-0.464532,0.132215,-0.75945,-0.427559,30.0,32.0
Kyrgyzstan,KGZ,0,2006,310.584,3.4095,284.707,3.4787,322.032,2.9338,,,,,,,,,data/pisa/2025/annex_tables/mrq53f.xlsx,,3,2006,2005,-1.360788,0.187863,20.3104,-1.181788,0.171114,-1.341719,-1.041148,,
Kyrgyzstan,KGZ,0,2009,331.156,2.8734,314.02,3.1907,329.546,2.9208,,,,,,,,,data/pisa/2025/annex_tables/mrq53f.xlsx,,4,2009,2008,-1.34281,0.187863,20.6743,-1.218392,0.171114,-1.308825,-1.217608,,
Kyrgyzstan,KGZ,0,2025,363.806,1.9784,344.398,2.3921,362.529,2.1804,387.83,2.3068,,,,,,,data/pisa/2025/annex_tables/mrq53f.xlsx,,9,2024,2023,-1.136465,0.168119,24.851,-0.936094,0.14875,-1.196558,-0.973899,26.0,25.0
Cambodia,KHM,0,2018,324.687,2.6742,321.034,2.0664,330.274,1.909,,,,,,,,,data/pisa/2025/annex_tables/mrq53f.xlsx,,7,2018,2017,-1.428615,0.168476,18.9375,-1.219123,0.146949,-1.330485,-1.187959,20.0,21.0
Cambodia,KHM,0,2022,336.396,2.694,328.843,2.0813,347.104,2.0992,,,,,,,,,data/pisa/2025/annex_tables/mrq53f.xlsx,,8,2022,2021,-1.112955,0.169464,25.3269,-1.11519,0.151782,-1.091754,-1.147705,24.0,23.0
Cambodia,KHM,0,2025,365.842,1.6687,347.226,1.5005,381.935,1.6906,,,,,,,,,data/pisa/2025/annex_tables/mrq53f.xlsx,,9,2024,2023,-1.232859,0.167993,22.8999,-1.056261,0.151009,-1.121638,-1.099508,20.0,21.0
Korea,KOR,1,2000,,,524.754,2.4162,,,,,,,,,,,data/pisa/2025/annex_tables/mrq53f.xlsx,,1,2000,1999,0.309733,0.199662,54.1243,0.810882,0.186813,,,,
Korea,KOR,1,2003,542.227,3.2383,534.091,3.0925,,,,,,,,,,,data/pisa/2025/annex_tables/mrq53f.xlsx,,2,2003,2002,0.416214,0.197666,56.2796,0.784647,0.179386,0.287947,0.793191,,
Korea,KOR,1,2006,547.458,3.7612,556.022,3.813,522.148,3.3576,,,0.8726678238288651,0.6589553456172884,99.24,99.89,99.0407,,data/pisa/2025/annex_tables/mrq53f.xlsx,data/derived/annex_extract.csv,3,2006,2005,0.385548,0.180433,55.6589,0.843383,0.173864,0.581822,0.915636,,
Korea,KOR,1,2009,546.229,4.0154,539.267,3.4606,537.986,3.4387,,,0.8785024764210139,0.6934689468458303,100,100,98.75505333938946,,data/pisa/2025/annex_tables/mrq53f.xlsx,data/derived/annex_extract.csv,4,2009,2008,0.436953,0.178959,56.6994,0.927036,0.169613,0.414593,0.894089,,
Korea,KOR,1,2012,553.767,4.5792,535.79,3.9414,537.788,3.6575,,,0.8785157414307005,0.8219703763003118,99.8589437826454,99.8589437826454,98.7490747763885,,data/pisa/2025/annex_tables/mrq53f.xlsx,data/derived/annex_extract.csv,5,2012,2011,0.525435,0.160882,58.4904,1.018931,0.141543,0.582102,0.910194,56.0,
Korea,KOR,1,2015,524.106,3.7123,517.437,3.5047,515.81,3.1318,,,0.9168972122825193,0.8879500259504656,99.6472450423049,99.6472450423049,98.5609723400408,,data/pisa/2025/annex_tables/mrq53f.xlsx,data/derived/annex_extract.csv,6,2015,2014,0.344972,0.161951,54.8376,1.010561,0.143986,0.504158,1.07062,54.0,55.0
Korea,KOR,1,2018,525.933,3.1214,514.052,2.9405,519.007,2.8028,,,0.8810614846046728,0.5638973410322446,100,100,97.4041513935098,,data/pisa/2025/annex_tables/mrq53f.xlsx,data/derived/annex_extract.csv,7,2018,2017,0.541302,0.161951,58.8116,1.110074,0.143925,0.427734,1.011855,57.0,54.0
Korea,KOR,1,2022,527.303,3.8628,515.415,3.6323,527.822,3.5796,,,1.023882730343422,1.4702957354263086,88.89380750188303,99.6676199007418,94.35179714856682,,data/pisa/2025/annex_tables/mrq53f.xlsx,data/derived/annex_extract.csv,8,2022,2021,0.821709,0.161951,64.4875,1.166214,0.148456,0.761415,1.168157,63.0,62.0
Korea,KOR,1,2025,522.298,3.9581,500.561,3.4458,526.105,3.3696,537.652,2.9343,0.9333689646165284,,,,,,data/pisa/2025/annex_tables/mrq53f.xlsx,data/derived/annex_extract.csv,9,2024,2023,0.849559,0.160665,65.0512,1.117455,0.147732,0.878856,1.184457,63.0,64.0
Lebanon,LBN,0,2015,396.25,3.692,346.549,4.4136,386.485,3.3952,,,,,,,,,data/pisa/2025/annex_tables/mrq53f.xlsx,,6,2015,2014,-1.004791,0.168104,27.5163,-0.80845,0.148093,-1.10599,-0.694778,28.0,27.0
Lebanon,LBN,0,2018,393.45,4.0494,353.355,4.318,383.717,3.5399,,,,,,,,,data/pisa/2025/annex_tables/mrq53f.xlsx,,7,2018,2017,-1.22088,0.168104,23.1423,-0.771737,0.148435,-1.071401,-0.821324,28.0,28.0
Lebanon,LBN,0,2025,377.138,3.0242,330.903,3.3391,372.006,3.4528,358.172,3.9906,,,,,,,data/pisa/2025/annex_tables/mrq53f.xlsx,,9,2024,2023,-1.304134,0.172338,21.4571,-1.085352,0.154195,-1.255411,-1.066504,23.0,22.0
Lithuania,LTU,1,2006,486.421,2.9253,470.071,2.9832,487.957,2.7569,,,0.9332124381153697,1.6995452883545161,96.846,100,93.7617,,data/pisa/2025/annex_tables/mrq53f.xlsx,data/derived/annex_extract.csv,3,2006,2005,0.303408,0.192421,53.9963,0.590593,0.176386,0.512385,0.517897,,
Lithuania,LTU,1,2009,476.602,2.6167,468.443,2.3911,491.41,2.9296,,,0.7821035467562039,2.7036686685152853,98.13092688814531,99.91025314976042,93.36444127580931,,data/pisa/2025/annex_tables/mrq53f.xlsx,data/derived/annex_extract.csv,4,2009,2008,0.216857,0.178432,52.2444,0.529313,0.164657,0.175715,0.515443,,
Lithuania,LTU,1,2012,478.823,2.641,477.307,2.4812,495.7,2.5545,,,0.8576983179316789,3.9973335949459106,98.1965121830395,100,92.0909057828694,,data/pisa/2025/annex_tables/mrq53f.xlsx,data/derived/annex_extract.csv,5,2012,2011,0.559973,0.178432,59.1895,0.584909,0.164657,0.431061,0.546673,54.0,
Lithuania,LTU,1,2015,478.383,2.3293,472.407,2.7359,475.409,2.6527,,,0.9020471609926726,5.1154200725675185,99.360064435781,99.8551361183101,90.5670061949034,,data/pisa/2025/annex_tables/mrq53f.xlsx,data/derived/annex_extract.csv,6,2015,2014,0.681444,0.179893,61.6483,0.849141,0.168537,0.599127,0.740631,59.0,58.0
Lithuania,LTU,1,2018,481.191,1.9533,475.873,1.5183,482.067,1.6292,,,0.9031678670360112,3.3217746613523778,99.6191200600479,99.6191200600479,92.6614185990751,,data/pisa/2025/annex_tables/mrq53f.xlsx,data/derived/annex_extract.csv,7,2018,2017,0.453159,0.181274,57.0275,0.749078,0.171788,0.676187,0.859113,59.0,59.0
Lithuania,LTU,1,2022,475.147,1.8418,471.834,2.2097,484.463,2.3332,,,0.924634360225713,6.50374865335428,99.57841159678718,99.97580070960299,92.67862074597313,,data/pisa/2025/annex_tables/mrq53f.xlsx,data/derived/annex_extract.csv,8,2022,2021,0.855068,0.152762,65.1627,1.228331,0.145514,0.924958,1.210728,62.0,61.0
Lithuania,LTU,1,2025,470.491,1.8743,464.054,1.9142,487.739,1.7808,511.782,1.6539,0.9378133159268929,,,,,,data/pisa/2025/annex_tables/mrq53f.xlsx,data/derived/annex_extract.csv,9,2024,2023,0.992789,0.152762,67.9504,1.374236,0.145514,0.888476,1.328884,65.0,63.0
Luxembourg,LUX,1,2000,,,441.246,1.5941,,,,,,,,,,,data/pisa/2025/annex_tables/mrq53f.xlsx,,1,2000,1999,1.960725,0.236355,87.5429,1.878853,0.216571,,,,
Luxembourg,LUX,1,2003,493.209,0.9716,479.423,1.4843,,,,,,,,,,,data/pisa/2025/annex_tables/mrq53f.xlsx,,2,2003,2002,1.697981,0.236355,82.2246,1.748664,0.216571,1.968989,1.807882,,
Luxembourg,LUX,1,2006,490.002,1.0656,479.367,1.2819,486.324,1.0543,,,1.0300326441784549,3.9179861956963054,100,100,96.4927,,data/pisa/2025/annex_tables/mrq53f.xlsx,data/derived/annex_extract.csv,3,2006,2005,2.035771,0.198957,89.062,1.63989,0.175159,1.718858,1.556786,,
Luxembourg,LUX,1,2009,489.067,1.1794,472.173,1.2534,483.928,1.2309,,,0.873806275579809,8.147828410922326,100,100,95.56986729117877,,data/pisa/2025/annex_tables/mrq53f.xlsx,data/derived/annex_extract.csv,4,2009,2008,2.050593,0.197363,89.362,1.69724,0.174695,2.072768,1.698376,,
Luxembourg,LUX,1,2012,489.845,1.0946,487.807,1.5418,491.215,1.3048,,,0.8926781962178761,8.403426974209612,100,100,95.2380952380952,,data/pisa/2025/annex_tables/mrq53f.xlsx,data/derived/annex_extract.csv,5,2012,2011,2.169911,0.197363,91.7772,1.778254,0.174695,2.228976,1.758409,80.0,
Luxembourg,LUX,1,2015,485.771,1.2678,481.439,1.4414,482.806,1.121,,,0.8756140350877193,8.163184241803432,100,100,95.6498194945848,,data/pisa/2025/annex_tables/mrq53f.xlsx,data/derived/annex_extract.csv,6,2015,2014,2.224147,0.197363,92.875,1.814113,0.174695,2.172139,1.750779,85.0,82.0
Luxembourg,LUX,1,2018,483.421,1.0976,469.985,1.1259,476.769,1.2208,,,0.8707677634716261,7.916047175957634,100,100,95.4728002920774,,data/pisa/2025/annex_tables/mrq53f.xlsx,data/derived/annex_extract.csv,7,2018,2017,2.21005,0.198051,92.5896,1.861437,0.178273,2.147517,1.799045,81.0,82.0
Luxembourg,LUX,1,2025,458.143,0.8803,443.232,1.0539,473.77,1.0545,505.643,1.2519,0.9148621128553245,,,,,,data/pisa/2025/annex_tables/mrq53f.xlsx,data/derived/annex_extract.csv,9,2024,2023,2.015759,0.162024,88.6569,1.761768,0.149392,2.012407,1.728655,78.0,81.0
Latvia,LVA,1,2000,,,458.071,5.2705,,,,,,,,,,,data/pisa/2025/annex_tables/mrq53f.xlsx,,1,2000,1999,-0.249437,0.213756,42.8058,0.149758,0.1909,,,,
Latvia,LVA,1,2003,483.375,3.6874,490.563,3.6692,,,,,,,,,,,data/pisa/2025/annex_tables/mrq53f.xlsx,,2,2003,2002,0.274018,0.213756,53.4014,0.442496,0.182999,0.110064,0.219283,,
Latvia,LVA,1,2006,486.166,3.0271,479.492,3.7307,489.544,2.9717,,,0.8528126732211104,3.2083915077951506,97.5672,100,96.6593,,data/pisa/2025/annex_tables/mrq53f.xlsx,data/derived/annex_extract.csv,3,2006,2005,0.398824,0.192421,55.9276,0.568793,0.176386,0.316804,0.506724,,
Latvia,LVA,1,2009,481.954,3.0672,483.96,2.957,493.879,3.0652,,,0.8126327872273819,3.7682824720271193,97.4616183700928,99.38787914835987,91.27127868245346,,data/pisa/2025/annex_tables/mrq53f.xlsx,data/derived/annex_extract.csv,4,2009,2008,0.259018,0.191256,53.0977,0.572111,0.171952,0.277742,0.647471,,
Latvia,LVA,1,2012,490.571,2.7522,488.694,2.3856,502.186,2.7521,,,0.8544579275107775,4.019645051613908,87.8926013916363,99.8874560847117,90.8991973794651,,data/pisa/2025/annex_tables/mrq53f.xlsx,data/derived/annex_extract.csv,5,2012,2011,0.386339,0.192421,55.6749,0.572385,0.176386,0.390353,0.552873,49.0,
Latvia,LVA,1,2015,482.305,1.8687,487.758,1.802,490.225,1.5603,,,0.8878435236163431,5.071626658199959,86.4578878335307,92.5201528043627,90.4190734490963,,data/pisa/2025/annex_tables/mrq53f.xlsx,data/derived/annex_extract.csv,6,2015,2014,0.600907,0.179893,60.0181,0.662581,0.168537,0.506584,0.6744,56.0,55.0
Latvia,LVA,1,2018,496.126,1.9628,478.699,1.6169,487.251,1.7628,,,0.8862707904544695,4.286135895439357,82.2348031461575,89.4119888274871,89.2896537586935,,data/pisa/2025/annex_tables/mrq53f.xlsx,data/derived/annex_extract.csv,7,2018,2017,0.54468,0.181274,58.88,0.615245,0.171788,0.637997,0.632335,58.0,58.0
Latvia,LVA,1,2022,483.159,2.0319,474.569,2.46,493.843,2.298,,,0.8500843391747892,7.906986057371357,83.91569628979079,88.70330714710418,88.48251856817252,,data/pisa/2025/annex_tables/mrq53f.xlsx,data/derived/annex_extract.csv,8,2022,2021,0.823892,0.152762,64.5317,1.008782,0.145514,0.842349,0.983981,59.0,59.0
Latvia,LVA,1,2025,460.493,1.7023,429.679,2.0282,468.367,2.054,506.806,1.7836,0.8133049678012879,,,,,,data/pisa/2025/annex_tables/mrq53f.xlsx,data/derived/annex_extract.csv,9,2024,2023,0.825134,0.151682,64.5568,1.091383,0.144832,0.77592,1.072708,60.0,59.0
Macao (China),MAC,0,2003,527.27,2.8852,497.64,2.1604,,,,,,,,,,,data/pisa/2025/annex_tables/mrq53f.xlsx,,2,2003,2002,0.864652,0.435253,65.3567,1.048423,0.485046,-0.068263,0.542312,,
Macao (China),MAC,0,2006,525.003,1.3036,492.288,1.0991,510.84,1.0571,,,,,,,,,data/pisa/2025/annex_tables/mrq53f.xlsx,,3,2006,2005,0.399233,0.435253,55.9359,0.530874,0.485046,0.39105,0.788627,,
Macao (China),MAC,0,2009,525.283,0.9151,486.635,0.8918,511.07,1.0343,,,,,,,,,data/pisa/2025/annex_tables/mrq53f.xlsx,,4,2009,2008,0.339612,0.283268,54.7291,0.714072,0.234673,-0.073105,0.456784,,
Macao (China),MAC,0,2012,538.134,0.9647,508.949,0.9062,520.571,0.8486,,,,,,,,,data/pisa/2025/annex_tables/mrq53f.xlsx,,5,2012,2011,0.041525,0.283268,48.6954,0.605968,0.234673,0.339012,0.717075,,
Macao (China),MAC,0,2015,543.808,1.1077,508.691,1.2507,528.55,1.0644,,,,,,,,,data/pisa/2025/annex_tables/mrq53f.xlsx,,6,2015,2014,0.570116,0.283268,59.3949,0.904415,0.234673,0.568469,0.84822,,
Macao (China),MAC,0,2018,557.67,1.5349,525.116,1.2272,543.586,1.4578,,,,,,,,,data/pisa/2025/annex_tables/mrq53f.xlsx,,7,2018,2017,0.572109,0.283268,59.4352,0.959526,0.234673,0.570494,0.904107,,
Macao (China),MAC,0,2022,551.923,1.0981,510.405,1.346,543.096,1.1144,,,,,,,,,data/pisa/2025/annex_tables/mrq53f.xlsx,,8,2022,2021,0.573431,0.283268,59.462,0.779799,0.270253,0.573805,0.781437,,
Macao (China),MAC,0,2025,549.302,1.1472,501.054,1.1555,540.814,1.1274,571.902,1.01,,,,,,,data/pisa/2025/annex_tables/mrq53f.xlsx,,9,2024,2023,0.573384,0.283268,59.461,0.852098,0.270253,0.572147,0.779354,,
Morocco,MAR,0,2018,367.727,3.3316,359.388,3.1261,376.597,3.0044,,,,,,,,,data/pisa/2025/annex_tables/mrq53f.xlsx,,7,2018,2017,-0.475142,0.165258,38.2372,-0.324822,0.145278,-0.391146,-0.371386,43.0,40.0
Morocco,MAR,0,2022,364.766,3.3503,339.365,3.9738,365.398,3.3834,,,,,,,,,data/pisa/2025/annex_tables/mrq53f.xlsx,,8,2022,2021,-0.487911,0.165258,37.9788,-0.449194,0.149943,-0.478397,-0.444794,38.0,39.0
Morocco,MAR,0,2025,354.755,2.9552,321.127,3.4834,357.98,3.3258,373.875,3.6383,,,,,,,data/pisa/2025/annex_tables/mrq53f.xlsx,,9,2024,2023,-0.518691,0.164287,37.3557,-0.367804,0.149197,-0.55219,-0.3934,39.0,37.0
Moldova,MDA,0,2009,397.492,3.1282,388.078,2.8341,412.771,3.0132,,,,,,,,,data/pisa/2025/annex_tables/mrq53f.xlsx,,4,2009,2008,-0.77233,0.17872,32.2217,-0.341333,0.165989,-0.802337,-0.29448,,
Moldova,MDA,0,2015,419.664,2.4655,416.229,2.5175,427.998,1.9726,,,,,,,,,data/pisa/2025/annex_tables/mrq53f.xlsx,,6,2015,2014,-1.03857,0.161773,26.8326,-0.419316,0.141748,-0.969688,-0.364908,33.0,35.0
Moldova,MDA,0,2018,420.604,2.435,423.993,2.4447,428.485,2.2597,,,,,,,,,data/pisa/2025/annex_tables/mrq53f.xlsx,,7,2018,2017,-0.87132,0.162776,30.218,-0.403499,0.143666,-0.937231,-0.433205,33.0,31.0
Moldova,MDA,0,2022,414.198,2.3074,410.935,2.5107,416.859,2.3877,,,,,,,,,data/pisa/2025/annex_tables/mrq53f.xlsx,,8,2022,2021,-0.421513,0.163161,39.3228,-0.194803,0.148172,-0.550342,-0.251938,39.0,36.0
Moldova,MDA,0,2025,410.13,2.557,403.701,2.898,421.947,2.8449,452.268,2.4327,,,,,,,data/pisa/2025/annex_tables/mrq53f.xlsx,,9,2024,2023,-0.29158,0.170537,41.9528,-0.161332,0.151585,-0.26605,-0.193866,42.0,43.0
Mexico,MEX,1,2000,,,421.961,3.3146,,,,,,,,,,,data/pisa/2025/annex_tables/mrq53f.xlsx,,1,2000,1999,-0.052013,0.199662,46.802,-0.5434,0.185324,,,,
Mexico,MEX,1,2003,385.218,3.6433,399.722,4.0923,,,,,,,,,,,data/pisa/2025/annex_tables/mrq53f.xlsx,,2,2003,2002,-0.321736,0.199616,41.3424,-0.239611,0.17807,-0.323118,-0.287825,,
Mexico,MEX,1,2006,405.655,2.926,410.496,3.0594,409.652,2.7145,,,0.5408748175759548,0.2695333364947726,95.4553,96.2003,96.4043,,data/pisa/2025/annex_tables/mrq53f.xlsx,data/derived/annex_extract.csv,3,2006,2005,-0.337979,0.175292,41.0136,-0.208642,0.166507,-0.432437,-0.20863,,
Mexico,MEX,1,2009,418.509,1.8259,425.265,1.9532,415.909,1.788,,,0.6066913114824951,0.5572819926423274,95.6168892848762,97.70945242555784,95.13267182767814,,data/pisa/2025/annex_tables/mrq53f.xlsx,data/derived/annex_extract.csv,4,2009,2008,-0.316012,0.172684,41.4583,-0.478466,0.161658,-0.387131,-0.541293,,
Mexico,MEX,1,2012,413.281,1.3528,423.554,1.5142,414.92,1.3054,,,0.627037694852098,0.7391558246423788,91.7887379955318,95.3114997357813,93.8840281119765,,data/pisa/2025/annex_tables/mrq53f.xlsx,data/derived/annex_extract.csv,5,2012,2011,-0.457957,0.156277,38.5851,-0.594883,0.136821,-0.42475,-0.617978,34.0,
Mexico,MEX,1,2015,408.023,2.2409,423.276,2.5836,415.71,2.1305,,,0.61707983391505,0.9058224272346714,95.4646902328751,97.5240426243506,95.4296878688222,,data/pisa/2025/annex_tables/mrq53f.xlsx,data/derived/annex_extract.csv,6,2015,2014,-0.840904,0.159218,30.8336,-0.682972,0.142071,-0.752898,-0.583109,31.0,35.0
Mexico,MEX,1,2018,408.801,2.4932,420.469,2.7463,419.205,2.584,,,0.6635616607766727,1.236262920742548,89.4596373607945,95.7608536745149,96.0952433960943,,data/pisa/2025/annex_tables/mrq53f.xlsx,data/derived/annex_extract.csv,7,2018,2017,-0.942749,0.159218,28.7721,-0.806269,0.142012,-0.948133,-0.730005,28.0,29.0
Mexico,MEX,1,2022,395.03,2.2706,415.359,2.924,409.887,2.4156,,,0.6353046047167601,1.4057325847471898,95.9482442704857,98.93026316190874,94.9163111350094,,data/pisa/2025/annex_tables/mrq53f.xlsx,data/derived/annex_extract.csv,8,2022,2021,-0.875754,0.159218,30.1282,-1.082252,0.14636,-0.873387,-1.024819,31.0,31.0
Mexico,MEX,1,2025,387.587,1.8582,407.938,2.1598,413.565,2.0014,452.951,2.0128,0.6933412888770184,,,,,,data/pisa/2025/annex_tables/mrq53f.xlsx,data/derived/annex_extract.csv,9,2024,2023,-0.940877,0.161495,28.81,-1.153864,0.146328,-0.932163,-1.077705,27.0,26.0
North Macedonia,MKD,0,2000,,,372.509,1.9343,,,,,,,,,,,data/pisa/2025/annex_tables/mrq53f.xlsx,,1,2000,1999,-0.928493,0.247117,29.0607,-0.625436,0.235284,,,,
North Macedonia,MKD,0,2015,371.311,1.2831,351.742,1.4082,383.682,1.2485,,,,,,,,,data/pisa/2025/annex_tables/mrq53f.xlsx,,6,2015,2014,-0.306216,0.178261,41.6565,-0.278206,0.149173,-0.145444,-0.192136,42.0,45.0
North Macedonia,MKD,0,2018,394.447,1.5608,392.668,1.1041,413.045,1.4209,,,,,,,,,data/pisa/2025/annex_tables/mrq53f.xlsx,,7,2018,2017,-0.340857,0.179605,40.9554,-0.226751,0.151413,-0.262074,-0.314301,37.0,35.0
North Macedonia,MKD,0,2022,388.576,0.869,358.522,0.8145,379.875,0.9291,,,,,,,,,data/pisa/2025/annex_tables/mrq53f.xlsx,,8,2022,2021,-0.332673,0.180123,41.121,-0.180226,0.156716,-0.38564,-0.117091,40.0,39.0
North Macedonia,MKD,0,2025,379.792,0.9708,357.444,0.9933,378.498,1.039,389.093,1.436,,,,,,,data/pisa/2025/annex_tables/mrq53f.xlsx,,9,2024,2023,-0.329221,0.17836,41.1909,-0.22493,0.155865,-0.354178,-0.273881,40.0,40.0
Malta,MLT,0,2009,462.876,1.4306,442.052,1.5846,461.339,1.7221,,,,,,,,,data/pisa/2025/annex_tables/mrq53f.xlsx,,4,2009,2008,0.964889,0.215158,67.3857,1.399665,0.183482,0.999097,1.580558,,
Malta,MLT,0,2015,478.645,1.7158,446.666,1.7788,464.782,1.642,,,,,,,,,data/pisa/2025/annex_tables/mrq53f.xlsx,,6,2015,2014,0.851351,0.215158,65.0875,1.091862,0.183482,0.810206,1.029354,60.0,55.0
Malta,MLT,0,2018,471.724,1.9021,448.235,1.7299,456.59,1.8686,,,,,,,,,data/pisa/2025/annex_tables/mrq53f.xlsx,,7,2018,2017,0.741613,0.215158,62.8662,1.058595,0.187641,0.794308,1.112371,54.0,56.0
Malta,MLT,0,2022,466.016,1.579,445.299,1.9032,465.589,1.6973,,,,,,,,,data/pisa/2025/annex_tables/mrq53f.xlsx,,8,2022,2021,0.446991,0.170997,56.9026,0.854361,0.154777,0.466723,0.866643,51.0,54.0
Malta,MLT,0,2025,439.083,1.7834,414.626,1.6079,452.527,1.5469,462.578,2.1917,,,,,,,data/pisa/2025/annex_tables/mrq53f.xlsx,,9,2024,2023,0.266794,0.169486,53.2551,0.72718,0.153957,0.321973,0.794028,49.0,46.0
Montenegro,MNE,0,2006,399.308,1.3662,391.975,1.2153,411.788,1.0641,,,,,,,,,data/pisa/2025/annex_tables/mrq53f.xlsx,,3,2006,2005,-0.045234,0.319766,46.9392,0.052239,0.32277,-0.268333,0.152284,,
Montenegro,MNE,0,2009,402.515,2.0316,407.548,1.7165,401.277,2.0343,,,,,,,,,data/pisa/2025/annex_tables/mrq53f.xlsx,,4,2009,2008,-0.263176,0.241092,42.5277,-0.039215,0.224085,-0.25926,-0.04476,,
Montenegro,MNE,0,2012,409.627,1.0542,422.111,1.1838,410.098,1.065,,,,,,,,,data/pisa/2025/annex_tables/mrq53f.xlsx,,5,2012,2011,-0.337635,0.202493,41.0206,-0.074774,0.184566,-0.559879,-0.162081,41.0,
Montenegro,MNE,0,2015,417.934,1.4624,426.884,1.5789,411.314,1.0293,,,,,,,,,data/pisa/2025/annex_tables/mrq53f.xlsx,,6,2015,2014,-0.154491,0.198343,44.7277,-0.012894,0.181938,-0.156992,-0.047371,44.0,42.0
Montenegro,MNE,0,2018,429.612,1.2433,421.058,1.0549,415.172,1.3106,,,,,,,,,data/pisa/2025/annex_tables/mrq53f.xlsx,,7,2018,2017,-0.084888,0.199488,46.1366,0.065028,0.186047,-0.109641,-0.082284,45.0,46.0
Montenegro,MNE,0,2022,405.601,1.1159,405.02,1.35,403.13,1.2053,,,,,,,,,data/pisa/2025/annex_tables/mrq53f.xlsx,,8,2022,2021,-0.012745,0.200199,47.5968,-0.05461,0.196159,0.038345,0.017811,45.0,46.0
Montenegro,MNE,0,2025,411.058,1.117,418.371,1.2157,435.184,1.3123,423.133,1.5012,,,,,,,data/pisa/2025/annex_tables/mrq53f.xlsx,,9,2024,2023,-0.059434,0.17836,46.6518,0.181383,0.155865,-0.068078,0.127648,46.0,46.0
Mongolia,MNG,0,2022,424.593,2.5736,378.42,2.2542,412.383,2.3646,,,,,,,,,data/pisa/2025/annex_tables/mrq53f.xlsx,,8,2022,2021,-0.662165,0.154168,34.4516,-0.150075,0.143109,-0.664468,-0.173169,33.0,35.0
Mongolia,MNG,0,2025,418.642,2.2945,374.253,1.7494,424.034,2.1289,442.997,2.07,,,,,,,data/pisa/2025/annex_tables/mrq53f.xlsx,,9,2024,2023,-0.485958,0.158469,38.0183,-0.09977,0.149618,-0.618781,-0.157549,31.0,33.0
Mauritius,MUS,0,2009,419.997,0.9679,406.572,1.0866,417.204,1.1186,,,,,,,,,data/pisa/2025/annex_tables/mrq53f.xlsx,,4,2009,2008,0.530319,0.202795,58.5893,0.910479,0.189281,0.564359,0.94264,,
Mauritius,MUS,0,2025,406.855,3.6682,405.333,3.502,438.164,4.1941,,,,,,,,,data/pisa/2025/annex_tables/mrq53f.xlsx,,9,2024,2023,0.340482,0.174479,54.7467,0.638614,0.156081,0.34179,0.663341,48.0,51.0
Malaysia,MYS,0,2009,404.258,2.7132,413.812,2.8555,422.232,2.6797,,,,,,,,,data/pisa/2025/annex_tables/mrq53f.xlsx,,4,2009,2008,-0.14621,0.173433,44.8953,0.211654,0.167359,-0.094936,0.219517,,
Malaysia,MYS,0,2012,420.513,3.1795,398.196,3.3312,419.503,2.9984,,,,,,,,,data/pisa/2025/annex_tables/mrq53f.xlsx,,5,2012,2011,0.153235,0.155861,50.9565,0.239243,0.137966,0.066041,0.138614,49.0,
Malaysia,MYS,0,2018,440.208,2.877,414.98,2.8678,437.618,2.7059,,,,,,,,,data/pisa/2025/annex_tables/mrq53f.xlsx,,7,2018,2017,0.493541,0.158777,57.8449,0.286395,0.145312,0.073184,0.130643,47.0,47.0
Malaysia,MYS,0,2022,408.687,2.3965,388.088,2.7478,416.306,2.3484,,,,,,,,,data/pisa/2025/annex_tables/mrq53f.xlsx,,8,2022,2021,0.371029,0.161951,55.365,0.295294,0.148456,0.301502,0.301634,47.0,48.0
Malaysia,MYS,0,2025,397.423,2.1981,392.772,2.1576,419.203,2.1592,484.118,1.7764,,,,,,,data/pisa/2025/annex_tables/mrq53f.xlsx,,9,2024,2023,0.498397,0.161732,57.9432,0.345136,0.147734,0.380697,0.301684,52.0,50.0
Netherlands,NLD,1,2003,537.823,3.1302,513.119,2.8543,,,,,,,,,,,data/pisa/2025/annex_tables/mrq53f.xlsx,,2,2003,2002,2.007115,0.199662,88.4819,1.707812,0.180299,2.024322,1.739344,,
Netherlands,NLD,1,2006,530.654,2.5857,506.747,2.9247,524.862,2.7416,,,0.9620891568466247,0.14895086996265958,75.6962,94.2481,90.149,,data/pisa/2025/annex_tables/mrq53f.xlsx,data/derived/annex_extract.csv,3,2006,2005,2.060072,0.197363,89.5539,1.769152,0.174695,1.982675,1.702348,,
Netherlands,NLD,1,2009,525.836,4.7454,508.404,5.1496,522.218,5.4189,,,0.9223428643216081,3.4564715009762152,80.39527458912988,95.54297240899942,89.7753138391498,,data/pisa/2025/annex_tables/mrq53f.xlsx,data/derived/annex_extract.csv,4,2009,2008,2.038684,0.197363,89.1209,1.671283,0.174695,2.0721,1.73227,,
Netherlands,NLD,1,2012,522.972,3.472,511.23,3.4692,522.056,3.5082,,,1.0116578350515464,4.420520696520633,75.3279690675454,89.3779220595681,84.9653479530368,,data/pisa/2025/annex_tables/mrq53f.xlsx,data/derived/annex_extract.csv,5,2012,2011,2.06046,0.162024,89.5617,1.769097,0.142841,2.015138,1.711124,84.0,
Netherlands,NLD,1,2015,512.253,2.2116,502.959,2.4117,508.575,2.2574,,,0.9511410224624386,3.668556902335955,63.3064768930609,93.2085074316904,85.1166662470928,,data/pisa/2025/annex_tables/mrq53f.xlsx,data/derived/annex_extract.csv,6,2015,2014,1.863115,0.162024,85.5671,1.883956,0.142841,1.9485,1.826148,84.0,83.0
Netherlands,NLD,1,2018,519.231,2.6323,484.784,2.6509,503.384,2.8406,,,0.911724356025759,6.239331147666423,61.0352632994668,86.9524079936473,83.344405574154,,data/pisa/2025/annex_tables/mrq53f.xlsx,data/derived/annex_extract.csv,7,2018,2017,1.946556,0.162024,87.2561,1.820228,0.144778,1.827003,1.865295,82.0,82.0
Netherlands,NLD,1,2022,492.676,3.766,459.243,4.2822,488.317,4.0732,,,0.785526017615333,8.429189665740658,65.52054947412891,89.64892776590435,80.8927559227539,,data/pisa/2025/annex_tables/mrq53f.xlsx,data/derived/annex_extract.csv,8,2022,2021,1.917578,0.162024,86.6695,1.728911,0.149392,2.028023,1.776765,80.0,82.0
Netherlands,NLD,1,2025,483.27,2.8883,441.345,2.8949,485.451,2.8215,506.13,2.4887,0.8413120407324953,,,,,*,data/pisa/2025/annex_tables/mrq53f.xlsx,data/derived/annex_extract.csv,9,2024,2023,1.910013,0.162024,86.5164,1.706922,0.149392,1.883707,1.71748,78.0,78.0
Norway,NOR,1,2000,,,505.281,2.8019,,,,,,,,,,,data/pisa/2025/annex_tables/mrq53f.xlsx,,1,2000,1999,2.071441,0.199662,89.784,1.912612,0.186813,,,,
Norway,NOR,1,2003,495.185,2.3764,499.74,2.7759,,,,,,,,,,,data/pisa/2025/annex_tables/mrq53f.xlsx,,2,2003,2002,2.021197,0.199662,88.767,1.878344,0.186813,2.068641,1.88422,,
Norway,NOR,1,2006,489.846,2.6408,484.293,3.182,486.528,3.1114,,,0.9704493744733259,3.514247207938516,90.466,95.4004,87.81,,data/pisa/2025/annex_tables/mrq53f.xlsx,data/derived/annex_extract.csv,3,2006,2005,2.094663,0.197363,90.254,1.911178,0.1806,2.017253,1.879306,,
Norway,NOR,1,2009,497.956,2.3973,503.23,2.5808,499.876,2.6003,,,0.9055237403712589,5.930427853264465,89.60581282527019,96.52720915830446,89.92113650615153,,data/pisa/2025/annex_tables/mrq53f.xlsx,data/derived/annex_extract.csv,4,2009,2008,1.898761,0.197363,86.2887,1.870874,0.1806,1.85417,1.91276,,
Norway,NOR,1,2012,489.373,2.7339,503.937,3.2152,494.524,3.0873,,,0.9155016405564028,6.107424660238587,85.1503357781114,94.7017460509706,90.8842572150474,,data/pisa/2025/annex_tables/mrq53f.xlsx,data/derived/annex_extract.csv,5,2012,2011,2.128165,0.173858,90.9321,1.985742,0.147742,2.077792,1.96593,85.0,
Norway,NOR,1,2015,501.73,2.2316,513.191,2.5093,498.481,2.2624,,,0.9126454228339775,6.748779264459991,95.1708787906134,95.1708787906134,90.7485907039737,,data/pisa/2025/annex_tables/mrq53f.xlsx,data/derived/annex_extract.csv,6,2015,2014,2.17552,0.173858,91.8907,1.980047,0.147742,2.13112,1.952162,88.0,86.0
Norway,NOR,1,2018,500.964,2.219,499.451,2.1719,490.413,2.2825,,,0.9113971263613698,7.876688337470716,97.716142737796,98.7295871866182,91.1553173014949,,data/pisa/2025/annex_tables/mrq53f.xlsx,data/derived/annex_extract.csv,7,2018,2017,2.085703,0.174328,90.0726,2.02892,0.149888,2.168275,2.038848,84.0,85.0
Norway,NOR,1,2022,468.45,2.0624,476.524,2.5421,478.226,2.3726,,,0.9101401407581183,7.265335258913416,98.70751445466284,99.12675098239113,86.66008947227584,,data/pisa/2025/annex_tables/mrq53f.xlsx,data/derived/annex_extract.csv,8,2022,2021,2.03321,0.174328,89.0101,1.940915,0.151243,2.070812,2.058263,84.0,85.0
Norway,NOR,1,2025,451.78,2.0202,452.801,2.0869,470.212,2.0225,491.058,2.0218,0.8973030523255814,,,,,*,data/pisa/2025/annex_tables/mrq53f.xlsx,data/derived/annex_extract.csv,9,2024,2023,1.961008,0.174328,87.5486,1.949455,0.151243,2.074524,1.985965,81.0,81.0
New Zealand,NZL,1,2000,,,528.8,2.7841,,,,,,,,,,,data/pisa/2025/annex_tables/mrq53f.xlsx,,1,2000,1999,2.280754,0.199662,94.0208,1.840551,0.186813,,,,
New Zealand,NZL,1,2003,523.487,2.2569,521.552,2.4592,,,,,,,,,,,data/pisa/2025/annex_tables/mrq53f.xlsx,,2,2003,2002,2.251695,0.199662,93.4326,1.830828,0.186813,2.234404,1.833268,,
New Zealand,NZL,1,2006,521.989,2.3896,521.033,2.991,530.384,2.6929,,,0.8369526645768025,4.57531101219671,91.6943,96.061,87.0301,,data/pisa/2025/annex_tables/mrq53f.xlsx,data/derived/annex_extract.csv,3,2006,2005,2.294677,0.198051,94.3026,1.809311,0.1806,2.200156,1.793965,,
New Zealand,NZL,1,2009,519.301,2.312,520.88,2.3533,532.007,2.5788,,,0.86871730223763,4.1904265611839735,84.11381332529785,90.99901937260113,84.65090453853284,,data/pisa/2025/annex_tables/mrq53f.xlsx,data/derived/annex_extract.csv,4,2009,2008,2.279138,0.198051,93.9881,1.830641,0.1806,2.255796,1.82945,,
New Zealand,NZL,1,2012,499.75,2.2054,512.187,2.3982,515.636,2.1444,,,0.8764952412208731,4.60519009624432,80.8527764169741,89.3272440213047,84.6838484011701,,data/pisa/2025/annex_tables/mrq53f.xlsx,data/derived/annex_extract.csv,5,2012,2011,2.184258,0.173858,92.0676,1.832139,0.147742,2.248358,1.88666,90.0,
New Zealand,NZL,1,2015,495.223,2.2654,509.271,2.4047,513.304,2.3843,,,0.9021382267876733,6.5438569345174695,71.4256011023709,84.504325355433,80.3101931293967,,data/pisa/2025/annex_tables/mrq53f.xlsx,data/derived/annex_extract.csv,6,2015,2014,2.199755,0.173858,92.3813,1.856389,0.147742,2.166329,1.81332,91.0,91.0
New Zealand,NZL,1,2018,494.49,1.7059,505.727,2.0431,508.491,2.1046,,,0.8877658291457287,6.779075155786339,82.5864694242194,90.911530382467,82.5517378384226,,data/pisa/2025/annex_tables/mrq53f.xlsx,data/derived/annex_extract.csv,7,2018,2017,2.094033,0.174328,90.2413,1.801272,0.147676,2.169806,1.819209,87.0,89.0
New Zealand,NZL,1,2022,479.074,1.987,500.853,2.1174,504.129,2.242,,,0.902548103089483,5.773193449610062,61.40932628227662,72.35902897794557,71.68867799977423,,data/pisa/2025/annex_tables/mrq53f.xlsx,data/derived/annex_extract.csv,8,2022,2021,2.082293,0.174328,90.0036,1.722018,0.152583,2.124461,1.730396,87.0,88.0
New Zealand,NZL,1,2025,479.619,2.1652,497.044,2.4204,509.398,2.311,530.854,1.6284,0.8664277824978759,,,,,*,data/pisa/2025/annex_tables/mrq53f.xlsx,data/derived/annex_extract.csv,9,2024,2023,1.928541,0.172728,86.8915,1.667454,0.151798,2.015607,1.707554,81.0,83.0
OECD average,OECD,,2012,488.164,0.4652,491.821,0.4792,496.441,0.4648,,,,,,,,,data/pisa/2025/annex_tables/mrq53f.xlsx,,5,2012,2011,,,,,,,,,
OECD average,OECD,,2015,484.879,0.4181,488.527,0.4459,488.758,0.4094,,,,,,,,,data/pisa/2025/annex_tables/mrq53f.xlsx,,6,2015,2014,,,,,,,,,
OECD average,OECD,,2025,463.021,0.4248,460.944,0.4464,481.908,0.4384,500.0,0.4012,,,,,,,data/pisa/2025/annex_tables/mrq53f.xlsx,,9,2024,2023,,,,,,,,,
OECD average-23,OECD_A23,,2000,,,499.534,0.7154,,,,,,,,,,,data/pisa/2025/annex_tables/mrq53f.xlsx,,1,2000,1999,,,,,,,,,
OECD average-23,OECD_A23,,2003,502.125,0.6069,497.416,0.6221,,,,,,,,,,,data/pisa/2025/annex_tables/mrq53f.xlsx,,2,2003,2002,,,,,,,,,
OECD average-23,OECD_A23,,2006,501.065,0.5955,495.466,0.6858,502.744,0.5954,,,,,,,,,data/pisa/2025/annex_tables/mrq53f.xlsx,,3,2006,2005,,,,,,,,,
OECD average-23,OECD_A23,,2009,501.669,0.5784,499.398,0.5687,505.741,0.5796,,,,,,,,,data/pisa/2025/annex_tables/mrq53f.xlsx,,4,2009,2008,,,,,,,,,
OECD average-23,OECD_A23,,2012,498.675,0.5639,501.365,0.5752,504.731,0.5682,,,,,,,,,data/pisa/2025/annex_tables/mrq53f.xlsx,,5,2012,2011,,,,,,,,,
OECD average-23,OECD_A23,,2015,495.519,0.5337,497.249,0.5693,496.981,0.5253,,,,,,,,,data/pisa/2025/annex_tables/mrq53f.xlsx,,6,2015,2014,,,,,,,,,
OECD average-23,OECD_A23,,2018,496.35,0.5039,492.837,0.5145,493.463,0.5127,,,,,,,,,data/pisa/2025/annex_tables/mrq53f.xlsx,,7,2018,2017,,,,,,,,,
OECD average-23,OECD_A23,,2022,480.29,0.4884,481.932,0.552,490.864,0.5326,,,,,,,,,data/pisa/2025/annex_tables/mrq53f.xlsx,,8,2022,2021,,,,,,,,,
OECD average-23,OECD_A23,,2025,469.383,0.5482,465.83,0.5628,485.936,0.554,,,,,,,,,data/pisa/2025/annex_tables/mrq53f.xlsx,,9,2024,2023,,,,,,,,,
OECD average-35,OECD_A35,,2006,490.718,0.5209,,,495.23,0.5062,,,,,,,,,data/pisa/2025/annex_tables/mrq53f.xlsx,,3,2006,2005,,,,,,,,,
OECD average-35,OECD_A35,,2012,490.545,0.4936,493.512,0.5057,498.507,0.4935,,,,,,,,,data/pisa/2025/annex_tables/mrq53f.xlsx,,5,2012,2011,,,,,,,,,
OECD average-35,OECD_A35,,2015,487.244,0.4427,490.272,0.4717,490.789,0.4353,,,,,,,,,data/pisa/2025/annex_tables/mrq53f.xlsx,,6,2015,2014,,,,,,,,,
OECD average-35,OECD_A35,,2018,489.68,0.4184,487.616,0.4254,489.157,0.4215,,,,,,,,,data/pisa/2025/annex_tables/mrq53f.xlsx,,7,2018,2017,,,,,,,,,
OECD average-35,OECD_A35,,2022,474.844,0.4148,477.35,0.4698,486.754,0.4527,,,,,,,,,data/pisa/2025/annex_tables/mrq53f.xlsx,,8,2022,2021,,,,,,,,,
OECD average-35,OECD_A35,,2025,465.489,0.4535,463.007,0.474,483.933,0.4661,,,,,,,,,data/pisa/2025/annex_tables/mrq53f.xlsx,,9,2024,2023,,,,,,,,,
OECD total,OECD_TOT,,2025,,,,,,,499.41,1.4002,,,,,,,data/pisa/2025/annex_tables/mrq53f.xlsx,,9,2024,2023,,,,,,,,,
Peru,PER,0,2000,,,327.085,4.4154,,,,,,,,,,,data/pisa/2025/annex_tables/mrq53f.xlsx,,1,2000,1999,-0.511564,0.217228,37.5,-0.759766,0.195916,,,,
Peru,PER,0,2009,365.107,3.9982,369.696,3.9514,369.352,3.4877,,,,,,,,,data/pisa/2025/annex_tables/mrq53f.xlsx,,4,2009,2008,-0.384816,0.172684,40.0656,-0.503791,0.161658,-0.302611,-0.579088,,
Peru,PER,0,2012,368.103,3.6902,384.151,4.3443,373.113,3.575,,,,,,,,,data/pisa/2025/annex_tables/mrq53f.xlsx,,5,2012,2011,-0.360504,0.158202,40.5577,-0.487955,0.139723,-0.248222,-0.443321,38.0,
Peru,PER,0,2015,386.561,2.7142,397.541,2.887,396.684,2.3587,,,,,,,,,data/pisa/2025/annex_tables/mrq53f.xlsx,,6,2015,2014,-0.591996,0.159218,35.8719,-0.452023,0.142071,-0.581611,-0.553702,36.0,38.0
Peru,PER,0,2018,399.838,2.6067,400.514,2.9627,404.216,2.6685,,,,,,,,,data/pisa/2025/annex_tables/mrq53f.xlsx,,7,2018,2017,-0.587789,0.159218,35.9571,-0.460921,0.143976,-0.593188,-0.374605,35.0,37.0
Peru,PER,0,2022,391.236,2.341,408.248,2.7278,407.778,2.6445,,,,,,,,,data/pisa/2025/annex_tables/mrq53f.xlsx,,8,2022,2021,-0.641561,0.159218,34.8686,-0.487252,0.148512,-0.509709,-0.52082,36.0,36.0
Peru,PER,0,2025,382.439,2.4483,390.137,2.9089,405.6,2.5294,436.318,2.7206,,,,,,,data/pisa/2025/annex_tables/mrq53f.xlsx,,9,2024,2023,-0.72039,0.161495,33.273,-0.505775,0.148479,-0.665488,-0.478764,30.0,31.0
Philippines,PHL,0,2018,352.567,3.4656,339.692,3.2896,356.933,3.1816,,,,,,,,,data/pisa/2025/annex_tables/mrq53f.xlsx,,7,2018,2017,-0.638834,0.159135,34.9238,-0.639802,0.145312,-0.636865,-0.591286,36.0,34.0
Philippines,PHL,0,2022,354.72,2.58,346.547,3.4002,356.167,3.1073,,,,,,,,,data/pisa/2025/annex_tables/mrq53f.xlsx,,8,2022,2021,-0.577469,0.158777,36.166,-0.6322,0.14998,-0.574387,-0.673673,33.0,33.0
Philippines,PHL,0,2025,370.631,1.6985,366.919,2.371,373.319,2.287,434.448,1.9642,,,,,,,data/pisa/2025/annex_tables/mrq53f.xlsx,,9,2024,2023,-0.576616,0.157565,36.1832,-0.573968,0.149234,-0.569031,-0.601159,32.0,33.0
Poland,POL,1,2000,,,479.122,4.4556,,,,,,,,,,,data/pisa/2025/annex_tables/mrq53f.xlsx,,1,2000,1999,0.496304,0.196956,57.9008,0.650493,0.181061,,,,
Poland,POL,1,2003,490.239,2.5041,496.605,2.8751,,,,,,,,,,,data/pisa/2025/annex_tables/mrq53f.xlsx,,2,2003,2002,0.361158,0.196956,55.1652,0.424154,0.174278,0.344216,0.546948,,
Poland,POL,1,2006,495.429,2.4417,507.64,2.7948,497.807,2.3425,,,0.939877868852459,2.2240426653835157,95.4122,99.9911,91.7044,,data/pisa/2025/annex_tables/mrq53f.xlsx,data/derived/annex_extract.csv,3,2006,2005,0.324971,0.179893,54.4327,0.349138,0.168537,0.250476,0.569705,,
Poland,POL,1,2009,494.803,2.8382,500.478,2.6048,508.068,2.4133,,,0.9302925388601037,1.8838645460299575,88.15551851303121,97.70101617180738,85.87490111790248,,data/pisa/2025/annex_tables/mrq53f.xlsx,data/derived/annex_extract.csv,4,2009,2008,0.573941,0.178432,59.4723,0.536419,0.164657,0.427296,0.551863,,
Poland,POL,1,2012,517.501,3.6173,518.187,3.1364,525.816,3.1235,,,0.8911604405106239,4.589684670267292,85.3842892849225,97.9497878209269,87.6035795277334,,data/pisa/2025/annex_tables/mrq53f.xlsx,data/derived/annex_extract.csv,5,2012,2011,0.813522,0.15105,64.3218,0.870539,0.137195,0.761891,0.841434,58.0,
Poland,POL,1,2015,504.469,2.3898,505.697,2.4848,501.435,2.5075,,,0.9088854944974052,2.37586227627494,88.4924324889554,99.3230428570675,87.5399832312039,,data/pisa/2025/annex_tables/mrq53f.xlsx,data/derived/annex_extract.csv,6,2015,2014,0.835693,0.151933,64.7705,0.835798,0.139416,0.773833,0.880989,63.0,61.0
Poland,POL,1,2018,515.648,2.6021,511.856,2.7025,511.036,2.6072,,,0.9002987119371787,3.7663764682369942,91.6238681123105,98.6384964545087,86.0121124185018,,data/pisa/2025/annex_tables/mrq53f.xlsx,data/derived/annex_extract.csv,7,2018,2017,0.776821,0.152762,63.5789,0.547342,0.141239,0.829447,0.619117,60.0,60.0
Poland,POL,1,2022,488.96,2.2749,488.714,2.7401,499.164,2.5451,,,0.8923264981960776,4.784189747891686,88.5925190783048,96.1395378720484,81.02065191256507,,data/pisa/2025/annex_tables/mrq53f.xlsx,data/derived/annex_extract.csv,8,2022,2021,0.667392,0.152762,61.3639,0.354546,0.145514,0.686972,0.409857,55.0,56.0
Poland,POL,1,2025,484.121,2.7584,481.537,2.8471,495.067,2.7425,506.678,2.8995,0.8914679721900347,,,,,,data/pisa/2025/annex_tables/mrq53f.xlsx,data/derived/annex_extract.csv,9,2024,2023,0.794073,0.151682,63.9281,0.576911,0.144832,0.753484,0.356435,53.0,53.0
Portugal,PRT,1,2000,,,470.155,4.5177,,,,,,,,,,,data/pisa/2025/annex_tables/mrq53f.xlsx,,1,2000,1999,1.303425,0.199662,74.2381,1.094653,0.180299,,,,
Portugal,PRT,1,2003,466.017,3.4046,477.569,3.7323,,,,,,,,,,,data/pisa/2025/annex_tables/mrq53f.xlsx,,2,2003,2002,1.225262,0.199662,72.656,1.256047,0.180299,1.266735,1.237107,,
Portugal,PRT,1,2006,466.161,3.0685,472.304,3.5606,474.306,3.0233,,,0.7804036352294976,2.0549041036437217,94.8718,98.7284,86.7438,,data/pisa/2025/annex_tables/mrq53f.xlsx,data/derived/annex_extract.csv,3,2006,2005,0.88413,0.197363,65.751,1.036862,0.174695,1.193916,1.146172,,
Portugal,PRT,1,2009,486.888,2.9149,489.335,3.0669,492.95,2.8977,,,0.8370470048154648,1.569215361769299,93.6088253869986,98.4293261909471,87.11310928652487,,data/pisa/2025/annex_tables/mrq53f.xlsx,data/derived/annex_extract.csv,4,2009,2008,0.887194,0.197363,65.813,1.027719,0.174695,0.92888,1.097071,,
Portugal,PRT,1,2012,487.063,3.8125,487.758,3.7511,489.275,3.7467,,,0.8832520601868884,1.598152671995072,95.40222177568,95.8319824715024,87.3626849651731,,data/pisa/2025/annex_tables/mrq53f.xlsx,data/derived/annex_extract.csv,5,2012,2011,0.798391,0.162024,64.0155,0.888092,0.142841,0.793467,0.867073,63.0,
Portugal,PRT,1,2015,491.627,2.4909,498.129,2.6936,501.1,2.4308,,,0.8762802080422574,1.2922503361432993,85.8726196133067,95.1034439657921,82.021177650918,,data/pisa/2025/annex_tables/mrq53f.xlsx,data/derived/annex_extract.csv,6,2015,2014,0.723845,0.162024,62.5066,1.127288,0.142841,0.684018,1.018187,64.0,63.0
Portugal,PRT,1,2018,492.487,2.6846,491.801,2.4289,491.677,2.7732,,,0.8729881303274117,2.371566411825932,85.175287098625,91.3823005147298,76.1125128767567,,data/pisa/2025/annex_tables/mrq53f.xlsx,data/derived/annex_extract.csv,7,2018,2017,0.803067,0.162024,64.1101,1.13034,0.144778,0.81918,1.172268,64.0,63.0
Portugal,PRT,1,2022,471.911,2.3506,476.589,2.6632,484.373,2.559,,,0.9250610439228979,4.016676826804286,94.70468539689632,99.19498880379257,86.0784929177628,,data/pisa/2025/annex_tables/mrq53f.xlsx,data/derived/annex_extract.csv,8,2022,2021,0.786061,0.162024,63.7659,1.125686,0.149392,0.818818,1.169078,62.0,62.0
Portugal,PRT,1,2025,459.943,3.4548,462.027,3.2281,481.716,3.5177,500.569,2.9193,0.9392118487938036,,,,,,data/pisa/2025/annex_tables/mrq53f.xlsx,data/derived/annex_extract.csv,9,2024,2023,0.824168,0.160738,64.5373,1.072155,0.148655,0.78482,1.082429,56.0,57.0
Paraguay,PRY,0,2018,326.182,2.9074,369.684,3.6771,358.026,3.3217,,,,,,,,,data/pisa/2025/annex_tables/mrq53f.xlsx,,7,2018,2017,-0.87095,0.1885,30.2255,-0.454062,0.182499,-0.829154,-0.493256,29.0,29.0
Paraguay,PRY,0,2022,337.54,2.158,373.156,2.445,368.328,2.0552,,,,,,,,,data/pisa/2025/annex_tables/mrq53f.xlsx,,8,2022,2021,-0.953862,0.168129,28.5472,-0.540379,0.153798,-0.9055,-0.528002,28.0,30.0
Paraguay,PRY,0,2025,333.731,1.5878,352.216,2.0279,355.244,1.9713,352.491,2.522,,,,,,,data/pisa/2025/annex_tables/mrq53f.xlsx,,9,2024,2023,-1.024886,0.170376,27.1096,-0.583585,0.153762,-1.01492,-0.580115,24.0,24.0
Palestinian Authority,PSE,0,2022,372.102,2.5133,355.694,2.3581,375.682,2.6544,,,,,,,,,data/pisa/2025/annex_tables/mrq53f.xlsx,,8,2022,2021,-0.570859,0.246992,36.2998,-0.847518,0.226022,-0.592246,-0.892907,,
Palestinian Authority,PSE,0,2025,354.337,1.7755,349.876,1.8665,358.74,1.9473,393.452,2.4525,,,,,,,data/pisa/2025/annex_tables/mrq53f.xlsx,,9,2024,2023,-0.570842,0.243783,36.3001,-0.989397,0.223493,-0.599036,-0.885715,,
Qatar,QAT,0,2006,317.956,1.0229,312.213,1.1963,349.313,0.8552,,,,,,,,,data/pisa/2025/annex_tables/mrq53f.xlsx,,3,2006,2005,0.826159,0.199662,64.5775,0.504642,0.181113,0.666323,0.392113,,
Qatar,QAT,0,2009,368.112,0.7039,371.716,0.7645,379.447,0.8911,,,,,,,,,data/pisa/2025/annex_tables/mrq53f.xlsx,,4,2009,2008,1.37345,0.180962,75.6556,0.758066,0.169615,1.095696,0.51332,,
Qatar,QAT,0,2012,376.448,0.7557,387.504,0.8237,383.643,0.7461,,,,,,,,,data/pisa/2025/annex_tables/mrq53f.xlsx,,5,2012,2011,1.155866,0.180962,71.2513,0.727794,0.169615,1.150479,0.641775,68.0,
Qatar,QAT,0,2015,402.401,1.2735,401.887,1.0191,417.611,1.0046,,,,,,,,,data/pisa/2025/annex_tables/mrq53f.xlsx,,6,2015,2014,0.845017,0.182486,64.9593,0.53583,0.173867,0.861769,0.593557,71.0,69.0
Qatar,QAT,0,2018,414.229,1.2323,407.092,0.7688,419.127,0.9244,,,,,,,,,data/pisa/2025/annex_tables/mrq53f.xlsx,,7,2018,2017,0.749374,0.183365,63.0233,0.463906,0.174882,0.745791,0.470148,62.0,63.0
Qatar,QAT,0,2022,414.106,1.1391,419.304,1.4479,432.403,1.4797,,,,,,,,,data/pisa/2025/annex_tables/mrq53f.xlsx,,8,2022,2021,0.819767,0.183365,64.4482,0.597746,0.183201,0.839443,0.500334,58.0,63.0
Qatar,QAT,0,2025,416.162,1.3472,418.028,1.3535,434.4,1.3403,452.186,1.5627,,,,,,,data/pisa/2025/annex_tables/mrq53f.xlsx,,9,2024,2023,0.754829,0.183745,63.1337,0.589593,0.186655,0.775774,0.572864,58.0,59.0
B-S-J-Z (China),QCI,0,2018,591.394,2.5172,555.236,2.7452,590.453,2.6716,,,,,,,,,data/pisa/2025/annex_tables/mrq53f.xlsx,,7,2018,2017,,,,,,,,,
B-S-J-Z (China),QCI,0,2025,612.43,2.5465,526.518,1.9851,597.044,2.1561,560.305,1.6165,,,,,,,data/pisa/2025/annex_tables/mrq53f.xlsx,,9,2024,2023,,,,,,,,,
Dushanbe (Tajikistan),QDT,0,2025,382.137,0.9791,368.084,1.1615,333.765,1.4187,,,,,,,,,data/pisa/2025/annex_tables/mrq53f.xlsx,,9,2024,2023,,,,,,,,,
Kurdistan Region (Iraq),QKI,0,2025,338.757,1.7731,311.53,2.0251,352.191,1.789,,,,,,,,,data/pisa/2025/annex_tables/mrq53f.xlsx,,9,2024,2023,,,,,,,,,
Ukrainian regions (17 of 27),QUA,0,2022,440.099,4.1293,426.714,4.0932,449.327,3.8594,,,,,,,,,data/pisa/2025/annex_tables/mrq53f.xlsx,,8,2022,2021,,,,,,,,,
Ukrainian regions (17 of 27),QUA,0,2025,430.992,2.5563,418.423,2.4956,448.082,2.491,477.538,2.2185,,,,,,,data/pisa/2025/annex_tables/mrq53f.xlsx,,9,2024,2023,,,,,,,,,
Romania,ROU,0,2000,,,427.932,3.4672,,,,,,,,,,,data/pisa/2025/annex_tables/mrq53f.xlsx,,1,2000,1999,-0.551398,0.213756,36.6937,-0.292459,0.1909,,,,
Romania,ROU,0,2006,414.796,4.2088,395.932,4.6927,418.386,4.2,,,,,,,,,data/pisa/2025/annex_tables/mrq53f.xlsx,,3,2006,2005,-0.254915,0.174214,42.695,0.019925,0.163715,-0.353771,-0.091147,,
Romania,ROU,0,2009,427.079,3.4056,424.458,4.0946,428.179,3.359,,,,,,,,,data/pisa/2025/annex_tables/mrq53f.xlsx,,4,2009,2008,-0.324656,0.174214,41.2833,0.119007,0.163715,-0.294165,0.092573,,
Romania,ROU,0,2012,444.554,3.7606,437.599,3.9777,438.768,3.2504,,,,,,,,,data/pisa/2025/annex_tables/mrq53f.xlsx,,5,2012,2011,-0.358729,0.15105,40.5936,0.146806,0.137195,-0.177946,0.152092,44.0,
Romania,ROU,0,2015,443.954,3.785,433.617,4.0675,434.885,3.2335,,,,,,,,,data/pisa/2025/annex_tables/mrq53f.xlsx,,6,2015,2014,-0.098038,0.151933,45.8704,0.385617,0.139416,-0.230694,0.365342,46.0,43.0
Romania,ROU,0,2018,429.917,4.9038,427.703,5.1404,425.761,4.5979,,,,,,,,,data/pisa/2025/annex_tables/mrq53f.xlsx,,7,2018,2017,-0.168955,0.152762,44.4349,0.307046,0.141239,-0.048988,0.395806,47.0,48.0
Romania,ROU,0,2022,427.76,3.9984,428.496,3.98,427.511,3.8674,,,,,,,,,data/pisa/2025/annex_tables/mrq53f.xlsx,,8,2022,2021,0.066215,0.152762,49.1951,0.435233,0.145514,0.009605,0.461558,46.0,45.0
Romania,ROU,0,2025,419.124,4.5329,412.949,3.9783,424.709,4.1502,442.152,4.1911,,,,,,,data/pisa/2025/annex_tables/mrq53f.xlsx,,9,2024,2023,0.025973,0.151682,48.3806,0.371099,0.144832,0.031492,0.411846,45.0,46.0
Rwanda,RWA,0,2025,311.648,3.0251,300.944,2.015,317.286,3.4961,,,,,,,,,data/pisa/2025/annex_tables/mrq53f.xlsx,,9,2024,2023,0.625494,0.162581,60.5158,0.100276,0.140619,0.68085,0.071476,58.0,57.0
Saudi Arabia,SAU,0,2018,373.239,2.9893,399.152,2.9595,386.246,2.8399,,,,,,,,,data/pisa/2025/annex_tables/mrq53f.xlsx,,7,2018,2017,0.155631,0.183745,51.005,-0.232645,0.173759,0.110001,-0.332739,49.0,49.0
Saudi Arabia,SAU,0,2022,388.782,1.7582,382.551,1.9893,390.388,1.9558,,,,,,,,,data/pisa/2025/annex_tables/mrq53f.xlsx,,8,2022,2021,0.27674,0.183745,53.4565,0.039323,0.181911,0.236523,-0.165875,51.0,53.0
Saudi Arabia,SAU,0,2025,389.886,2.4,387.284,2.381,413.43,2.6455,425.806,2.8238,,,,,,,data/pisa/2025/annex_tables/mrq53f.xlsx,,9,2024,2023,0.752827,0.181874,63.0932,0.210355,0.180585,0.476953,0.116564,57.0,59.0
Singapore,SGP,0,2009,562.019,1.4399,525.897,1.056,541.696,1.3628,,,,,,,,,data/pisa/2025/annex_tables/mrq53f.xlsx,,4,2009,2008,2.140881,0.180433,91.1896,1.378354,0.173864,2.168403,1.418327,,
Singapore,SGP,0,2012,573.468,1.3226,542.216,1.3695,551.493,1.5062,,,,,,,,,data/pisa/2025/annex_tables/mrq53f.xlsx,,5,2012,2011,2.088178,0.161951,90.1228,1.553214,0.143986,2.072546,1.42059,87.0,
Singapore,SGP,0,2015,564.19,1.4663,535.1,1.635,555.575,1.196,,,,,,,,,data/pisa/2025/annex_tables/mrq53f.xlsx,,6,2015,2014,2.079986,0.161951,89.9569,1.546071,0.143986,2.056046,1.539357,85.0,84.0
Singapore,SGP,0,2018,569.008,1.603,549.465,1.5872,550.937,1.4835,,,,,,,,,data/pisa/2025/annex_tables/mrq53f.xlsx,,7,2018,2017,2.125436,0.16233,90.8769,1.533713,0.14597,2.112505,1.49284,85.0,84.0
Singapore,SGP,0,2022,574.664,1.2328,542.553,1.8722,561.433,1.3273,,,,,,,,,data/pisa/2025/annex_tables/mrq53f.xlsx,,8,2022,2021,2.032994,0.16233,89.0058,1.427907,0.148456,2.080064,1.432747,83.0,85.0
Singapore,SGP,0,2025,562.897,1.5716,534.9,1.9405,559.851,1.7129,563.468,1.4226,,,,,,,data/pisa/2025/annex_tables/mrq53f.xlsx,,9,2024,2023,1.968122,0.161036,87.6926,1.431176,0.147732,1.924096,1.424444,84.0,84.0
El Salvador,SLV,0,2022,343.469,2.0024,364.904,2.804,373.141,2.6204,,,0.6106381396848715,1.1461234027501581,99.61137119831788,99.89770105744238,93.63669191776559,,data/pisa/2025/annex_tables/mrq53f.xlsx,data/derived/annex_extract.csv,8,2022,2021,-0.680151,0.167708,34.0875,-0.964698,0.153798,-0.561666,-0.83512,33.0,34.0
El Salvador,SLV,0,2025,346.25,1.8016,366.432,2.283,384.673,2.1761,401.347,2.5091,0.7216987819629244,,,,,,data/pisa/2025/annex_tables/mrq53f.xlsx,data/derived/annex_extract.csv,9,2024,2023,-0.576588,0.166692,36.1838,-0.713359,0.152994,-0.609957,-0.707076,32.0,30.0
Serbia,SRB,0,2006,435.375,3.5103,401.028,3.4627,435.636,3.0365,,,0.8343119524970649,2.358076331138417,98.6663,99.9619,93.9063,,data/pisa/2025/annex_tables/mrq53f.xlsx,data/derived/annex_extract.csv,3,2006,2005,-0.236653,0.190637,43.0646,-0.433132,0.177574,-0.62476,-0.877127,,
Serbia,SRB,0,2009,442.382,2.9231,442.017,2.4333,442.786,2.3656,,,0.8317116810187851,2.3288997835839433,99.2111091910859,99.97203754332604,95.36627765513272,,data/pisa/2025/annex_tables/mrq53f.xlsx,data/derived/annex_extract.csv,4,2009,2008,-0.334054,0.190637,41.0931,-0.411721,0.177574,-0.310971,-0.381913,,
Serbia,SRB,0,2012,448.859,3.3886,446.13,3.4388,444.804,3.4021,,,0.8482342144364394,2.869752308479473,89.9994932995482,95.4380001005937,93.3610749015929,,data/pisa/2025/annex_tables/mrq53f.xlsx,data/derived/annex_extract.csv,5,2012,2011,-0.392706,0.169207,39.9059,-0.213322,0.146072,-0.33217,-0.231686,39.0,
Serbia,SRB,0,2018,448.283,3.1579,439.466,3.2736,439.874,3.0487,,,0.8845703995884069,2.4055476896932277,97.1199195017132,99.3281632345695,93.645610185705,,data/pisa/2025/annex_tables/mrq53f.xlsx,data/derived/annex_extract.csv,7,2018,2017,-0.386952,0.171625,40.0223,-0.099907,0.14748,-0.408216,-0.100076,39.0,41.0
Serbia,SRB,0,2022,439.877,2.9741,440.355,2.7859,447.461,2.8913,,,0.8691313149093469,3.843883327386804,98.70259879624268,98.70259879624268,91.17081108622561,,data/pisa/2025/annex_tables/mrq53f.xlsx,data/derived/annex_extract.csv,8,2022,2021,-0.484905,0.172077,38.0396,-0.155955,0.152367,-0.470788,-0.192635,36.0,38.0
Serbia,SRB,0,2025,416.735,2.9969,414.599,3.3727,428.995,2.9288,437.488,3.2466,0.8227179250617541,,,,,,data/pisa/2025/annex_tables/mrq53f.xlsx,data/derived/annex_extract.csv,9,2024,2023,-0.560829,0.170537,36.5028,-0.200078,0.151585,-0.501692,-0.184038,33.0,35.0
Slovak Republic,SVK,1,2003,498.183,3.3475,469.159,3.1224,,,,,,,,,,,data/pisa/2025/annex_tables/mrq53f.xlsx,,2,2003,2002,0.291052,0.196956,53.7462,0.326489,0.174278,0.041062,0.250183,,
Slovak Republic,SVK,1,2006,492.106,2.8235,466.35,3.0556,488.433,2.5854,,,0.9526413631874383,1.9754285271045522,92.4207,99.9281,93.1929,,data/pisa/2025/annex_tables/mrq53f.xlsx,data/derived/annex_extract.csv,3,2006,2005,0.478673,0.180414,57.5439,0.430315,0.168537,0.446747,0.402923,,
Slovak Republic,SVK,1,2009,496.683,3.0825,477.443,2.5436,490.266,2.986,,,0.9512268969873398,4.576309976308414,93.33018565138578,99.0059080964287,93.03452368668152,,data/pisa/2025/annex_tables/mrq53f.xlsx,data/derived/annex_extract.csv,4,2009,2008,0.180211,0.17894,51.5026,0.377413,0.164657,0.319622,0.47011,,
Slovak Republic,SVK,1,2012,481.645,3.4261,462.767,4.171,471.193,3.6082,,,0.9123143512549604,2.931436729242734,87.4959134966169,98.9658301602081,93.7520593702739,,data/pisa/2025/annex_tables/mrq53f.xlsx,data/derived/annex_extract.csv,5,2012,2011,0.177325,0.165708,51.4442,0.334954,0.162277,0.22793,0.322147,46.0,
Slovak Republic,SVK,1,2015,475.23,2.6584,452.514,2.8282,460.775,2.5937,,,0.8918628084922944,4.250579455162737,92.6860402502374,98.8011054176663,92.3698505841474,,data/pisa/2025/annex_tables/mrq53f.xlsx,data/derived/annex_extract.csv,6,2015,2014,0.192681,0.166876,51.755,0.244653,0.165988,0.186097,0.220105,51.0,50.0
Slovak Republic,SVK,1,2018,486.165,2.5556,457.984,2.2341,464.048,2.2782,,,0.8620513915304894,1.332259775061115,92.1271673906853,96.0882858544173,93.2009726116299,,data/pisa/2025/annex_tables/mrq53f.xlsx,data/derived/annex_extract.csv,7,2018,2017,0.26406,0.167977,53.1998,0.305661,0.16909,0.226617,0.258665,50.0,50.0
Slovak Republic,SVK,1,2022,463.995,2.8929,446.861,3.1031,462.269,3.0302,,,0.9555207200676573,2.478358753110938,90.52917192369426,95.54582663528214,90.9356611340814,,data/pisa/2025/annex_tables/mrq53f.xlsx,data/derived/annex_extract.csv,8,2022,2021,0.377485,0.152762,55.4957,0.592183,0.145514,0.3575,0.707086,53.0,52.0
Slovak Republic,SVK,1,2025,469.098,2.4458,447.967,2.5611,474.872,2.5046,496.829,2.2919,0.9222334550391721,,,,,,data/pisa/2025/annex_tables/mrq53f.xlsx,data/derived/annex_extract.csv,9,2024,2023,0.11082,0.151682,50.098,0.560943,0.144832,0.384619,0.553448,48.0,49.0
Slovenia,SVN,1,2006,504.456,1.0428,494.409,0.9866,518.816,1.1111,,,0.8789710212965729,1.4629695314156155,97.4197,97.7115,91.5033,,data/pisa/2025/annex_tables/mrq53f.xlsx,data/derived/annex_extract.csv,3,2006,2005,0.960858,0.180414,67.3041,0.788534,0.168537,0.836189,0.766715,,
Slovenia,SVN,1,2009,501.472,1.2251,483.082,1.032,511.759,1.1492,,,0.9241414787831052,1.61144281518281,98.36491279104014,98.36491279104014,90.91720634779617,,data/pisa/2025/annex_tables/mrq53f.xlsx,data/derived/annex_extract.csv,4,2009,2008,0.90788,0.180414,66.2317,0.861806,0.168537,0.882601,0.869983,,
Slovenia,SVN,1,2012,501.127,1.233,481.316,1.2182,514.143,1.2862,,,0.9400333829798161,1.577989353556318,98.1185365848435,98.1185365848435,90.4548963675981,,data/pisa/2025/annex_tables/mrq53f.xlsx,data/derived/annex_extract.csv,5,2012,2011,0.684277,0.16156,61.7056,0.79821,0.140916,0.699863,0.779356,61.0,
Slovenia,SVN,1,2015,509.92,1.2563,505.216,1.4729,512.864,1.3244,,,0.9278061732492533,3.0664901095938726,97.6884875575152,97.7473196428748,91.7667245261402,,data/pisa/2025/annex_tables/mrq53f.xlsx,data/derived/annex_extract.csv,6,2015,2014,0.657539,0.16156,61.1644,0.807547,0.140916,0.603671,0.810213,60.0,58.0
Slovenia,SVN,1,2018,508.898,1.3639,495.346,1.2323,507.007,1.2504,,,0.9792777555568253,3.5227724501281434,98.8945466950803,99.1288173254939,90.676102861333,,data/pisa/2025/annex_tables/mrq53f.xlsx,data/derived/annex_extract.csv,7,2018,2017,0.819582,0.162558,64.4444,0.758551,0.1428,0.79421,0.725684,60.0,61.0
Slovenia,SVN,1,2022,484.529,1.2441,468.536,1.6444,499.965,1.4459,,,0.9956808578068878,2.844163212810162,97.22061168625403,97.31431769087072,82.49443768843041,,data/pisa/2025/annex_tables/mrq53f.xlsx,data/derived/annex_extract.csv,8,2022,2021,0.74808,0.152762,62.9971,0.92119,0.145514,0.698658,0.926049,56.0,57.0
Slovenia,SVN,1,2025,459.836,1.1858,444.748,1.294,483.722,1.2774,485.882,1.361,0.9336137246439362,,,,,,data/pisa/2025/annex_tables/mrq53f.xlsx,data/derived/annex_extract.csv,9,2024,2023,0.674349,0.151682,61.5047,0.978664,0.144832,0.6815,0.970791,58.0,60.0
Sweden,SWE,1,2000,,,516.331,2.2037,,,,,,,,,,,data/pisa/2025/annex_tables/mrq53f.xlsx,,1,2000,1999,2.379371,0.199662,96.017,1.885665,0.180299,,,,
Sweden,SWE,1,2003,509.046,2.5588,514.267,2.421,,,,,,,,,,,data/pisa/2025/annex_tables/mrq53f.xlsx,,2,2003,2002,2.157181,0.199662,91.5195,1.919244,0.180299,2.317047,1.900127,,
Sweden,SWE,1,2006,502.356,2.4077,507.313,3.4357,503.334,2.3748,,,0.9742452248446821,4.457868142367478,99.5895,99.5895,91.3676,,data/pisa/2025/annex_tables/mrq53f.xlsx,data/derived/annex_extract.csv,3,2006,2005,2.138152,0.197363,91.1343,1.857342,0.174695,2.032972,1.765015,,
Sweden,SWE,1,2009,494.238,2.8989,497.449,2.8797,495.106,2.7206,,,0.9305915084865746,4.746820944020907,99.9101597484697,99.9101597484697,92.96587178794948,,data/pisa/2025/annex_tables/mrq53f.xlsx,data/derived/annex_extract.csv,4,2009,2008,2.143502,0.197363,91.2426,1.876371,0.174695,2.1588,1.925159,,
Sweden,SWE,1,2012,478.261,2.2555,483.335,3.0027,484.799,3.0022,,,0.9304578447794528,5.443361824529376,98.916139665356,99.7680618634032,92.1657208848307,,data/pisa/2025/annex_tables/mrq53f.xlsx,data/derived/annex_extract.csv,5,2012,2011,2.16915,0.162404,91.7617,1.938691,0.142841,2.123057,1.908986,88.0,
Sweden,SWE,1,2015,493.918,3.1723,500.156,3.4834,493.422,3.6007,,,0.935974281066814,5.705690855451662,99.7046454096628,99.7046454096628,90.6691810652502,,data/pisa/2025/annex_tables/mrq53f.xlsx,data/derived/annex_extract.csv,6,2015,2014,2.094872,0.162404,90.2582,1.94837,0.142841,2.007082,1.880538,89.0,87.0
Sweden,SWE,1,2018,502.388,2.6543,505.785,3.0248,499.445,3.0697,,,0.8573674762018744,11.086166296936467,98.7543275948508,99.2249913279917,86.4620635916338,,data/pisa/2025/annex_tables/mrq53f.xlsx,data/derived/annex_extract.csv,7,2018,2017,2.115789,0.162024,90.6817,1.838854,0.144778,2.109308,1.874601,85.0,84.0
Sweden,SWE,1,2022,481.766,2.0631,486.975,2.4899,493.549,2.3505,,,0.8913575905950396,7.386039803260923,97.78690703102376,98.86226980284418,85.05445988386496,,data/pisa/2025/annex_tables/mrq53f.xlsx,data/derived/annex_extract.csv,8,2022,2021,2.025528,0.162024,88.8546,1.738138,0.149392,2.089914,1.788314,83.0,85.0
Sweden,SWE,1,2025,464.251,2.5087,466.436,3.1495,485.111,2.9939,502.624,2.2417,0.9151110337019942,,,,,,data/pisa/2025/annex_tables/mrq53f.xlsx,data/derived/annex_extract.csv,9,2024,2023,1.967605,0.160738,87.6822,1.726701,0.148655,1.980426,1.694729,80.0,80.0
Thailand,THA,0,2000,,,430.684,3.2377,,,,,,,,,,,data/pisa/2025/annex_tables/mrq53f.xlsx,,1,2000,1999,-0.119068,0.199662,45.4447,0.619008,0.186813,,,,
Thailand,THA,0,2003,416.978,2.9983,419.915,2.8072,,,,,,,,,,,data/pisa/2025/annex_tables/mrq53f.xlsx,,2,2003,2002,-0.55629,0.197666,36.5947,-0.00299,0.179386,-0.528596,0.362596,,
Thailand,THA,0,2006,417.073,2.3358,416.752,2.5928,421.011,2.1434,,,,,,,,,data/pisa/2025/annex_tables/mrq53f.xlsx,,3,2006,2005,-0.458175,0.173433,38.5807,-0.178878,0.167359,-0.352511,-0.053312,,
Thailand,THA,0,2009,418.584,3.2283,421.374,2.6404,425.296,2.9763,,,,,,,,,data/pisa/2025/annex_tables/mrq53f.xlsx,,4,2009,2008,-0.169331,0.172123,44.4273,-0.284072,0.163557,-0.300509,-0.225444,,
Thailand,THA,0,2012,426.737,3.4481,441.22,3.0835,444.0,2.9304,,,,,,,,,data/pisa/2025/annex_tables/mrq53f.xlsx,,5,2012,2011,-0.371247,0.158777,40.3402,-0.115414,0.143355,-0.147219,-0.127405,37.0,
Thailand,THA,0,2015,415.464,3.0343,409.13,3.3489,421.337,2.833,,,,,,,,,data/pisa/2025/annex_tables/mrq53f.xlsx,,6,2015,2014,-0.547343,0.158777,36.7758,-0.375701,0.143355,-0.446294,-0.39789,38.0,38.0
Thailand,THA,0,2018,418.556,3.4457,392.889,3.2316,425.813,3.1783,,,,,,,,,data/pisa/2025/annex_tables/mrq53f.xlsx,,7,2018,2017,-0.372934,0.158777,40.3061,-0.298652,0.145312,-0.370932,-0.319028,36.0,37.0
Thailand,THA,0,2022,393.945,2.676,378.663,2.8203,409.264,2.7834,,,,,,,,,data/pisa/2025/annex_tables/mrq53f.xlsx,,8,2022,2021,-0.403978,0.161951,39.6777,-0.268216,0.148456,-0.389345,-0.257521,36.0,35.0
Thailand,THA,0,2025,406.765,2.8783,391.83,3.0112,432.24,3.1886,476.105,2.5265,,,,,,,data/pisa/2025/annex_tables/mrq53f.xlsx,,9,2024,2023,-0.527346,0.161951,37.1805,-0.21551,0.148456,-0.439334,-0.195631,33.0,34.0
Türkiye,TUR,1,2003,423.419,6.7362,440.971,5.7875,,,,,,,,,,,data/pisa/2025/annex_tables/mrq53f.xlsx,,2,2003,2002,-0.163826,0.197821,44.5387,-0.012483,0.179339,-0.362129,-0.124532,,
Türkiye,TUR,1,2006,423.941,4.9011,447.141,4.2055,423.833,3.8391,,,0.467489107939929,0.14346582990749493,97.1628,100,97.5918,,data/pisa/2025/annex_tables/mrq53f.xlsx,data/derived/annex_extract.csv,3,2006,2005,0.050044,0.173538,48.8678,0.147626,0.162592,-0.071498,0.16326,,
Türkiye,TUR,1,2009,445.451,4.4413,464.194,3.5208,453.91,3.5967,,,0.566482546179728,1.1927029528648394,100,100,97.85170056399511,,data/pisa/2025/annex_tables/mrq53f.xlsx,data/derived/annex_extract.csv,4,2009,2008,0.030779,0.172225,48.4778,0.068125,0.1591,0.049001,0.103572,,
Türkiye,TUR,1,2012,447.984,4.8297,475.491,4.2146,463.413,3.8941,,,0.6842375722187397,1.4942414749475366,97.4915789457956,99.9417997511898,98.2178021106138,,data/pisa/2025/annex_tables/mrq53f.xlsx,data/derived/annex_extract.csv,5,2012,2011,0.158519,0.157849,51.0635,-0.106189,0.138061,0.046478,-0.087928,49.0,
Türkiye,TUR,1,2015,420.454,4.1289,428.335,3.9641,425.49,3.9339,,,0.6988696605741759,1.0950919121393243,96.8846079819965,99.1211299853254,95.1887393052441,,data/pisa/2025/annex_tables/mrq53f.xlsx,data/derived/annex_extract.csv,6,2015,2014,-0.106379,0.158858,45.7016,-0.477373,0.140325,-0.108905,-0.3611,42.0,45.0
Türkiye,TUR,1,2018,453.508,2.2604,465.632,2.1712,468.3,2.0131,,,0.7261637098104281,5.663043946493499,97.140500294632,100,98.7594263741413,,data/pisa/2025/annex_tables/mrq53f.xlsx,data/derived/annex_extract.csv,7,2018,2017,-0.231717,0.159806,43.1645,-0.708945,0.142184,-0.066552,-0.615377,41.0,40.0
Türkiye,TUR,1,2022,453.152,1.5882,456.084,1.8522,475.938,1.9281,,,0.7370323499150764,5.569087951889197,99.38845962888004,100,97.99783892982029,,data/pisa/2025/annex_tables/mrq53f.xlsx,data/derived/annex_extract.csv,8,2022,2021,-0.432458,0.160171,39.1012,-0.779832,0.146548,-0.399214,-0.775344,36.0,38.0
Türkiye,TUR,1,2025,461.547,2.3974,472.095,2.3063,494.269,2.305,472.856,1.9424,0.7224417178876681,,,,,,data/pisa/2025/annex_tables/mrq53f.xlsx,data/derived/annex_extract.csv,9,2024,2023,-0.563215,0.16211,36.4545,-0.843415,0.146516,-0.437457,-0.799233,31.0,34.0
Chinese Taipei,TWN,0,2006,549.357,4.1027,496.235,3.3758,532.474,3.5686,,,,,,,,,data/pisa/2025/annex_tables/mrq53f.xlsx,,3,2006,2005,0.650413,0.180433,61.0202,0.950552,0.173864,1.016908,1.103632,,
Chinese Taipei,TWN,0,2009,543.182,3.3954,495.24,2.5961,520.42,2.6319,,,,,,,,,data/pisa/2025/annex_tables/mrq53f.xlsx,,4,2009,2008,0.59022,0.180433,59.8018,0.916501,0.173864,0.592492,0.973956,,
Chinese Taipei,TWN,0,2012,559.825,3.2976,523.119,3.0292,523.315,2.3295,,,,,,,,,data/pisa/2025/annex_tables/mrq53f.xlsx,,5,2012,2011,0.797732,0.180433,64.0021,1.057653,0.173864,0.83576,1.041848,61.0,
Chinese Taipei,TWN,0,2015,542.321,3.0304,497.099,2.4967,532.347,2.6916,,,,,,,,,data/pisa/2025/annex_tables/mrq53f.xlsx,,6,2015,2014,0.949123,0.180433,67.0665,1.114001,0.173864,0.960146,1.076423,62.0,61.0
Chinese Taipei,TWN,0,2018,531.144,2.8914,502.601,2.8384,515.748,2.8739,,,,,,,,,data/pisa/2025/annex_tables/mrq53f.xlsx,,7,2018,2017,1.111115,0.180433,70.3455,1.133112,0.17739,1.113509,1.059043,63.0,63.0
Chinese Taipei,TWN,0,2022,547.094,3.7776,515.167,3.2513,537.38,3.3131,,,,,,,,,data/pisa/2025/annex_tables/mrq53f.xlsx,,8,2022,2021,1.192297,0.180433,71.9888,1.258877,0.181909,1.231237,1.299301,68.0,68.0
Chinese Taipei,TWN,0,2025,546.189,3.1154,507.788,2.9451,539.702,3.008,550.898,2.3913,,,,,,,data/pisa/2025/annex_tables/mrq53f.xlsx,,9,2024,2023,1.182955,0.178661,71.7996,1.28808,0.180582,1.191718,1.27678,68.0,67.0
Uruguay,URY,0,2003,422.2,3.2854,434.15,3.4326,,,,,,,,,,,data/pisa/2025/annex_tables/mrq53f.xlsx,,2,2003,2002,0.994198,0.217168,67.9789,0.670586,0.187404,1.008715,0.715466,,
Uruguay,URY,0,2006,426.799,2.6051,412.517,3.4341,428.134,2.7485,,,,,,,,,data/pisa/2025/annex_tables/mrq53f.xlsx,,3,2006,2005,1.002335,0.1885,68.1436,0.758455,0.178666,0.93495,0.676161,,
Uruguay,URY,0,2009,426.724,2.5875,425.813,2.6044,427.214,2.5749,,,,,,,,,data/pisa/2025/annex_tables/mrq53f.xlsx,,4,2009,2008,1.196035,0.1885,72.0644,0.83241,0.178666,1.179359,0.823964,,
Uruguay,URY,0,2012,409.292,2.7638,411.349,3.1551,415.843,2.7672,,,,,,,,,data/pisa/2025/annex_tables/mrq53f.xlsx,,5,2012,2011,1.331759,0.167708,74.8117,0.715336,0.146678,1.345766,0.800881,72.0,
Uruguay,URY,0,2015,417.992,2.496,436.572,2.5499,435.363,2.2009,,,,,,,,,data/pisa/2025/annex_tables/mrq53f.xlsx,,6,2015,2014,1.257052,0.167708,73.2995,0.860421,0.146678,1.288067,0.801772,74.0,73.0
Uruguay,URY,0,2018,417.662,2.6324,427.118,2.762,425.813,2.4719,,,,,,,,,data/pisa/2025/annex_tables/mrq53f.xlsx,,7,2018,2017,1.362745,0.167708,75.4389,0.865848,0.148777,1.346478,0.873813,70.0,70.0
Uruguay,URY,0,2022,408.712,2.0239,430.36,2.4051,435.385,2.4777,,,,,,,,,data/pisa/2025/annex_tables/mrq53f.xlsx,,8,2022,2021,1.613934,0.168129,80.5233,0.976559,0.153798,1.622052,0.951864,74.0,73.0
Uruguay,URY,0,2025,404.879,1.9452,423.213,2.0477,444.549,1.8163,461.866,1.9603,,,,,,,data/pisa/2025/annex_tables/mrq53f.xlsx,,9,2024,2023,1.527926,0.170376,78.7824,0.950564,0.153762,1.549383,0.95736,73.0,76.0
United States,USA,1,2000,,,504.42,7.0454,,,,,,,,,,,data/pisa/2025/annex_tables/mrq53f.xlsx,,1,2000,1999,1.566107,0.199662,79.5552,1.686117,0.186813,,,,
United States,USA,1,2003,482.883,2.949,495.186,3.2215,,,,,,,,,,,data/pisa/2025/annex_tables/mrq53f.xlsx,,2,2003,2002,1.526442,0.199662,78.7524,1.594319,0.186813,1.82392,1.652525,,
United States,USA,1,2006,474.352,4.0205,,,488.907,4.2242,,,0.8533488324060999,4.282604019335596,68.95,79.09,91,,data/pisa/2025/annex_tables/mrq53f.xlsx,data/derived/annex_extract.csv,3,2006,2005,1.29415,0.194408,74.0504,1.581059,0.174712,1.487764,1.576979,,
United States,USA,1,2009,487.397,3.5741,499.827,3.654,502.002,3.6442,,,0.8219979808652502,5.1560108586386955,67.83141500050348,77.50140664091495,86.99353507417894,,data/pisa/2025/annex_tables/mrq53f.xlsx,data/derived/annex_extract.csv,4,2009,2008,1.148649,0.194408,71.1052,1.484039,0.174712,1.323374,1.581402,,
United States,USA,1,2012,481.367,3.5971,497.582,3.7439,497.41,3.7759,,,0.8872068969323941,5.351058858072248,67.0942258195917,77.2118136273524,88.8617061966653,,data/pisa/2025/annex_tables/mrq53f.xlsx,data/derived/annex_extract.csv,5,2012,2011,1.263101,0.171828,73.4219,1.384273,0.144466,1.270557,1.363272,73.0,
United States,USA,1,2015,469.628,3.1664,496.935,3.4075,496.242,3.1812,,,0.8351245081836114,3.3069057950876406,66.6664925207994,83.3215748631482,89.7581316888311,,data/pisa/2025/annex_tables/mrq53f.xlsx,data/derived/annex_extract.csv,6,2015,2014,1.23676,0.173131,72.8888,1.377017,0.147066,1.239197,1.341257,76.0,74.0
United States,USA,1,2018,478.245,3.2354,505.353,3.5687,502.38,3.3179,,,0.8609788352812564,3.82714578306427,64.9570798407974,76.4122061017268,84.7980531126134,,data/pisa/2025/annex_tables/mrq53f.xlsx,data/derived/annex_extract.csv,7,2018,2017,1.250425,0.173595,73.1654,1.172107,0.147001,1.305819,1.320034,71.0,75.0
United States,USA,1,2022,464.888,4.0067,503.938,4.3262,499.414,4.3186,,,0.864479953703354,6.148007253401169,51.42051159115071,63.30231139496223,79.86601766174051,,data/pisa/2025/annex_tables/mrq53f.xlsx,data/derived/annex_extract.csv,8,2022,2021,1.202356,0.173595,72.1924,1.051832,0.151839,1.124759,1.027975,69.0,67.0
United States,USA,1,2025,462.848,5.3968,489.519,5.8368,501.583,5.8165,513.223,5.0905,0.8548641810203289,,,,,*,data/pisa/2025/annex_tables/mrq53f.xlsx,data/derived/annex_extract.csv,9,2024,2023,1.086891,0.172015,69.8552,0.96179,0.151065,1.195107,0.960691,64.0,65.0
Uzbekistan,UZB,0,2022,363.935,2.019,335.505,2.0032,354.864,2.0097,,,,,,,,,data/pisa/2025/annex_tables/mrq53f.xlsx,,8,2022,2021,-0.69913,0.169643,33.7034,-0.671991,0.152125,-0.741945,-0.700166,31.0,28.0
Uzbekistan,UZB,0,2025,,,,,437.597,2.726,402.366,1.8516,,,,,,,data/pisa/2025/annex_tables/mrq53f.xlsx,,9,2024,2023,-0.754316,0.168167,32.5863,-0.656207,0.149072,-0.701746,-0.6743,31.0,32.0
Viet Nam,VNM,0,2025,443.186,4.2426,391.537,3.6586,457.421,3.9283,461.387,2.9733,,,,,,,data/pisa/2025/annex_tables/mrq53f.xlsx,,9,2024,2023,-0.251699,0.166721,42.7601,-0.313934,0.152178,-0.308396,-0.340199,41.0,40.0
Kosovo,XKX,0,2015,361.534,1.6253,347.126,1.569,378.442,1.6996,,,,,,,,,data/pisa/2025/annex_tables/mrq53f.xlsx,,6,2015,2014,-0.370412,0.205195,40.3571,-0.281934,0.184803,-0.349694,-0.327401,33.0,33.0
Kosovo,XKX,0,2018,365.885,1.4914,353.065,1.1403,364.882,1.1741,,,,,,,,,data/pisa/2025/annex_tables/mrq53f.xlsx,,7,2018,2017,-0.38765,0.207252,40.0082,-0.250447,0.189114,-0.40894,-0.278882,37.0,39.0
Kosovo,XKX,0,2022,354.962,1.0184,342.194,1.0595,357.024,1.2598,,,,,,,,,data/pisa/2025/annex_tables/mrq53f.xlsx,,8,2022,2021,-0.295121,0.173881,41.8811,-0.149225,0.149282,-0.391917,-0.123977,41.0,39.0
Kosovo,XKX,0,2025,350.439,1.3285,340.464,1.2916,357.015,1.299,358.933,1.8395,,,,,,,data/pisa/2025/annex_tables/mrq53f.xlsx,,9,2024,2023,-0.254728,0.173881,42.6987,0.052136,0.149282,-0.148031,-0.043753,43.0,44.0
Zambia,ZMB,0,2018,258.472,3.8826,275.214,3.8527,309.319,3.0514,,,,,,,,,data/pisa/2025/annex_tables/mrq53f.xlsx,,7,2018,2017,-0.616528,0.155271,35.3754,-0.481774,0.133988,-0.464061,-0.450464,35.0,37.0
Zambia,ZMB,0,2025,313.633,9.2748,324.878,8.1965,336.955,10.992,,,,,,,,,data/pisa/2025/annex_tables/mrq53f.xlsx,,9,2024,2023,-0.456829,0.155605,38.6079,-0.561177,0.137621,-0.39812,-0.608982,37.0,39.0
