iso3,year,cc_est,cc_se,cc_pctrank,rl_est,rl_se,cpi,wgi_source_file,wgi_cc_ref,wgi_rl_ref,cpi_source_file,cpi_ref
ALB,1996,-0.837552,0.295562,30.9015,-0.394601,0.254582,,data/governance/wgi/wgidataset_with_sourcedata-2025.xlsx,cc!I5,rl!I5,,
ALB,1998,-0.563184,0.292702,36.4551,-0.871855,0.254582,,data/governance/wgi/wgidataset_with_sourcedata-2025.xlsx,cc!I192,rl!I204,,
ALB,2000,-0.98277,0.28699,27.9621,-0.969417,0.254439,,data/governance/wgi/wgidataset_with_sourcedata-2025.xlsx,cc!I380,rl!I404,,
ALB,2002,-1.000342,0.28699,27.6064,-0.754281,0.236577,,data/governance/wgi/wgidataset_with_sourcedata-2025.xlsx,cc!I569,rl!I606,,
ALB,2003,-1.007972,0.28699,27.4519,-0.757627,0.236577,,data/governance/wgi/wgidataset_with_sourcedata-2025.xlsx,cc!I759,rl!I808,,
ALB,2004,-0.755433,0.23317,32.5637,-0.514493,0.23381,,data/governance/wgi/wgidataset_with_sourcedata-2025.xlsx,cc!I951,rl!I1012,,
ALB,2005,-0.883028,0.218459,29.981,-0.664211,0.219028,,data/governance/wgi/wgidataset_with_sourcedata-2025.xlsx,cc!I1155,rl!I1221,,
ALB,2006,-0.694738,0.187161,33.7923,-0.611923,0.181191,,data/governance/wgi/wgidataset_with_sourcedata-2025.xlsx,cc!I1361,rl!I1431,,
ALB,2007,-0.6752,0.187161,34.1877,-0.525448,0.181191,,data/governance/wgi/wgidataset_with_sourcedata-2025.xlsx,cc!I1567,rl!I1641,,
ALB,2008,-0.643813,0.187161,34.8231,-0.472656,0.181191,,data/governance/wgi/wgidataset_with_sourcedata-2025.xlsx,cc!I1774,rl!I1851,,
ALB,2009,-0.574472,0.187161,36.2266,-0.405736,0.181191,,data/governance/wgi/wgidataset_with_sourcedata-2025.xlsx,cc!I1982,rl!I2061,,
ALB,2010,-0.503922,0.185518,37.6547,-0.317804,0.176395,,data/governance/wgi/wgidataset_with_sourcedata-2025.xlsx,cc!I2192,rl!I2273,,
ALB,2011,-0.689427,0.165597,33.8998,-0.299265,0.145413,,data/governance/wgi/wgidataset_with_sourcedata-2025.xlsx,cc!I2403,rl!I2485,,
ALB,2012,-0.822627,0.165597,31.2036,-0.402226,0.145413,33.0,data/governance/wgi/wgidataset_with_sourcedata-2025.xlsx,cc!I2615,rl!I2699,data/governance/cpi/CPI2025_Results.xlsx,CPI Timeseries 2012 - 2025!AZ6
ALB,2013,-0.815532,0.166763,31.3472,-0.481222,0.148065,31.0,data/governance/wgi/wgidataset_with_sourcedata-2025.xlsx,cc!I2827,rl!I2913,data/governance/cpi/CPI2025_Results.xlsx,CPI Timeseries 2012 - 2025!AW6
ALB,2014,-0.675863,0.166763,34.1743,-0.276422,0.144759,33.0,data/governance/wgi/wgidataset_with_sourcedata-2025.xlsx,cc!I3039,rl!I3127,data/governance/cpi/CPI2025_Results.xlsx,CPI Timeseries 2012 - 2025!AT6
ALB,2015,-0.586523,0.166763,35.9827,-0.226793,0.144759,36.0,data/governance/wgi/wgidataset_with_sourcedata-2025.xlsx,cc!I3251,rl!I3341,data/governance/cpi/CPI2025_Results.xlsx,CPI Timeseries 2012 - 2025!AQ6
ALB,2016,-0.506198,0.170451,37.6086,-0.206156,0.145408,39.0,data/governance/wgi/wgidataset_with_sourcedata-2025.xlsx,cc!I3465,rl!I3555,data/governance/cpi/CPI2025_Results.xlsx,CPI Timeseries 2012 - 2025!AN6
ALB,2017,-0.566359,0.170451,36.3908,-0.205749,0.145408,38.0,data/governance/wgi/wgidataset_with_sourcedata-2025.xlsx,cc!I3677,rl!I3767,data/governance/cpi/CPI2025_Results.xlsx,CPI Timeseries 2012 - 2025!AJ6
ALB,2018,-0.587109,0.171625,35.9708,-0.174353,0.14748,36.0,data/governance/wgi/wgidataset_with_sourcedata-2025.xlsx,cc!I3889,rl!I3979,data/governance/cpi/CPI2025_Results.xlsx,CPI Timeseries 2012 - 2025!AF6
ALB,2019,-0.538493,0.171625,36.9549,-0.291428,0.14748,35.0,data/governance/wgi/wgidataset_with_sourcedata-2025.xlsx,cc!I4100,rl!I4193,data/governance/cpi/CPI2025_Results.xlsx,CPI Timeseries 2012 - 2025!AB6
ALB,2020,-0.659431,0.171625,34.5069,-0.256738,0.155212,36.0,data/governance/wgi/wgidataset_with_sourcedata-2025.xlsx,cc!I4311,rl!I4408,data/governance/cpi/CPI2025_Results.xlsx,CPI Timeseries 2012 - 2025!X6
ALB,2021,-0.60203,0.172077,35.6688,-0.201559,0.155212,35.0,data/governance/wgi/wgidataset_with_sourcedata-2025.xlsx,cc!I4522,rl!I4623,data/governance/cpi/CPI2025_Results.xlsx,CPI Timeseries 2012 - 2025!T6
ALB,2022,-0.500456,0.172077,37.7248,-0.130966,0.152367,36.0,data/governance/wgi/wgidataset_with_sourcedata-2025.xlsx,cc!I4735,rl!I4838,data/governance/cpi/CPI2025_Results.xlsx,CPI Timeseries 2012 - 2025!P6
ALB,2023,-0.464044,0.172077,38.4619,-0.153011,0.152367,37.0,data/governance/wgi/wgidataset_with_sourcedata-2025.xlsx,cc!I4950,rl!I5053,data/governance/cpi/CPI2025_Results.xlsx,CPI Timeseries 2012 - 2025!L6
ALB,2024,-0.42076,0.172077,39.338,-0.118502,0.152367,42.0,data/governance/wgi/wgidataset_with_sourcedata-2025.xlsx,cc!I5165,rl!I5268,data/governance/cpi/CPI2025_Results.xlsx,CPI Timeseries 2012 - 2025!H6
ALB,2025,,,,,,39.0,,,,data/governance/cpi/CPI2025_Results.xlsx,CPI Timeseries 2012 - 2025!D6
ARE,1996,0.241391,0.231675,52.741,0.626891,0.20834,,data/governance/wgi/wgidataset_with_sourcedata-2025.xlsx,cc!I6,rl!I6,,
ARE,1998,0.240125,0.231675,52.7153,0.533521,0.20834,,data/governance/wgi/wgidataset_with_sourcedata-2025.xlsx,cc!I193,rl!I205,,
ARE,2000,0.236424,0.231675,52.6404,0.532096,0.20834,,data/governance/wgi/wgidataset_with_sourcedata-2025.xlsx,cc!I381,rl!I405,,
ARE,2002,0.770858,0.217228,63.4582,0.517663,0.197677,,data/governance/wgi/wgidataset_with_sourcedata-2025.xlsx,cc!I570,rl!I607,,
ARE,2003,0.886652,0.217228,65.802,0.516034,0.197677,,data/governance/wgi/wgidataset_with_sourcedata-2025.xlsx,cc!I760,rl!I809,,
ARE,2004,0.774933,0.197157,63.5407,0.16439,0.188943,,data/governance/wgi/wgidataset_with_sourcedata-2025.xlsx,cc!I953,rl!I1014,,
ARE,2005,0.757396,0.197157,63.1857,0.084862,0.183052,,data/governance/wgi/wgidataset_with_sourcedata-2025.xlsx,cc!I1157,rl!I1223,,
ARE,2006,0.781663,0.197157,63.6769,0.049293,0.182523,,data/governance/wgi/wgidataset_with_sourcedata-2025.xlsx,cc!I1363,rl!I1433,,
ARE,2007,0.777963,0.197157,63.602,0.03614,0.182523,,data/governance/wgi/wgidataset_with_sourcedata-2025.xlsx,cc!I1569,rl!I1643,,
ARE,2008,0.912301,0.197157,66.3212,0.089033,0.182523,,data/governance/wgi/wgidataset_with_sourcedata-2025.xlsx,cc!I1776,rl!I1853,,
ARE,2009,0.845149,0.195239,64.9619,0.127393,0.177622,,data/governance/wgi/wgidataset_with_sourcedata-2025.xlsx,cc!I1984,rl!I2063,,
ARE,2010,0.910089,0.195239,66.2764,0.079147,0.177622,,data/governance/wgi/wgidataset_with_sourcedata-2025.xlsx,cc!I2194,rl!I2275,,
ARE,2011,1.131938,0.163217,70.767,0.425163,0.141544,,data/governance/wgi/wgidataset_with_sourcedata-2025.xlsx,cc!I2405,rl!I2487,,
ARE,2012,1.089476,0.163217,69.9075,0.367179,0.141544,68.0,data/governance/wgi/wgidataset_with_sourcedata-2025.xlsx,cc!I2617,rl!I2701,data/governance/cpi/CPI2025_Results.xlsx,CPI Timeseries 2012 - 2025!AZ176
ARE,2013,1.151319,0.164332,71.1593,0.41415,0.143987,69.0,data/governance/wgi/wgidataset_with_sourcedata-2025.xlsx,cc!I2829,rl!I2915,data/governance/cpi/CPI2025_Results.xlsx,CPI Timeseries 2012 - 2025!AW176
ARE,2014,0.98568,0.164332,67.8065,0.350259,0.143987,70.0,data/governance/wgi/wgidataset_with_sourcedata-2025.xlsx,cc!I3041,rl!I3129,data/governance/cpi/CPI2025_Results.xlsx,CPI Timeseries 2012 - 2025!AT176
ARE,2015,0.919944,0.164332,66.4759,0.350997,0.143987,70.0,data/governance/wgi/wgidataset_with_sourcedata-2025.xlsx,cc!I3253,rl!I3343,data/governance/cpi/CPI2025_Results.xlsx,CPI Timeseries 2012 - 2025!AQ176
ARE,2016,1.106435,0.164332,70.2508,0.420505,0.143987,66.0,data/governance/wgi/wgidataset_with_sourcedata-2025.xlsx,cc!I3467,rl!I3557,data/governance/cpi/CPI2025_Results.xlsx,CPI Timeseries 2012 - 2025!AN176
ARE,2017,1.076215,0.164332,69.6391,0.383489,0.143987,71.0,data/governance/wgi/wgidataset_with_sourcedata-2025.xlsx,cc!I3679,rl!I3769,data/governance/cpi/CPI2025_Results.xlsx,CPI Timeseries 2012 - 2025!AJ176
ARE,2018,1.094811,0.164332,70.0155,0.389319,0.145971,70.0,data/governance/wgi/wgidataset_with_sourcedata-2025.xlsx,cc!I3890,rl!I3980,data/governance/cpi/CPI2025_Results.xlsx,CPI Timeseries 2012 - 2025!AF176
ARE,2019,1.08783,0.164332,69.8742,0.426268,0.145971,71.0,data/governance/wgi/wgidataset_with_sourcedata-2025.xlsx,cc!I4101,rl!I4194,data/governance/cpi/CPI2025_Results.xlsx,CPI Timeseries 2012 - 2025!AB176
ARE,2020,1.061431,0.164332,69.3398,0.397499,0.153456,71.0,data/governance/wgi/wgidataset_with_sourcedata-2025.xlsx,cc!I4312,rl!I4409,data/governance/cpi/CPI2025_Results.xlsx,CPI Timeseries 2012 - 2025!X176
ARE,2021,1.034983,0.164332,68.8045,0.338504,0.153456,69.0,data/governance/wgi/wgidataset_with_sourcedata-2025.xlsx,cc!I4523,rl!I4624,data/governance/cpi/CPI2025_Results.xlsx,CPI Timeseries 2012 - 2025!T176
ARE,2022,1.022347,0.164332,68.5487,0.409903,0.150705,67.0,data/governance/wgi/wgidataset_with_sourcedata-2025.xlsx,cc!I4736,rl!I4839,data/governance/cpi/CPI2025_Results.xlsx,CPI Timeseries 2012 - 2025!P176
ARE,2023,0.991858,0.164332,67.9315,0.449289,0.150705,68.0,data/governance/wgi/wgidataset_with_sourcedata-2025.xlsx,cc!I4951,rl!I5054,data/governance/cpi/CPI2025_Results.xlsx,CPI Timeseries 2012 - 2025!L176
ARE,2024,1.170218,0.164332,71.5418,0.496845,0.150705,68.0,data/governance/wgi/wgidataset_with_sourcedata-2025.xlsx,cc!I5166,rl!I5269,data/governance/cpi/CPI2025_Results.xlsx,CPI Timeseries 2012 - 2025!H176
ARE,2025,,,,,,69.0,,,,data/governance/cpi/CPI2025_Results.xlsx,CPI Timeseries 2012 - 2025!D176
ARG,1996,-0.224841,0.199662,43.3037,0.129367,0.185324,,data/governance/wgi/wgidataset_with_sourcedata-2025.xlsx,cc!I7,rl!I7,,
ARG,1998,-0.417484,0.199662,39.4043,0.034153,0.185324,,data/governance/wgi/wgidataset_with_sourcedata-2025.xlsx,cc!I194,rl!I206,,
ARG,2000,-0.305116,0.199662,41.6788,-0.160553,0.185324,,data/governance/wgi/wgidataset_with_sourcedata-2025.xlsx,cc!I382,rl!I406,,
ARG,2002,-0.56214,0.199616,36.4763,-0.804874,0.17807,,data/governance/wgi/wgidataset_with_sourcedata-2025.xlsx,cc!I571,rl!I608,,
ARG,2003,-0.548224,0.199616,36.7579,-0.78314,0.17807,,data/governance/wgi/wgidataset_with_sourcedata-2025.xlsx,cc!I761,rl!I810,,
ARG,2004,-0.405483,0.178605,39.6472,-0.660482,0.176881,,data/governance/wgi/wgidataset_with_sourcedata-2025.xlsx,cc!I954,rl!I1015,,
ARG,2005,-0.38908,0.178605,39.9793,-0.412794,0.17202,,data/governance/wgi/wgidataset_with_sourcedata-2025.xlsx,cc!I1158,rl!I1224,,
ARG,2006,-0.320852,0.176047,41.3603,-0.444897,0.16749,,data/governance/wgi/wgidataset_with_sourcedata-2025.xlsx,cc!I1364,rl!I1434,,
ARG,2007,-0.404287,0.176047,39.6714,-0.464497,0.16749,,data/governance/wgi/wgidataset_with_sourcedata-2025.xlsx,cc!I1570,rl!I1644,,
ARG,2008,-0.413776,0.175292,39.4794,-0.678214,0.166507,,data/governance/wgi/wgidataset_with_sourcedata-2025.xlsx,cc!I1777,rl!I1854,,
ARG,2009,-0.397007,0.172684,39.8188,-0.630526,0.161658,,data/governance/wgi/wgidataset_with_sourcedata-2025.xlsx,cc!I1985,rl!I2064,,
ARG,2010,-0.367297,0.172684,40.4202,-0.517048,0.161658,,data/governance/wgi/wgidataset_with_sourcedata-2025.xlsx,cc!I2195,rl!I2276,,
ARG,2011,-0.339635,0.156277,40.9801,-0.46851,0.136821,,data/governance/wgi/wgidataset_with_sourcedata-2025.xlsx,cc!I2406,rl!I2488,,
ARG,2012,-0.516814,0.156277,37.3937,-0.515107,0.136821,35.0,data/governance/wgi/wgidataset_with_sourcedata-2025.xlsx,cc!I2618,rl!I2702,data/governance/cpi/CPI2025_Results.xlsx,CPI Timeseries 2012 - 2025!AZ9
ARG,2013,-0.517294,0.157256,37.384,-0.575833,0.139023,34.0,data/governance/wgi/wgidataset_with_sourcedata-2025.xlsx,cc!I2830,rl!I2916,data/governance/cpi/CPI2025_Results.xlsx,CPI Timeseries 2012 - 2025!AW9
ARG,2014,-0.666054,0.159218,34.3729,-0.729974,0.142071,34.0,data/governance/wgi/wgidataset_with_sourcedata-2025.xlsx,cc!I3042,rl!I3130,data/governance/cpi/CPI2025_Results.xlsx,CPI Timeseries 2012 - 2025!AT9
ARG,2015,-0.645136,0.159218,34.7963,-0.46732,0.142071,32.0,data/governance/wgi/wgidataset_with_sourcedata-2025.xlsx,cc!I3254,rl!I3344,data/governance/cpi/CPI2025_Results.xlsx,CPI Timeseries 2012 - 2025!AQ9
ARG,2016,-0.219363,0.159218,43.4146,-0.23659,0.142071,36.0,data/governance/wgi/wgidataset_with_sourcedata-2025.xlsx,cc!I3468,rl!I3558,data/governance/cpi/CPI2025_Results.xlsx,CPI Timeseries 2012 - 2025!AN9
ARG,2017,-0.178142,0.159218,44.249,-0.172505,0.142071,39.0,data/governance/wgi/wgidataset_with_sourcedata-2025.xlsx,cc!I3680,rl!I3770,data/governance/cpi/CPI2025_Results.xlsx,CPI Timeseries 2012 - 2025!AJ9
ARG,2018,-0.005735,0.159218,47.7387,-0.20221,0.143976,40.0,data/governance/wgi/wgidataset_with_sourcedata-2025.xlsx,cc!I3891,rl!I3981,data/governance/cpi/CPI2025_Results.xlsx,CPI Timeseries 2012 - 2025!AF9
ARG,2019,-0.084705,0.159218,46.1403,-0.338126,0.143976,45.0,data/governance/wgi/wgidataset_with_sourcedata-2025.xlsx,cc!I4102,rl!I4195,data/governance/cpi/CPI2025_Results.xlsx,CPI Timeseries 2012 - 2025!AB9
ARG,2020,-0.13447,0.159218,45.133,-0.29055,0.151142,42.0,data/governance/wgi/wgidataset_with_sourcedata-2025.xlsx,cc!I4313,rl!I4410,data/governance/cpi/CPI2025_Results.xlsx,CPI Timeseries 2012 - 2025!X9
ARG,2021,-0.32733,0.159218,41.2292,-0.303899,0.151142,38.0,data/governance/wgi/wgidataset_with_sourcedata-2025.xlsx,cc!I4524,rl!I4625,data/governance/cpi/CPI2025_Results.xlsx,CPI Timeseries 2012 - 2025!T9
ARG,2022,-0.340232,0.159218,40.968,-0.291349,0.148512,38.0,data/governance/wgi/wgidataset_with_sourcedata-2025.xlsx,cc!I4737,rl!I4840,data/governance/cpi/CPI2025_Results.xlsx,CPI Timeseries 2012 - 2025!P9
ARG,2023,-0.354078,0.162418,40.6877,-0.237774,0.149213,37.0,data/governance/wgi/wgidataset_with_sourcedata-2025.xlsx,cc!I4952,rl!I5055,data/governance/cpi/CPI2025_Results.xlsx,CPI Timeseries 2012 - 2025!L9
ARG,2024,-0.325708,0.162801,41.262,-0.25138,0.149213,37.0,data/governance/wgi/wgidataset_with_sourcedata-2025.xlsx,cc!I5167,rl!I5270,data/governance/cpi/CPI2025_Results.xlsx,CPI Timeseries 2012 - 2025!H9
ARG,2025,,,,,,36.0,,,,data/governance/cpi/CPI2025_Results.xlsx,CPI Timeseries 2012 - 2025!D9
ARM,1996,-0.572318,0.343049,36.2702,-0.263201,0.276586,,data/governance/wgi/wgidataset_with_sourcedata-2025.xlsx,cc!I8,rl!I8,,
ARM,1998,-0.643955,0.292702,34.8202,-0.098939,0.254582,,data/governance/wgi/wgidataset_with_sourcedata-2025.xlsx,cc!I195,rl!I207,,
ARM,2000,-0.824657,0.28699,31.1625,-0.444209,0.254439,,data/governance/wgi/wgidataset_with_sourcedata-2025.xlsx,cc!I383,rl!I407,,
ARM,2002,-0.940041,0.28699,28.8269,-0.344753,0.236577,,data/governance/wgi/wgidataset_with_sourcedata-2025.xlsx,cc!I572,rl!I609,,
ARM,2003,-0.941413,0.28699,28.7992,-0.342697,0.236577,,data/governance/wgi/wgidataset_with_sourcedata-2025.xlsx,cc!I762,rl!I811,,
ARM,2004,-0.672162,0.234307,34.2492,-0.247062,0.23381,,data/governance/wgi/wgidataset_with_sourcedata-2025.xlsx,cc!I955,rl!I1016,,
ARM,2005,-0.598776,0.208387,35.7347,-0.333016,0.199996,,data/governance/wgi/wgidataset_with_sourcedata-2025.xlsx,cc!I1159,rl!I1225,,
ARM,2006,-0.628783,0.178787,35.1273,-0.459374,0.165498,,data/governance/wgi/wgidataset_with_sourcedata-2025.xlsx,cc!I1365,rl!I1435,,
ARM,2007,-0.705612,0.17828,33.5722,-0.390588,0.165498,,data/governance/wgi/wgidataset_with_sourcedata-2025.xlsx,cc!I1571,rl!I1645,,
ARM,2008,-0.759616,0.17828,32.479,-0.334892,0.165498,,data/governance/wgi/wgidataset_with_sourcedata-2025.xlsx,cc!I1778,rl!I1855,,
ARM,2009,-0.735394,0.17828,32.9693,-0.433274,0.165498,,data/governance/wgi/wgidataset_with_sourcedata-2025.xlsx,cc!I1986,rl!I2065,,
ARM,2010,-0.671372,0.17828,34.2652,-0.441264,0.165498,,data/governance/wgi/wgidataset_with_sourcedata-2025.xlsx,cc!I2196,rl!I2277,,
ARM,2011,-0.677393,0.17828,34.1434,-0.386967,0.165498,,data/governance/wgi/wgidataset_with_sourcedata-2025.xlsx,cc!I2407,rl!I2489,,
ARM,2012,-0.618362,0.17828,35.3382,-0.357318,0.165498,34.0,data/governance/wgi/wgidataset_with_sourcedata-2025.xlsx,cc!I2619,rl!I2703,data/governance/cpi/CPI2025_Results.xlsx,CPI Timeseries 2012 - 2025!AZ10
ARM,2013,-0.53412,0.179737,37.0434,-0.301986,0.16944,36.0,data/governance/wgi/wgidataset_with_sourcedata-2025.xlsx,cc!I2831,rl!I2917,data/governance/cpi/CPI2025_Results.xlsx,CPI Timeseries 2012 - 2025!AW10
ARM,2014,-0.639024,0.179737,34.92,-0.414507,0.16944,37.0,data/governance/wgi/wgidataset_with_sourcedata-2025.xlsx,cc!I3043,rl!I3131,data/governance/cpi/CPI2025_Results.xlsx,CPI Timeseries 2012 - 2025!AT10
ARM,2015,-0.623195,0.179737,35.2404,-0.396324,0.16944,35.0,data/governance/wgi/wgidataset_with_sourcedata-2025.xlsx,cc!I3255,rl!I3345,data/governance/cpi/CPI2025_Results.xlsx,CPI Timeseries 2012 - 2025!AQ10
ARM,2016,-0.580676,0.179737,36.101,-0.308056,0.16944,33.0,data/governance/wgi/wgidataset_with_sourcedata-2025.xlsx,cc!I3469,rl!I3559,data/governance/cpi/CPI2025_Results.xlsx,CPI Timeseries 2012 - 2025!AN10
ARM,2017,-0.564104,0.179737,36.4365,-0.319306,0.16944,35.0,data/governance/wgi/wgidataset_with_sourcedata-2025.xlsx,cc!I3681,rl!I3771,data/governance/cpi/CPI2025_Results.xlsx,CPI Timeseries 2012 - 2025!AJ10
ARM,2018,-0.164239,0.188201,44.5304,-0.218661,0.184567,35.0,data/governance/wgi/wgidataset_with_sourcedata-2025.xlsx,cc!I3892,rl!I3982,data/governance/cpi/CPI2025_Results.xlsx,CPI Timeseries 2012 - 2025!AF10
ARM,2019,-0.052349,0.188201,46.7952,-0.247988,0.184567,42.0,data/governance/wgi/wgidataset_with_sourcedata-2025.xlsx,cc!I4103,rl!I4196,data/governance/cpi/CPI2025_Results.xlsx,CPI Timeseries 2012 - 2025!AB10
ARM,2020,0.105608,0.188719,49.9925,-0.075179,0.201318,49.0,data/governance/wgi/wgidataset_with_sourcedata-2025.xlsx,cc!I4314,rl!I4411,data/governance/cpi/CPI2025_Results.xlsx,CPI Timeseries 2012 - 2025!X10
ARM,2021,0.05584,0.18932,48.9851,-0.102841,0.201318,49.0,data/governance/wgi/wgidataset_with_sourcedata-2025.xlsx,cc!I4525,rl!I4626,data/governance/cpi/CPI2025_Results.xlsx,CPI Timeseries 2012 - 2025!T10
ARM,2022,0.057494,0.18932,49.0186,-0.238647,0.195224,46.0,data/governance/wgi/wgidataset_with_sourcedata-2025.xlsx,cc!I4738,rl!I4841,data/governance/cpi/CPI2025_Results.xlsx,CPI Timeseries 2012 - 2025!P10
ARM,2023,0.104612,0.194769,49.9723,-0.210791,0.196826,47.0,data/governance/wgi/wgidataset_with_sourcedata-2025.xlsx,cc!I4953,rl!I5056,data/governance/cpi/CPI2025_Results.xlsx,CPI Timeseries 2012 - 2025!L10
ARM,2024,0.144681,0.192545,50.7834,-0.142394,0.195149,47.0,data/governance/wgi/wgidataset_with_sourcedata-2025.xlsx,cc!I5168,rl!I5271,data/governance/cpi/CPI2025_Results.xlsx,CPI Timeseries 2012 - 2025!H10
ARM,2025,,,,,,46.0,,,,data/governance/cpi/CPI2025_Results.xlsx,CPI Timeseries 2012 - 2025!D10
AUS,1996,2.150333,0.199662,91.3809,1.690091,0.186813,,data/governance/wgi/wgidataset_with_sourcedata-2025.xlsx,cc!I10,rl!I10,,
AUS,1998,2.150608,0.199662,91.3864,1.727588,0.186813,,data/governance/wgi/wgidataset_with_sourcedata-2025.xlsx,cc!I197,rl!I209,,
AUS,2000,2.05941,0.199662,89.5404,1.796234,0.186813,,data/governance/wgi/wgidataset_with_sourcedata-2025.xlsx,cc!I385,rl!I409,,
AUS,2002,2.015846,0.199662,88.6586,1.754067,0.186813,,data/governance/wgi/wgidataset_with_sourcedata-2025.xlsx,cc!I574,rl!I611,,
AUS,2003,2.029477,0.199662,88.9346,1.81567,0.186813,,data/governance/wgi/wgidataset_with_sourcedata-2025.xlsx,cc!I764,rl!I813,,
AUS,2004,1.773422,0.199662,83.7516,1.727813,0.186813,,data/governance/wgi/wgidataset_with_sourcedata-2025.xlsx,cc!I958,rl!I1019,,
AUS,2005,1.779787,0.199662,83.8805,1.717732,0.181113,,data/governance/wgi/wgidataset_with_sourcedata-2025.xlsx,cc!I1162,rl!I1228,,
AUS,2006,1.746989,0.198051,83.2166,1.737579,0.1806,,data/governance/wgi/wgidataset_with_sourcedata-2025.xlsx,cc!I1368,rl!I1438,,
AUS,2007,1.866226,0.198051,85.6301,1.730051,0.1806,,data/governance/wgi/wgidataset_with_sourcedata-2025.xlsx,cc!I1574,rl!I1648,,
AUS,2008,1.987406,0.198051,88.083,1.717234,0.1806,,data/governance/wgi/wgidataset_with_sourcedata-2025.xlsx,cc!I1781,rl!I1858,,
AUS,2009,1.972411,0.198051,87.7794,1.697486,0.1806,,data/governance/wgi/wgidataset_with_sourcedata-2025.xlsx,cc!I1989,rl!I2068,,
AUS,2010,1.993674,0.197363,88.2098,1.597292,0.1806,,data/governance/wgi/wgidataset_with_sourcedata-2025.xlsx,cc!I2199,rl!I2280,,
AUS,2011,1.96892,0.173858,87.7088,1.575215,0.147742,,data/governance/wgi/wgidataset_with_sourcedata-2025.xlsx,cc!I2410,rl!I2492,,
AUS,2012,1.963573,0.173858,87.6006,1.634895,0.147742,85.0,data/governance/wgi/wgidataset_with_sourcedata-2025.xlsx,cc!I2622,rl!I2706,data/governance/cpi/CPI2025_Results.xlsx,CPI Timeseries 2012 - 2025!AZ11
AUS,2013,1.73008,0.173858,82.8743,1.635677,0.147742,81.0,data/governance/wgi/wgidataset_with_sourcedata-2025.xlsx,cc!I2834,rl!I2920,data/governance/cpi/CPI2025_Results.xlsx,CPI Timeseries 2012 - 2025!AW11
AUS,2014,1.863109,0.173858,85.567,1.732345,0.147742,80.0,data/governance/wgi/wgidataset_with_sourcedata-2025.xlsx,cc!I3046,rl!I3134,data/governance/cpi/CPI2025_Results.xlsx,CPI Timeseries 2012 - 2025!AT11
AUS,2015,1.854444,0.173858,85.3916,1.717785,0.147742,79.0,data/governance/wgi/wgidataset_with_sourcedata-2025.xlsx,cc!I3258,rl!I3348,data/governance/cpi/CPI2025_Results.xlsx,CPI Timeseries 2012 - 2025!AQ11
AUS,2016,1.7944,0.173858,84.1762,1.728829,0.147742,79.0,data/governance/wgi/wgidataset_with_sourcedata-2025.xlsx,cc!I3472,rl!I3562,data/governance/cpi/CPI2025_Results.xlsx,CPI Timeseries 2012 - 2025!AN11
AUS,2017,1.794294,0.173858,84.1741,1.6237,0.145623,77.0,data/governance/wgi/wgidataset_with_sourcedata-2025.xlsx,cc!I3684,rl!I3774,data/governance/cpi/CPI2025_Results.xlsx,CPI Timeseries 2012 - 2025!AJ11
AUS,2018,1.768647,0.172535,83.655,1.635892,0.147675,77.0,data/governance/wgi/wgidataset_with_sourcedata-2025.xlsx,cc!I3895,rl!I3985,data/governance/cpi/CPI2025_Results.xlsx,CPI Timeseries 2012 - 2025!AF11
AUS,2019,1.786441,0.172535,84.0151,1.634261,0.147675,77.0,data/governance/wgi/wgidataset_with_sourcedata-2025.xlsx,cc!I4106,rl!I4199,data/governance/cpi/CPI2025_Results.xlsx,CPI Timeseries 2012 - 2025!AB11
AUS,2020,1.603824,0.172535,80.3187,1.552139,0.155439,77.0,data/governance/wgi/wgidataset_with_sourcedata-2025.xlsx,cc!I4317,rl!I4414,data/governance/cpi/CPI2025_Results.xlsx,CPI Timeseries 2012 - 2025!X11
AUS,2021,1.677056,0.172994,81.801,1.570184,0.155439,73.0,data/governance/wgi/wgidataset_with_sourcedata-2025.xlsx,cc!I4528,rl!I4629,data/governance/cpi/CPI2025_Results.xlsx,CPI Timeseries 2012 - 2025!T11
AUS,2022,1.728816,0.172994,82.8487,1.471946,0.152582,75.0,data/governance/wgi/wgidataset_with_sourcedata-2025.xlsx,cc!I4741,rl!I4844,data/governance/cpi/CPI2025_Results.xlsx,CPI Timeseries 2012 - 2025!P11
AUS,2023,1.80577,0.172994,84.4064,1.503184,0.152582,75.0,data/governance/wgi/wgidataset_with_sourcedata-2025.xlsx,cc!I4956,rl!I5059,data/governance/cpi/CPI2025_Results.xlsx,CPI Timeseries 2012 - 2025!L11
AUS,2024,1.85202,0.172994,85.3425,1.470401,0.152582,77.0,data/governance/wgi/wgidataset_with_sourcedata-2025.xlsx,cc!I5171,rl!I5274,data/governance/cpi/CPI2025_Results.xlsx,CPI Timeseries 2012 - 2025!H11
AUS,2025,,,,,,76.0,,,,data/governance/cpi/CPI2025_Results.xlsx,CPI Timeseries 2012 - 2025!D11
AUT,1996,1.930123,0.199662,86.9235,1.84106,0.186813,,data/governance/wgi/wgidataset_with_sourcedata-2025.xlsx,cc!I11,rl!I11,,
AUT,1998,1.767355,0.199662,83.6288,1.802892,0.186813,,data/governance/wgi/wgidataset_with_sourcedata-2025.xlsx,cc!I198,rl!I210,,
AUT,2000,1.690407,0.199662,82.0713,1.899869,0.180299,,data/governance/wgi/wgidataset_with_sourcedata-2025.xlsx,cc!I386,rl!I410,,
AUT,2002,1.869607,0.199662,85.6985,1.911451,0.180299,,data/governance/wgi/wgidataset_with_sourcedata-2025.xlsx,cc!I575,rl!I612,,
AUT,2003,1.981911,0.199662,87.9717,1.865648,0.180299,,data/governance/wgi/wgidataset_with_sourcedata-2025.xlsx,cc!I765,rl!I814,,
AUT,2004,1.929682,0.198957,86.9146,1.811848,0.180299,,data/governance/wgi/wgidataset_with_sourcedata-2025.xlsx,cc!I959,rl!I1020,,
AUT,2005,1.951156,0.198957,87.3492,1.819162,0.175159,,data/governance/wgi/wgidataset_with_sourcedata-2025.xlsx,cc!I1163,rl!I1229,,
AUT,2006,1.943438,0.197363,87.193,1.919562,0.174695,,data/governance/wgi/wgidataset_with_sourcedata-2025.xlsx,cc!I1369,rl!I1439,,
AUT,2007,1.965435,0.197363,87.6383,1.945546,0.174695,,data/governance/wgi/wgidataset_with_sourcedata-2025.xlsx,cc!I1575,rl!I1649,,
AUT,2008,1.852606,0.197363,85.3544,1.919932,0.174695,,data/governance/wgi/wgidataset_with_sourcedata-2025.xlsx,cc!I1782,rl!I1859,,
AUT,2009,1.804742,0.197363,84.3856,1.788891,0.174695,,data/governance/wgi/wgidataset_with_sourcedata-2025.xlsx,cc!I1990,rl!I2069,,
AUT,2010,1.667497,0.180535,81.6075,1.763824,0.17186,,data/governance/wgi/wgidataset_with_sourcedata-2025.xlsx,cc!I2200,rl!I2281,,
AUT,2011,1.577812,0.162024,79.7922,1.668496,0.142841,,data/governance/wgi/wgidataset_with_sourcedata-2025.xlsx,cc!I2411,rl!I2493,,
AUT,2012,1.37209,0.162024,75.628,1.702589,0.142841,69.0,data/governance/wgi/wgidataset_with_sourcedata-2025.xlsx,cc!I2623,rl!I2707,data/governance/cpi/CPI2025_Results.xlsx,CPI Timeseries 2012 - 2025!AZ79
AUT,2013,1.446686,0.162024,77.138,1.737305,0.142841,69.0,data/governance/wgi/wgidataset_with_sourcedata-2025.xlsx,cc!I2835,rl!I2921,data/governance/cpi/CPI2025_Results.xlsx,CPI Timeseries 2012 - 2025!AW79
AUT,2014,1.421131,0.162024,76.6207,1.775894,0.142841,72.0,data/governance/wgi/wgidataset_with_sourcedata-2025.xlsx,cc!I3047,rl!I3135,data/governance/cpi/CPI2025_Results.xlsx,CPI Timeseries 2012 - 2025!AT79
AUT,2015,1.49148,0.162024,78.0447,1.781631,0.142841,76.0,data/governance/wgi/wgidataset_with_sourcedata-2025.xlsx,cc!I3259,rl!I3349,data/governance/cpi/CPI2025_Results.xlsx,CPI Timeseries 2012 - 2025!AQ79
AUT,2016,1.517979,0.162404,78.5811,1.794246,0.142841,75.0,data/governance/wgi/wgidataset_with_sourcedata-2025.xlsx,cc!I3473,rl!I3563,data/governance/cpi/CPI2025_Results.xlsx,CPI Timeseries 2012 - 2025!AN79
AUT,2017,1.567247,0.162404,79.5783,1.773884,0.142841,75.0,data/governance/wgi/wgidataset_with_sourcedata-2025.xlsx,cc!I3685,rl!I3775,data/governance/cpi/CPI2025_Results.xlsx,CPI Timeseries 2012 - 2025!AJ79
AUT,2018,1.634809,0.162404,80.9459,1.798946,0.144778,76.0,data/governance/wgi/wgidataset_with_sourcedata-2025.xlsx,cc!I3896,rl!I3986,data/governance/cpi/CPI2025_Results.xlsx,CPI Timeseries 2012 - 2025!AF79
AUT,2019,1.607711,0.162404,80.3974,1.809815,0.144778,77.0,data/governance/wgi/wgidataset_with_sourcedata-2025.xlsx,cc!I4107,rl!I4200,data/governance/cpi/CPI2025_Results.xlsx,CPI Timeseries 2012 - 2025!AB79
AUT,2020,1.605922,0.162024,80.3612,1.748108,0.152071,76.0,data/governance/wgi/wgidataset_with_sourcedata-2025.xlsx,cc!I4318,rl!I4415,data/governance/cpi/CPI2025_Results.xlsx,CPI Timeseries 2012 - 2025!X79
AUT,2021,1.360117,0.162024,75.3857,1.716701,0.152071,74.0,data/governance/wgi/wgidataset_with_sourcedata-2025.xlsx,cc!I4529,rl!I4630,data/governance/cpi/CPI2025_Results.xlsx,CPI Timeseries 2012 - 2025!T79
AUT,2022,1.367834,0.162024,75.5419,1.641964,0.149392,71.0,data/governance/wgi/wgidataset_with_sourcedata-2025.xlsx,cc!I4742,rl!I4845,data/governance/cpi/CPI2025_Results.xlsx,CPI Timeseries 2012 - 2025!P79
AUT,2023,1.320088,0.160738,74.5754,1.657723,0.148655,71.0,data/governance/wgi/wgidataset_with_sourcedata-2025.xlsx,cc!I4957,rl!I5060,data/governance/cpi/CPI2025_Results.xlsx,CPI Timeseries 2012 - 2025!L79
AUT,2024,1.294447,0.160738,74.0564,1.67774,0.148655,67.0,data/governance/wgi/wgidataset_with_sourcedata-2025.xlsx,cc!I5172,rl!I5275,data/governance/cpi/CPI2025_Results.xlsx,CPI Timeseries 2012 - 2025!H79
AUT,2025,,,,,,69.0,,,,data/governance/cpi/CPI2025_Results.xlsx,CPI Timeseries 2012 - 2025!D79
AZE,1996,-1.479995,0.252527,17.8975,-1.218928,0.210756,,data/governance/wgi/wgidataset_with_sourcedata-2025.xlsx,cc!I12,rl!I12,,
AZE,1998,-1.309663,0.230289,21.3452,-1.005931,0.20052,,data/governance/wgi/wgidataset_with_sourcedata-2025.xlsx,cc!I199,rl!I211,,
AZE,2000,-1.381486,0.227477,19.8914,-1.098241,0.20045,,data/governance/wgi/wgidataset_with_sourcedata-2025.xlsx,cc!I387,rl!I411,,
AZE,2002,-1.391787,0.227477,19.6829,-0.849332,0.19136,,data/governance/wgi/wgidataset_with_sourcedata-2025.xlsx,cc!I576,rl!I613,,
AZE,2003,-1.264808,0.227477,22.2532,-0.841422,0.19136,,data/governance/wgi/wgidataset_with_sourcedata-2025.xlsx,cc!I766,rl!I815,,
AZE,2004,-1.245597,0.198423,22.642,-0.746224,0.189887,,data/governance/wgi/wgidataset_with_sourcedata-2025.xlsx,cc!I960,rl!I1021,,
AZE,2005,-1.15759,0.181468,24.4234,-0.723941,0.169863,,data/governance/wgi/wgidataset_with_sourcedata-2025.xlsx,cc!I1164,rl!I1230,,
AZE,2006,-1.142057,0.178787,24.7378,-0.761157,0.165498,,data/governance/wgi/wgidataset_with_sourcedata-2025.xlsx,cc!I1370,rl!I1440,,
AZE,2007,-1.166117,0.178787,24.2508,-0.715959,0.165498,,data/governance/wgi/wgidataset_with_sourcedata-2025.xlsx,cc!I1576,rl!I1650,,
AZE,2008,-1.174787,0.17828,24.0753,-0.753719,0.165498,,data/governance/wgi/wgidataset_with_sourcedata-2025.xlsx,cc!I1783,rl!I1860,,
AZE,2009,-1.14183,0.17828,24.7424,-0.767354,0.165498,,data/governance/wgi/wgidataset_with_sourcedata-2025.xlsx,cc!I1991,rl!I2070,,
AZE,2010,-1.233745,0.17828,22.8819,-0.787449,0.165498,,data/governance/wgi/wgidataset_with_sourcedata-2025.xlsx,cc!I2201,rl!I2282,,
AZE,2011,-1.163094,0.17828,24.312,-0.760613,0.165498,,data/governance/wgi/wgidataset_with_sourcedata-2025.xlsx,cc!I2412,rl!I2494,,
AZE,2012,-1.173544,0.17872,24.1005,-0.751612,0.165989,27.0,data/governance/wgi/wgidataset_with_sourcedata-2025.xlsx,cc!I2624,rl!I2708,data/governance/cpi/CPI2025_Results.xlsx,CPI Timeseries 2012 - 2025!AZ13
AZE,2013,-1.002703,0.180188,27.5586,-0.665523,0.169967,28.0,data/governance/wgi/wgidataset_with_sourcedata-2025.xlsx,cc!I2836,rl!I2922,data/governance/cpi/CPI2025_Results.xlsx,CPI Timeseries 2012 - 2025!AW13
AZE,2014,-1.121764,0.180188,25.1486,-0.647878,0.169967,29.0,data/governance/wgi/wgidataset_with_sourcedata-2025.xlsx,cc!I3048,rl!I3136,data/governance/cpi/CPI2025_Results.xlsx,CPI Timeseries 2012 - 2025!AT13
AZE,2015,-0.936781,0.187161,28.8929,-0.705373,0.181191,29.0,data/governance/wgi/wgidataset_with_sourcedata-2025.xlsx,cc!I3260,rl!I3350,data/governance/cpi/CPI2025_Results.xlsx,CPI Timeseries 2012 - 2025!AQ13
AZE,2016,-0.752307,0.187161,32.627,-0.67324,0.181191,30.0,data/governance/wgi/wgidataset_with_sourcedata-2025.xlsx,cc!I3474,rl!I3564,data/governance/cpi/CPI2025_Results.xlsx,CPI Timeseries 2012 - 2025!AN13
AZE,2017,-0.858594,0.187161,30.4756,-0.712775,0.181191,31.0,data/governance/wgi/wgidataset_with_sourcedata-2025.xlsx,cc!I3686,rl!I3776,data/governance/cpi/CPI2025_Results.xlsx,CPI Timeseries 2012 - 2025!AJ13
AZE,2018,-0.906504,0.188719,29.5058,-0.653354,0.185248,25.0,data/governance/wgi/wgidataset_with_sourcedata-2025.xlsx,cc!I3897,rl!I3987,data/governance/cpi/CPI2025_Results.xlsx,CPI Timeseries 2012 - 2025!AF13
AZE,2019,-0.755089,0.188719,32.5707,-0.67255,0.185248,30.0,data/governance/wgi/wgidataset_with_sourcedata-2025.xlsx,cc!I4108,rl!I4201,data/governance/cpi/CPI2025_Results.xlsx,CPI Timeseries 2012 - 2025!AB13
AZE,2020,-0.759807,0.188719,32.4752,-0.618209,0.201318,30.0,data/governance/wgi/wgidataset_with_sourcedata-2025.xlsx,cc!I4319,rl!I4416,data/governance/cpi/CPI2025_Results.xlsx,CPI Timeseries 2012 - 2025!X13
AZE,2021,-0.775813,0.18932,32.1512,-0.608585,0.201318,30.0,data/governance/wgi/wgidataset_with_sourcedata-2025.xlsx,cc!I4530,rl!I4631,data/governance/cpi/CPI2025_Results.xlsx,CPI Timeseries 2012 - 2025!T13
AZE,2022,-0.830221,0.190726,31.0499,-0.548475,0.195224,23.0,data/governance/wgi/wgidataset_with_sourcedata-2025.xlsx,cc!I4743,rl!I4846,data/governance/cpi/CPI2025_Results.xlsx,CPI Timeseries 2012 - 2025!P13
AZE,2023,-0.881959,0.196301,30.0026,-0.516058,0.196826,23.0,data/governance/wgi/wgidataset_with_sourcedata-2025.xlsx,cc!I4958,rl!I5061,data/governance/cpi/CPI2025_Results.xlsx,CPI Timeseries 2012 - 2025!L13
AZE,2024,-0.775078,0.194025,32.1661,-0.485371,0.195149,22.0,data/governance/wgi/wgidataset_with_sourcedata-2025.xlsx,cc!I5173,rl!I5276,data/governance/cpi/CPI2025_Results.xlsx,CPI Timeseries 2012 - 2025!H13
AZE,2025,,,,,,30.0,,,,data/governance/cpi/CPI2025_Results.xlsx,CPI Timeseries 2012 - 2025!D13
BEL,1996,1.500878,0.199662,78.2349,1.399118,0.186813,,data/governance/wgi/wgidataset_with_sourcedata-2025.xlsx,cc!I14,rl!I14,,
BEL,1998,1.238471,0.199662,72.9234,1.198243,0.186813,,data/governance/wgi/wgidataset_with_sourcedata-2025.xlsx,cc!I201,rl!I213,,
BEL,2000,1.450425,0.199662,77.2137,1.334387,0.180299,,data/governance/wgi/wgidataset_with_sourcedata-2025.xlsx,cc!I389,rl!I413,,
BEL,2002,1.559427,0.199662,79.42,1.302596,0.180299,,data/governance/wgi/wgidataset_with_sourcedata-2025.xlsx,cc!I578,rl!I615,,
BEL,2003,1.45609,0.199662,77.3283,1.312005,0.180299,,data/governance/wgi/wgidataset_with_sourcedata-2025.xlsx,cc!I768,rl!I817,,
BEL,2004,1.403026,0.199662,76.2542,1.241666,0.180299,,data/governance/wgi/wgidataset_with_sourcedata-2025.xlsx,cc!I962,rl!I1023,,
BEL,2005,1.471559,0.199662,77.6414,1.287482,0.175159,,data/governance/wgi/wgidataset_with_sourcedata-2025.xlsx,cc!I1166,rl!I1232,,
BEL,2006,1.406902,0.198051,76.3327,1.216521,0.174695,,data/governance/wgi/wgidataset_with_sourcedata-2025.xlsx,cc!I1372,rl!I1442,,
BEL,2007,1.386655,0.198051,75.9228,1.358273,0.174695,,data/governance/wgi/wgidataset_with_sourcedata-2025.xlsx,cc!I1578,rl!I1652,,
BEL,2008,1.404707,0.198051,76.2883,1.316197,0.174695,,data/governance/wgi/wgidataset_with_sourcedata-2025.xlsx,cc!I1785,rl!I1862,,
BEL,2009,1.558074,0.198051,79.3926,1.227683,0.174695,,data/governance/wgi/wgidataset_with_sourcedata-2025.xlsx,cc!I1993,rl!I2072,,
BEL,2010,1.495632,0.181061,78.1287,1.231676,0.17186,,data/governance/wgi/wgidataset_with_sourcedata-2025.xlsx,cc!I2203,rl!I2284,,
BEL,2011,1.566484,0.162404,79.5629,1.268929,0.142841,,data/governance/wgi/wgidataset_with_sourcedata-2025.xlsx,cc!I2414,rl!I2496,,
BEL,2012,1.486204,0.162024,77.9379,1.313828,0.142841,75.0,data/governance/wgi/wgidataset_with_sourcedata-2025.xlsx,cc!I2626,rl!I2710,data/governance/cpi/CPI2025_Results.xlsx,CPI Timeseries 2012 - 2025!AZ78
BEL,2013,1.500319,0.162024,78.2236,1.333945,0.142841,75.0,data/governance/wgi/wgidataset_with_sourcedata-2025.xlsx,cc!I2838,rl!I2924,data/governance/cpi/CPI2025_Results.xlsx,CPI Timeseries 2012 - 2025!AW78
BEL,2014,1.515046,0.162024,78.5217,1.360097,0.142841,76.0,data/governance/wgi/wgidataset_with_sourcedata-2025.xlsx,cc!I3050,rl!I3138,data/governance/cpi/CPI2025_Results.xlsx,CPI Timeseries 2012 - 2025!AT78
BEL,2015,1.524446,0.162024,78.7119,1.42518,0.142841,77.0,data/governance/wgi/wgidataset_with_sourcedata-2025.xlsx,cc!I3262,rl!I3352,data/governance/cpi/CPI2025_Results.xlsx,CPI Timeseries 2012 - 2025!AQ78
BEL,2016,1.54504,0.162024,79.1288,1.437225,0.142841,77.0,data/governance/wgi/wgidataset_with_sourcedata-2025.xlsx,cc!I3476,rl!I3566,data/governance/cpi/CPI2025_Results.xlsx,CPI Timeseries 2012 - 2025!AN78
BEL,2017,1.442534,0.162024,77.0539,1.377531,0.142841,75.0,data/governance/wgi/wgidataset_with_sourcedata-2025.xlsx,cc!I3688,rl!I3778,data/governance/cpi/CPI2025_Results.xlsx,CPI Timeseries 2012 - 2025!AJ78
BEL,2018,1.45436,0.162024,77.2933,1.42076,0.144778,75.0,data/governance/wgi/wgidataset_with_sourcedata-2025.xlsx,cc!I3899,rl!I3989,data/governance/cpi/CPI2025_Results.xlsx,CPI Timeseries 2012 - 2025!AF78
BEL,2019,1.497386,0.162024,78.1642,1.449331,0.144778,75.0,data/governance/wgi/wgidataset_with_sourcedata-2025.xlsx,cc!I4110,rl!I4203,data/governance/cpi/CPI2025_Results.xlsx,CPI Timeseries 2012 - 2025!AB78
BEL,2020,1.566261,0.162024,79.5583,1.453325,0.152071,76.0,data/governance/wgi/wgidataset_with_sourcedata-2025.xlsx,cc!I4321,rl!I4418,data/governance/cpi/CPI2025_Results.xlsx,CPI Timeseries 2012 - 2025!X78
BEL,2021,1.550215,0.162024,79.2336,1.405213,0.152071,73.0,data/governance/wgi/wgidataset_with_sourcedata-2025.xlsx,cc!I4532,rl!I4633,data/governance/cpi/CPI2025_Results.xlsx,CPI Timeseries 2012 - 2025!T78
BEL,2022,1.577431,0.162024,79.7844,1.339809,0.149392,73.0,data/governance/wgi/wgidataset_with_sourcedata-2025.xlsx,cc!I4745,rl!I4848,data/governance/cpi/CPI2025_Results.xlsx,CPI Timeseries 2012 - 2025!P78
BEL,2023,1.467016,0.162024,77.5495,1.271998,0.149392,73.0,data/governance/wgi/wgidataset_with_sourcedata-2025.xlsx,cc!I4960,rl!I5063,data/governance/cpi/CPI2025_Results.xlsx,CPI Timeseries 2012 - 2025!L78
BEL,2024,1.468781,0.160738,77.5852,1.282799,0.148655,69.0,data/governance/wgi/wgidataset_with_sourcedata-2025.xlsx,cc!I5175,rl!I5278,data/governance/cpi/CPI2025_Results.xlsx,CPI Timeseries 2012 - 2025!H78
BEL,2025,,,,,,69.0,,,,data/governance/cpi/CPI2025_Results.xlsx,CPI Timeseries 2012 - 2025!D78
BGR,1996,-0.191752,0.231675,43.9735,-0.195131,0.20052,,data/governance/wgi/wgidataset_with_sourcedata-2025.xlsx,cc!I18,rl!I18,,
BGR,1998,0.043817,0.230289,48.7417,-0.150842,0.20052,,data/governance/wgi/wgidataset_with_sourcedata-2025.xlsx,cc!I205,rl!I217,,
BGR,2000,-0.14913,0.213756,44.8362,-0.090755,0.1909,,data/governance/wgi/wgidataset_with_sourcedata-2025.xlsx,cc!I393,rl!I417,,
BGR,2002,-0.0008,0.213756,47.8386,-0.014921,0.182999,,data/governance/wgi/wgidataset_with_sourcedata-2025.xlsx,cc!I582,rl!I619,,
BGR,2003,-0.056166,0.213756,46.7179,-0.201628,0.182999,,data/governance/wgi/wgidataset_with_sourcedata-2025.xlsx,cc!I772,rl!I821,,
BGR,2004,0.13418,0.193898,50.5708,-0.094129,0.176864,,data/governance/wgi/wgidataset_with_sourcedata-2025.xlsx,cc!I966,rl!I1027,,
BGR,2005,0.023543,0.193898,48.3314,-0.116097,0.176864,,data/governance/wgi/wgidataset_with_sourcedata-2025.xlsx,cc!I1170,rl!I1236,,
BGR,2006,0.106873,0.178432,50.0181,-0.069945,0.164657,,data/governance/wgi/wgidataset_with_sourcedata-2025.xlsx,cc!I1376,rl!I1446,,
BGR,2007,-0.061456,0.178432,46.6109,-0.033193,0.164657,,data/governance/wgi/wgidataset_with_sourcedata-2025.xlsx,cc!I1582,rl!I1656,,
BGR,2008,-0.111677,0.178432,45.5943,-0.14695,0.164657,,data/governance/wgi/wgidataset_with_sourcedata-2025.xlsx,cc!I1789,rl!I1866,,
BGR,2009,-0.248644,0.178432,42.8219,-0.139365,0.164657,,data/governance/wgi/wgidataset_with_sourcedata-2025.xlsx,cc!I1997,rl!I2076,,
BGR,2010,-0.320626,0.165708,41.3649,-0.299825,0.162277,,data/governance/wgi/wgidataset_with_sourcedata-2025.xlsx,cc!I2207,rl!I2288,,
BGR,2011,-0.355814,0.15105,40.6526,-0.336721,0.137195,,data/governance/wgi/wgidataset_with_sourcedata-2025.xlsx,cc!I2418,rl!I2500,,
BGR,2012,-0.357262,0.15105,40.6233,-0.217518,0.137195,41.0,data/governance/wgi/wgidataset_with_sourcedata-2025.xlsx,cc!I2630,rl!I2714,data/governance/cpi/CPI2025_Results.xlsx,CPI Timeseries 2012 - 2025!AZ162
BGR,2013,-0.348064,0.151933,40.8095,-0.231316,0.139416,41.0,data/governance/wgi/wgidataset_with_sourcedata-2025.xlsx,cc!I2842,rl!I2928,data/governance/cpi/CPI2025_Results.xlsx,CPI Timeseries 2012 - 2025!AW162
BGR,2014,-0.39042,0.151933,39.9521,-0.21494,0.139416,43.0,data/governance/wgi/wgidataset_with_sourcedata-2025.xlsx,cc!I3054,rl!I3142,data/governance/cpi/CPI2025_Results.xlsx,CPI Timeseries 2012 - 2025!AT162
BGR,2015,-0.438708,0.151933,38.9747,-0.208098,0.139416,41.0,data/governance/wgi/wgidataset_with_sourcedata-2025.xlsx,cc!I3266,rl!I3356,data/governance/cpi/CPI2025_Results.xlsx,CPI Timeseries 2012 - 2025!AQ162
BGR,2016,-0.344403,0.151933,40.8836,-0.198122,0.139416,41.0,data/governance/wgi/wgidataset_with_sourcedata-2025.xlsx,cc!I3480,rl!I3570,data/governance/cpi/CPI2025_Results.xlsx,CPI Timeseries 2012 - 2025!AN162
BGR,2017,-0.308377,0.151933,41.6128,-0.233333,0.139416,43.0,data/governance/wgi/wgidataset_with_sourcedata-2025.xlsx,cc!I3692,rl!I3782,data/governance/cpi/CPI2025_Results.xlsx,CPI Timeseries 2012 - 2025!AJ162
BGR,2018,-0.189394,0.152762,44.0212,-0.140667,0.141239,42.0,data/governance/wgi/wgidataset_with_sourcedata-2025.xlsx,cc!I3903,rl!I3993,data/governance/cpi/CPI2025_Results.xlsx,CPI Timeseries 2012 - 2025!AF162
BGR,2019,-0.125292,0.152762,45.3187,-0.140582,0.141239,43.0,data/governance/wgi/wgidataset_with_sourcedata-2025.xlsx,cc!I4114,rl!I4207,data/governance/cpi/CPI2025_Results.xlsx,CPI Timeseries 2012 - 2025!AB162
BGR,2020,-0.258416,0.152762,42.6241,-0.150535,0.147985,44.0,data/governance/wgi/wgidataset_with_sourcedata-2025.xlsx,cc!I4325,rl!I4422,data/governance/cpi/CPI2025_Results.xlsx,CPI Timeseries 2012 - 2025!X162
BGR,2021,-0.226061,0.152762,43.279,-0.037746,0.147985,42.0,data/governance/wgi/wgidataset_with_sourcedata-2025.xlsx,cc!I4536,rl!I4637,data/governance/cpi/CPI2025_Results.xlsx,CPI Timeseries 2012 - 2025!T162
BGR,2022,-0.136935,0.152762,45.0831,-0.099803,0.145514,43.0,data/governance/wgi/wgidataset_with_sourcedata-2025.xlsx,cc!I4749,rl!I4852,data/governance/cpi/CPI2025_Results.xlsx,CPI Timeseries 2012 - 2025!P162
BGR,2023,-0.150129,0.151682,44.816,-0.026594,0.144832,45.0,data/governance/wgi/wgidataset_with_sourcedata-2025.xlsx,cc!I4964,rl!I5067,data/governance/cpi/CPI2025_Results.xlsx,CPI Timeseries 2012 - 2025!L162
BGR,2024,-0.240018,0.151682,42.9965,-0.033342,0.144832,43.0,data/governance/wgi/wgidataset_with_sourcedata-2025.xlsx,cc!I5179,rl!I5282,data/governance/cpi/CPI2025_Results.xlsx,CPI Timeseries 2012 - 2025!H162
BGR,2025,,,,,,40.0,,,,data/governance/cpi/CPI2025_Results.xlsx,CPI Timeseries 2012 - 2025!D162
BRA,1996,0.119414,0.199662,50.272,-0.340855,0.185324,,data/governance/wgi/wgidataset_with_sourcedata-2025.xlsx,cc!I26,rl!I26,,
BRA,1998,0.167764,0.199662,51.2506,-0.3698,0.185324,,data/governance/wgi/wgidataset_with_sourcedata-2025.xlsx,cc!I213,rl!I225,,
BRA,2000,0.110603,0.199662,50.0936,-0.366495,0.185324,,data/governance/wgi/wgidataset_with_sourcedata-2025.xlsx,cc!I401,rl!I425,,
BRA,2002,0.097771,0.199616,49.8339,-0.300531,0.17807,,data/governance/wgi/wgidataset_with_sourcedata-2025.xlsx,cc!I590,rl!I627,,
BRA,2003,0.053801,0.199616,48.9438,-0.38733,0.17807,,data/governance/wgi/wgidataset_with_sourcedata-2025.xlsx,cc!I780,rl!I829,,
BRA,2004,-0.104169,0.178605,45.7463,-0.292148,0.176881,,data/governance/wgi/wgidataset_with_sourcedata-2025.xlsx,cc!I974,rl!I1035,,
BRA,2005,-0.247162,0.178605,42.8519,-0.351771,0.17202,,data/governance/wgi/wgidataset_with_sourcedata-2025.xlsx,cc!I1178,rl!I1244,,
BRA,2006,-0.213273,0.175292,43.5379,-0.307378,0.166507,,data/governance/wgi/wgidataset_with_sourcedata-2025.xlsx,cc!I1384,rl!I1454,,
BRA,2007,-0.287738,0.175292,42.0306,-0.312414,0.166507,,data/governance/wgi/wgidataset_with_sourcedata-2025.xlsx,cc!I1590,rl!I1664,,
BRA,2008,-0.091933,0.175292,45.994,-0.247276,0.166507,,data/governance/wgi/wgidataset_with_sourcedata-2025.xlsx,cc!I1797,rl!I1874,,
BRA,2009,-0.040203,0.173145,47.0411,-0.205322,0.161658,,data/governance/wgi/wgidataset_with_sourcedata-2025.xlsx,cc!I2005,rl!I2084,,
BRA,2010,-0.015097,0.172684,47.5492,-0.041388,0.161658,,data/governance/wgi/wgidataset_with_sourcedata-2025.xlsx,cc!I2215,rl!I2296,,
BRA,2011,0.209751,0.156277,52.1005,-0.074789,0.136821,,data/governance/wgi/wgidataset_with_sourcedata-2025.xlsx,cc!I2426,rl!I2508,,
BRA,2012,-0.011387,0.156277,47.6243,-0.044689,0.136821,43.0,data/governance/wgi/wgidataset_with_sourcedata-2025.xlsx,cc!I2638,rl!I2722,data/governance/cpi/CPI2025_Results.xlsx,CPI Timeseries 2012 - 2025!AZ26
BRA,2013,-0.060864,0.157256,46.6229,-0.134533,0.139023,42.0,data/governance/wgi/wgidataset_with_sourcedata-2025.xlsx,cc!I2850,rl!I2936,data/governance/cpi/CPI2025_Results.xlsx,CPI Timeseries 2012 - 2025!AW26
BRA,2014,-0.235179,0.157256,43.0944,-0.141991,0.139023,43.0,data/governance/wgi/wgidataset_with_sourcedata-2025.xlsx,cc!I3062,rl!I3150,data/governance/cpi/CPI2025_Results.xlsx,CPI Timeseries 2012 - 2025!AT26
BRA,2015,-0.351268,0.159218,40.7446,-0.225205,0.142071,38.0,data/governance/wgi/wgidataset_with_sourcedata-2025.xlsx,cc!I3274,rl!I3364,data/governance/cpi/CPI2025_Results.xlsx,CPI Timeseries 2012 - 2025!AQ26
BRA,2016,-0.366818,0.159218,40.4299,-0.148568,0.142071,40.0,data/governance/wgi/wgidataset_with_sourcedata-2025.xlsx,cc!I3488,rl!I3578,data/governance/cpi/CPI2025_Results.xlsx,CPI Timeseries 2012 - 2025!AN26
BRA,2017,-0.469369,0.159218,38.3541,-0.280818,0.140184,37.0,data/governance/wgi/wgidataset_with_sourcedata-2025.xlsx,cc!I3700,rl!I3790,data/governance/cpi/CPI2025_Results.xlsx,CPI Timeseries 2012 - 2025!AJ26
BRA,2018,-0.407628,0.159218,39.6038,-0.401504,0.142012,35.0,data/governance/wgi/wgidataset_with_sourcedata-2025.xlsx,cc!I3911,rl!I4001,data/governance/cpi/CPI2025_Results.xlsx,CPI Timeseries 2012 - 2025!AF26
BRA,2019,-0.372764,0.159218,40.3095,-0.386178,0.142012,35.0,data/governance/wgi/wgidataset_with_sourcedata-2025.xlsx,cc!I4122,rl!I4215,data/governance/cpi/CPI2025_Results.xlsx,CPI Timeseries 2012 - 2025!AB26
BRA,2020,-0.337232,0.159218,41.0287,-0.392172,0.148876,38.0,data/governance/wgi/wgidataset_with_sourcedata-2025.xlsx,cc!I4333,rl!I4430,data/governance/cpi/CPI2025_Results.xlsx,CPI Timeseries 2012 - 2025!X26
BRA,2021,-0.404589,0.159218,39.6653,-0.409143,0.148876,38.0,data/governance/wgi/wgidataset_with_sourcedata-2025.xlsx,cc!I4544,rl!I4645,data/governance/cpi/CPI2025_Results.xlsx,CPI Timeseries 2012 - 2025!T26
BRA,2022,-0.456279,0.159218,38.619,-0.439833,0.14636,38.0,data/governance/wgi/wgidataset_with_sourcedata-2025.xlsx,cc!I4757,rl!I4860,data/governance/cpi/CPI2025_Results.xlsx,CPI Timeseries 2012 - 2025!P26
BRA,2023,-0.451506,0.162418,38.7157,-0.483013,0.147031,36.0,data/governance/wgi/wgidataset_with_sourcedata-2025.xlsx,cc!I4972,rl!I5075,data/governance/cpi/CPI2025_Results.xlsx,CPI Timeseries 2012 - 2025!L26
BRA,2024,-0.40889,0.162801,39.5783,-0.446218,0.147031,34.0,data/governance/wgi/wgidataset_with_sourcedata-2025.xlsx,cc!I5187,rl!I5290,data/governance/cpi/CPI2025_Results.xlsx,CPI Timeseries 2012 - 2025!H26
BRA,2025,,,,,,35.0,,,,data/governance/cpi/CPI2025_Results.xlsx,CPI Timeseries 2012 - 2025!D26
BRN,1996,0.743081,0.348612,62.8959,1.052439,0.355562,,data/governance/wgi/wgidataset_with_sourcedata-2025.xlsx,cc!I28,rl!I28,,
BRN,1998,0.379319,0.348612,55.5328,0.780488,0.355562,,data/governance/wgi/wgidataset_with_sourcedata-2025.xlsx,cc!I215,rl!I227,,
BRN,2000,0.370939,0.348612,55.3632,0.776337,0.355562,,data/governance/wgi/wgidataset_with_sourcedata-2025.xlsx,cc!I403,rl!I427,,
BRN,2002,0.184558,0.348612,51.5906,0.781555,0.355562,,data/governance/wgi/wgidataset_with_sourcedata-2025.xlsx,cc!I592,rl!I629,,
BRN,2003,0.182534,0.348612,51.5496,0.779335,0.355562,,data/governance/wgi/wgidataset_with_sourcedata-2025.xlsx,cc!I782,rl!I831,,
BRN,2004,0.208306,0.348612,52.0713,0.621077,0.355562,,data/governance/wgi/wgidataset_with_sourcedata-2025.xlsx,cc!I976,rl!I1037,,
BRN,2005,0.178963,0.348612,51.4773,0.161658,0.32039,,data/governance/wgi/wgidataset_with_sourcedata-2025.xlsx,cc!I1180,rl!I1246,,
BRN,2006,0.184213,0.348612,51.5836,0.160509,0.32039,,data/governance/wgi/wgidataset_with_sourcedata-2025.xlsx,cc!I1386,rl!I1456,,
BRN,2007,0.180452,0.348612,51.5075,0.378457,0.32039,,data/governance/wgi/wgidataset_with_sourcedata-2025.xlsx,cc!I1592,rl!I1666,,
BRN,2008,0.279238,0.301964,53.507,0.444012,0.2852,,data/governance/wgi/wgidataset_with_sourcedata-2025.xlsx,cc!I1799,rl!I1876,,
BRN,2009,0.926634,0.23472,66.6113,0.659396,0.214494,,data/governance/wgi/wgidataset_with_sourcedata-2025.xlsx,cc!I2007,rl!I2086,,
BRN,2010,0.928487,0.23472,66.6488,0.641092,0.214494,,data/governance/wgi/wgidataset_with_sourcedata-2025.xlsx,cc!I2217,rl!I2298,,
BRN,2011,0.945319,0.23472,66.9895,0.670876,0.214494,,data/governance/wgi/wgidataset_with_sourcedata-2025.xlsx,cc!I2428,rl!I2510,,
BRN,2012,0.967121,0.23472,67.4308,0.633854,0.214494,55.0,data/governance/wgi/wgidataset_with_sourcedata-2025.xlsx,cc!I2640,rl!I2724,data/governance/cpi/CPI2025_Results.xlsx,CPI Timeseries 2012 - 2025!AZ27
BRN,2013,0.996323,0.23472,68.0219,0.468999,0.195359,60.0,data/governance/wgi/wgidataset_with_sourcedata-2025.xlsx,cc!I2852,rl!I2938,data/governance/cpi/CPI2025_Results.xlsx,CPI Timeseries 2012 - 2025!AW27
BRN,2014,1.203683,0.23588,72.2192,0.454022,0.195359,,data/governance/wgi/wgidataset_with_sourcedata-2025.xlsx,cc!I3064,rl!I3152,,
BRN,2015,1.204825,0.23588,72.2423,0.374589,0.195359,,data/governance/wgi/wgidataset_with_sourcedata-2025.xlsx,cc!I3276,rl!I3366,,
BRN,2016,1.085542,0.23588,69.8279,0.265686,0.195359,58.0,data/governance/wgi/wgidataset_with_sourcedata-2025.xlsx,cc!I3490,rl!I3580,data/governance/cpi/CPI2025_Results.xlsx,CPI Timeseries 2012 - 2025!AN27
BRN,2017,1.216699,0.23588,72.4827,0.293646,0.195359,62.0,data/governance/wgi/wgidataset_with_sourcedata-2025.xlsx,cc!I3702,rl!I3792,data/governance/cpi/CPI2025_Results.xlsx,CPI Timeseries 2012 - 2025!AJ27
BRN,2018,1.215973,0.23588,72.468,0.340509,0.200402,63.0,data/governance/wgi/wgidataset_with_sourcedata-2025.xlsx,cc!I3913,rl!I4003,data/governance/cpi/CPI2025_Results.xlsx,CPI Timeseries 2012 - 2025!AF27
BRN,2019,1.183167,0.23588,71.8039,0.288546,0.200402,60.0,data/governance/wgi/wgidataset_with_sourcedata-2025.xlsx,cc!I4124,rl!I4217,data/governance/cpi/CPI2025_Results.xlsx,CPI Timeseries 2012 - 2025!AB27
BRN,2020,1.183555,0.23588,71.8118,0.563421,0.221223,60.0,data/governance/wgi/wgidataset_with_sourcedata-2025.xlsx,cc!I4335,rl!I4432,data/governance/cpi/CPI2025_Results.xlsx,CPI Timeseries 2012 - 2025!X27
BRN,2021,1.1828,0.23588,71.7965,0.561635,0.221223,,data/governance/wgi/wgidataset_with_sourcedata-2025.xlsx,cc!I4546,rl!I4647,,
BRN,2022,1.182541,0.23588,71.7913,0.638584,0.213211,,data/governance/wgi/wgidataset_with_sourcedata-2025.xlsx,cc!I4759,rl!I4862,,
BRN,2023,1.18165,0.23588,71.7732,0.638307,0.213211,,data/governance/wgi/wgidataset_with_sourcedata-2025.xlsx,cc!I4974,rl!I5077,,
BRN,2024,1.186177,0.23588,71.8649,0.587608,0.213211,,data/governance/wgi/wgidataset_with_sourcedata-2025.xlsx,cc!I5189,rl!I5292,,
BRN,2025,,,,,,63.0,,,,data/governance/cpi/CPI2025_Results.xlsx,CPI Timeseries 2012 - 2025!D27
CAN,1996,2.179523,0.199662,91.9717,1.754417,0.186813,,data/governance/wgi/wgidataset_with_sourcedata-2025.xlsx,cc!I32,rl!I32,,
CAN,1998,2.182987,0.199662,92.0418,1.744939,0.186813,,data/governance/wgi/wgidataset_with_sourcedata-2025.xlsx,cc!I219,rl!I231,,
CAN,2000,2.062699,0.199662,89.607,1.795216,0.186813,,data/governance/wgi/wgidataset_with_sourcedata-2025.xlsx,cc!I407,rl!I431,,
CAN,2002,1.89376,0.199662,86.1874,1.776434,0.186813,,data/governance/wgi/wgidataset_with_sourcedata-2025.xlsx,cc!I596,rl!I633,,
CAN,2003,1.961615,0.199662,87.5609,1.705305,0.186813,,data/governance/wgi/wgidataset_with_sourcedata-2025.xlsx,cc!I786,rl!I835,,
CAN,2004,1.724174,0.198957,82.7547,1.692547,0.186813,,data/governance/wgi/wgidataset_with_sourcedata-2025.xlsx,cc!I980,rl!I1041,,
CAN,2005,1.916248,0.198957,86.6426,1.665024,0.181113,,data/governance/wgi/wgidataset_with_sourcedata-2025.xlsx,cc!I1184,rl!I1250,,
CAN,2006,1.976193,0.196301,87.856,1.802596,0.179369,,data/governance/wgi/wgidataset_with_sourcedata-2025.xlsx,cc!I1390,rl!I1460,,
CAN,2007,1.934458,0.194408,87.0112,1.732916,0.174712,,data/governance/wgi/wgidataset_with_sourcedata-2025.xlsx,cc!I1596,rl!I1670,,
CAN,2008,1.94249,0.194408,87.1738,1.696766,0.174712,,data/governance/wgi/wgidataset_with_sourcedata-2025.xlsx,cc!I1803,rl!I1880,,
CAN,2009,1.967756,0.194408,87.6852,1.633841,0.174712,,data/governance/wgi/wgidataset_with_sourcedata-2025.xlsx,cc!I2011,rl!I2090,,
CAN,2010,1.941867,0.194408,87.1612,1.60017,0.174712,,data/governance/wgi/wgidataset_with_sourcedata-2025.xlsx,cc!I2221,rl!I2302,,
CAN,2011,1.889244,0.171828,86.096,1.576628,0.144466,,data/governance/wgi/wgidataset_with_sourcedata-2025.xlsx,cc!I2432,rl!I2514,,
CAN,2012,1.84074,0.171828,85.1142,1.601385,0.144466,84.0,data/governance/wgi/wgidataset_with_sourcedata-2025.xlsx,cc!I2644,rl!I2728,data/governance/cpi/CPI2025_Results.xlsx,CPI Timeseries 2012 - 2025!AZ34
CAN,2013,1.829206,0.173131,84.8808,1.589742,0.147066,81.0,data/governance/wgi/wgidataset_with_sourcedata-2025.xlsx,cc!I2856,rl!I2942,data/governance/cpi/CPI2025_Results.xlsx,CPI Timeseries 2012 - 2025!AW34
CAN,2014,1.817856,0.173131,84.651,1.64322,0.147066,81.0,data/governance/wgi/wgidataset_with_sourcedata-2025.xlsx,cc!I3068,rl!I3156,data/governance/cpi/CPI2025_Results.xlsx,CPI Timeseries 2012 - 2025!AT34
CAN,2015,1.867974,0.173131,85.6655,1.720459,0.147066,83.0,data/governance/wgi/wgidataset_with_sourcedata-2025.xlsx,cc!I3280,rl!I3370,data/governance/cpi/CPI2025_Results.xlsx,CPI Timeseries 2012 - 2025!AQ34
CAN,2016,1.940733,0.173131,87.1382,1.728656,0.147066,82.0,data/governance/wgi/wgidataset_with_sourcedata-2025.xlsx,cc!I3494,rl!I3584,data/governance/cpi/CPI2025_Results.xlsx,CPI Timeseries 2012 - 2025!AN34
CAN,2017,1.884122,0.173595,85.9924,1.712657,0.147066,82.0,data/governance/wgi/wgidataset_with_sourcedata-2025.xlsx,cc!I3706,rl!I3796,data/governance/cpi/CPI2025_Results.xlsx,CPI Timeseries 2012 - 2025!AJ34
CAN,2018,1.807353,0.173595,84.4384,1.702834,0.149181,81.0,data/governance/wgi/wgidataset_with_sourcedata-2025.xlsx,cc!I3917,rl!I4007,data/governance/cpi/CPI2025_Results.xlsx,CPI Timeseries 2012 - 2025!AF34
CAN,2019,1.795507,0.173595,84.1987,1.682264,0.149181,77.0,data/governance/wgi/wgidataset_with_sourcedata-2025.xlsx,cc!I4128,rl!I4221,data/governance/cpi/CPI2025_Results.xlsx,CPI Timeseries 2012 - 2025!AB34
CAN,2020,1.642213,0.173595,81.0957,1.55859,0.157199,77.0,data/governance/wgi/wgidataset_with_sourcedata-2025.xlsx,cc!I4339,rl!I4436,data/governance/cpi/CPI2025_Results.xlsx,CPI Timeseries 2012 - 2025!X34
CAN,2021,1.615613,0.173595,80.5573,1.549333,0.157199,74.0,data/governance/wgi/wgidataset_with_sourcedata-2025.xlsx,cc!I4550,rl!I4651,data/governance/cpi/CPI2025_Results.xlsx,CPI Timeseries 2012 - 2025!T34
CAN,2022,1.651994,0.173595,81.2937,1.505258,0.154246,74.0,data/governance/wgi/wgidataset_with_sourcedata-2025.xlsx,cc!I4763,rl!I4866,data/governance/cpi/CPI2025_Results.xlsx,CPI Timeseries 2012 - 2025!P34
CAN,2023,1.626358,0.173595,80.7748,1.436168,0.154246,76.0,data/governance/wgi/wgidataset_with_sourcedata-2025.xlsx,cc!I4978,rl!I5081,data/governance/cpi/CPI2025_Results.xlsx,CPI Timeseries 2012 - 2025!L34
CAN,2024,1.631909,0.172015,80.8872,1.46083,0.153435,75.0,data/governance/wgi/wgidataset_with_sourcedata-2025.xlsx,cc!I5193,rl!I5296,data/governance/cpi/CPI2025_Results.xlsx,CPI Timeseries 2012 - 2025!H34
CAN,2025,,,,,,75.0,,,,data/governance/cpi/CPI2025_Results.xlsx,CPI Timeseries 2012 - 2025!D34
CHE,1996,2.107325,0.199662,90.5103,1.961591,0.186813,,data/governance/wgi/wgidataset_with_sourcedata-2025.xlsx,cc!I33,rl!I33,,
CHE,1998,2.101638,0.199662,90.3952,1.939027,0.186813,,data/governance/wgi/wgidataset_with_sourcedata-2025.xlsx,cc!I220,rl!I232,,
CHE,2000,2.006334,0.199662,88.4661,2.003931,0.186813,,data/governance/wgi/wgidataset_with_sourcedata-2025.xlsx,cc!I408,rl!I432,,
CHE,2002,1.992029,0.199662,88.1766,1.905749,0.186813,,data/governance/wgi/wgidataset_with_sourcedata-2025.xlsx,cc!I597,rl!I634,,
CHE,2003,1.974908,0.199662,87.83,1.901811,0.186813,,data/governance/wgi/wgidataset_with_sourcedata-2025.xlsx,cc!I787,rl!I836,,
CHE,2004,1.867188,0.198957,85.6496,1.837629,0.186813,,data/governance/wgi/wgidataset_with_sourcedata-2025.xlsx,cc!I981,rl!I1042,,
CHE,2005,1.982124,0.198957,87.9761,1.886963,0.181113,,data/governance/wgi/wgidataset_with_sourcedata-2025.xlsx,cc!I1185,rl!I1251,,
CHE,2006,2.192774,0.197363,92.2399,1.789899,0.1806,,data/governance/wgi/wgidataset_with_sourcedata-2025.xlsx,cc!I1391,rl!I1461,,
CHE,2007,2.180359,0.197363,91.9886,1.827,0.1806,,data/governance/wgi/wgidataset_with_sourcedata-2025.xlsx,cc!I1597,rl!I1671,,
CHE,2008,2.176294,0.197363,91.9064,1.830644,0.1806,,data/governance/wgi/wgidataset_with_sourcedata-2025.xlsx,cc!I1804,rl!I1881,,
CHE,2009,2.049901,0.197363,89.348,1.784598,0.1806,,data/governance/wgi/wgidataset_with_sourcedata-2025.xlsx,cc!I2012,rl!I2091,,
CHE,2010,2.06491,0.197363,89.6518,1.798446,0.1806,,data/governance/wgi/wgidataset_with_sourcedata-2025.xlsx,cc!I2222,rl!I2303,,
CHE,2011,2.089242,0.197363,90.1443,1.806843,0.1806,,data/governance/wgi/wgidataset_with_sourcedata-2025.xlsx,cc!I2433,rl!I2515,,
CHE,2012,2.16495,0.197363,91.6767,1.868798,0.1806,86.0,data/governance/wgi/wgidataset_with_sourcedata-2025.xlsx,cc!I2645,rl!I2729,data/governance/cpi/CPI2025_Results.xlsx,CPI Timeseries 2012 - 2025!AZ46
CHE,2013,2.129128,0.197363,90.9516,1.796937,0.1806,85.0,data/governance/wgi/wgidataset_with_sourcedata-2025.xlsx,cc!I2857,rl!I2943,data/governance/cpi/CPI2025_Results.xlsx,CPI Timeseries 2012 - 2025!AW46
CHE,2014,2.260746,0.197363,93.6158,1.880784,0.1806,86.0,data/governance/wgi/wgidataset_with_sourcedata-2025.xlsx,cc!I3069,rl!I3157,data/governance/cpi/CPI2025_Results.xlsx,CPI Timeseries 2012 - 2025!AT46
CHE,2015,2.270225,0.197363,93.8077,1.885681,0.1806,86.0,data/governance/wgi/wgidataset_with_sourcedata-2025.xlsx,cc!I3281,rl!I3371,data/governance/cpi/CPI2025_Results.xlsx,CPI Timeseries 2012 - 2025!AQ46
CHE,2016,2.28304,0.197363,94.0671,1.897037,0.1806,86.0,data/governance/wgi/wgidataset_with_sourcedata-2025.xlsx,cc!I3495,rl!I3585,data/governance/cpi/CPI2025_Results.xlsx,CPI Timeseries 2012 - 2025!AN46
CHE,2017,2.302758,0.197363,94.4662,1.889529,0.1806,85.0,data/governance/wgi/wgidataset_with_sourcedata-2025.xlsx,cc!I3707,rl!I3797,data/governance/cpi/CPI2025_Results.xlsx,CPI Timeseries 2012 - 2025!AJ46
CHE,2018,2.293776,0.197363,94.2844,1.913422,0.184562,85.0,data/governance/wgi/wgidataset_with_sourcedata-2025.xlsx,cc!I3918,rl!I4008,data/governance/cpi/CPI2025_Results.xlsx,CPI Timeseries 2012 - 2025!AF46
CHE,2019,2.30097,0.197363,94.43,1.914123,0.184562,85.0,data/governance/wgi/wgidataset_with_sourcedata-2025.xlsx,cc!I4129,rl!I4222,data/governance/cpi/CPI2025_Results.xlsx,CPI Timeseries 2012 - 2025!AB46
CHE,2020,2.286879,0.197363,94.1448,1.807707,0.200438,85.0,data/governance/wgi/wgidataset_with_sourcedata-2025.xlsx,cc!I4340,rl!I4437,data/governance/cpi/CPI2025_Results.xlsx,CPI Timeseries 2012 - 2025!X46
CHE,2021,2.105955,0.198051,90.4826,1.789399,0.192455,84.0,data/governance/wgi/wgidataset_with_sourcedata-2025.xlsx,cc!I4551,rl!I4652,data/governance/cpi/CPI2025_Results.xlsx,CPI Timeseries 2012 - 2025!T46
CHE,2022,2.094943,0.198051,90.2597,1.779351,0.18711,82.0,data/governance/wgi/wgidataset_with_sourcedata-2025.xlsx,cc!I4764,rl!I4867,data/governance/cpi/CPI2025_Results.xlsx,CPI Timeseries 2012 - 2025!P46
CHE,2023,2.097244,0.198051,90.3063,1.792091,0.18711,82.0,data/governance/wgi/wgidataset_with_sourcedata-2025.xlsx,cc!I4979,rl!I5082,data/governance/cpi/CPI2025_Results.xlsx,CPI Timeseries 2012 - 2025!L46
CHE,2024,2.007218,0.198051,88.484,1.763652,0.18711,81.0,data/governance/wgi/wgidataset_with_sourcedata-2025.xlsx,cc!I5194,rl!I5297,data/governance/cpi/CPI2025_Results.xlsx,CPI Timeseries 2012 - 2025!H46
CHE,2025,,,,,,80.0,,,,data/governance/cpi/CPI2025_Results.xlsx,CPI Timeseries 2012 - 2025!D46
CHL,1996,1.590696,0.199662,80.0529,1.190886,0.185324,,data/governance/wgi/wgidataset_with_sourcedata-2025.xlsx,cc!I34,rl!I34,,
CHL,1998,1.371389,0.199662,75.6139,1.110854,0.185324,,data/governance/wgi/wgidataset_with_sourcedata-2025.xlsx,cc!I221,rl!I233,,
CHL,2000,1.53755,0.199662,78.9772,1.316448,0.185324,,data/governance/wgi/wgidataset_with_sourcedata-2025.xlsx,cc!I409,rl!I433,,
CHL,2002,1.553211,0.199616,79.2942,1.326463,0.17807,,data/governance/wgi/wgidataset_with_sourcedata-2025.xlsx,cc!I598,rl!I635,,
CHL,2003,1.175906,0.199616,71.657,1.293414,0.17807,,data/governance/wgi/wgidataset_with_sourcedata-2025.xlsx,cc!I788,rl!I837,,
CHL,2004,1.267967,0.179115,73.5204,1.285033,0.176881,,data/governance/wgi/wgidataset_with_sourcedata-2025.xlsx,cc!I982,rl!I1043,,
CHL,2005,1.502074,0.178605,78.2591,1.329033,0.17202,,data/governance/wgi/wgidataset_with_sourcedata-2025.xlsx,cc!I1186,rl!I1252,,
CHL,2006,1.47133,0.176676,77.6368,1.289773,0.170523,,data/governance/wgi/wgidataset_with_sourcedata-2025.xlsx,cc!I1392,rl!I1462,,
CHL,2007,1.396352,0.176676,76.1191,1.292377,0.170523,,data/governance/wgi/wgidataset_with_sourcedata-2025.xlsx,cc!I1598,rl!I1672,,
CHL,2008,1.394793,0.175292,76.0876,1.248799,0.166507,,data/governance/wgi/wgidataset_with_sourcedata-2025.xlsx,cc!I1805,rl!I1882,,
CHL,2009,1.420522,0.175292,76.6084,1.252374,0.166507,,data/governance/wgi/wgidataset_with_sourcedata-2025.xlsx,cc!I2013,rl!I2092,,
CHL,2010,1.507407,0.179591,78.3671,1.229755,0.167498,,data/governance/wgi/wgidataset_with_sourcedata-2025.xlsx,cc!I2223,rl!I2304,,
CHL,2011,1.544199,0.161341,79.1118,1.105687,0.140307,,data/governance/wgi/wgidataset_with_sourcedata-2025.xlsx,cc!I2434,rl!I2516,,
CHL,2012,1.479689,0.161341,77.806,1.13565,0.140307,72.0,data/governance/wgi/wgidataset_with_sourcedata-2025.xlsx,cc!I2646,rl!I2730,data/governance/cpi/CPI2025_Results.xlsx,CPI Timeseries 2012 - 2025!AZ37
CHL,2013,1.431156,0.162418,76.8236,1.073224,0.142685,71.0,data/governance/wgi/wgidataset_with_sourcedata-2025.xlsx,cc!I2858,rl!I2944,data/governance/cpi/CPI2025_Results.xlsx,CPI Timeseries 2012 - 2025!AW37
CHL,2014,1.386066,0.162418,75.9109,1.057621,0.142685,73.0,data/governance/wgi/wgidataset_with_sourcedata-2025.xlsx,cc!I3070,rl!I3158,data/governance/cpi/CPI2025_Results.xlsx,CPI Timeseries 2012 - 2025!AT37
CHL,2015,1.143849,0.162418,71.0081,1.003335,0.142685,70.0,data/governance/wgi/wgidataset_with_sourcedata-2025.xlsx,cc!I3282,rl!I3372,data/governance/cpi/CPI2025_Results.xlsx,CPI Timeseries 2012 - 2025!AQ37
CHL,2016,1.103647,0.162418,70.1943,0.989253,0.142685,66.0,data/governance/wgi/wgidataset_with_sourcedata-2025.xlsx,cc!I3496,rl!I3586,data/governance/cpi/CPI2025_Results.xlsx,CPI Timeseries 2012 - 2025!AN37
CHL,2017,1.112364,0.162418,70.3708,0.967431,0.142685,67.0,data/governance/wgi/wgidataset_with_sourcedata-2025.xlsx,cc!I3708,rl!I3798,data/governance/cpi/CPI2025_Results.xlsx,CPI Timeseries 2012 - 2025!AJ37
CHL,2018,1.112123,0.162418,70.3659,0.958074,0.144615,67.0,data/governance/wgi/wgidataset_with_sourcedata-2025.xlsx,cc!I3919,rl!I4009,data/governance/cpi/CPI2025_Results.xlsx,CPI Timeseries 2012 - 2025!AF37
CHL,2019,1.157037,0.162418,71.275,0.914244,0.144615,67.0,data/governance/wgi/wgidataset_with_sourcedata-2025.xlsx,cc!I4130,rl!I4223,data/governance/cpi/CPI2025_Results.xlsx,CPI Timeseries 2012 - 2025!AB37
CHL,2020,1.215627,0.162418,72.461,0.739241,0.151882,67.0,data/governance/wgi/wgidataset_with_sourcedata-2025.xlsx,cc!I4341,rl!I4438,data/governance/cpi/CPI2025_Results.xlsx,CPI Timeseries 2012 - 2025!X37
CHL,2021,1.146301,0.162418,71.0577,0.756484,0.151882,67.0,data/governance/wgi/wgidataset_with_sourcedata-2025.xlsx,cc!I4552,rl!I4653,data/governance/cpi/CPI2025_Results.xlsx,CPI Timeseries 2012 - 2025!T37
CHL,2022,1.145297,0.162418,71.0374,0.743761,0.149213,67.0,data/governance/wgi/wgidataset_with_sourcedata-2025.xlsx,cc!I4765,rl!I4868,data/governance/cpi/CPI2025_Results.xlsx,CPI Timeseries 2012 - 2025!P37
CHL,2023,1.031834,0.162418,68.7407,0.66478,0.149213,66.0,data/governance/wgi/wgidataset_with_sourcedata-2025.xlsx,cc!I4980,rl!I5083,data/governance/cpi/CPI2025_Results.xlsx,CPI Timeseries 2012 - 2025!L37
CHL,2024,1.105797,0.162801,70.2379,0.691055,0.149213,63.0,data/governance/wgi/wgidataset_with_sourcedata-2025.xlsx,cc!I5195,rl!I5298,data/governance/cpi/CPI2025_Results.xlsx,CPI Timeseries 2012 - 2025!H37
CHL,2025,,,,,,63.0,,,,data/governance/cpi/CPI2025_Results.xlsx,CPI Timeseries 2012 - 2025!D37
COL,1996,-0.514752,0.199662,37.4354,-0.86962,0.185324,,data/governance/wgi/wgidataset_with_sourcedata-2025.xlsx,cc!I40,rl!I40,,
COL,1998,-0.591854,0.199662,35.8748,-0.797549,0.185324,,data/governance/wgi/wgidataset_with_sourcedata-2025.xlsx,cc!I227,rl!I239,,
COL,2000,-0.620916,0.199662,35.2865,-1.051231,0.185324,,data/governance/wgi/wgidataset_with_sourcedata-2025.xlsx,cc!I415,rl!I439,,
COL,2002,-0.2334,0.199616,43.1305,-0.807043,0.17807,,data/governance/wgi/wgidataset_with_sourcedata-2025.xlsx,cc!I604,rl!I641,,
COL,2003,-0.178241,0.199616,44.247,-0.760678,0.17807,,data/governance/wgi/wgidataset_with_sourcedata-2025.xlsx,cc!I794,rl!I843,,
COL,2004,-0.073882,0.175577,46.3594,-0.532234,0.170052,,data/governance/wgi/wgidataset_with_sourcedata-2025.xlsx,cc!I988,rl!I1049,,
COL,2005,-0.100181,0.175097,45.827,-0.559723,0.165719,,data/governance/wgi/wgidataset_with_sourcedata-2025.xlsx,cc!I1193,rl!I1259,,
COL,2006,-0.202551,0.174007,43.7549,-0.552814,0.165326,,data/governance/wgi/wgidataset_with_sourcedata-2025.xlsx,cc!I1399,rl!I1469,,
COL,2007,-0.264269,0.172684,42.5056,-0.439478,0.161658,,data/governance/wgi/wgidataset_with_sourcedata-2025.xlsx,cc!I1605,rl!I1679,,
COL,2008,-0.230105,0.172684,43.1972,-0.408723,0.161658,,data/governance/wgi/wgidataset_with_sourcedata-2025.xlsx,cc!I1812,rl!I1889,,
COL,2009,-0.289566,0.172684,41.9936,-0.46295,0.161658,,data/governance/wgi/wgidataset_with_sourcedata-2025.xlsx,cc!I2020,rl!I2099,,
COL,2010,-0.376108,0.172684,40.2418,-0.360987,0.161658,,data/governance/wgi/wgidataset_with_sourcedata-2025.xlsx,cc!I2230,rl!I2311,,
COL,2011,-0.206675,0.156277,43.6714,-0.390244,0.136821,,data/governance/wgi/wgidataset_with_sourcedata-2025.xlsx,cc!I2441,rl!I2523,,
COL,2012,-0.409987,0.158202,39.5561,-0.447664,0.139723,36.0,data/governance/wgi/wgidataset_with_sourcedata-2025.xlsx,cc!I2653,rl!I2737,data/governance/cpi/CPI2025_Results.xlsx,CPI Timeseries 2012 - 2025!AZ39
COL,2013,-0.441234,0.159218,38.9236,-0.483687,0.142071,36.0,data/governance/wgi/wgidataset_with_sourcedata-2025.xlsx,cc!I2865,rl!I2951,data/governance/cpi/CPI2025_Results.xlsx,CPI Timeseries 2012 - 2025!AW39
COL,2014,-0.371322,0.159218,40.3387,-0.411465,0.142071,37.0,data/governance/wgi/wgidataset_with_sourcedata-2025.xlsx,cc!I3077,rl!I3165,data/governance/cpi/CPI2025_Results.xlsx,CPI Timeseries 2012 - 2025!AT39
COL,2015,-0.317337,0.159218,41.4314,-0.399534,0.142071,37.0,data/governance/wgi/wgidataset_with_sourcedata-2025.xlsx,cc!I3289,rl!I3379,data/governance/cpi/CPI2025_Results.xlsx,CPI Timeseries 2012 - 2025!AQ39
COL,2016,-0.369489,0.159218,40.3758,-0.348819,0.142071,37.0,data/governance/wgi/wgidataset_with_sourcedata-2025.xlsx,cc!I3502,rl!I3592,data/governance/cpi/CPI2025_Results.xlsx,CPI Timeseries 2012 - 2025!AN39
COL,2017,-0.410863,0.159218,39.5383,-0.365383,0.142071,37.0,data/governance/wgi/wgidataset_with_sourcedata-2025.xlsx,cc!I3714,rl!I3804,data/governance/cpi/CPI2025_Results.xlsx,CPI Timeseries 2012 - 2025!AJ39
COL,2018,-0.318594,0.159218,41.406,-0.422011,0.143976,36.0,data/governance/wgi/wgidataset_with_sourcedata-2025.xlsx,cc!I3925,rl!I4016,data/governance/cpi/CPI2025_Results.xlsx,CPI Timeseries 2012 - 2025!AF39
COL,2019,-0.272275,0.159218,42.3436,-0.452757,0.143976,37.0,data/governance/wgi/wgidataset_with_sourcedata-2025.xlsx,cc!I4136,rl!I4230,data/governance/cpi/CPI2025_Results.xlsx,CPI Timeseries 2012 - 2025!AB39
COL,2020,-0.256464,0.159218,42.6636,-0.482496,0.151142,39.0,data/governance/wgi/wgidataset_with_sourcedata-2025.xlsx,cc!I4347,rl!I4445,data/governance/cpi/CPI2025_Results.xlsx,CPI Timeseries 2012 - 2025!X39
COL,2021,-0.269745,0.159218,42.3948,-0.506983,0.151142,39.0,data/governance/wgi/wgidataset_with_sourcedata-2025.xlsx,cc!I4558,rl!I4660,data/governance/cpi/CPI2025_Results.xlsx,CPI Timeseries 2012 - 2025!T39
COL,2022,-0.2564,0.159218,42.6649,-0.529648,0.148512,39.0,data/governance/wgi/wgidataset_with_sourcedata-2025.xlsx,cc!I4772,rl!I4875,data/governance/cpi/CPI2025_Results.xlsx,CPI Timeseries 2012 - 2025!P39
COL,2023,-0.309005,0.161122,41.6001,-0.56488,0.148479,40.0,data/governance/wgi/wgidataset_with_sourcedata-2025.xlsx,cc!I4987,rl!I5090,data/governance/cpi/CPI2025_Results.xlsx,CPI Timeseries 2012 - 2025!L39
COL,2024,-0.29372,0.161495,41.9095,-0.559743,0.148479,39.0,data/governance/wgi/wgidataset_with_sourcedata-2025.xlsx,cc!I5202,rl!I5305,data/governance/cpi/CPI2025_Results.xlsx,CPI Timeseries 2012 - 2025!H39
COL,2025,,,,,,37.0,,,,data/governance/cpi/CPI2025_Results.xlsx,CPI Timeseries 2012 - 2025!D39
CRI,1996,0.959645,0.217228,67.2795,0.521428,0.195916,,data/governance/wgi/wgidataset_with_sourcedata-2025.xlsx,cc!I43,rl!I43,,
CRI,1998,0.958532,0.217228,67.257,0.453511,0.195916,,data/governance/wgi/wgidataset_with_sourcedata-2025.xlsx,cc!I230,rl!I242,,
CRI,2000,1.024495,0.217228,68.5922,0.484593,0.195916,,data/governance/wgi/wgidataset_with_sourcedata-2025.xlsx,cc!I418,rl!I442,,
CRI,2002,0.458868,0.217168,57.143,0.600659,0.187404,,data/governance/wgi/wgidataset_with_sourcedata-2025.xlsx,cc!I607,rl!I644,,
CRI,2003,0.482579,0.217168,57.623,0.556833,0.187404,,data/governance/wgi/wgidataset_with_sourcedata-2025.xlsx,cc!I797,rl!I846,,
CRI,2004,0.379083,0.189887,55.5281,0.55308,0.184675,,data/governance/wgi/wgidataset_with_sourcedata-2025.xlsx,cc!I991,rl!I1052,,
CRI,2005,0.385086,0.189887,55.6496,0.618668,0.179163,,data/governance/wgi/wgidataset_with_sourcedata-2025.xlsx,cc!I1196,rl!I1262,,
CRI,2006,0.39918,0.1885,55.9348,0.536989,0.178666,,data/governance/wgi/wgidataset_with_sourcedata-2025.xlsx,cc!I1402,rl!I1472,,
CRI,2007,0.456531,0.186821,57.0957,0.527682,0.174062,,data/governance/wgi/wgidataset_with_sourcedata-2025.xlsx,cc!I1608,rl!I1682,,
CRI,2008,0.487714,0.186821,57.7269,0.550706,0.174062,,data/governance/wgi/wgidataset_with_sourcedata-2025.xlsx,cc!I1815,rl!I1892,,
CRI,2009,0.618657,0.186821,60.3774,0.626967,0.174062,,data/governance/wgi/wgidataset_with_sourcedata-2025.xlsx,cc!I2023,rl!I2102,,
CRI,2010,0.699326,0.187404,62.0103,0.649922,0.174062,,data/governance/wgi/wgidataset_with_sourcedata-2025.xlsx,cc!I2233,rl!I2314,,
CRI,2011,0.657907,0.187404,61.1719,0.462602,0.174062,,data/governance/wgi/wgidataset_with_sourcedata-2025.xlsx,cc!I2444,rl!I2526,,
CRI,2012,0.670503,0.189099,61.4268,0.447108,0.178666,54.0,data/governance/wgi/wgidataset_with_sourcedata-2025.xlsx,cc!I2656,rl!I2740,data/governance/cpi/CPI2025_Results.xlsx,CPI Timeseries 2012 - 2025!AZ42
CRI,2013,0.663322,0.194528,61.2815,0.457689,0.179892,53.0,data/governance/wgi/wgidataset_with_sourcedata-2025.xlsx,cc!I2868,rl!I2954,data/governance/cpi/CPI2025_Results.xlsx,CPI Timeseries 2012 - 2025!AW42
CRI,2014,0.78099,0.171911,63.6633,0.546394,0.147354,54.0,data/governance/wgi/wgidataset_with_sourcedata-2025.xlsx,cc!I3080,rl!I3168,data/governance/cpi/CPI2025_Results.xlsx,CPI Timeseries 2012 - 2025!AT42
CRI,2015,0.769969,0.171911,63.4402,0.521252,0.147354,55.0,data/governance/wgi/wgidataset_with_sourcedata-2025.xlsx,cc!I3292,rl!I3382,data/governance/cpi/CPI2025_Results.xlsx,CPI Timeseries 2012 - 2025!AQ42
CRI,2016,0.803436,0.17146,64.1176,0.51435,0.147354,58.0,data/governance/wgi/wgidataset_with_sourcedata-2025.xlsx,cc!I3505,rl!I3595,data/governance/cpi/CPI2025_Results.xlsx,CPI Timeseries 2012 - 2025!AN42
CRI,2017,0.585352,0.17146,59.7033,0.54111,0.147354,59.0,data/governance/wgi/wgidataset_with_sourcedata-2025.xlsx,cc!I3717,rl!I3807,data/governance/cpi/CPI2025_Results.xlsx,CPI Timeseries 2012 - 2025!AJ42
CRI,2018,0.649694,0.17146,61.0056,0.518591,0.149482,56.0,data/governance/wgi/wgidataset_with_sourcedata-2025.xlsx,cc!I3928,rl!I4019,data/governance/cpi/CPI2025_Results.xlsx,CPI Timeseries 2012 - 2025!AF42
CRI,2019,0.724966,0.17146,62.5293,0.580864,0.149482,56.0,data/governance/wgi/wgidataset_with_sourcedata-2025.xlsx,cc!I4139,rl!I4233,data/governance/cpi/CPI2025_Results.xlsx,CPI Timeseries 2012 - 2025!AB42
CRI,2020,0.756375,0.17146,63.165,0.631698,0.157551,57.0,data/governance/wgi/wgidataset_with_sourcedata-2025.xlsx,cc!I4350,rl!I4448,data/governance/cpi/CPI2025_Results.xlsx,CPI Timeseries 2012 - 2025!X42
CRI,2021,0.590956,0.17146,59.8167,0.610454,0.157551,58.0,data/governance/wgi/wgidataset_with_sourcedata-2025.xlsx,cc!I4561,rl!I4663,data/governance/cpi/CPI2025_Results.xlsx,CPI Timeseries 2012 - 2025!T42
CRI,2022,0.56698,0.17146,59.3314,0.667559,0.154578,54.0,data/governance/wgi/wgidataset_with_sourcedata-2025.xlsx,cc!I4775,rl!I4878,data/governance/cpi/CPI2025_Results.xlsx,CPI Timeseries 2012 - 2025!P42
CRI,2023,0.677563,0.169937,61.5697,0.643126,0.153762,55.0,data/governance/wgi/wgidataset_with_sourcedata-2025.xlsx,cc!I4990,rl!I5093,data/governance/cpi/CPI2025_Results.xlsx,CPI Timeseries 2012 - 2025!L42
CRI,2024,0.679237,0.170376,61.6036,0.616741,0.153762,58.0,data/governance/wgi/wgidataset_with_sourcedata-2025.xlsx,cc!I5205,rl!I5308,data/governance/cpi/CPI2025_Results.xlsx,CPI Timeseries 2012 - 2025!H42
CRI,2025,,,,,,56.0,,,,data/governance/cpi/CPI2025_Results.xlsx,CPI Timeseries 2012 - 2025!D42
CYP,1996,1.541627,0.231675,79.0597,0.859576,0.20834,,data/governance/wgi/wgidataset_with_sourcedata-2025.xlsx,cc!I46,rl!I46,,
CYP,1998,1.18337,0.231675,71.8081,0.993834,0.20834,,data/governance/wgi/wgidataset_with_sourcedata-2025.xlsx,cc!I233,rl!I245,,
CYP,2000,1.179669,0.231675,71.7331,1.174465,0.20834,,data/governance/wgi/wgidataset_with_sourcedata-2025.xlsx,cc!I421,rl!I445,,
CYP,2002,1.177049,0.231675,71.6801,1.144043,0.20834,,data/governance/wgi/wgidataset_with_sourcedata-2025.xlsx,cc!I610,rl!I647,,
CYP,2003,1.111154,0.231675,70.3463,1.05555,0.20834,,data/governance/wgi/wgidataset_with_sourcedata-2025.xlsx,cc!I800,rl!I849,,
CYP,2004,0.913783,0.217228,66.3512,0.996348,0.190008,,data/governance/wgi/wgidataset_with_sourcedata-2025.xlsx,cc!I994,rl!I1055,,
CYP,2005,0.955597,0.217228,67.1976,1.111577,0.18402,,data/governance/wgi/wgidataset_with_sourcedata-2025.xlsx,cc!I1199,rl!I1265,,
CYP,2006,1.139261,0.215158,70.9152,1.278593,0.183482,,data/governance/wgi/wgidataset_with_sourcedata-2025.xlsx,cc!I1405,rl!I1475,,
CYP,2007,1.085716,0.215158,69.8314,1.294483,0.183482,,data/governance/wgi/wgidataset_with_sourcedata-2025.xlsx,cc!I1611,rl!I1685,,
CYP,2008,1.182433,0.215158,71.7891,1.36198,0.183482,,data/governance/wgi/wgidataset_with_sourcedata-2025.xlsx,cc!I1818,rl!I1895,,
CYP,2009,1.078596,0.215158,69.6873,1.180908,0.183482,,data/governance/wgi/wgidataset_with_sourcedata-2025.xlsx,cc!I2026,rl!I2105,,
CYP,2010,1.106131,0.215158,70.2446,1.189471,0.183482,,data/governance/wgi/wgidataset_with_sourcedata-2025.xlsx,cc!I2236,rl!I2317,,
CYP,2011,1.012434,0.215158,68.3481,0.957958,0.183482,,data/governance/wgi/wgidataset_with_sourcedata-2025.xlsx,cc!I2447,rl!I2529,,
CYP,2012,1.005224,0.214276,68.2021,0.96104,0.183482,66.0,data/governance/wgi/wgidataset_with_sourcedata-2025.xlsx,cc!I2659,rl!I2743,data/governance/cpi/CPI2025_Results.xlsx,CPI Timeseries 2012 - 2025!AZ110
CYP,2013,0.985608,0.214276,67.805,0.863598,0.183482,63.0,data/governance/wgi/wgidataset_with_sourcedata-2025.xlsx,cc!I2871,rl!I2957,data/governance/cpi/CPI2025_Results.xlsx,CPI Timeseries 2012 - 2025!AW110
CYP,2014,0.753079,0.214276,63.0983,0.822787,0.183482,63.0,data/governance/wgi/wgidataset_with_sourcedata-2025.xlsx,cc!I3083,rl!I3171,data/governance/cpi/CPI2025_Results.xlsx,CPI Timeseries 2012 - 2025!AT110
CYP,2015,0.68242,0.214276,61.6681,0.835657,0.183482,61.0,data/governance/wgi/wgidataset_with_sourcedata-2025.xlsx,cc!I3295,rl!I3385,data/governance/cpi/CPI2025_Results.xlsx,CPI Timeseries 2012 - 2025!AQ110
CYP,2016,0.724777,0.214276,62.5254,0.834571,0.183482,55.0,data/governance/wgi/wgidataset_with_sourcedata-2025.xlsx,cc!I3508,rl!I3598,data/governance/cpi/CPI2025_Results.xlsx,CPI Timeseries 2012 - 2025!AN110
CYP,2017,0.817983,0.197363,64.4121,0.925262,0.174695,57.0,data/governance/wgi/wgidataset_with_sourcedata-2025.xlsx,cc!I3720,rl!I3810,data/governance/cpi/CPI2025_Results.xlsx,CPI Timeseries 2012 - 2025!AJ110
CYP,2018,0.660859,0.197363,61.2316,0.852144,0.178273,59.0,data/governance/wgi/wgidataset_with_sourcedata-2025.xlsx,cc!I3931,rl!I4022,data/governance/cpi/CPI2025_Results.xlsx,CPI Timeseries 2012 - 2025!AF110
CYP,2019,0.680734,0.197363,61.6339,0.858054,0.178273,58.0,data/governance/wgi/wgidataset_with_sourcedata-2025.xlsx,cc!I4142,rl!I4236,data/governance/cpi/CPI2025_Results.xlsx,CPI Timeseries 2012 - 2025!AB110
CYP,2020,0.466352,0.180535,57.2945,0.747267,0.188685,57.0,data/governance/wgi/wgidataset_with_sourcedata-2025.xlsx,cc!I4353,rl!I4451,data/governance/cpi/CPI2025_Results.xlsx,CPI Timeseries 2012 - 2025!X110
CYP,2021,0.490552,0.162024,57.7843,0.771228,0.152071,53.0,data/governance/wgi/wgidataset_with_sourcedata-2025.xlsx,cc!I4564,rl!I4666,data/governance/cpi/CPI2025_Results.xlsx,CPI Timeseries 2012 - 2025!T110
CYP,2022,0.565289,0.162024,59.2971,0.764227,0.149392,52.0,data/governance/wgi/wgidataset_with_sourcedata-2025.xlsx,cc!I4778,rl!I4881,data/governance/cpi/CPI2025_Results.xlsx,CPI Timeseries 2012 - 2025!P110
CYP,2023,0.482682,0.162024,57.6251,0.759116,0.149392,53.0,data/governance/wgi/wgidataset_with_sourcedata-2025.xlsx,cc!I4993,rl!I5096,data/governance/cpi/CPI2025_Results.xlsx,CPI Timeseries 2012 - 2025!L110
CYP,2024,0.532478,0.160738,58.633,0.689191,0.148655,56.0,data/governance/wgi/wgidataset_with_sourcedata-2025.xlsx,cc!I5208,rl!I5311,data/governance/cpi/CPI2025_Results.xlsx,CPI Timeseries 2012 - 2025!H110
CYP,2025,,,,,,55.0,,,,data/governance/cpi/CPI2025_Results.xlsx,CPI Timeseries 2012 - 2025!D110
CZE,1996,0.808292,0.199662,64.2159,0.798196,0.181113,,data/governance/wgi/wgidataset_with_sourcedata-2025.xlsx,cc!I47,rl!I47,,
CZE,1998,0.7763,0.198773,63.5683,0.731966,0.181113,,data/governance/wgi/wgidataset_with_sourcedata-2025.xlsx,cc!I234,rl!I246,,
CZE,2000,0.259475,0.196956,53.107,0.574269,0.181061,,data/governance/wgi/wgidataset_with_sourcedata-2025.xlsx,cc!I422,rl!I446,,
CZE,2002,0.408316,0.196956,56.1198,0.853792,0.174278,,data/governance/wgi/wgidataset_with_sourcedata-2025.xlsx,cc!I611,rl!I648,,
CZE,2003,0.511095,0.196956,58.2002,0.861414,0.174278,,data/governance/wgi/wgidataset_with_sourcedata-2025.xlsx,cc!I801,rl!I850,,
CZE,2004,0.451028,0.181098,56.9843,0.680568,0.168954,,data/governance/wgi/wgidataset_with_sourcedata-2025.xlsx,cc!I995,rl!I1056,,
CZE,2005,0.564339,0.181098,59.2779,0.85324,0.168954,,data/governance/wgi/wgidataset_with_sourcedata-2025.xlsx,cc!I1200,rl!I1266,,
CZE,2006,0.538493,0.179893,58.7548,0.755668,0.168537,,data/governance/wgi/wgidataset_with_sourcedata-2025.xlsx,cc!I1406,rl!I1476,,
CZE,2007,0.427864,0.179893,56.5154,0.726053,0.168537,,data/governance/wgi/wgidataset_with_sourcedata-2025.xlsx,cc!I1612,rl!I1686,,
CZE,2008,0.416593,0.179893,56.2873,0.732948,0.168537,,data/governance/wgi/wgidataset_with_sourcedata-2025.xlsx,cc!I1819,rl!I1896,,
CZE,2009,0.395089,0.179893,55.852,0.73871,0.168537,,data/governance/wgi/wgidataset_with_sourcedata-2025.xlsx,cc!I2027,rl!I2106,,
CZE,2010,0.393706,0.165708,55.8241,0.73306,0.162277,,data/governance/wgi/wgidataset_with_sourcedata-2025.xlsx,cc!I2237,rl!I2318,,
CZE,2011,0.47451,0.15105,57.4596,0.844062,0.137195,,data/governance/wgi/wgidataset_with_sourcedata-2025.xlsx,cc!I2448,rl!I2530,,
CZE,2012,0.410438,0.15105,56.1627,0.830921,0.137195,49.0,data/governance/wgi/wgidataset_with_sourcedata-2025.xlsx,cc!I2660,rl!I2744,data/governance/cpi/CPI2025_Results.xlsx,CPI Timeseries 2012 - 2025!AZ122
CZE,2013,0.382778,0.151933,55.6028,0.858786,0.139416,48.0,data/governance/wgi/wgidataset_with_sourcedata-2025.xlsx,cc!I2872,rl!I2958,data/governance/cpi/CPI2025_Results.xlsx,CPI Timeseries 2012 - 2025!AW122
CZE,2014,0.509133,0.151933,58.1605,0.957065,0.139416,51.0,data/governance/wgi/wgidataset_with_sourcedata-2025.xlsx,cc!I3084,rl!I3172,data/governance/cpi/CPI2025_Results.xlsx,CPI Timeseries 2012 - 2025!AT122
CZE,2015,0.592926,0.151933,59.8566,1.047513,0.139416,56.0,data/governance/wgi/wgidataset_with_sourcedata-2025.xlsx,cc!I3296,rl!I3386,data/governance/cpi/CPI2025_Results.xlsx,CPI Timeseries 2012 - 2025!AQ122
CZE,2016,0.624769,0.151933,60.5011,1.084632,0.139416,55.0,data/governance/wgi/wgidataset_with_sourcedata-2025.xlsx,cc!I3509,rl!I3599,data/governance/cpi/CPI2025_Results.xlsx,CPI Timeseries 2012 - 2025!AN122
CZE,2017,0.747385,0.151933,62.9831,1.13083,0.139416,57.0,data/governance/wgi/wgidataset_with_sourcedata-2025.xlsx,cc!I3721,rl!I3811,data/governance/cpi/CPI2025_Results.xlsx,CPI Timeseries 2012 - 2025!AJ122
CZE,2018,0.614058,0.152762,60.2843,1.04031,0.141239,59.0,data/governance/wgi/wgidataset_with_sourcedata-2025.xlsx,cc!I3932,rl!I4023,data/governance/cpi/CPI2025_Results.xlsx,CPI Timeseries 2012 - 2025!AF122
CZE,2019,0.603408,0.152762,60.0687,1.116394,0.141239,56.0,data/governance/wgi/wgidataset_with_sourcedata-2025.xlsx,cc!I4143,rl!I4237,data/governance/cpi/CPI2025_Results.xlsx,CPI Timeseries 2012 - 2025!AB122
CZE,2020,0.634167,0.152762,60.6913,1.124593,0.147985,54.0,data/governance/wgi/wgidataset_with_sourcedata-2025.xlsx,cc!I4354,rl!I4452,data/governance/cpi/CPI2025_Results.xlsx,CPI Timeseries 2012 - 2025!X122
CZE,2021,0.730009,0.152762,62.6313,1.166983,0.147985,54.0,data/governance/wgi/wgidataset_with_sourcedata-2025.xlsx,cc!I4565,rl!I4667,data/governance/cpi/CPI2025_Results.xlsx,CPI Timeseries 2012 - 2025!T122
CZE,2022,0.803175,0.152762,64.1123,1.139273,0.145514,56.0,data/governance/wgi/wgidataset_with_sourcedata-2025.xlsx,cc!I4779,rl!I4882,data/governance/cpi/CPI2025_Results.xlsx,CPI Timeseries 2012 - 2025!P122
CZE,2023,0.849921,0.152762,65.0585,1.160587,0.145514,57.0,data/governance/wgi/wgidataset_with_sourcedata-2025.xlsx,cc!I4994,rl!I5097,data/governance/cpi/CPI2025_Results.xlsx,CPI Timeseries 2012 - 2025!L122
CZE,2024,0.931066,0.151682,66.701,1.188131,0.144832,56.0,data/governance/wgi/wgidataset_with_sourcedata-2025.xlsx,cc!I5209,rl!I5312,data/governance/cpi/CPI2025_Results.xlsx,CPI Timeseries 2012 - 2025!H122
CZE,2025,,,,,,59.0,,,,data/governance/cpi/CPI2025_Results.xlsx,CPI Timeseries 2012 - 2025!D122
DEU,1996,2.038002,0.199662,89.1071,1.6971,0.186813,,data/governance/wgi/wgidataset_with_sourcedata-2025.xlsx,cc!I48,rl!I48,,
DEU,1998,2.010373,0.199662,88.5479,1.68103,0.186813,,data/governance/wgi/wgidataset_with_sourcedata-2025.xlsx,cc!I235,rl!I247,,
DEU,2000,1.725086,0.199662,82.7732,1.68779,0.180299,,data/governance/wgi/wgidataset_with_sourcedata-2025.xlsx,cc!I423,rl!I447,,
DEU,2002,1.810302,0.199662,84.4981,1.696409,0.180299,,data/governance/wgi/wgidataset_with_sourcedata-2025.xlsx,cc!I612,rl!I649,,
DEU,2003,1.888522,0.199662,86.0814,1.696892,0.180299,,data/governance/wgi/wgidataset_with_sourcedata-2025.xlsx,cc!I802,rl!I851,,
DEU,2004,1.79335,0.198957,84.155,1.670788,0.180299,,data/governance/wgi/wgidataset_with_sourcedata-2025.xlsx,cc!I996,rl!I1057,,
DEU,2005,1.928814,0.198957,86.897,1.663252,0.175159,,data/governance/wgi/wgidataset_with_sourcedata-2025.xlsx,cc!I1201,rl!I1267,,
DEU,2006,1.72959,0.197363,82.8644,1.670566,0.174695,,data/governance/wgi/wgidataset_with_sourcedata-2025.xlsx,cc!I1407,rl!I1477,,
DEU,2007,1.655447,0.197363,81.3636,1.738765,0.174695,,data/governance/wgi/wgidataset_with_sourcedata-2025.xlsx,cc!I1613,rl!I1687,,
DEU,2008,1.688208,0.197363,82.0267,1.632293,0.174695,,data/governance/wgi/wgidataset_with_sourcedata-2025.xlsx,cc!I1820,rl!I1897,,
DEU,2009,1.682193,0.197363,81.905,1.608338,0.174695,,data/governance/wgi/wgidataset_with_sourcedata-2025.xlsx,cc!I2028,rl!I2107,,
DEU,2010,1.651712,0.180535,81.288,1.616922,0.17186,,data/governance/wgi/wgidataset_with_sourcedata-2025.xlsx,cc!I2238,rl!I2319,,
DEU,2011,1.664906,0.160955,81.5551,1.591936,0.140456,,data/governance/wgi/wgidataset_with_sourcedata-2025.xlsx,cc!I2449,rl!I2531,,
DEU,2012,1.657072,0.160955,81.3965,1.617979,0.140456,79.0,data/governance/wgi/wgidataset_with_sourcedata-2025.xlsx,cc!I2661,rl!I2745,data/governance/cpi/CPI2025_Results.xlsx,CPI Timeseries 2012 - 2025!AZ67
DEU,2013,1.626105,0.162024,80.7697,1.627166,0.142841,78.0,data/governance/wgi/wgidataset_with_sourcedata-2025.xlsx,cc!I2873,rl!I2959,data/governance/cpi/CPI2025_Results.xlsx,CPI Timeseries 2012 - 2025!AW67
DEU,2014,1.708292,0.162024,82.4333,1.736565,0.142841,79.0,data/governance/wgi/wgidataset_with_sourcedata-2025.xlsx,cc!I3085,rl!I3173,data/governance/cpi/CPI2025_Results.xlsx,CPI Timeseries 2012 - 2025!AT67
DEU,2015,1.723365,0.162024,82.7384,1.739872,0.142841,81.0,data/governance/wgi/wgidataset_with_sourcedata-2025.xlsx,cc!I3297,rl!I3387,data/governance/cpi/CPI2025_Results.xlsx,CPI Timeseries 2012 - 2025!AQ67
DEU,2016,1.763112,0.162024,83.5429,1.684837,0.142841,81.0,data/governance/wgi/wgidataset_with_sourcedata-2025.xlsx,cc!I3510,rl!I3600,data/governance/cpi/CPI2025_Results.xlsx,CPI Timeseries 2012 - 2025!AN67
DEU,2017,1.822261,0.162024,84.7402,1.702885,0.142841,81.0,data/governance/wgi/wgidataset_with_sourcedata-2025.xlsx,cc!I3722,rl!I3812,data/governance/cpi/CPI2025_Results.xlsx,CPI Timeseries 2012 - 2025!AJ67
DEU,2018,1.91781,0.162024,86.6743,1.715527,0.144778,80.0,data/governance/wgi/wgidataset_with_sourcedata-2025.xlsx,cc!I3933,rl!I4024,data/governance/cpi/CPI2025_Results.xlsx,CPI Timeseries 2012 - 2025!AF67
DEU,2019,1.876845,0.162024,85.845,1.707662,0.144778,80.0,data/governance/wgi/wgidataset_with_sourcedata-2025.xlsx,cc!I4144,rl!I4238,data/governance/cpi/CPI2025_Results.xlsx,CPI Timeseries 2012 - 2025!AB67
DEU,2020,1.871308,0.162024,85.733,1.627123,0.152071,80.0,data/governance/wgi/wgidataset_with_sourcedata-2025.xlsx,cc!I4355,rl!I4453,data/governance/cpi/CPI2025_Results.xlsx,CPI Timeseries 2012 - 2025!X67
DEU,2021,1.824329,0.162024,84.7821,1.63495,0.152071,80.0,data/governance/wgi/wgidataset_with_sourcedata-2025.xlsx,cc!I4566,rl!I4668,data/governance/cpi/CPI2025_Results.xlsx,CPI Timeseries 2012 - 2025!T67
DEU,2022,1.82241,0.162024,84.7432,1.581052,0.149392,79.0,data/governance/wgi/wgidataset_with_sourcedata-2025.xlsx,cc!I4780,rl!I4883,data/governance/cpi/CPI2025_Results.xlsx,CPI Timeseries 2012 - 2025!P67
DEU,2023,1.699403,0.160738,82.2534,1.585564,0.148655,78.0,data/governance/wgi/wgidataset_with_sourcedata-2025.xlsx,cc!I4995,rl!I5098,data/governance/cpi/CPI2025_Results.xlsx,CPI Timeseries 2012 - 2025!L67
DEU,2024,1.773421,0.160738,83.7516,1.625784,0.148655,75.0,data/governance/wgi/wgidataset_with_sourcedata-2025.xlsx,cc!I5210,rl!I5313,data/governance/cpi/CPI2025_Results.xlsx,CPI Timeseries 2012 - 2025!H67
DEU,2025,,,,,,77.0,,,,data/governance/cpi/CPI2025_Results.xlsx,CPI Timeseries 2012 - 2025!D67
DNK,1996,2.355858,0.199662,95.541,1.864166,0.186813,,data/governance/wgi/wgidataset_with_sourcedata-2025.xlsx,cc!I51,rl!I51,,
DNK,1998,2.38432,0.199662,96.1171,1.848855,0.186813,,data/governance/wgi/wgidataset_with_sourcedata-2025.xlsx,cc!I238,rl!I250,,
DNK,2000,2.312161,0.199662,94.6565,1.969416,0.180299,,data/governance/wgi/wgidataset_with_sourcedata-2025.xlsx,cc!I426,rl!I450,,
DNK,2002,2.285528,0.199662,94.1174,1.96531,0.180299,,data/governance/wgi/wgidataset_with_sourcedata-2025.xlsx,cc!I615,rl!I652,,
DNK,2003,2.303426,0.199662,94.4797,1.964967,0.180299,,data/governance/wgi/wgidataset_with_sourcedata-2025.xlsx,cc!I805,rl!I854,,
DNK,2004,2.229882,0.198957,92.9911,1.911876,0.180299,,data/governance/wgi/wgidataset_with_sourcedata-2025.xlsx,cc!I999,rl!I1060,,
DNK,2005,2.25322,0.198957,93.4635,1.765287,0.175159,,data/governance/wgi/wgidataset_with_sourcedata-2025.xlsx,cc!I1204,rl!I1270,,
DNK,2006,2.345303,0.197363,95.3274,1.984929,0.174695,,data/governance/wgi/wgidataset_with_sourcedata-2025.xlsx,cc!I1410,rl!I1480,,
DNK,2007,2.318989,0.197363,94.7947,2.010769,0.174695,,data/governance/wgi/wgidataset_with_sourcedata-2025.xlsx,cc!I1616,rl!I1690,,
DNK,2008,2.301725,0.197363,94.4453,1.953388,0.174695,,data/governance/wgi/wgidataset_with_sourcedata-2025.xlsx,cc!I1823,rl!I1900,,
DNK,2009,2.309994,0.197363,94.6126,1.873448,0.174695,,data/governance/wgi/wgidataset_with_sourcedata-2025.xlsx,cc!I2031,rl!I2110,,
DNK,2010,2.263211,0.180535,93.6657,1.840914,0.17186,,data/governance/wgi/wgidataset_with_sourcedata-2025.xlsx,cc!I2241,rl!I2322,,
DNK,2011,2.332265,0.180535,95.0634,1.895373,0.17186,,data/governance/wgi/wgidataset_with_sourcedata-2025.xlsx,cc!I2452,rl!I2534,,
DNK,2012,2.258271,0.162024,93.5657,1.922667,0.142841,90.0,data/governance/wgi/wgidataset_with_sourcedata-2025.xlsx,cc!I2664,rl!I2748,data/governance/cpi/CPI2025_Results.xlsx,CPI Timeseries 2012 - 2025!AZ12
DNK,2013,2.241907,0.162024,93.2345,1.897725,0.142841,91.0,data/governance/wgi/wgidataset_with_sourcedata-2025.xlsx,cc!I2876,rl!I2962,data/governance/cpi/CPI2025_Results.xlsx,CPI Timeseries 2012 - 2025!AW12
DNK,2014,2.151634,0.162024,91.4072,1.91056,0.142841,92.0,data/governance/wgi/wgidataset_with_sourcedata-2025.xlsx,cc!I3088,rl!I3176,data/governance/cpi/CPI2025_Results.xlsx,CPI Timeseries 2012 - 2025!AT12
DNK,2015,2.158936,0.162024,91.555,1.981798,0.142841,91.0,data/governance/wgi/wgidataset_with_sourcedata-2025.xlsx,cc!I3300,rl!I3390,data/governance/cpi/CPI2025_Results.xlsx,CPI Timeseries 2012 - 2025!AQ12
DNK,2016,2.167747,0.162024,91.7334,1.947407,0.142841,90.0,data/governance/wgi/wgidataset_with_sourcedata-2025.xlsx,cc!I3513,rl!I3603,data/governance/cpi/CPI2025_Results.xlsx,CPI Timeseries 2012 - 2025!AN12
DNK,2017,2.187781,0.162404,92.1389,1.937456,0.142841,88.0,data/governance/wgi/wgidataset_with_sourcedata-2025.xlsx,cc!I3725,rl!I3815,data/governance/cpi/CPI2025_Results.xlsx,CPI Timeseries 2012 - 2025!AJ12
DNK,2018,2.158095,0.162404,91.538,1.924835,0.144778,88.0,data/governance/wgi/wgidataset_with_sourcedata-2025.xlsx,cc!I3936,rl!I4027,data/governance/cpi/CPI2025_Results.xlsx,CPI Timeseries 2012 - 2025!AF12
DNK,2019,2.156232,0.162404,91.5003,2.020194,0.144778,87.0,data/governance/wgi/wgidataset_with_sourcedata-2025.xlsx,cc!I4147,rl!I4241,data/governance/cpi/CPI2025_Results.xlsx,CPI Timeseries 2012 - 2025!AB12
DNK,2020,2.264581,0.162024,93.6934,1.974846,0.152071,88.0,data/governance/wgi/wgidataset_with_sourcedata-2025.xlsx,cc!I4358,rl!I4456,data/governance/cpi/CPI2025_Results.xlsx,CPI Timeseries 2012 - 2025!X12
DNK,2021,2.294831,0.162024,94.3057,2.013392,0.152071,88.0,data/governance/wgi/wgidataset_with_sourcedata-2025.xlsx,cc!I4569,rl!I4671,data/governance/cpi/CPI2025_Results.xlsx,CPI Timeseries 2012 - 2025!T12
DNK,2022,2.302238,0.162024,94.4556,2.002327,0.149392,90.0,data/governance/wgi/wgidataset_with_sourcedata-2025.xlsx,cc!I4783,rl!I4886,data/governance/cpi/CPI2025_Results.xlsx,CPI Timeseries 2012 - 2025!P12
DNK,2023,2.317163,0.162024,94.7578,2.01435,0.149392,90.0,data/governance/wgi/wgidataset_with_sourcedata-2025.xlsx,cc!I4998,rl!I5101,data/governance/cpi/CPI2025_Results.xlsx,CPI Timeseries 2012 - 2025!L12
DNK,2024,2.287475,0.162024,94.1568,2.004315,0.149392,90.0,data/governance/wgi/wgidataset_with_sourcedata-2025.xlsx,cc!I5213,rl!I5316,data/governance/cpi/CPI2025_Results.xlsx,CPI Timeseries 2012 - 2025!H12
DNK,2025,,,,,,89.0,,,,data/governance/cpi/CPI2025_Results.xlsx,CPI Timeseries 2012 - 2025!D12
DOM,1996,-0.169797,0.231675,44.4179,-0.599745,0.20834,,data/governance/wgi/wgidataset_with_sourcedata-2025.xlsx,cc!I52,rl!I52,,
DOM,1998,-0.542454,0.231675,36.8747,-0.667573,0.20834,,data/governance/wgi/wgidataset_with_sourcedata-2025.xlsx,cc!I239,rl!I251,,
DOM,2000,-0.546155,0.231675,36.7998,-0.715281,0.20834,,data/governance/wgi/wgidataset_with_sourcedata-2025.xlsx,cc!I427,rl!I451,,
DOM,2002,-0.588125,0.217228,35.9503,-0.712481,0.188943,,data/governance/wgi/wgidataset_with_sourcedata-2025.xlsx,cc!I616,rl!I653,,
DOM,2003,-0.857119,0.217228,30.5054,-0.789915,0.188943,,data/governance/wgi/wgidataset_with_sourcedata-2025.xlsx,cc!I806,rl!I855,,
DOM,2004,-0.718571,0.1905,33.3098,-0.632563,0.184675,,data/governance/wgi/wgidataset_with_sourcedata-2025.xlsx,cc!I1000,rl!I1061,,
DOM,2005,-0.851718,0.189887,30.6147,-0.560229,0.179163,,data/governance/wgi/wgidataset_with_sourcedata-2025.xlsx,cc!I1205,rl!I1271,,
DOM,2006,-0.655387,0.1885,34.5888,-0.457974,0.178666,,data/governance/wgi/wgidataset_with_sourcedata-2025.xlsx,cc!I1411,rl!I1481,,
DOM,2007,-0.751018,0.1885,32.6531,-0.477023,0.178666,,data/governance/wgi/wgidataset_with_sourcedata-2025.xlsx,cc!I1617,rl!I1691,,
DOM,2008,-0.744264,0.1885,32.7898,-0.568226,0.178666,,data/governance/wgi/wgidataset_with_sourcedata-2025.xlsx,cc!I1824,rl!I1901,,
DOM,2009,-0.720204,0.1885,33.2768,-0.608576,0.178666,,data/governance/wgi/wgidataset_with_sourcedata-2025.xlsx,cc!I2032,rl!I2111,,
DOM,2010,-0.761,0.1885,32.451,-0.658294,0.178666,,data/governance/wgi/wgidataset_with_sourcedata-2025.xlsx,cc!I2242,rl!I2323,,
DOM,2011,-0.707072,0.167708,33.5426,-0.604196,0.146678,,data/governance/wgi/wgidataset_with_sourcedata-2025.xlsx,cc!I2453,rl!I2535,,
DOM,2012,-0.781687,0.168129,32.0323,-0.586273,0.146678,32.0,data/governance/wgi/wgidataset_with_sourcedata-2025.xlsx,cc!I2665,rl!I2749,data/governance/cpi/CPI2025_Results.xlsx,CPI Timeseries 2012 - 2025!AZ52
DOM,2013,-0.770887,0.168129,32.2509,-0.542011,0.146678,29.0,data/governance/wgi/wgidataset_with_sourcedata-2025.xlsx,cc!I2877,rl!I2963,data/governance/cpi/CPI2025_Results.xlsx,CPI Timeseries 2012 - 2025!AW52
DOM,2014,-0.755538,0.168129,32.5616,-0.413435,0.146678,32.0,data/governance/wgi/wgidataset_with_sourcedata-2025.xlsx,cc!I3089,rl!I3177,data/governance/cpi/CPI2025_Results.xlsx,CPI Timeseries 2012 - 2025!AT52
DOM,2015,-0.790391,0.168129,31.8561,-0.534436,0.146678,33.0,data/governance/wgi/wgidataset_with_sourcedata-2025.xlsx,cc!I3301,rl!I3391,data/governance/cpi/CPI2025_Results.xlsx,CPI Timeseries 2012 - 2025!AQ52
DOM,2016,-0.794053,0.168129,31.782,-0.53261,0.146678,31.0,data/governance/wgi/wgidataset_with_sourcedata-2025.xlsx,cc!I3514,rl!I3604,data/governance/cpi/CPI2025_Results.xlsx,CPI Timeseries 2012 - 2025!AN52
DOM,2017,-0.801055,0.168129,31.6402,-0.559547,0.146678,29.0,data/governance/wgi/wgidataset_with_sourcedata-2025.xlsx,cc!I3726,rl!I3816,data/governance/cpi/CPI2025_Results.xlsx,CPI Timeseries 2012 - 2025!AJ52
DOM,2018,-0.844373,0.168129,30.7634,-0.548326,0.148777,30.0,data/governance/wgi/wgidataset_with_sourcedata-2025.xlsx,cc!I3937,rl!I4028,data/governance/cpi/CPI2025_Results.xlsx,CPI Timeseries 2012 - 2025!AF52
DOM,2019,-0.802128,0.167708,31.6185,-0.480108,0.148777,28.0,data/governance/wgi/wgidataset_with_sourcedata-2025.xlsx,cc!I4148,rl!I4242,data/governance/cpi/CPI2025_Results.xlsx,CPI Timeseries 2012 - 2025!AB52
DOM,2020,-0.706555,0.167708,33.5531,-0.38133,0.156725,28.0,data/governance/wgi/wgidataset_with_sourcedata-2025.xlsx,cc!I4359,rl!I4457,data/governance/cpi/CPI2025_Results.xlsx,CPI Timeseries 2012 - 2025!X52
DOM,2021,-0.545258,0.167708,36.818,-0.324344,0.156725,30.0,data/governance/wgi/wgidataset_with_sourcedata-2025.xlsx,cc!I4570,rl!I4672,data/governance/cpi/CPI2025_Results.xlsx,CPI Timeseries 2012 - 2025!T52
DOM,2022,-0.422173,0.167708,39.3094,-0.27742,0.153798,32.0,data/governance/wgi/wgidataset_with_sourcedata-2025.xlsx,cc!I4784,rl!I4887,data/governance/cpi/CPI2025_Results.xlsx,CPI Timeseries 2012 - 2025!P52
DOM,2023,-0.429853,0.17146,39.1539,-0.24116,0.154578,35.0,data/governance/wgi/wgidataset_with_sourcedata-2025.xlsx,cc!I4999,rl!I5102,data/governance/cpi/CPI2025_Results.xlsx,CPI Timeseries 2012 - 2025!L52
DOM,2024,-0.265492,0.171911,42.4809,-0.182263,0.154578,36.0,data/governance/wgi/wgidataset_with_sourcedata-2025.xlsx,cc!I5214,rl!I5317,data/governance/cpi/CPI2025_Results.xlsx,CPI Timeseries 2012 - 2025!H52
DOM,2025,,,,,,37.0,,,,data/governance/cpi/CPI2025_Results.xlsx,CPI Timeseries 2012 - 2025!D52
ECU,1996,-0.532577,0.231675,37.0746,-0.405169,0.206281,,data/governance/wgi/wgidataset_with_sourcedata-2025.xlsx,cc!I54,rl!I54,,
ECU,1998,-0.715686,0.231675,33.3682,-0.53907,0.206281,,data/governance/wgi/wgidataset_with_sourcedata-2025.xlsx,cc!I241,rl!I253,,
ECU,2000,-0.756351,0.217228,32.5451,-0.826515,0.195916,,data/governance/wgi/wgidataset_with_sourcedata-2025.xlsx,cc!I429,rl!I453,,
ECU,2002,-0.803993,0.217168,31.5808,-0.776575,0.187404,,data/governance/wgi/wgidataset_with_sourcedata-2025.xlsx,cc!I618,rl!I655,,
ECU,2003,-0.670435,0.217168,34.2842,-0.693149,0.187404,,data/governance/wgi/wgidataset_with_sourcedata-2025.xlsx,cc!I808,rl!I857,,
ECU,2004,-0.776023,0.186585,32.1469,-0.677649,0.178124,,data/governance/wgi/wgidataset_with_sourcedata-2025.xlsx,cc!I1002,rl!I1063,,
ECU,2005,-0.83973,0.186585,30.8574,-0.780186,0.173163,,data/governance/wgi/wgidataset_with_sourcedata-2025.xlsx,cc!I1207,rl!I1273,,
ECU,2006,-0.815113,0.185268,31.3557,-1.00964,0.172714,,data/governance/wgi/wgidataset_with_sourcedata-2025.xlsx,cc!I1413,rl!I1483,,
ECU,2007,-0.788617,0.183674,31.892,-0.951089,0.168545,,data/governance/wgi/wgidataset_with_sourcedata-2025.xlsx,cc!I1619,rl!I1693,,
ECU,2008,-0.716223,0.183674,33.3574,-1.112375,0.168545,,data/governance/wgi/wgidataset_with_sourcedata-2025.xlsx,cc!I1826,rl!I1903,,
ECU,2009,-0.703735,0.183674,33.6102,-1.137028,0.168545,,data/governance/wgi/wgidataset_with_sourcedata-2025.xlsx,cc!I2034,rl!I2113,,
ECU,2010,-0.711729,0.184228,33.4483,-1.078729,0.168545,,data/governance/wgi/wgidataset_with_sourcedata-2025.xlsx,cc!I2244,rl!I2325,,
ECU,2011,-0.66963,0.184228,34.3005,-1.091387,0.168545,,data/governance/wgi/wgidataset_with_sourcedata-2025.xlsx,cc!I2455,rl!I2537,,
ECU,2012,-0.613671,0.166935,35.4332,-1.077513,0.144098,32.0,data/governance/wgi/wgidataset_with_sourcedata-2025.xlsx,cc!I2667,rl!I2751,data/governance/cpi/CPI2025_Results.xlsx,CPI Timeseries 2012 - 2025!AZ53
ECU,2013,-0.584111,0.168129,36.0315,-0.99421,0.146678,35.0,data/governance/wgi/wgidataset_with_sourcedata-2025.xlsx,cc!I2879,rl!I2965,data/governance/cpi/CPI2025_Results.xlsx,CPI Timeseries 2012 - 2025!AW53
ECU,2014,-0.755221,0.168129,32.568,-1.014612,0.146678,33.0,data/governance/wgi/wgidataset_with_sourcedata-2025.xlsx,cc!I3091,rl!I3179,data/governance/cpi/CPI2025_Results.xlsx,CPI Timeseries 2012 - 2025!AT53
ECU,2015,-0.722848,0.168129,33.2233,-1.065545,0.146678,32.0,data/governance/wgi/wgidataset_with_sourcedata-2025.xlsx,cc!I3303,rl!I3393,data/governance/cpi/CPI2025_Results.xlsx,CPI Timeseries 2012 - 2025!AQ53
ECU,2016,-0.766105,0.167708,32.3477,-0.965986,0.146678,31.0,data/governance/wgi/wgidataset_with_sourcedata-2025.xlsx,cc!I3516,rl!I3606,data/governance/cpi/CPI2025_Results.xlsx,CPI Timeseries 2012 - 2025!AN53
ECU,2017,-0.775723,0.167708,32.153,-0.8824,0.146678,32.0,data/governance/wgi/wgidataset_with_sourcedata-2025.xlsx,cc!I3728,rl!I3818,data/governance/cpi/CPI2025_Results.xlsx,CPI Timeseries 2012 - 2025!AJ53
ECU,2018,-0.618424,0.167708,35.337,-0.7671,0.148777,34.0,data/governance/wgi/wgidataset_with_sourcedata-2025.xlsx,cc!I3939,rl!I4030,data/governance/cpi/CPI2025_Results.xlsx,CPI Timeseries 2012 - 2025!AF53
ECU,2019,-0.527363,0.167708,37.1802,-0.648563,0.148777,38.0,data/governance/wgi/wgidataset_with_sourcedata-2025.xlsx,cc!I4150,rl!I4244,data/governance/cpi/CPI2025_Results.xlsx,CPI Timeseries 2012 - 2025!AB53
ECU,2020,-0.518386,0.167708,37.3619,-0.567636,0.156725,39.0,data/governance/wgi/wgidataset_with_sourcedata-2025.xlsx,cc!I4361,rl!I4459,data/governance/cpi/CPI2025_Results.xlsx,CPI Timeseries 2012 - 2025!X53
ECU,2021,-0.632696,0.168129,35.0481,-0.431471,0.156725,36.0,data/governance/wgi/wgidataset_with_sourcedata-2025.xlsx,cc!I4572,rl!I4674,data/governance/cpi/CPI2025_Results.xlsx,CPI Timeseries 2012 - 2025!T53
ECU,2022,-0.655353,0.168129,34.5895,-0.57949,0.153798,36.0,data/governance/wgi/wgidataset_with_sourcedata-2025.xlsx,cc!I4786,rl!I4889,data/governance/cpi/CPI2025_Results.xlsx,CPI Timeseries 2012 - 2025!P53
ECU,2023,-0.719996,0.171911,33.281,-0.85865,0.154578,34.0,data/governance/wgi/wgidataset_with_sourcedata-2025.xlsx,cc!I5001,rl!I5104,data/governance/cpi/CPI2025_Results.xlsx,CPI Timeseries 2012 - 2025!L53
ECU,2024,-0.77568,0.170376,32.1539,-0.965037,0.153762,32.0,data/governance/wgi/wgidataset_with_sourcedata-2025.xlsx,cc!I5216,rl!I5319,data/governance/cpi/CPI2025_Results.xlsx,CPI Timeseries 2012 - 2025!H53
ECU,2025,,,,,,33.0,,,,data/governance/cpi/CPI2025_Results.xlsx,CPI Timeseries 2012 - 2025!D53
ESP,1996,1.510998,0.199662,78.4397,1.311673,0.186813,,data/governance/wgi/wgidataset_with_sourcedata-2025.xlsx,cc!I57,rl!I57,,
ESP,1998,1.60664,0.199662,80.3757,1.100583,0.186813,,data/governance/wgi/wgidataset_with_sourcedata-2025.xlsx,cc!I244,rl!I256,,
ESP,2000,1.483198,0.199662,77.877,1.224983,0.180299,,data/governance/wgi/wgidataset_with_sourcedata-2025.xlsx,cc!I432,rl!I456,,
ESP,2002,1.511926,0.199662,78.4585,1.182819,0.180299,,data/governance/wgi/wgidataset_with_sourcedata-2025.xlsx,cc!I621,rl!I658,,
ESP,2003,1.53777,0.199662,78.9817,1.17293,0.180299,,data/governance/wgi/wgidataset_with_sourcedata-2025.xlsx,cc!I811,rl!I860,,
ESP,2004,1.236597,0.198957,72.8854,1.045791,0.180299,,data/governance/wgi/wgidataset_with_sourcedata-2025.xlsx,cc!I1005,rl!I1066,,
ESP,2005,1.256301,0.198957,73.2843,1.048705,0.175159,,data/governance/wgi/wgidataset_with_sourcedata-2025.xlsx,cc!I1210,rl!I1276,,
ESP,2006,1.178335,0.197363,71.7061,1.119671,0.174695,,data/governance/wgi/wgidataset_with_sourcedata-2025.xlsx,cc!I1416,rl!I1486,,
ESP,2007,1.045832,0.195439,69.0241,1.173757,0.170384,,data/governance/wgi/wgidataset_with_sourcedata-2025.xlsx,cc!I1622,rl!I1696,,
ESP,2008,1.145493,0.195439,71.0414,1.137442,0.170384,,data/governance/wgi/wgidataset_with_sourcedata-2025.xlsx,cc!I1829,rl!I1906,,
ESP,2009,1.02168,0.195439,68.5352,0.981017,0.170384,,data/governance/wgi/wgidataset_with_sourcedata-2025.xlsx,cc!I2037,rl!I2116,,
ESP,2010,1.03638,0.179059,68.8327,0.956353,0.167751,,data/governance/wgi/wgidataset_with_sourcedata-2025.xlsx,cc!I2247,rl!I2328,,
ESP,2011,1.118086,0.160955,70.4866,1.021769,0.140456,,data/governance/wgi/wgidataset_with_sourcedata-2025.xlsx,cc!I2458,rl!I2540,,
ESP,2012,1.105688,0.162024,70.2357,1.083576,0.142841,65.0,data/governance/wgi/wgidataset_with_sourcedata-2025.xlsx,cc!I2670,rl!I2754,data/governance/cpi/CPI2025_Results.xlsx,CPI Timeseries 2012 - 2025!AZ128
ESP,2013,0.786662,0.162024,63.7781,0.956418,0.142841,59.0,data/governance/wgi/wgidataset_with_sourcedata-2025.xlsx,cc!I2882,rl!I2968,data/governance/cpi/CPI2025_Results.xlsx,CPI Timeseries 2012 - 2025!AW128
ESP,2014,0.599178,0.162024,59.9831,0.903013,0.142841,60.0,data/governance/wgi/wgidataset_with_sourcedata-2025.xlsx,cc!I3094,rl!I3182,data/governance/cpi/CPI2025_Results.xlsx,CPI Timeseries 2012 - 2025!AT128
ESP,2015,0.590348,0.162024,59.8044,0.953935,0.142841,58.0,data/governance/wgi/wgidataset_with_sourcedata-2025.xlsx,cc!I3306,rl!I3396,data/governance/cpi/CPI2025_Results.xlsx,CPI Timeseries 2012 - 2025!AQ128
ESP,2016,0.624633,0.162024,60.4984,1.006399,0.142841,58.0,data/governance/wgi/wgidataset_with_sourcedata-2025.xlsx,cc!I3519,rl!I3609,data/governance/cpi/CPI2025_Results.xlsx,CPI Timeseries 2012 - 2025!AN128
ESP,2017,0.59399,0.162024,59.8781,1.025139,0.142841,57.0,data/governance/wgi/wgidataset_with_sourcedata-2025.xlsx,cc!I3731,rl!I3821,data/governance/cpi/CPI2025_Results.xlsx,CPI Timeseries 2012 - 2025!AJ128
ESP,2018,0.745509,0.162024,62.9451,0.992005,0.144778,58.0,data/governance/wgi/wgidataset_with_sourcedata-2025.xlsx,cc!I3942,rl!I4033,data/governance/cpi/CPI2025_Results.xlsx,CPI Timeseries 2012 - 2025!AF128
ESP,2019,0.820261,0.162024,64.4582,1.095595,0.144778,62.0,data/governance/wgi/wgidataset_with_sourcedata-2025.xlsx,cc!I4153,rl!I4247,data/governance/cpi/CPI2025_Results.xlsx,CPI Timeseries 2012 - 2025!AB128
ESP,2020,0.830902,0.162024,64.6736,0.980154,0.152071,62.0,data/governance/wgi/wgidataset_with_sourcedata-2025.xlsx,cc!I4364,rl!I4462,data/governance/cpi/CPI2025_Results.xlsx,CPI Timeseries 2012 - 2025!X128
ESP,2021,0.812089,0.162024,64.2927,0.920766,0.152071,61.0,data/governance/wgi/wgidataset_with_sourcedata-2025.xlsx,cc!I4575,rl!I4677,data/governance/cpi/CPI2025_Results.xlsx,CPI Timeseries 2012 - 2025!T128
ESP,2022,0.781674,0.162024,63.6771,0.960636,0.149392,60.0,data/governance/wgi/wgidataset_with_sourcedata-2025.xlsx,cc!I4789,rl!I4892,data/governance/cpi/CPI2025_Results.xlsx,CPI Timeseries 2012 - 2025!P128
ESP,2023,0.739522,0.160738,62.8239,0.930461,0.148655,60.0,data/governance/wgi/wgidataset_with_sourcedata-2025.xlsx,cc!I5004,rl!I5107,data/governance/cpi/CPI2025_Results.xlsx,CPI Timeseries 2012 - 2025!L128
ESP,2024,0.714594,0.160738,62.3193,0.931774,0.148655,56.0,data/governance/wgi/wgidataset_with_sourcedata-2025.xlsx,cc!I5219,rl!I5322,data/governance/cpi/CPI2025_Results.xlsx,CPI Timeseries 2012 - 2025!H128
ESP,2025,,,,,,55.0,,,,data/governance/cpi/CPI2025_Results.xlsx,CPI Timeseries 2012 - 2025!D128
EST,1996,0.485929,0.252527,57.6908,0.673311,0.210756,,data/governance/wgi/wgidataset_with_sourcedata-2025.xlsx,cc!I58,rl!I58,,
EST,1998,0.93994,0.230289,66.8807,0.647593,0.20052,,data/governance/wgi/wgidataset_with_sourcedata-2025.xlsx,cc!I245,rl!I257,,
EST,2000,0.842592,0.213756,64.9102,0.679495,0.1909,,data/governance/wgi/wgidataset_with_sourcedata-2025.xlsx,cc!I433,rl!I457,,
EST,2002,0.763645,0.196956,63.3122,0.752486,0.174278,,data/governance/wgi/wgidataset_with_sourcedata-2025.xlsx,cc!I622,rl!I659,,
EST,2003,0.859844,0.196956,65.2594,0.769893,0.174278,,data/governance/wgi/wgidataset_with_sourcedata-2025.xlsx,cc!I812,rl!I861,,
EST,2004,0.922238,0.181098,66.5223,0.790332,0.168954,,data/governance/wgi/wgidataset_with_sourcedata-2025.xlsx,cc!I1006,rl!I1067,,
EST,2005,0.965003,0.181098,67.388,0.955434,0.168954,,data/governance/wgi/wgidataset_with_sourcedata-2025.xlsx,cc!I1211,rl!I1277,,
EST,2006,1.051898,0.179893,69.1469,1.076934,0.168537,,data/governance/wgi/wgidataset_with_sourcedata-2025.xlsx,cc!I1417,rl!I1487,,
EST,2007,0.993684,0.179893,67.9685,1.122553,0.168537,,data/governance/wgi/wgidataset_with_sourcedata-2025.xlsx,cc!I1623,rl!I1697,,
EST,2008,1.005848,0.179893,68.2147,1.130726,0.168537,,data/governance/wgi/wgidataset_with_sourcedata-2025.xlsx,cc!I1830,rl!I1907,,
EST,2009,0.992443,0.180414,67.9434,1.011851,0.168537,,data/governance/wgi/wgidataset_with_sourcedata-2025.xlsx,cc!I2038,rl!I2117,,
EST,2010,0.991238,0.180414,67.919,1.08625,0.168537,,data/governance/wgi/wgidataset_with_sourcedata-2025.xlsx,cc!I2248,rl!I2329,,
EST,2011,1.162316,0.161936,71.3819,1.157463,0.140916,,data/governance/wgi/wgidataset_with_sourcedata-2025.xlsx,cc!I2459,rl!I2541,,
EST,2012,1.113914,0.16156,70.4021,1.153837,0.140916,64.0,data/governance/wgi/wgidataset_with_sourcedata-2025.xlsx,cc!I2671,rl!I2755,data/governance/cpi/CPI2025_Results.xlsx,CPI Timeseries 2012 - 2025!AZ63
EST,2013,1.173543,0.16156,71.6091,1.191028,0.140916,68.0,data/governance/wgi/wgidataset_with_sourcedata-2025.xlsx,cc!I2883,rl!I2969,data/governance/cpi/CPI2025_Results.xlsx,CPI Timeseries 2012 - 2025!AW63
EST,2014,1.26964,0.16156,73.5543,1.343408,0.140916,69.0,data/governance/wgi/wgidataset_with_sourcedata-2025.xlsx,cc!I3095,rl!I3183,data/governance/cpi/CPI2025_Results.xlsx,CPI Timeseries 2012 - 2025!AT63
EST,2015,1.299999,0.16156,74.1688,1.361387,0.140916,70.0,data/governance/wgi/wgidataset_with_sourcedata-2025.xlsx,cc!I3307,rl!I3397,data/governance/cpi/CPI2025_Results.xlsx,CPI Timeseries 2012 - 2025!AQ63
EST,2016,1.276315,0.16156,73.6894,1.374073,0.140916,70.0,data/governance/wgi/wgidataset_with_sourcedata-2025.xlsx,cc!I3520,rl!I3610,data/governance/cpi/CPI2025_Results.xlsx,CPI Timeseries 2012 - 2025!AN63
EST,2017,1.280741,0.16156,73.779,1.406449,0.140916,71.0,data/governance/wgi/wgidataset_with_sourcedata-2025.xlsx,cc!I3732,rl!I3822,data/governance/cpi/CPI2025_Results.xlsx,CPI Timeseries 2012 - 2025!AJ63
EST,2018,1.497646,0.162558,78.1695,1.362154,0.1428,73.0,data/governance/wgi/wgidataset_with_sourcedata-2025.xlsx,cc!I3943,rl!I4034,data/governance/cpi/CPI2025_Results.xlsx,CPI Timeseries 2012 - 2025!AF63
EST,2019,1.52358,0.162558,78.6944,1.506156,0.1428,74.0,data/governance/wgi/wgidataset_with_sourcedata-2025.xlsx,cc!I4154,rl!I4248,data/governance/cpi/CPI2025_Results.xlsx,CPI Timeseries 2012 - 2025!AB63
EST,2020,1.589943,0.152762,80.0377,1.498868,0.147985,75.0,data/governance/wgi/wgidataset_with_sourcedata-2025.xlsx,cc!I4365,rl!I4463,data/governance/cpi/CPI2025_Results.xlsx,CPI Timeseries 2012 - 2025!X63
EST,2021,1.53681,0.152762,78.9622,1.488841,0.147985,74.0,data/governance/wgi/wgidataset_with_sourcedata-2025.xlsx,cc!I4576,rl!I4678,data/governance/cpi/CPI2025_Results.xlsx,CPI Timeseries 2012 - 2025!T63
EST,2022,1.595712,0.152762,80.1545,1.522096,0.145514,74.0,data/governance/wgi/wgidataset_with_sourcedata-2025.xlsx,cc!I4790,rl!I4893,data/governance/cpi/CPI2025_Results.xlsx,CPI Timeseries 2012 - 2025!P63
EST,2023,1.672785,0.151682,81.7146,1.482125,0.144832,76.0,data/governance/wgi/wgidataset_with_sourcedata-2025.xlsx,cc!I5005,rl!I5108,data/governance/cpi/CPI2025_Results.xlsx,CPI Timeseries 2012 - 2025!L63
EST,2024,1.669321,0.151682,81.6444,1.486448,0.144832,76.0,data/governance/wgi/wgidataset_with_sourcedata-2025.xlsx,cc!I5220,rl!I5323,data/governance/cpi/CPI2025_Results.xlsx,CPI Timeseries 2012 - 2025!H63
EST,2025,,,,,,76.0,,,,data/governance/cpi/CPI2025_Results.xlsx,CPI Timeseries 2012 - 2025!D63
FIN,1996,2.365004,0.199662,95.7261,1.928974,0.186813,,data/governance/wgi/wgidataset_with_sourcedata-2025.xlsx,cc!I60,rl!I60,,
FIN,1998,2.38037,0.199662,96.0372,1.933259,0.186813,,data/governance/wgi/wgidataset_with_sourcedata-2025.xlsx,cc!I247,rl!I259,,
FIN,2000,2.35019,0.199662,95.4263,2.048255,0.180299,,data/governance/wgi/wgidataset_with_sourcedata-2025.xlsx,cc!I435,rl!I459,,
FIN,2002,2.361552,0.199662,95.6563,2.033241,0.180299,,data/governance/wgi/wgidataset_with_sourcedata-2025.xlsx,cc!I624,rl!I661,,
FIN,2003,2.354254,0.199662,95.5085,2.034549,0.180299,,data/governance/wgi/wgidataset_with_sourcedata-2025.xlsx,cc!I814,rl!I863,,
FIN,2004,2.285867,0.198957,94.1243,1.974213,0.180299,,data/governance/wgi/wgidataset_with_sourcedata-2025.xlsx,cc!I1008,rl!I1069,,
FIN,2005,2.316875,0.198957,94.7519,1.882336,0.175159,,data/governance/wgi/wgidataset_with_sourcedata-2025.xlsx,cc!I1213,rl!I1279,,
FIN,2006,2.396962,0.197363,96.373,1.94336,0.174695,,data/governance/wgi/wgidataset_with_sourcedata-2025.xlsx,cc!I1419,rl!I1489,,
FIN,2007,2.331397,0.197363,95.0459,1.94112,0.174695,,data/governance/wgi/wgidataset_with_sourcedata-2025.xlsx,cc!I1625,rl!I1699,,
FIN,2008,2.298511,0.197363,94.3802,1.94956,0.174695,,data/governance/wgi/wgidataset_with_sourcedata-2025.xlsx,cc!I1832,rl!I1909,,
FIN,2009,2.176107,0.197363,91.9026,1.917826,0.174695,,data/governance/wgi/wgidataset_with_sourcedata-2025.xlsx,cc!I2040,rl!I2119,,
FIN,2010,2.075553,0.197363,89.8672,1.94455,0.174695,,data/governance/wgi/wgidataset_with_sourcedata-2025.xlsx,cc!I2250,rl!I2331,,
FIN,2011,2.13573,0.197363,91.0853,1.905025,0.174695,,data/governance/wgi/wgidataset_with_sourcedata-2025.xlsx,cc!I2461,rl!I2543,,
FIN,2012,2.089062,0.173858,90.1406,1.991216,0.144456,90.0,data/governance/wgi/wgidataset_with_sourcedata-2025.xlsx,cc!I2673,rl!I2757,data/governance/cpi/CPI2025_Results.xlsx,CPI Timeseries 2012 - 2025!AZ19
FIN,2013,2.035851,0.162024,89.0636,1.917696,0.142841,89.0,data/governance/wgi/wgidataset_with_sourcedata-2025.xlsx,cc!I2885,rl!I2971,data/governance/cpi/CPI2025_Results.xlsx,CPI Timeseries 2012 - 2025!AW19
FIN,2014,2.04503,0.162024,89.2494,2.014704,0.142841,89.0,data/governance/wgi/wgidataset_with_sourcedata-2025.xlsx,cc!I3097,rl!I3185,data/governance/cpi/CPI2025_Results.xlsx,CPI Timeseries 2012 - 2025!AT19
FIN,2015,2.175021,0.162024,91.8806,2.064828,0.142841,90.0,data/governance/wgi/wgidataset_with_sourcedata-2025.xlsx,cc!I3309,rl!I3399,data/governance/cpi/CPI2025_Results.xlsx,CPI Timeseries 2012 - 2025!AQ19
FIN,2016,2.19009,0.162024,92.1856,2.061681,0.142841,89.0,data/governance/wgi/wgidataset_with_sourcedata-2025.xlsx,cc!I3522,rl!I3612,data/governance/cpi/CPI2025_Results.xlsx,CPI Timeseries 2012 - 2025!AN19
FIN,2017,2.179595,0.162404,91.9732,2.089452,0.142841,85.0,data/governance/wgi/wgidataset_with_sourcedata-2025.xlsx,cc!I3734,rl!I3824,data/governance/cpi/CPI2025_Results.xlsx,CPI Timeseries 2012 - 2025!AJ19
FIN,2018,2.18347,0.162404,92.0516,2.051007,0.144778,85.0,data/governance/wgi/wgidataset_with_sourcedata-2025.xlsx,cc!I3945,rl!I4036,data/governance/cpi/CPI2025_Results.xlsx,CPI Timeseries 2012 - 2025!AF19
FIN,2019,2.184588,0.162404,92.0742,2.108688,0.144778,86.0,data/governance/wgi/wgidataset_with_sourcedata-2025.xlsx,cc!I4156,rl!I4250,data/governance/cpi/CPI2025_Results.xlsx,CPI Timeseries 2012 - 2025!AB19
FIN,2020,2.235432,0.162024,93.1034,2.108953,0.152071,85.0,data/governance/wgi/wgidataset_with_sourcedata-2025.xlsx,cc!I4367,rl!I4465,data/governance/cpi/CPI2025_Results.xlsx,CPI Timeseries 2012 - 2025!X19
FIN,2021,2.226468,0.162024,92.922,2.070854,0.152071,88.0,data/governance/wgi/wgidataset_with_sourcedata-2025.xlsx,cc!I4578,rl!I4680,data/governance/cpi/CPI2025_Results.xlsx,CPI Timeseries 2012 - 2025!T19
FIN,2022,2.18947,0.162024,92.1731,1.993936,0.149392,87.0,data/governance/wgi/wgidataset_with_sourcedata-2025.xlsx,cc!I4792,rl!I4895,data/governance/cpi/CPI2025_Results.xlsx,CPI Timeseries 2012 - 2025!P19
FIN,2023,2.193956,0.162024,92.2639,2.020054,0.149392,87.0,data/governance/wgi/wgidataset_with_sourcedata-2025.xlsx,cc!I5007,rl!I5110,data/governance/cpi/CPI2025_Results.xlsx,CPI Timeseries 2012 - 2025!L19
FIN,2024,2.192086,0.162024,92.226,2.02127,0.149392,88.0,data/governance/wgi/wgidataset_with_sourcedata-2025.xlsx,cc!I5222,rl!I5325,data/governance/cpi/CPI2025_Results.xlsx,CPI Timeseries 2012 - 2025!H19
FIN,2025,,,,,,88.0,,,,data/governance/cpi/CPI2025_Results.xlsx,CPI Timeseries 2012 - 2025!D19
FRA,1996,1.408111,0.199662,76.3572,1.417755,0.186813,,data/governance/wgi/wgidataset_with_sourcedata-2025.xlsx,cc!I62,rl!I62,,
FRA,1998,1.397228,0.199662,76.1369,1.249806,0.186813,,data/governance/wgi/wgidataset_with_sourcedata-2025.xlsx,cc!I249,rl!I261,,
FRA,2000,1.288627,0.199662,73.9386,1.354,0.180299,,data/governance/wgi/wgidataset_with_sourcedata-2025.xlsx,cc!I437,rl!I461,,
FRA,2002,1.247923,0.199662,73.1147,1.162323,0.180299,,data/governance/wgi/wgidataset_with_sourcedata-2025.xlsx,cc!I626,rl!I663,,
FRA,2003,1.34057,0.199662,74.99,1.289226,0.180299,,data/governance/wgi/wgidataset_with_sourcedata-2025.xlsx,cc!I816,rl!I865,,
FRA,2004,1.303619,0.198957,74.2421,1.303909,0.180299,,data/governance/wgi/wgidataset_with_sourcedata-2025.xlsx,cc!I1010,rl!I1071,,
FRA,2005,1.42776,0.198957,76.7549,1.449337,0.175159,,data/governance/wgi/wgidataset_with_sourcedata-2025.xlsx,cc!I1215,rl!I1281,,
FRA,2006,1.475886,0.197363,77.729,1.257407,0.174695,,data/governance/wgi/wgidataset_with_sourcedata-2025.xlsx,cc!I1421,rl!I1491,,
FRA,2007,1.483556,0.195439,77.8843,1.304206,0.170384,,data/governance/wgi/wgidataset_with_sourcedata-2025.xlsx,cc!I1627,rl!I1701,,
FRA,2008,1.449647,0.195439,77.1979,1.310267,0.170384,,data/governance/wgi/wgidataset_with_sourcedata-2025.xlsx,cc!I1834,rl!I1911,,
FRA,2009,1.433355,0.195439,76.8681,1.242156,0.170384,,data/governance/wgi/wgidataset_with_sourcedata-2025.xlsx,cc!I2042,rl!I2121,,
FRA,2010,1.381794,0.179059,75.8245,1.297171,0.167751,,data/governance/wgi/wgidataset_with_sourcedata-2025.xlsx,cc!I2252,rl!I2333,,
FRA,2011,1.503435,0.160955,78.2867,1.180741,0.140456,,data/governance/wgi/wgidataset_with_sourcedata-2025.xlsx,cc!I2463,rl!I2545,,
FRA,2012,1.468628,0.162024,77.5821,1.2886,0.142841,71.0,data/governance/wgi/wgidataset_with_sourcedata-2025.xlsx,cc!I2675,rl!I2759,data/governance/cpi/CPI2025_Results.xlsx,CPI Timeseries 2012 - 2025!AZ84
FRA,2013,1.329618,0.162024,74.7683,1.239677,0.142841,71.0,data/governance/wgi/wgidataset_with_sourcedata-2025.xlsx,cc!I2887,rl!I2973,data/governance/cpi/CPI2025_Results.xlsx,CPI Timeseries 2012 - 2025!AW84
FRA,2014,1.311456,0.162024,74.4007,1.263002,0.142841,69.0,data/governance/wgi/wgidataset_with_sourcedata-2025.xlsx,cc!I3099,rl!I3187,data/governance/cpi/CPI2025_Results.xlsx,CPI Timeseries 2012 - 2025!AT84
FRA,2015,1.296355,0.162024,74.095,1.242487,0.142841,70.0,data/governance/wgi/wgidataset_with_sourcedata-2025.xlsx,cc!I3311,rl!I3401,data/governance/cpi/CPI2025_Results.xlsx,CPI Timeseries 2012 - 2025!AQ84
FRA,2016,1.342386,0.162024,75.0268,1.256289,0.142841,69.0,data/governance/wgi/wgidataset_with_sourcedata-2025.xlsx,cc!I3524,rl!I3614,data/governance/cpi/CPI2025_Results.xlsx,CPI Timeseries 2012 - 2025!AN84
FRA,2017,1.356492,0.162024,75.3123,1.244914,0.142841,70.0,data/governance/wgi/wgidataset_with_sourcedata-2025.xlsx,cc!I3736,rl!I3826,data/governance/cpi/CPI2025_Results.xlsx,CPI Timeseries 2012 - 2025!AJ84
FRA,2018,1.412337,0.162024,76.4427,1.225462,0.144778,72.0,data/governance/wgi/wgidataset_with_sourcedata-2025.xlsx,cc!I3947,rl!I4038,data/governance/cpi/CPI2025_Results.xlsx,CPI Timeseries 2012 - 2025!AF84
FRA,2019,1.36205,0.162024,75.4248,1.184915,0.144778,69.0,data/governance/wgi/wgidataset_with_sourcedata-2025.xlsx,cc!I4158,rl!I4252,data/governance/cpi/CPI2025_Results.xlsx,CPI Timeseries 2012 - 2025!AB84
FRA,2020,1.293976,0.162024,74.0469,1.1272,0.152071,69.0,data/governance/wgi/wgidataset_with_sourcedata-2025.xlsx,cc!I4369,rl!I4467,data/governance/cpi/CPI2025_Results.xlsx,CPI Timeseries 2012 - 2025!X84
FRA,2021,1.422803,0.162024,76.6545,1.080552,0.152071,71.0,data/governance/wgi/wgidataset_with_sourcedata-2025.xlsx,cc!I4580,rl!I4682,data/governance/cpi/CPI2025_Results.xlsx,CPI Timeseries 2012 - 2025!T84
FRA,2022,1.385644,0.162024,75.9024,1.019519,0.149392,72.0,data/governance/wgi/wgidataset_with_sourcedata-2025.xlsx,cc!I4794,rl!I4897,data/governance/cpi/CPI2025_Results.xlsx,CPI Timeseries 2012 - 2025!P84
FRA,2023,1.267271,0.160738,73.5063,0.994618,0.148655,71.0,data/governance/wgi/wgidataset_with_sourcedata-2025.xlsx,cc!I5009,rl!I5112,data/governance/cpi/CPI2025_Results.xlsx,CPI Timeseries 2012 - 2025!L84
FRA,2024,1.218224,0.160738,72.5135,0.97866,0.148655,67.0,data/governance/wgi/wgidataset_with_sourcedata-2025.xlsx,cc!I5224,rl!I5327,data/governance/cpi/CPI2025_Results.xlsx,CPI Timeseries 2012 - 2025!H84
FRA,2025,,,,,,66.0,,,,data/governance/cpi/CPI2025_Results.xlsx,CPI Timeseries 2012 - 2025!D84
GBR,1996,2.05062,0.199662,89.3625,1.65469,0.186813,,data/governance/wgi/wgidataset_with_sourcedata-2025.xlsx,cc!I64,rl!I65,,
GBR,1998,2.097394,0.199662,90.3093,1.708639,0.186813,,data/governance/wgi/wgidataset_with_sourcedata-2025.xlsx,cc!I251,rl!I264,,
GBR,2000,2.030211,0.199662,88.9494,1.717661,0.180299,,data/governance/wgi/wgidataset_with_sourcedata-2025.xlsx,cc!I439,rl!I464,,
GBR,2002,1.935732,0.199662,87.037,1.649095,0.180299,,data/governance/wgi/wgidataset_with_sourcedata-2025.xlsx,cc!I628,rl!I666,,
GBR,2003,1.955811,0.199662,87.4434,1.625804,0.180299,,data/governance/wgi/wgidataset_with_sourcedata-2025.xlsx,cc!I818,rl!I868,,
GBR,2004,1.835932,0.198957,85.0169,1.564658,0.180299,,data/governance/wgi/wgidataset_with_sourcedata-2025.xlsx,cc!I1013,rl!I1074,,
GBR,2005,1.902068,0.198957,86.3556,1.557638,0.175159,,data/governance/wgi/wgidataset_with_sourcedata-2025.xlsx,cc!I1218,rl!I1284,,
GBR,2006,1.730983,0.197363,82.8926,1.618216,0.174695,,data/governance/wgi/wgidataset_with_sourcedata-2025.xlsx,cc!I1424,rl!I1494,,
GBR,2007,1.627816,0.197363,80.8043,1.58306,0.174695,,data/governance/wgi/wgidataset_with_sourcedata-2025.xlsx,cc!I1630,rl!I1704,,
GBR,2008,1.573173,0.197363,79.6983,1.472491,0.174695,,data/governance/wgi/wgidataset_with_sourcedata-2025.xlsx,cc!I1837,rl!I1914,,
GBR,2009,1.368361,0.197363,75.5525,1.480499,0.174695,,data/governance/wgi/wgidataset_with_sourcedata-2025.xlsx,cc!I2045,rl!I2124,,
GBR,2010,1.376049,0.180535,75.7082,1.633756,0.17186,,data/governance/wgi/wgidataset_with_sourcedata-2025.xlsx,cc!I2255,rl!I2336,,
GBR,2011,1.448639,0.162024,77.1775,1.443189,0.142841,,data/governance/wgi/wgidataset_with_sourcedata-2025.xlsx,cc!I2466,rl!I2548,,
GBR,2012,1.482683,0.162024,77.8666,1.49852,0.142841,74.0,data/governance/wgi/wgidataset_with_sourcedata-2025.xlsx,cc!I2678,rl!I2762,data/governance/cpi/CPI2025_Results.xlsx,CPI Timeseries 2012 - 2025!AZ69
GBR,2013,1.504608,0.162024,78.3104,1.508956,0.142841,76.0,data/governance/wgi/wgidataset_with_sourcedata-2025.xlsx,cc!I2890,rl!I2976,data/governance/cpi/CPI2025_Results.xlsx,CPI Timeseries 2012 - 2025!AW69
GBR,2014,1.520167,0.162024,78.6253,1.593458,0.142841,78.0,data/governance/wgi/wgidataset_with_sourcedata-2025.xlsx,cc!I3102,rl!I3190,data/governance/cpi/CPI2025_Results.xlsx,CPI Timeseries 2012 - 2025!AT69
GBR,2015,1.65427,0.162024,81.3398,1.660881,0.142841,81.0,data/governance/wgi/wgidataset_with_sourcedata-2025.xlsx,cc!I3314,rl!I3404,data/governance/cpi/CPI2025_Results.xlsx,CPI Timeseries 2012 - 2025!AQ69
GBR,2016,1.759916,0.162024,83.4782,1.613195,0.142841,81.0,data/governance/wgi/wgidataset_with_sourcedata-2025.xlsx,cc!I3527,rl!I3617,data/governance/cpi/CPI2025_Results.xlsx,CPI Timeseries 2012 - 2025!AN69
GBR,2017,1.816116,0.162024,84.6158,1.608424,0.140924,82.0,data/governance/wgi/wgidataset_with_sourcedata-2025.xlsx,cc!I3739,rl!I3829,data/governance/cpi/CPI2025_Results.xlsx,CPI Timeseries 2012 - 2025!AJ69
GBR,2018,1.804371,0.162024,84.3781,1.485497,0.142782,80.0,data/governance/wgi/wgidataset_with_sourcedata-2025.xlsx,cc!I3950,rl!I4041,data/governance/cpi/CPI2025_Results.xlsx,CPI Timeseries 2012 - 2025!AF69
GBR,2019,1.767428,0.162024,83.6303,1.438475,0.142782,77.0,data/governance/wgi/wgidataset_with_sourcedata-2025.xlsx,cc!I4161,rl!I4255,data/governance/cpi/CPI2025_Results.xlsx,CPI Timeseries 2012 - 2025!AB69
GBR,2020,1.721026,0.162024,82.691,1.355493,0.149763,77.0,data/governance/wgi/wgidataset_with_sourcedata-2025.xlsx,cc!I4372,rl!I4470,data/governance/cpi/CPI2025_Results.xlsx,CPI Timeseries 2012 - 2025!X69
GBR,2021,1.664176,0.162404,81.5403,1.306184,0.149763,78.0,data/governance/wgi/wgidataset_with_sourcedata-2025.xlsx,cc!I4583,rl!I4685,data/governance/cpi/CPI2025_Results.xlsx,CPI Timeseries 2012 - 2025!T69
GBR,2022,1.635277,0.174328,80.9553,1.299458,0.148972,73.0,data/governance/wgi/wgidataset_with_sourcedata-2025.xlsx,cc!I4797,rl!I4900,data/governance/cpi/CPI2025_Results.xlsx,CPI Timeseries 2012 - 2025!P69
GBR,2023,1.474575,0.174328,77.7025,1.270355,0.148972,71.0,data/governance/wgi/wgidataset_with_sourcedata-2025.xlsx,cc!I5012,rl!I5115,data/governance/cpi/CPI2025_Results.xlsx,CPI Timeseries 2012 - 2025!L69
GBR,2024,1.509755,0.172728,78.4146,1.269914,0.148241,71.0,data/governance/wgi/wgidataset_with_sourcedata-2025.xlsx,cc!I5227,rl!I5330,data/governance/cpi/CPI2025_Results.xlsx,CPI Timeseries 2012 - 2025!H69
GBR,2025,,,,,,70.0,,,,data/governance/cpi/CPI2025_Results.xlsx,CPI Timeseries 2012 - 2025!D69
GEO,1996,-1.498444,0.343049,17.524,-1.191669,0.276586,,data/governance/wgi/wgidataset_with_sourcedata-2025.xlsx,cc!I65,rl!I66,,
GEO,1998,-1.409571,0.338598,19.3229,-1.163857,0.276586,,data/governance/wgi/wgidataset_with_sourcedata-2025.xlsx,cc!I252,rl!I265,,
GEO,2000,-1.564195,0.329843,16.1931,-0.631231,0.276402,,data/governance/wgi/wgidataset_with_sourcedata-2025.xlsx,cc!I440,rl!I465,,
GEO,2002,-1.532183,0.329843,16.8411,-0.986467,0.253919,,data/governance/wgi/wgidataset_with_sourcedata-2025.xlsx,cc!I629,rl!I667,,
GEO,2003,-0.99642,0.329843,27.6858,-0.906405,0.253919,,data/governance/wgi/wgidataset_with_sourcedata-2025.xlsx,cc!I819,rl!I869,,
GEO,2004,-0.048766,0.235677,46.8677,-0.535822,0.232573,,data/governance/wgi/wgidataset_with_sourcedata-2025.xlsx,cc!I1014,rl!I1075,,
GEO,2005,0.129423,0.222187,50.4745,-0.527715,0.210148,,data/governance/wgi/wgidataset_with_sourcedata-2025.xlsx,cc!I1219,rl!I1285,,
GEO,2006,0.274229,0.187785,53.4056,-0.329342,0.171657,,data/governance/wgi/wgidataset_with_sourcedata-2025.xlsx,cc!I1425,rl!I1495,,
GEO,2007,0.06236,0.187275,49.1171,-0.227104,0.171114,,data/governance/wgi/wgidataset_with_sourcedata-2025.xlsx,cc!I1631,rl!I1705,,
GEO,2008,0.118986,0.187275,50.2633,-0.227987,0.171114,,data/governance/wgi/wgidataset_with_sourcedata-2025.xlsx,cc!I1838,rl!I1915,,
GEO,2009,0.138809,0.187275,50.6645,-0.174578,0.171114,,data/governance/wgi/wgidataset_with_sourcedata-2025.xlsx,cc!I2046,rl!I2125,,
GEO,2010,0.251668,0.187275,52.949,-0.115291,0.171114,,data/governance/wgi/wgidataset_with_sourcedata-2025.xlsx,cc!I2256,rl!I2337,,
GEO,2011,0.317603,0.187275,54.2836,-0.018722,0.171114,,data/governance/wgi/wgidataset_with_sourcedata-2025.xlsx,cc!I2467,rl!I2549,,
GEO,2012,0.520149,0.166844,58.3834,0.186441,0.142412,52.0,data/governance/wgi/wgidataset_with_sourcedata-2025.xlsx,cc!I2679,rl!I2763,data/governance/cpi/CPI2025_Results.xlsx,CPI Timeseries 2012 - 2025!AZ66
GEO,2013,0.538389,0.168036,58.7527,0.12182,0.1449,49.0,data/governance/wgi/wgidataset_with_sourcedata-2025.xlsx,cc!I2891,rl!I2977,data/governance/cpi/CPI2025_Results.xlsx,CPI Timeseries 2012 - 2025!AW66
GEO,2014,0.808016,0.168036,64.2103,0.352798,0.1449,52.0,data/governance/wgi/wgidataset_with_sourcedata-2025.xlsx,cc!I3103,rl!I3191,data/governance/cpi/CPI2025_Results.xlsx,CPI Timeseries 2012 - 2025!AT66
GEO,2015,0.775403,0.168036,63.5502,0.34056,0.1449,52.0,data/governance/wgi/wgidataset_with_sourcedata-2025.xlsx,cc!I3315,rl!I3405,data/governance/cpi/CPI2025_Results.xlsx,CPI Timeseries 2012 - 2025!AQ66
GEO,2016,0.799381,0.168036,64.0355,0.371194,0.1449,57.0,data/governance/wgi/wgidataset_with_sourcedata-2025.xlsx,cc!I3528,rl!I3618,data/governance/cpi/CPI2025_Results.xlsx,CPI Timeseries 2012 - 2025!AN66
GEO,2017,0.861687,0.168036,65.2967,0.223162,0.1449,56.0,data/governance/wgi/wgidataset_with_sourcedata-2025.xlsx,cc!I3740,rl!I3830,data/governance/cpi/CPI2025_Results.xlsx,CPI Timeseries 2012 - 2025!AJ66
GEO,2018,0.841668,0.17489,64.8915,0.266389,0.154024,58.0,data/governance/wgi/wgidataset_with_sourcedata-2025.xlsx,cc!I3951,rl!I4042,data/governance/cpi/CPI2025_Results.xlsx,CPI Timeseries 2012 - 2025!AF66
GEO,2019,0.843625,0.17489,64.9311,0.214437,0.154024,56.0,data/governance/wgi/wgidataset_with_sourcedata-2025.xlsx,cc!I4162,rl!I4256,data/governance/cpi/CPI2025_Results.xlsx,CPI Timeseries 2012 - 2025!AB66
GEO,2020,0.820324,0.175306,64.4594,0.256796,0.163364,56.0,data/governance/wgi/wgidataset_with_sourcedata-2025.xlsx,cc!I4373,rl!I4471,data/governance/cpi/CPI2025_Results.xlsx,CPI Timeseries 2012 - 2025!X66
GEO,2021,0.722679,0.175787,62.483,0.225135,0.163364,55.0,data/governance/wgi/wgidataset_with_sourcedata-2025.xlsx,cc!I4584,rl!I4686,data/governance/cpi/CPI2025_Results.xlsx,CPI Timeseries 2012 - 2025!T66
GEO,2022,0.651282,0.175787,61.0378,0.18182,0.160057,56.0,data/governance/wgi/wgidataset_with_sourcedata-2025.xlsx,cc!I4798,rl!I4901,data/governance/cpi/CPI2025_Results.xlsx,CPI Timeseries 2012 - 2025!P66
GEO,2023,0.658413,0.17836,61.1821,0.164292,0.160016,53.0,data/governance/wgi/wgidataset_with_sourcedata-2025.xlsx,cc!I5013,rl!I5116,data/governance/cpi/CPI2025_Results.xlsx,CPI Timeseries 2012 - 2025!L66
GEO,2024,0.381086,0.17836,55.5686,0.148967,0.155865,53.0,data/governance/wgi/wgidataset_with_sourcedata-2025.xlsx,cc!I5228,rl!I5331,data/governance/cpi/CPI2025_Results.xlsx,CPI Timeseries 2012 - 2025!H66
GEO,2025,,,,,,50.0,,,,data/governance/cpi/CPI2025_Results.xlsx,CPI Timeseries 2012 - 2025!D66
GRC,1996,0.704405,0.199662,62.1131,0.993454,0.186813,,data/governance/wgi/wgidataset_with_sourcedata-2025.xlsx,cc!I71,rl!I72,,
GRC,1998,0.97405,0.199662,67.5711,0.721824,0.186813,,data/governance/wgi/wgidataset_with_sourcedata-2025.xlsx,cc!I258,rl!I271,,
GRC,2000,0.904619,0.199662,66.1657,0.814348,0.180299,,data/governance/wgi/wgidataset_with_sourcedata-2025.xlsx,cc!I446,rl!I471,,
GRC,2002,0.45128,0.199662,56.9894,0.80246,0.180299,,data/governance/wgi/wgidataset_with_sourcedata-2025.xlsx,cc!I635,rl!I673,,
GRC,2003,0.437016,0.199662,56.7007,0.876769,0.180299,,data/governance/wgi/wgidataset_with_sourcedata-2025.xlsx,cc!I825,rl!I875,,
GRC,2004,0.478636,0.198957,57.5432,0.91639,0.180299,,data/governance/wgi/wgidataset_with_sourcedata-2025.xlsx,cc!I1020,rl!I1081,,
GRC,2005,0.397307,0.198957,55.8969,0.805755,0.175159,,data/governance/wgi/wgidataset_with_sourcedata-2025.xlsx,cc!I1225,rl!I1291,,
GRC,2006,0.474927,0.197363,57.4681,0.811886,0.174695,,data/governance/wgi/wgidataset_with_sourcedata-2025.xlsx,cc!I1431,rl!I1501,,
GRC,2007,0.284804,0.197363,53.6197,0.809293,0.174695,,data/governance/wgi/wgidataset_with_sourcedata-2025.xlsx,cc!I1637,rl!I1711,,
GRC,2008,0.174844,0.197363,51.3939,0.700803,0.174695,,data/governance/wgi/wgidataset_with_sourcedata-2025.xlsx,cc!I1844,rl!I1921,,
GRC,2009,0.096657,0.197363,49.8113,0.623138,0.174695,,data/governance/wgi/wgidataset_with_sourcedata-2025.xlsx,cc!I2052,rl!I2131,,
GRC,2010,-0.031371,0.17769,47.2198,0.479174,0.166543,,data/governance/wgi/wgidataset_with_sourcedata-2025.xlsx,cc!I2262,rl!I2343,,
GRC,2011,-0.075633,0.17769,46.3239,0.478777,0.166543,,data/governance/wgi/wgidataset_with_sourcedata-2025.xlsx,cc!I2473,rl!I2555,,
GRC,2012,-0.022961,0.159959,47.3901,0.345876,0.139745,36.0,data/governance/wgi/wgidataset_with_sourcedata-2025.xlsx,cc!I2685,rl!I2769,data/governance/cpi/CPI2025_Results.xlsx,CPI Timeseries 2012 - 2025!AZ139
GRC,2013,0.109825,0.159959,50.0778,0.394732,0.139745,40.0,data/governance/wgi/wgidataset_with_sourcedata-2025.xlsx,cc!I2897,rl!I2983,data/governance/cpi/CPI2025_Results.xlsx,CPI Timeseries 2012 - 2025!AW139
GRC,2014,0.001979,0.159959,47.8949,0.360883,0.139745,43.0,data/governance/wgi/wgidataset_with_sourcedata-2025.xlsx,cc!I3109,rl!I3197,data/governance/cpi/CPI2025_Results.xlsx,CPI Timeseries 2012 - 2025!AT139
GRC,2015,0.022032,0.162024,48.3008,0.339644,0.142841,46.0,data/governance/wgi/wgidataset_with_sourcedata-2025.xlsx,cc!I3321,rl!I3411,data/governance/cpi/CPI2025_Results.xlsx,CPI Timeseries 2012 - 2025!AQ139
GRC,2016,0.088598,0.162024,49.6482,0.26462,0.142841,44.0,data/governance/wgi/wgidataset_with_sourcedata-2025.xlsx,cc!I3534,rl!I3624,data/governance/cpi/CPI2025_Results.xlsx,CPI Timeseries 2012 - 2025!AN139
GRC,2017,0.146684,0.162024,50.8239,0.277897,0.142841,48.0,data/governance/wgi/wgidataset_with_sourcedata-2025.xlsx,cc!I3746,rl!I3836,data/governance/cpi/CPI2025_Results.xlsx,CPI Timeseries 2012 - 2025!AJ139
GRC,2018,0.240815,0.162024,52.7293,0.279761,0.144778,45.0,data/governance/wgi/wgidataset_with_sourcedata-2025.xlsx,cc!I3957,rl!I4048,data/governance/cpi/CPI2025_Results.xlsx,CPI Timeseries 2012 - 2025!AF139
GRC,2019,0.304055,0.162024,54.0094,0.38383,0.144778,48.0,data/governance/wgi/wgidataset_with_sourcedata-2025.xlsx,cc!I4168,rl!I4262,data/governance/cpi/CPI2025_Results.xlsx,CPI Timeseries 2012 - 2025!AB139
GRC,2020,0.28098,0.162024,53.5423,0.472993,0.152071,50.0,data/governance/wgi/wgidataset_with_sourcedata-2025.xlsx,cc!I4379,rl!I4477,data/governance/cpi/CPI2025_Results.xlsx,CPI Timeseries 2012 - 2025!X139
GRC,2021,0.391052,0.162024,55.7703,0.443937,0.152071,49.0,data/governance/wgi/wgidataset_with_sourcedata-2025.xlsx,cc!I4590,rl!I4692,data/governance/cpi/CPI2025_Results.xlsx,CPI Timeseries 2012 - 2025!T139
GRC,2022,0.322499,0.162024,54.3827,0.489274,0.149392,52.0,data/governance/wgi/wgidataset_with_sourcedata-2025.xlsx,cc!I4804,rl!I4907,data/governance/cpi/CPI2025_Results.xlsx,CPI Timeseries 2012 - 2025!P139
GRC,2023,0.329298,0.160738,54.5203,0.396379,0.148655,49.0,data/governance/wgi/wgidataset_with_sourcedata-2025.xlsx,cc!I5019,rl!I5122,data/governance/cpi/CPI2025_Results.xlsx,CPI Timeseries 2012 - 2025!L139
GRC,2024,0.299681,0.160738,53.9208,0.298302,0.148655,49.0,data/governance/wgi/wgidataset_with_sourcedata-2025.xlsx,cc!I5234,rl!I5337,data/governance/cpi/CPI2025_Results.xlsx,CPI Timeseries 2012 - 2025!H139
GRC,2025,,,,,,50.0,,,,data/governance/cpi/CPI2025_Results.xlsx,CPI Timeseries 2012 - 2025!D139
GTM,1996,-0.777785,0.217228,32.1113,-1.076137,0.195916,,data/governance/wgi/wgidataset_with_sourcedata-2025.xlsx,cc!I73,rl!I74,,
GTM,1998,-0.778898,0.217228,32.0887,-1.165826,0.195916,,data/governance/wgi/wgidataset_with_sourcedata-2025.xlsx,cc!I260,rl!I273,,
GTM,2000,-0.564655,0.217228,36.4253,-0.99869,0.195916,,data/governance/wgi/wgidataset_with_sourcedata-2025.xlsx,cc!I448,rl!I473,,
GTM,2002,-0.799632,0.217168,31.6691,-1.029783,0.187404,,data/governance/wgi/wgidataset_with_sourcedata-2025.xlsx,cc!I637,rl!I675,,
GTM,2003,-0.811933,0.212268,31.4201,-1.064768,0.180569,,data/governance/wgi/wgidataset_with_sourcedata-2025.xlsx,cc!I827,rl!I877,,
GTM,2004,-0.594333,0.186585,35.8246,-0.893657,0.178124,,data/governance/wgi/wgidataset_with_sourcedata-2025.xlsx,cc!I1022,rl!I1083,,
GTM,2005,-0.639466,0.186585,34.9111,-0.917972,0.173163,,data/governance/wgi/wgidataset_with_sourcedata-2025.xlsx,cc!I1227,rl!I1293,,
GTM,2006,-0.646603,0.183674,34.7666,-0.922622,0.168545,,data/governance/wgi/wgidataset_with_sourcedata-2025.xlsx,cc!I1433,rl!I1503,,
GTM,2007,-0.612308,0.183674,35.4608,-0.922209,0.168545,,data/governance/wgi/wgidataset_with_sourcedata-2025.xlsx,cc!I1639,rl!I1713,,
GTM,2008,-0.460047,0.183674,38.5428,-0.945645,0.168545,,data/governance/wgi/wgidataset_with_sourcedata-2025.xlsx,cc!I1846,rl!I1923,,
GTM,2009,-0.512253,0.183674,37.486,-0.911323,0.168545,,data/governance/wgi/wgidataset_with_sourcedata-2025.xlsx,cc!I2055,rl!I2134,,
GTM,2010,-0.620941,0.184228,35.286,-0.899735,0.168545,,data/governance/wgi/wgidataset_with_sourcedata-2025.xlsx,cc!I2265,rl!I2346,,
GTM,2011,-0.551837,0.164678,36.6848,-1.032809,0.140921,,data/governance/wgi/wgidataset_with_sourcedata-2025.xlsx,cc!I2476,rl!I2558,,
GTM,2012,-0.769241,0.164678,32.2842,-0.961144,0.140921,33.0,data/governance/wgi/wgidataset_with_sourcedata-2025.xlsx,cc!I2688,rl!I2772,data/governance/cpi/CPI2025_Results.xlsx,CPI Timeseries 2012 - 2025!AZ71
GTM,2013,-0.720212,0.165824,33.2766,-1.037019,0.143331,29.0,data/governance/wgi/wgidataset_with_sourcedata-2025.xlsx,cc!I2900,rl!I2986,data/governance/cpi/CPI2025_Results.xlsx,CPI Timeseries 2012 - 2025!AW71
GTM,2014,-0.870797,0.165824,30.2286,-0.960209,0.143331,32.0,data/governance/wgi/wgidataset_with_sourcedata-2025.xlsx,cc!I3112,rl!I3200,data/governance/cpi/CPI2025_Results.xlsx,CPI Timeseries 2012 - 2025!AT71
GTM,2015,-0.906748,0.168129,29.5009,-0.949851,0.146678,28.0,data/governance/wgi/wgidataset_with_sourcedata-2025.xlsx,cc!I3324,rl!I3414,data/governance/cpi/CPI2025_Results.xlsx,CPI Timeseries 2012 - 2025!AQ71
GTM,2016,-0.873698,0.167708,30.1698,-0.964087,0.146678,28.0,data/governance/wgi/wgidataset_with_sourcedata-2025.xlsx,cc!I3537,rl!I3627,data/governance/cpi/CPI2025_Results.xlsx,CPI Timeseries 2012 - 2025!AN71
GTM,2017,-0.883921,0.167708,29.9629,-0.951067,0.146678,28.0,data/governance/wgi/wgidataset_with_sourcedata-2025.xlsx,cc!I3749,rl!I3839,data/governance/cpi/CPI2025_Results.xlsx,CPI Timeseries 2012 - 2025!AJ71
GTM,2018,-0.972041,0.167708,28.1792,-0.980853,0.148777,27.0,data/governance/wgi/wgidataset_with_sourcedata-2025.xlsx,cc!I3960,rl!I4051,data/governance/cpi/CPI2025_Results.xlsx,CPI Timeseries 2012 - 2025!AF71
GTM,2019,-1.003857,0.167708,27.5352,-1.00566,0.148777,26.0,data/governance/wgi/wgidataset_with_sourcedata-2025.xlsx,cc!I4171,rl!I4265,data/governance/cpi/CPI2025_Results.xlsx,CPI Timeseries 2012 - 2025!AB71
GTM,2020,-1.099881,0.167708,25.5916,-0.965924,0.156725,25.0,data/governance/wgi/wgidataset_with_sourcedata-2025.xlsx,cc!I4382,rl!I4480,data/governance/cpi/CPI2025_Results.xlsx,CPI Timeseries 2012 - 2025!X71
GTM,2021,-1.217909,0.167708,23.2025,-0.975568,0.156725,25.0,data/governance/wgi/wgidataset_with_sourcedata-2025.xlsx,cc!I4593,rl!I4695,data/governance/cpi/CPI2025_Results.xlsx,CPI Timeseries 2012 - 2025!T71
GTM,2022,-1.216662,0.167708,23.2277,-1.03713,0.153798,24.0,data/governance/wgi/wgidataset_with_sourcedata-2025.xlsx,cc!I4807,rl!I4910,data/governance/cpi/CPI2025_Results.xlsx,CPI Timeseries 2012 - 2025!P71
GTM,2023,-1.086913,0.17146,25.854,-1.010816,0.154578,23.0,data/governance/wgi/wgidataset_with_sourcedata-2025.xlsx,cc!I5022,rl!I5125,data/governance/cpi/CPI2025_Results.xlsx,CPI Timeseries 2012 - 2025!L71
GTM,2024,-0.948265,0.171911,28.6605,-0.962274,0.154578,25.0,data/governance/wgi/wgidataset_with_sourcedata-2025.xlsx,cc!I5237,rl!I5340,data/governance/cpi/CPI2025_Results.xlsx,CPI Timeseries 2012 - 2025!H71
GTM,2025,,,,,,26.0,,,,data/governance/cpi/CPI2025_Results.xlsx,CPI Timeseries 2012 - 2025!D71
HKG,1996,1.394075,0.199662,76.073,1.01113,0.191208,,data/governance/wgi/wgidataset_with_sourcedata-2025.xlsx,cc!I76,rl!I77,,
HKG,1998,1.148924,0.199662,71.1108,1.041621,0.191208,,data/governance/wgi/wgidataset_with_sourcedata-2025.xlsx,cc!I263,rl!I276,,
HKG,2000,1.055832,0.199662,69.2265,0.984245,0.191208,,data/governance/wgi/wgidataset_with_sourcedata-2025.xlsx,cc!I451,rl!I476,,
HKG,2002,1.368546,0.197666,75.5563,1.24716,0.191204,,data/governance/wgi/wgidataset_with_sourcedata-2025.xlsx,cc!I640,rl!I678,,
HKG,2003,1.728641,0.197666,82.8452,1.438669,0.191204,,data/governance/wgi/wgidataset_with_sourcedata-2025.xlsx,cc!I830,rl!I880,,
HKG,2004,1.675469,0.196982,81.7689,1.433856,0.191204,,data/governance/wgi/wgidataset_with_sourcedata-2025.xlsx,cc!I1026,rl!I1087,,
HKG,2005,1.699782,0.196982,82.261,1.480713,0.185106,,data/governance/wgi/wgidataset_with_sourcedata-2025.xlsx,cc!I1231,rl!I1297,,
HKG,2006,1.699718,0.197363,82.2597,1.464612,0.184562,,data/governance/wgi/wgidataset_with_sourcedata-2025.xlsx,cc!I1437,rl!I1507,,
HKG,2007,1.677264,0.195434,81.8052,1.462846,0.184559,,data/governance/wgi/wgidataset_with_sourcedata-2025.xlsx,cc!I1643,rl!I1717,,
HKG,2008,1.658116,0.195434,81.4176,1.483329,0.184559,,data/governance/wgi/wgidataset_with_sourcedata-2025.xlsx,cc!I1850,rl!I1927,,
HKG,2009,1.638913,0.195434,81.0289,1.403453,0.184559,,data/governance/wgi/wgidataset_with_sourcedata-2025.xlsx,cc!I2059,rl!I2138,,
HKG,2010,1.693181,0.195434,82.1274,1.440745,0.184559,,data/governance/wgi/wgidataset_with_sourcedata-2025.xlsx,cc!I2269,rl!I2350,,
HKG,2011,1.738789,0.172535,83.0506,1.481108,0.149886,,data/governance/wgi/wgidataset_with_sourcedata-2025.xlsx,cc!I2480,rl!I2562,,
HKG,2012,1.629976,0.172535,80.848,1.43802,0.149886,77.0,data/governance/wgi/wgidataset_with_sourcedata-2025.xlsx,cc!I2692,rl!I2776,data/governance/cpi/CPI2025_Results.xlsx,CPI Timeseries 2012 - 2025!AZ77
HKG,2013,1.521674,0.172535,78.6559,1.367206,0.149886,75.0,data/governance/wgi/wgidataset_with_sourcedata-2025.xlsx,cc!I2904,rl!I2990,data/governance/cpi/CPI2025_Results.xlsx,CPI Timeseries 2012 - 2025!AW77
HKG,2014,1.577389,0.172535,79.7836,1.554154,0.149886,74.0,data/governance/wgi/wgidataset_with_sourcedata-2025.xlsx,cc!I3116,rl!I3204,data/governance/cpi/CPI2025_Results.xlsx,CPI Timeseries 2012 - 2025!AT77
HKG,2015,1.638609,0.172535,81.0228,1.575909,0.149886,75.0,data/governance/wgi/wgidataset_with_sourcedata-2025.xlsx,cc!I3328,rl!I3418,data/governance/cpi/CPI2025_Results.xlsx,CPI Timeseries 2012 - 2025!AQ77
HKG,2016,1.698157,0.172535,82.2281,1.598266,0.149886,77.0,data/governance/wgi/wgidataset_with_sourcedata-2025.xlsx,cc!I3541,rl!I3631,data/governance/cpi/CPI2025_Results.xlsx,CPI Timeseries 2012 - 2025!AN77
HKG,2017,1.701914,0.172535,82.3042,1.495706,0.149886,77.0,data/governance/wgi/wgidataset_with_sourcedata-2025.xlsx,cc!I3753,rl!I3843,data/governance/cpi/CPI2025_Results.xlsx,CPI Timeseries 2012 - 2025!AJ77
HKG,2018,1.715261,0.172535,82.5743,1.480286,0.149886,76.0,data/governance/wgi/wgidataset_with_sourcedata-2025.xlsx,cc!I3964,rl!I4055,data/governance/cpi/CPI2025_Results.xlsx,CPI Timeseries 2012 - 2025!AF77
HKG,2019,1.739153,0.172535,83.058,1.335662,0.147675,76.0,data/governance/wgi/wgidataset_with_sourcedata-2025.xlsx,cc!I4175,rl!I4269,data/governance/cpi/CPI2025_Results.xlsx,CPI Timeseries 2012 - 2025!AB77
HKG,2020,1.688852,0.172535,82.0398,1.175387,0.155439,77.0,data/governance/wgi/wgidataset_with_sourcedata-2025.xlsx,cc!I4386,rl!I4484,data/governance/cpi/CPI2025_Results.xlsx,CPI Timeseries 2012 - 2025!X77
HKG,2021,1.634539,0.172994,80.9404,1.031997,0.155439,76.0,data/governance/wgi/wgidataset_with_sourcedata-2025.xlsx,cc!I4597,rl!I4699,data/governance/cpi/CPI2025_Results.xlsx,CPI Timeseries 2012 - 2025!T77
HKG,2022,1.528427,0.172994,78.7925,0.884177,0.155439,76.0,data/governance/wgi/wgidataset_with_sourcedata-2025.xlsx,cc!I4811,rl!I4914,data/governance/cpi/CPI2025_Results.xlsx,CPI Timeseries 2012 - 2025!P77
HKG,2023,1.553419,0.17143,79.2984,0.875904,0.154609,75.0,data/governance/wgi/wgidataset_with_sourcedata-2025.xlsx,cc!I5026,rl!I5129,data/governance/cpi/CPI2025_Results.xlsx,CPI Timeseries 2012 - 2025!L77
HKG,2024,1.572157,0.17143,79.6777,0.92098,0.154609,74.0,data/governance/wgi/wgidataset_with_sourcedata-2025.xlsx,cc!I5241,rl!I5344,data/governance/cpi/CPI2025_Results.xlsx,CPI Timeseries 2012 - 2025!H77
HKG,2025,,,,,,76.0,,,,data/governance/cpi/CPI2025_Results.xlsx,CPI Timeseries 2012 - 2025!D77
HRV,1996,-0.727626,0.252527,33.1266,-0.674912,0.210756,,data/governance/wgi/wgidataset_with_sourcedata-2025.xlsx,cc!I78,rl!I79,,
HRV,1998,-0.695357,0.230289,33.7797,-0.423844,0.20052,,data/governance/wgi/wgidataset_with_sourcedata-2025.xlsx,cc!I265,rl!I278,,
HRV,2000,0.099804,0.227477,49.875,-0.028314,0.20045,,data/governance/wgi/wgidataset_with_sourcedata-2025.xlsx,cc!I453,rl!I478,,
HRV,2002,0.450974,0.213756,56.9832,-0.068866,0.182999,,data/governance/wgi/wgidataset_with_sourcedata-2025.xlsx,cc!I642,rl!I680,,
HRV,2003,0.395968,0.213756,55.8698,0.091612,0.182999,,data/governance/wgi/wgidataset_with_sourcedata-2025.xlsx,cc!I832,rl!I882,,
HRV,2004,0.266168,0.188519,53.2425,0.152254,0.175698,,data/governance/wgi/wgidataset_with_sourcedata-2025.xlsx,cc!I1028,rl!I1089,,
HRV,2005,0.196927,0.188519,51.8409,0.133911,0.175698,,data/governance/wgi/wgidataset_with_sourcedata-2025.xlsx,cc!I1233,rl!I1299,,
HRV,2006,0.136804,0.175573,50.624,0.033828,0.167528,,data/governance/wgi/wgidataset_with_sourcedata-2025.xlsx,cc!I1439,rl!I1509,,
HRV,2007,0.100088,0.175573,49.8808,0.151981,0.167528,,data/governance/wgi/wgidataset_with_sourcedata-2025.xlsx,cc!I1645,rl!I1719,,
HRV,2008,0.065744,0.175573,49.1856,0.085624,0.167528,,data/governance/wgi/wgidataset_with_sourcedata-2025.xlsx,cc!I1852,rl!I1929,,
HRV,2009,0.050097,0.175573,48.8689,0.108355,0.167528,,data/governance/wgi/wgidataset_with_sourcedata-2025.xlsx,cc!I2061,rl!I2140,,
HRV,2010,0.114119,0.179893,50.1648,0.213977,0.168537,,data/governance/wgi/wgidataset_with_sourcedata-2025.xlsx,cc!I2271,rl!I2352,,
HRV,2011,0.108658,0.16156,50.0542,0.240209,0.140916,,data/governance/wgi/wgidataset_with_sourcedata-2025.xlsx,cc!I2482,rl!I2564,,
HRV,2012,0.094476,0.16156,49.7672,0.267695,0.140916,46.0,data/governance/wgi/wgidataset_with_sourcedata-2025.xlsx,cc!I2694,rl!I2778,data/governance/cpi/CPI2025_Results.xlsx,CPI Timeseries 2012 - 2025!AZ152
HRV,2013,0.113604,0.151933,50.1543,0.261599,0.139416,48.0,data/governance/wgi/wgidataset_with_sourcedata-2025.xlsx,cc!I2906,rl!I2992,data/governance/cpi/CPI2025_Results.xlsx,CPI Timeseries 2012 - 2025!AW152
HRV,2014,0.115381,0.151933,50.1903,0.359107,0.139416,48.0,data/governance/wgi/wgidataset_with_sourcedata-2025.xlsx,cc!I3118,rl!I3206,data/governance/cpi/CPI2025_Results.xlsx,CPI Timeseries 2012 - 2025!AT152
HRV,2015,0.17226,0.151933,51.3416,0.333543,0.139416,51.0,data/governance/wgi/wgidataset_with_sourcedata-2025.xlsx,cc!I3330,rl!I3420,data/governance/cpi/CPI2025_Results.xlsx,CPI Timeseries 2012 - 2025!AQ152
HRV,2016,0.108558,0.151933,50.0522,0.304775,0.139416,49.0,data/governance/wgi/wgidataset_with_sourcedata-2025.xlsx,cc!I3543,rl!I3633,data/governance/cpi/CPI2025_Results.xlsx,CPI Timeseries 2012 - 2025!AN152
HRV,2017,0.045623,0.151933,48.7783,0.343334,0.139416,49.0,data/governance/wgi/wgidataset_with_sourcedata-2025.xlsx,cc!I3755,rl!I3845,data/governance/cpi/CPI2025_Results.xlsx,CPI Timeseries 2012 - 2025!AJ152
HRV,2018,0.024919,0.152762,48.3592,0.255405,0.141239,48.0,data/governance/wgi/wgidataset_with_sourcedata-2025.xlsx,cc!I3966,rl!I4057,data/governance/cpi/CPI2025_Results.xlsx,CPI Timeseries 2012 - 2025!AF152
HRV,2019,0.024975,0.152762,48.3604,0.31002,0.141239,47.0,data/governance/wgi/wgidataset_with_sourcedata-2025.xlsx,cc!I4177,rl!I4271,data/governance/cpi/CPI2025_Results.xlsx,CPI Timeseries 2012 - 2025!AB152
HRV,2020,0.135692,0.152762,50.6015,0.348694,0.147985,47.0,data/governance/wgi/wgidataset_with_sourcedata-2025.xlsx,cc!I4388,rl!I4486,data/governance/cpi/CPI2025_Results.xlsx,CPI Timeseries 2012 - 2025!X152
HRV,2021,0.095498,0.152762,49.7879,0.412796,0.147985,47.0,data/governance/wgi/wgidataset_with_sourcedata-2025.xlsx,cc!I4599,rl!I4701,data/governance/cpi/CPI2025_Results.xlsx,CPI Timeseries 2012 - 2025!T152
HRV,2022,0.106778,0.152762,50.0162,0.43451,0.145514,50.0,data/governance/wgi/wgidataset_with_sourcedata-2025.xlsx,cc!I4813,rl!I4916,data/governance/cpi/CPI2025_Results.xlsx,CPI Timeseries 2012 - 2025!P152
HRV,2023,0.113708,0.151682,50.1565,0.425787,0.144832,50.0,data/governance/wgi/wgidataset_with_sourcedata-2025.xlsx,cc!I5028,rl!I5131,data/governance/cpi/CPI2025_Results.xlsx,CPI Timeseries 2012 - 2025!L152
HRV,2024,0.148681,0.151682,50.8644,0.377483,0.144832,47.0,data/governance/wgi/wgidataset_with_sourcedata-2025.xlsx,cc!I5243,rl!I5346,data/governance/cpi/CPI2025_Results.xlsx,CPI Timeseries 2012 - 2025!H152
HRV,2025,,,,,,47.0,,,,data/governance/cpi/CPI2025_Results.xlsx,CPI Timeseries 2012 - 2025!D152
HUN,1996,0.911036,0.199662,66.2956,0.865829,0.181113,,data/governance/wgi/wgidataset_with_sourcedata-2025.xlsx,cc!I80,rl!I81,,
HUN,1998,0.793109,0.198773,63.9086,0.853746,0.181113,,data/governance/wgi/wgidataset_with_sourcedata-2025.xlsx,cc!I267,rl!I280,,
HUN,2000,0.775523,0.196956,63.5526,0.86158,0.181061,,data/governance/wgi/wgidataset_with_sourcedata-2025.xlsx,cc!I455,rl!I480,,
HUN,2002,0.560671,0.196956,59.2037,0.850433,0.174278,,data/governance/wgi/wgidataset_with_sourcedata-2025.xlsx,cc!I644,rl!I682,,
HUN,2003,0.562863,0.196956,59.248,0.857212,0.174278,,data/governance/wgi/wgidataset_with_sourcedata-2025.xlsx,cc!I834,rl!I884,,
HUN,2004,0.609277,0.181629,60.1875,0.839141,0.168954,,data/governance/wgi/wgidataset_with_sourcedata-2025.xlsx,cc!I1030,rl!I1091,,
HUN,2005,0.605408,0.181629,60.1092,0.916237,0.168954,,data/governance/wgi/wgidataset_with_sourcedata-2025.xlsx,cc!I1235,rl!I1301,,
HUN,2006,0.605617,0.180414,60.1134,0.962471,0.168537,,data/governance/wgi/wgidataset_with_sourcedata-2025.xlsx,cc!I1441,rl!I1511,,
HUN,2007,0.533208,0.180414,58.6478,0.893587,0.168537,,data/governance/wgi/wgidataset_with_sourcedata-2025.xlsx,cc!I1647,rl!I1721,,
HUN,2008,0.426571,0.178432,56.4893,0.77668,0.164657,,data/governance/wgi/wgidataset_with_sourcedata-2025.xlsx,cc!I1854,rl!I1931,,
HUN,2009,0.384632,0.178432,55.6404,0.612415,0.164657,,data/governance/wgi/wgidataset_with_sourcedata-2025.xlsx,cc!I2063,rl!I2142,,
HUN,2010,0.246933,0.165708,52.8531,0.58213,0.162277,,data/governance/wgi/wgidataset_with_sourcedata-2025.xlsx,cc!I2273,rl!I2354,,
HUN,2011,0.298214,0.165708,53.8911,0.631596,0.162277,,data/governance/wgi/wgidataset_with_sourcedata-2025.xlsx,cc!I2484,rl!I2566,,
HUN,2012,0.383389,0.15105,55.6152,0.566117,0.137195,55.0,data/governance/wgi/wgidataset_with_sourcedata-2025.xlsx,cc!I2696,rl!I2780,data/governance/cpi/CPI2025_Results.xlsx,CPI Timeseries 2012 - 2025!AZ177
HUN,2013,0.354156,0.151933,55.0235,0.498686,0.139416,54.0,data/governance/wgi/wgidataset_with_sourcedata-2025.xlsx,cc!I2908,rl!I2994,data/governance/cpi/CPI2025_Results.xlsx,CPI Timeseries 2012 - 2025!AW177
HUN,2014,0.172662,0.151933,51.3498,0.350997,0.139416,54.0,data/governance/wgi/wgidataset_with_sourcedata-2025.xlsx,cc!I3120,rl!I3208,data/governance/cpi/CPI2025_Results.xlsx,CPI Timeseries 2012 - 2025!AT177
HUN,2015,0.172375,0.151933,51.344,0.355278,0.139416,51.0,data/governance/wgi/wgidataset_with_sourcedata-2025.xlsx,cc!I3332,rl!I3422,data/governance/cpi/CPI2025_Results.xlsx,CPI Timeseries 2012 - 2025!AQ177
HUN,2016,0.156885,0.151933,51.0304,0.409913,0.139416,48.0,data/governance/wgi/wgidataset_with_sourcedata-2025.xlsx,cc!I3545,rl!I3635,data/governance/cpi/CPI2025_Results.xlsx,CPI Timeseries 2012 - 2025!AN177
HUN,2017,0.160723,0.151933,51.1081,0.400988,0.139416,45.0,data/governance/wgi/wgidataset_with_sourcedata-2025.xlsx,cc!I3757,rl!I3847,data/governance/cpi/CPI2025_Results.xlsx,CPI Timeseries 2012 - 2025!AJ177
HUN,2018,0.139157,0.152762,50.6716,0.339678,0.141239,46.0,data/governance/wgi/wgidataset_with_sourcedata-2025.xlsx,cc!I3968,rl!I4059,data/governance/cpi/CPI2025_Results.xlsx,CPI Timeseries 2012 - 2025!AF177
HUN,2019,0.084756,0.152762,49.5704,0.308111,0.141239,44.0,data/governance/wgi/wgidataset_with_sourcedata-2025.xlsx,cc!I4179,rl!I4273,data/governance/cpi/CPI2025_Results.xlsx,CPI Timeseries 2012 - 2025!AB177
HUN,2020,0.141839,0.152762,50.7259,0.329192,0.147985,44.0,data/governance/wgi/wgidataset_with_sourcedata-2025.xlsx,cc!I4390,rl!I4488,data/governance/cpi/CPI2025_Results.xlsx,CPI Timeseries 2012 - 2025!X177
HUN,2021,0.131269,0.152762,50.5119,0.29714,0.147985,43.0,data/governance/wgi/wgidataset_with_sourcedata-2025.xlsx,cc!I4601,rl!I4703,data/governance/cpi/CPI2025_Results.xlsx,CPI Timeseries 2012 - 2025!T177
HUN,2022,0.040262,0.152762,48.6698,0.242622,0.145514,42.0,data/governance/wgi/wgidataset_with_sourcedata-2025.xlsx,cc!I4815,rl!I4918,data/governance/cpi/CPI2025_Results.xlsx,CPI Timeseries 2012 - 2025!P177
HUN,2023,0.083173,0.151682,49.5384,0.1894,0.144832,42.0,data/governance/wgi/wgidataset_with_sourcedata-2025.xlsx,cc!I5030,rl!I5133,data/governance/cpi/CPI2025_Results.xlsx,CPI Timeseries 2012 - 2025!L177
HUN,2024,0.039437,0.151682,48.6531,0.192336,0.144832,41.0,data/governance/wgi/wgidataset_with_sourcedata-2025.xlsx,cc!I5245,rl!I5348,data/governance/cpi/CPI2025_Results.xlsx,CPI Timeseries 2012 - 2025!H177
HUN,2025,,,,,,40.0,,,,data/governance/cpi/CPI2025_Results.xlsx,CPI Timeseries 2012 - 2025!D177
IDN,1996,-0.833671,0.199662,30.9801,-0.523817,0.186813,,data/governance/wgi/wgidataset_with_sourcedata-2025.xlsx,cc!I81,rl!I82,,
IDN,1998,-1.228026,0.199662,22.9977,-0.914044,0.186813,,data/governance/wgi/wgidataset_with_sourcedata-2025.xlsx,cc!I268,rl!I281,,
IDN,2000,-1.079931,0.199662,25.9954,-0.950184,0.186813,,data/governance/wgi/wgidataset_with_sourcedata-2025.xlsx,cc!I456,rl!I481,,
IDN,2002,-1.340737,0.199662,20.7162,-1.135619,0.179389,,data/governance/wgi/wgidataset_with_sourcedata-2025.xlsx,cc!I645,rl!I683,,
IDN,2003,-1.221643,0.195834,23.1269,-0.935415,0.173367,,data/governance/wgi/wgidataset_with_sourcedata-2025.xlsx,cc!I835,rl!I885,,
IDN,2004,-1.164235,0.175881,24.2889,-0.769981,0.172269,,data/governance/wgi/wgidataset_with_sourcedata-2025.xlsx,cc!I1031,rl!I1092,,
IDN,2005,-1.135167,0.175462,24.8773,-0.765256,0.167262,,data/governance/wgi/wgidataset_with_sourcedata-2025.xlsx,cc!I1236,rl!I1302,,
IDN,2006,-0.896932,0.17173,29.6995,-0.650663,0.163088,,data/governance/wgi/wgidataset_with_sourcedata-2025.xlsx,cc!I1442,rl!I1512,,
IDN,2007,-0.703208,0.17173,33.6208,-0.626457,0.163088,,data/governance/wgi/wgidataset_with_sourcedata-2025.xlsx,cc!I1648,rl!I1722,,
IDN,2008,-0.532594,0.17173,37.0743,-0.577289,0.163088,,data/governance/wgi/wgidataset_with_sourcedata-2025.xlsx,cc!I1855,rl!I1932,,
IDN,2009,-0.620412,0.17173,35.2967,-0.553058,0.163088,,data/governance/wgi/wgidataset_with_sourcedata-2025.xlsx,cc!I2064,rl!I2143,,
IDN,2010,-0.663338,0.17173,34.4278,-0.651831,0.163088,,data/governance/wgi/wgidataset_with_sourcedata-2025.xlsx,cc!I2274,rl!I2355,,
IDN,2011,-0.645167,0.155569,34.7957,-0.285231,0.137684,,data/governance/wgi/wgidataset_with_sourcedata-2025.xlsx,cc!I2485,rl!I2567,,
IDN,2012,-0.772434,0.155861,32.2196,-0.385232,0.137966,32.0,data/governance/wgi/wgidataset_with_sourcedata-2025.xlsx,cc!I2697,rl!I2781,data/governance/cpi/CPI2025_Results.xlsx,CPI Timeseries 2012 - 2025!AZ81
IDN,2013,-0.727894,0.156832,33.1211,-0.419998,0.140225,32.0,data/governance/wgi/wgidataset_with_sourcedata-2025.xlsx,cc!I2909,rl!I2995,data/governance/cpi/CPI2025_Results.xlsx,CPI Timeseries 2012 - 2025!AW81
IDN,2014,-0.715025,0.156832,33.3816,-0.338428,0.140225,34.0,data/governance/wgi/wgidataset_with_sourcedata-2025.xlsx,cc!I3121,rl!I3209,data/governance/cpi/CPI2025_Results.xlsx,CPI Timeseries 2012 - 2025!AT81
IDN,2015,-0.522967,0.158777,37.2692,-0.381222,0.143355,36.0,data/governance/wgi/wgidataset_with_sourcedata-2025.xlsx,cc!I3333,rl!I3423,data/governance/cpi/CPI2025_Results.xlsx,CPI Timeseries 2012 - 2025!AQ81
IDN,2016,-0.482258,0.158777,38.0932,-0.321809,0.143355,37.0,data/governance/wgi/wgidataset_with_sourcedata-2025.xlsx,cc!I3546,rl!I3636,data/governance/cpi/CPI2025_Results.xlsx,CPI Timeseries 2012 - 2025!AN81
IDN,2017,-0.376769,0.158777,40.2284,-0.3166,0.143355,37.0,data/governance/wgi/wgidataset_with_sourcedata-2025.xlsx,cc!I3758,rl!I3848,data/governance/cpi/CPI2025_Results.xlsx,CPI Timeseries 2012 - 2025!AJ81
IDN,2018,-0.338129,0.158777,41.0106,-0.219719,0.145312,38.0,data/governance/wgi/wgidataset_with_sourcedata-2025.xlsx,cc!I3969,rl!I4060,data/governance/cpi/CPI2025_Results.xlsx,CPI Timeseries 2012 - 2025!AF81
IDN,2019,-0.42785,0.158777,39.1945,-0.191973,0.145312,40.0,data/governance/wgi/wgidataset_with_sourcedata-2025.xlsx,cc!I4180,rl!I4274,data/governance/cpi/CPI2025_Results.xlsx,CPI Timeseries 2012 - 2025!AB81
IDN,2020,-0.34566,0.158777,40.8581,-0.147977,0.152691,37.0,data/governance/wgi/wgidataset_with_sourcedata-2025.xlsx,cc!I4391,rl!I4489,data/governance/cpi/CPI2025_Results.xlsx,CPI Timeseries 2012 - 2025!X81
IDN,2021,-0.416213,0.158777,39.43,-0.143678,0.152691,38.0,data/governance/wgi/wgidataset_with_sourcedata-2025.xlsx,cc!I4602,rl!I4704,data/governance/cpi/CPI2025_Results.xlsx,CPI Timeseries 2012 - 2025!T81
IDN,2022,-0.370214,0.158777,40.3611,-0.129118,0.14998,34.0,data/governance/wgi/wgidataset_with_sourcedata-2025.xlsx,cc!I4816,rl!I4919,data/governance/cpi/CPI2025_Results.xlsx,CPI Timeseries 2012 - 2025!P81
IDN,2023,-0.443166,0.157565,38.8845,-0.081757,0.149234,34.0,data/governance/wgi/wgidataset_with_sourcedata-2025.xlsx,cc!I5031,rl!I5134,data/governance/cpi/CPI2025_Results.xlsx,CPI Timeseries 2012 - 2025!L81
IDN,2024,-0.544615,0.157565,36.831,-0.206598,0.147051,37.0,data/governance/wgi/wgidataset_with_sourcedata-2025.xlsx,cc!I5246,rl!I5349,data/governance/cpi/CPI2025_Results.xlsx,CPI Timeseries 2012 - 2025!H81
IDN,2025,,,,,,34.0,,,,data/governance/cpi/CPI2025_Results.xlsx,CPI Timeseries 2012 - 2025!D81
IRL,1996,1.884949,0.199662,86.0091,1.51265,0.186813,,data/governance/wgi/wgidataset_with_sourcedata-2025.xlsx,cc!I83,rl!I84,,
IRL,1998,1.58358,0.199662,79.9089,1.601545,0.186813,,data/governance/wgi/wgidataset_with_sourcedata-2025.xlsx,cc!I270,rl!I283,,
IRL,2000,1.283351,0.199662,73.8318,1.665143,0.180299,,data/governance/wgi/wgidataset_with_sourcedata-2025.xlsx,cc!I458,rl!I483,,
IRL,2002,1.43351,0.199662,76.8713,1.632024,0.180299,,data/governance/wgi/wgidataset_with_sourcedata-2025.xlsx,cc!I647,rl!I685,,
IRL,2003,1.466673,0.199662,77.5425,1.550882,0.180299,,data/governance/wgi/wgidataset_with_sourcedata-2025.xlsx,cc!I837,rl!I887,,
IRL,2004,1.233594,0.198957,72.8247,1.503026,0.180299,,data/governance/wgi/wgidataset_with_sourcedata-2025.xlsx,cc!I1033,rl!I1094,,
IRL,2005,1.644592,0.198957,81.1439,1.61495,0.175159,,data/governance/wgi/wgidataset_with_sourcedata-2025.xlsx,cc!I1238,rl!I1304,,
IRL,2006,1.506116,0.197363,78.3409,1.62003,0.174695,,data/governance/wgi/wgidataset_with_sourcedata-2025.xlsx,cc!I1444,rl!I1514,,
IRL,2007,1.461399,0.197363,77.4358,1.652783,0.174695,,data/governance/wgi/wgidataset_with_sourcedata-2025.xlsx,cc!I1650,rl!I1724,,
IRL,2008,1.46946,0.197363,77.599,1.6535,0.174695,,data/governance/wgi/wgidataset_with_sourcedata-2025.xlsx,cc!I1857,rl!I1934,,
IRL,2009,1.442508,0.197363,77.0534,1.542322,0.174695,,data/governance/wgi/wgidataset_with_sourcedata-2025.xlsx,cc!I2066,rl!I2145,,
IRL,2010,1.408,0.197363,76.3549,1.508714,0.174695,,data/governance/wgi/wgidataset_with_sourcedata-2025.xlsx,cc!I2276,rl!I2357,,
IRL,2011,1.380224,0.195439,75.7927,1.515011,0.170384,,data/governance/wgi/wgidataset_with_sourcedata-2025.xlsx,cc!I2487,rl!I2569,,
IRL,2012,1.403574,0.195439,76.2653,1.527635,0.170384,69.0,data/governance/wgi/wgidataset_with_sourcedata-2025.xlsx,cc!I2699,rl!I2783,data/governance/cpi/CPI2025_Results.xlsx,CPI Timeseries 2012 - 2025!AZ62
IRL,2013,1.546972,0.180535,79.1679,1.500221,0.17186,72.0,data/governance/wgi/wgidataset_with_sourcedata-2025.xlsx,cc!I2911,rl!I2997,data/governance/cpi/CPI2025_Results.xlsx,CPI Timeseries 2012 - 2025!AW62
IRL,2014,1.591308,0.180535,80.0654,1.532425,0.17186,74.0,data/governance/wgi/wgidataset_with_sourcedata-2025.xlsx,cc!I3123,rl!I3211,data/governance/cpi/CPI2025_Results.xlsx,CPI Timeseries 2012 - 2025!AT62
IRL,2015,1.630802,0.180535,80.8648,1.603553,0.17186,75.0,data/governance/wgi/wgidataset_with_sourcedata-2025.xlsx,cc!I3335,rl!I3425,data/governance/cpi/CPI2025_Results.xlsx,CPI Timeseries 2012 - 2025!AQ62
IRL,2016,1.636332,0.181061,80.9767,1.566012,0.17186,73.0,data/governance/wgi/wgidataset_with_sourcedata-2025.xlsx,cc!I3548,rl!I3638,data/governance/cpi/CPI2025_Results.xlsx,CPI Timeseries 2012 - 2025!AN62
IRL,2017,1.558063,0.181061,79.3924,1.531979,0.17186,74.0,data/governance/wgi/wgidataset_with_sourcedata-2025.xlsx,cc!I3760,rl!I3850,data/governance/cpi/CPI2025_Results.xlsx,CPI Timeseries 2012 - 2025!AJ62
IRL,2018,1.553378,0.181061,79.2976,1.528116,0.175264,73.0,data/governance/wgi/wgidataset_with_sourcedata-2025.xlsx,cc!I3971,rl!I4062,data/governance/cpi/CPI2025_Results.xlsx,CPI Timeseries 2012 - 2025!AF62
IRL,2019,1.518937,0.181061,78.6004,1.540991,0.175264,74.0,data/governance/wgi/wgidataset_with_sourcedata-2025.xlsx,cc!I4182,rl!I4276,data/governance/cpi/CPI2025_Results.xlsx,CPI Timeseries 2012 - 2025!AB62
IRL,2020,1.59589,0.180535,80.1581,1.521402,0.188685,72.0,data/governance/wgi/wgidataset_with_sourcedata-2025.xlsx,cc!I4393,rl!I4491,data/governance/cpi/CPI2025_Results.xlsx,CPI Timeseries 2012 - 2025!X62
IRL,2021,1.611747,0.162024,80.4791,1.545358,0.152071,74.0,data/governance/wgi/wgidataset_with_sourcedata-2025.xlsx,cc!I4604,rl!I4706,data/governance/cpi/CPI2025_Results.xlsx,CPI Timeseries 2012 - 2025!T62
IRL,2022,1.646364,0.162024,81.1798,1.504027,0.149392,77.0,data/governance/wgi/wgidataset_with_sourcedata-2025.xlsx,cc!I4818,rl!I4921,data/governance/cpi/CPI2025_Results.xlsx,CPI Timeseries 2012 - 2025!P62
IRL,2023,1.585913,0.162024,79.9561,1.598044,0.149392,77.0,data/governance/wgi/wgidataset_with_sourcedata-2025.xlsx,cc!I5033,rl!I5136,data/governance/cpi/CPI2025_Results.xlsx,CPI Timeseries 2012 - 2025!L62
IRL,2024,1.572589,0.160738,79.6864,1.591322,0.148655,77.0,data/governance/wgi/wgidataset_with_sourcedata-2025.xlsx,cc!I5248,rl!I5351,data/governance/cpi/CPI2025_Results.xlsx,CPI Timeseries 2012 - 2025!H62
IRL,2025,,,,,,76.0,,,,data/governance/cpi/CPI2025_Results.xlsx,CPI Timeseries 2012 - 2025!D62
ISL,1996,1.800353,0.236355,84.2967,1.577544,0.228141,,data/governance/wgi/wgidataset_with_sourcedata-2025.xlsx,cc!I86,rl!I87,,
ISL,1998,2.177689,0.236355,91.9346,1.646518,0.228141,,data/governance/wgi/wgidataset_with_sourcedata-2025.xlsx,cc!I273,rl!I286,,
ISL,2000,2.19514,0.236355,92.2878,1.877739,0.228141,,data/governance/wgi/wgidataset_with_sourcedata-2025.xlsx,cc!I461,rl!I486,,
ISL,2002,2.118432,0.236355,90.7351,1.88409,0.228141,,data/governance/wgi/wgidataset_with_sourcedata-2025.xlsx,cc!I650,rl!I688,,
ISL,2003,2.101196,0.236355,90.3863,1.916973,0.228141,,data/governance/wgi/wgidataset_with_sourcedata-2025.xlsx,cc!I840,rl!I890,,
ISL,2004,1.954851,0.235188,87.424,1.827785,0.228141,,data/governance/wgi/wgidataset_with_sourcedata-2025.xlsx,cc!I1036,rl!I1097,,
ISL,2005,2.291086,0.235188,94.2299,1.874135,0.217985,,data/governance/wgi/wgidataset_with_sourcedata-2025.xlsx,cc!I1241,rl!I1307,,
ISL,2006,1.964835,0.198957,87.6261,1.858096,0.181113,,data/governance/wgi/wgidataset_with_sourcedata-2025.xlsx,cc!I1447,rl!I1517,,
ISL,2007,1.993943,0.198957,88.2153,1.812064,0.181113,,data/governance/wgi/wgidataset_with_sourcedata-2025.xlsx,cc!I1653,rl!I1727,,
ISL,2008,2.108554,0.198957,90.5352,1.714643,0.181113,,data/governance/wgi/wgidataset_with_sourcedata-2025.xlsx,cc!I1860,rl!I1937,,
ISL,2009,2.146851,0.197363,91.3104,1.682452,0.1806,,data/governance/wgi/wgidataset_with_sourcedata-2025.xlsx,cc!I2069,rl!I2148,,
ISL,2010,1.832741,0.197363,84.9523,1.631063,0.174695,,data/governance/wgi/wgidataset_with_sourcedata-2025.xlsx,cc!I2279,rl!I2360,,
ISL,2011,1.881645,0.197363,85.9422,1.682499,0.174695,,data/governance/wgi/wgidataset_with_sourcedata-2025.xlsx,cc!I2490,rl!I2572,,
ISL,2012,1.824319,0.197363,84.7819,1.691069,0.174695,82.0,data/governance/wgi/wgidataset_with_sourcedata-2025.xlsx,cc!I2702,rl!I2786,data/governance/cpi/CPI2025_Results.xlsx,CPI Timeseries 2012 - 2025!AZ58
ISL,2013,1.860517,0.197363,85.5145,1.640436,0.174695,78.0,data/governance/wgi/wgidataset_with_sourcedata-2025.xlsx,cc!I2914,rl!I3000,data/governance/cpi/CPI2025_Results.xlsx,CPI Timeseries 2012 - 2025!AW58
ISL,2014,1.842095,0.197363,85.1417,1.621173,0.174695,79.0,data/governance/wgi/wgidataset_with_sourcedata-2025.xlsx,cc!I3126,rl!I3214,data/governance/cpi/CPI2025_Results.xlsx,CPI Timeseries 2012 - 2025!AT58
ISL,2015,1.985403,0.197363,88.0424,1.642147,0.174695,79.0,data/governance/wgi/wgidataset_with_sourcedata-2025.xlsx,cc!I3338,rl!I3428,data/governance/cpi/CPI2025_Results.xlsx,CPI Timeseries 2012 - 2025!AQ58
ISL,2016,1.97141,0.198051,87.7592,1.620386,0.174695,78.0,data/governance/wgi/wgidataset_with_sourcedata-2025.xlsx,cc!I3551,rl!I3641,data/governance/cpi/CPI2025_Results.xlsx,CPI Timeseries 2012 - 2025!AN58
ISL,2017,1.869132,0.198051,85.6889,1.66583,0.174695,77.0,data/governance/wgi/wgidataset_with_sourcedata-2025.xlsx,cc!I3763,rl!I3853,data/governance/cpi/CPI2025_Results.xlsx,CPI Timeseries 2012 - 2025!AJ58
ISL,2018,1.886808,0.198051,86.0467,1.740785,0.178273,76.0,data/governance/wgi/wgidataset_with_sourcedata-2025.xlsx,cc!I3974,rl!I4065,data/governance/cpi/CPI2025_Results.xlsx,CPI Timeseries 2012 - 2025!AF58
ISL,2019,1.826087,0.198051,84.8176,1.7467,0.184562,78.0,data/governance/wgi/wgidataset_with_sourcedata-2025.xlsx,cc!I4185,rl!I4279,data/governance/cpi/CPI2025_Results.xlsx,CPI Timeseries 2012 - 2025!AB58
ISL,2020,1.842299,0.198051,85.1458,1.686636,0.200438,75.0,data/governance/wgi/wgidataset_with_sourcedata-2025.xlsx,cc!I4396,rl!I4494,data/governance/cpi/CPI2025_Results.xlsx,CPI Timeseries 2012 - 2025!X58
ISL,2021,1.85843,0.198051,85.4723,1.707617,0.192455,74.0,data/governance/wgi/wgidataset_with_sourcedata-2025.xlsx,cc!I4607,rl!I4709,data/governance/cpi/CPI2025_Results.xlsx,CPI Timeseries 2012 - 2025!T58
ISL,2022,1.649573,0.198051,81.2447,1.596861,0.18711,74.0,data/governance/wgi/wgidataset_with_sourcedata-2025.xlsx,cc!I4821,rl!I4924,data/governance/cpi/CPI2025_Results.xlsx,CPI Timeseries 2012 - 2025!P58
ISL,2023,1.662376,0.198051,81.5039,1.59027,0.18711,72.0,data/governance/wgi/wgidataset_with_sourcedata-2025.xlsx,cc!I5036,rl!I5139,data/governance/cpi/CPI2025_Results.xlsx,CPI Timeseries 2012 - 2025!L58
ISL,2024,1.828818,0.195714,84.8729,1.627889,0.185668,77.0,data/governance/wgi/wgidataset_with_sourcedata-2025.xlsx,cc!I5251,rl!I5354,data/governance/cpi/CPI2025_Results.xlsx,CPI Timeseries 2012 - 2025!H58
ISL,2025,,,,,,77.0,,,,data/governance/cpi/CPI2025_Results.xlsx,CPI Timeseries 2012 - 2025!D58
ISR,1996,1.667523,0.199662,81.6081,1.18098,0.186813,,data/governance/wgi/wgidataset_with_sourcedata-2025.xlsx,cc!I87,rl!I88,,
ISR,1998,1.19171,0.199662,71.9769,0.937517,0.186813,,data/governance/wgi/wgidataset_with_sourcedata-2025.xlsx,cc!I274,rl!I287,,
ISR,2000,1.016586,0.199662,68.4321,0.988309,0.186813,,data/governance/wgi/wgidataset_with_sourcedata-2025.xlsx,cc!I462,rl!I487,,
ISR,2002,1.050373,0.199662,69.116,1.00027,0.186813,,data/governance/wgi/wgidataset_with_sourcedata-2025.xlsx,cc!I651,rl!I689,,
ISR,2003,1.043956,0.199662,68.9861,0.961472,0.186813,,data/governance/wgi/wgidataset_with_sourcedata-2025.xlsx,cc!I841,rl!I891,,
ISR,2004,0.82222,0.198957,64.4978,0.881354,0.186813,,data/governance/wgi/wgidataset_with_sourcedata-2025.xlsx,cc!I1037,rl!I1098,,
ISR,2005,0.808857,0.198957,64.2273,0.845699,0.181113,,data/governance/wgi/wgidataset_with_sourcedata-2025.xlsx,cc!I1242,rl!I1308,,
ISR,2006,0.841614,0.195439,64.8904,0.826549,0.175849,,data/governance/wgi/wgidataset_with_sourcedata-2025.xlsx,cc!I1448,rl!I1518,,
ISR,2007,0.674205,0.195439,61.5018,0.782024,0.175849,,data/governance/wgi/wgidataset_with_sourcedata-2025.xlsx,cc!I1654,rl!I1728,,
ISR,2008,0.68993,0.195439,61.8201,0.797601,0.175849,,data/governance/wgi/wgidataset_with_sourcedata-2025.xlsx,cc!I1861,rl!I1938,,
ISR,2009,0.687295,0.195439,61.7667,0.796654,0.175849,,data/governance/wgi/wgidataset_with_sourcedata-2025.xlsx,cc!I2070,rl!I2149,,
ISR,2010,0.676702,0.195439,61.5523,0.813979,0.175849,,data/governance/wgi/wgidataset_with_sourcedata-2025.xlsx,cc!I2280,rl!I2361,,
ISR,2011,0.722372,0.197363,62.4767,0.891887,0.1806,,data/governance/wgi/wgidataset_with_sourcedata-2025.xlsx,cc!I2491,rl!I2573,,
ISR,2012,0.755858,0.197363,63.1546,0.871332,0.1806,60.0,data/governance/wgi/wgidataset_with_sourcedata-2025.xlsx,cc!I2703,rl!I2787,data/governance/cpi/CPI2025_Results.xlsx,CPI Timeseries 2012 - 2025!AZ85
ISR,2013,0.752133,0.197363,63.0792,0.893524,0.1806,61.0,data/governance/wgi/wgidataset_with_sourcedata-2025.xlsx,cc!I2915,rl!I3001,data/governance/cpi/CPI2025_Results.xlsx,CPI Timeseries 2012 - 2025!AW85
ISR,2014,0.747011,0.197363,62.9755,0.928954,0.1806,60.0,data/governance/wgi/wgidataset_with_sourcedata-2025.xlsx,cc!I3127,rl!I3215,data/governance/cpi/CPI2025_Results.xlsx,CPI Timeseries 2012 - 2025!AT85
ISR,2015,0.849558,0.197363,65.0512,1.040849,0.1806,61.0,data/governance/wgi/wgidataset_with_sourcedata-2025.xlsx,cc!I3339,rl!I3429,data/governance/cpi/CPI2025_Results.xlsx,CPI Timeseries 2012 - 2025!AQ85
ISR,2016,1.110881,0.197363,70.3408,1.004892,0.1806,64.0,data/governance/wgi/wgidataset_with_sourcedata-2025.xlsx,cc!I3552,rl!I3642,data/governance/cpi/CPI2025_Results.xlsx,CPI Timeseries 2012 - 2025!AN85
ISR,2017,0.808962,0.198051,64.2295,0.994279,0.1806,62.0,data/governance/wgi/wgidataset_with_sourcedata-2025.xlsx,cc!I3764,rl!I3854,data/governance/cpi/CPI2025_Results.xlsx,CPI Timeseries 2012 - 2025!AJ85
ISR,2018,0.739851,0.198051,62.8306,0.935194,0.184562,61.0,data/governance/wgi/wgidataset_with_sourcedata-2025.xlsx,cc!I3975,rl!I4066,data/governance/cpi/CPI2025_Results.xlsx,CPI Timeseries 2012 - 2025!AF85
ISR,2019,0.801155,0.198051,64.0714,0.949133,0.184562,60.0,data/governance/wgi/wgidataset_with_sourcedata-2025.xlsx,cc!I4186,rl!I4280,data/governance/cpi/CPI2025_Results.xlsx,CPI Timeseries 2012 - 2025!AB85
ISR,2020,0.693278,0.198051,61.8878,0.887361,0.200438,60.0,data/governance/wgi/wgidataset_with_sourcedata-2025.xlsx,cc!I4397,rl!I4495,data/governance/cpi/CPI2025_Results.xlsx,CPI Timeseries 2012 - 2025!X85
ISR,2021,0.92491,0.198051,66.5764,0.880793,0.200438,59.0,data/governance/wgi/wgidataset_with_sourcedata-2025.xlsx,cc!I4608,rl!I4710,data/governance/cpi/CPI2025_Results.xlsx,CPI Timeseries 2012 - 2025!T85
ISR,2022,0.887834,0.198051,65.826,0.801026,0.194421,63.0,data/governance/wgi/wgidataset_with_sourcedata-2025.xlsx,cc!I4822,rl!I4925,data/governance/cpi/CPI2025_Results.xlsx,CPI Timeseries 2012 - 2025!P85
ISR,2023,0.871296,0.198051,65.4912,0.664238,0.194421,62.0,data/governance/wgi/wgidataset_with_sourcedata-2025.xlsx,cc!I5037,rl!I5140,data/governance/cpi/CPI2025_Results.xlsx,CPI Timeseries 2012 - 2025!L85
ISR,2024,0.853319,0.195714,65.1273,0.599718,0.192804,64.0,data/governance/wgi/wgidataset_with_sourcedata-2025.xlsx,cc!I5252,rl!I5355,data/governance/cpi/CPI2025_Results.xlsx,CPI Timeseries 2012 - 2025!H85
ISR,2025,,,,,,62.0,,,,data/governance/cpi/CPI2025_Results.xlsx,CPI Timeseries 2012 - 2025!D85
ITA,1996,0.695561,0.199662,61.9341,0.926585,0.186813,,data/governance/wgi/wgidataset_with_sourcedata-2025.xlsx,cc!I88,rl!I89,,
ITA,1998,0.620694,0.199662,60.4186,0.778789,0.186813,,data/governance/wgi/wgidataset_with_sourcedata-2025.xlsx,cc!I275,rl!I288,,
ITA,2000,0.781429,0.199662,63.6722,0.877642,0.180299,,data/governance/wgi/wgidataset_with_sourcedata-2025.xlsx,cc!I463,rl!I488,,
ITA,2002,0.684483,0.199662,61.7098,0.776886,0.180299,,data/governance/wgi/wgidataset_with_sourcedata-2025.xlsx,cc!I652,rl!I690,,
ITA,2003,0.508067,0.199662,58.1389,0.738404,0.180299,,data/governance/wgi/wgidataset_with_sourcedata-2025.xlsx,cc!I842,rl!I892,,
ITA,2004,0.467087,0.198957,57.3094,0.682404,0.180299,,data/governance/wgi/wgidataset_with_sourcedata-2025.xlsx,cc!I1038,rl!I1099,,
ITA,2005,0.547716,0.198957,58.9414,0.594204,0.175159,,data/governance/wgi/wgidataset_with_sourcedata-2025.xlsx,cc!I1243,rl!I1309,,
ITA,2006,0.54658,0.197363,58.9184,0.470502,0.174695,,data/governance/wgi/wgidataset_with_sourcedata-2025.xlsx,cc!I1449,rl!I1519,,
ITA,2007,0.386306,0.195439,55.6743,0.503455,0.170384,,data/governance/wgi/wgidataset_with_sourcedata-2025.xlsx,cc!I1655,rl!I1729,,
ITA,2008,0.313575,0.195439,54.2021,0.409463,0.170384,,data/governance/wgi/wgidataset_with_sourcedata-2025.xlsx,cc!I1862,rl!I1939,,
ITA,2009,0.287797,0.195439,53.6803,0.377082,0.170384,,data/governance/wgi/wgidataset_with_sourcedata-2025.xlsx,cc!I2071,rl!I2150,,
ITA,2010,0.200765,0.176282,51.9186,0.45371,0.162796,,data/governance/wgi/wgidataset_with_sourcedata-2025.xlsx,cc!I2281,rl!I2362,,
ITA,2011,0.249158,0.158929,52.8982,0.521013,0.137508,,data/governance/wgi/wgidataset_with_sourcedata-2025.xlsx,cc!I2492,rl!I2574,,
ITA,2012,0.158574,0.158929,51.0646,0.546176,0.137508,42.0,data/governance/wgi/wgidataset_with_sourcedata-2025.xlsx,cc!I2704,rl!I2788,data/governance/cpi/CPI2025_Results.xlsx,CPI Timeseries 2012 - 2025!AZ136
ITA,2013,0.04207,0.159959,48.7064,0.532968,0.139745,43.0,data/governance/wgi/wgidataset_with_sourcedata-2025.xlsx,cc!I2916,rl!I3002,data/governance/cpi/CPI2025_Results.xlsx,CPI Timeseries 2012 - 2025!AW136
ITA,2014,0.013143,0.159959,48.1209,0.554335,0.139745,43.0,data/governance/wgi/wgidataset_with_sourcedata-2025.xlsx,cc!I3128,rl!I3216,data/governance/cpi/CPI2025_Results.xlsx,CPI Timeseries 2012 - 2025!AT136
ITA,2015,0.067776,0.162024,49.2267,0.461793,0.142841,44.0,data/governance/wgi/wgidataset_with_sourcedata-2025.xlsx,cc!I3340,rl!I3430,data/governance/cpi/CPI2025_Results.xlsx,CPI Timeseries 2012 - 2025!AQ136
ITA,2016,0.125234,0.162024,50.3898,0.460998,0.142841,47.0,data/governance/wgi/wgidataset_with_sourcedata-2025.xlsx,cc!I3553,rl!I3643,data/governance/cpi/CPI2025_Results.xlsx,CPI Timeseries 2012 - 2025!AN136
ITA,2017,0.194858,0.162024,51.799,0.438999,0.142841,50.0,data/governance/wgi/wgidataset_with_sourcedata-2025.xlsx,cc!I3765,rl!I3855,data/governance/cpi/CPI2025_Results.xlsx,CPI Timeseries 2012 - 2025!AJ136
ITA,2018,0.247693,0.162024,52.8685,0.418718,0.144778,52.0,data/governance/wgi/wgidataset_with_sourcedata-2025.xlsx,cc!I3976,rl!I4067,data/governance/cpi/CPI2025_Results.xlsx,CPI Timeseries 2012 - 2025!AF136
ITA,2019,0.28288,0.162024,53.5808,0.529631,0.144778,53.0,data/governance/wgi/wgidataset_with_sourcedata-2025.xlsx,cc!I4187,rl!I4281,data/governance/cpi/CPI2025_Results.xlsx,CPI Timeseries 2012 - 2025!AB136
ITA,2020,0.529961,0.162024,58.5821,0.554637,0.152071,53.0,data/governance/wgi/wgidataset_with_sourcedata-2025.xlsx,cc!I4398,rl!I4496,data/governance/cpi/CPI2025_Results.xlsx,CPI Timeseries 2012 - 2025!X136
ITA,2021,0.539432,0.162024,58.7738,0.5885,0.152071,56.0,data/governance/wgi/wgidataset_with_sourcedata-2025.xlsx,cc!I4609,rl!I4711,data/governance/cpi/CPI2025_Results.xlsx,CPI Timeseries 2012 - 2025!T136
ITA,2022,0.573858,0.162024,59.4706,0.573968,0.149392,56.0,data/governance/wgi/wgidataset_with_sourcedata-2025.xlsx,cc!I4823,rl!I4926,data/governance/cpi/CPI2025_Results.xlsx,CPI Timeseries 2012 - 2025!P136
ITA,2023,0.571449,0.162024,59.4218,0.650555,0.149392,56.0,data/governance/wgi/wgidataset_with_sourcedata-2025.xlsx,cc!I5038,rl!I5141,data/governance/cpi/CPI2025_Results.xlsx,CPI Timeseries 2012 - 2025!L136
ITA,2024,0.553162,0.160738,59.0517,0.619204,0.148655,54.0,data/governance/wgi/wgidataset_with_sourcedata-2025.xlsx,cc!I5253,rl!I5356,data/governance/cpi/CPI2025_Results.xlsx,CPI Timeseries 2012 - 2025!H136
ITA,2025,,,,,,53.0,,,,data/governance/cpi/CPI2025_Results.xlsx,CPI Timeseries 2012 - 2025!D136
JOR,1996,0.166131,0.217228,51.2176,0.230029,0.197677,,data/governance/wgi/wgidataset_with_sourcedata-2025.xlsx,cc!I90,rl!I91,,
JOR,1998,0.337919,0.217228,54.6948,0.234744,0.197677,,data/governance/wgi/wgidataset_with_sourcedata-2025.xlsx,cc!I277,rl!I290,,
JOR,2000,0.236488,0.217228,52.6417,0.256756,0.197677,,data/governance/wgi/wgidataset_with_sourcedata-2025.xlsx,cc!I465,rl!I490,,
JOR,2002,-0.006471,0.217228,47.7238,-0.115742,0.188943,,data/governance/wgi/wgidataset_with_sourcedata-2025.xlsx,cc!I654,rl!I692,,
JOR,2003,0.295194,0.195834,53.83,0.027885,0.173367,,data/governance/wgi/wgidataset_with_sourcedata-2025.xlsx,cc!I844,rl!I894,,
JOR,2004,0.067614,0.176367,49.2234,0.108231,0.172269,,data/governance/wgi/wgidataset_with_sourcedata-2025.xlsx,cc!I1040,rl!I1101,,
JOR,2005,0.063524,0.176367,49.1407,0.16129,0.167769,,data/governance/wgi/wgidataset_with_sourcedata-2025.xlsx,cc!I1245,rl!I1311,,
JOR,2006,0.088357,0.175254,49.6433,0.148297,0.164858,,data/governance/wgi/wgidataset_with_sourcedata-2025.xlsx,cc!I1451,rl!I1521,,
JOR,2007,0.102953,0.173903,49.9388,0.270901,0.161221,,data/governance/wgi/wgidataset_with_sourcedata-2025.xlsx,cc!I1657,rl!I1731,,
JOR,2008,0.240853,0.173903,52.7301,0.276864,0.161221,,data/governance/wgi/wgidataset_with_sourcedata-2025.xlsx,cc!I1864,rl!I1941,,
JOR,2009,0.088563,0.173903,49.6475,0.112217,0.161221,,data/governance/wgi/wgidataset_with_sourcedata-2025.xlsx,cc!I2073,rl!I2152,,
JOR,2010,0.026363,0.173903,48.3885,0.057042,0.161221,,data/governance/wgi/wgidataset_with_sourcedata-2025.xlsx,cc!I2283,rl!I2364,,
JOR,2011,0.150624,0.157179,50.9037,0.150545,0.136555,,data/governance/wgi/wgidataset_with_sourcedata-2025.xlsx,cc!I2495,rl!I2577,,
JOR,2012,0.094838,0.156834,49.7745,0.178242,0.136555,48.0,data/governance/wgi/wgidataset_with_sourcedata-2025.xlsx,cc!I2707,rl!I2791,data/governance/cpi/CPI2025_Results.xlsx,CPI Timeseries 2012 - 2025!AZ89
JOR,2013,0.096931,0.157582,49.8169,0.129728,0.138745,45.0,data/governance/wgi/wgidataset_with_sourcedata-2025.xlsx,cc!I2919,rl!I3005,data/governance/cpi/CPI2025_Results.xlsx,CPI Timeseries 2012 - 2025!AW89
JOR,2014,0.094201,0.157582,49.7616,0.111905,0.138745,49.0,data/governance/wgi/wgidataset_with_sourcedata-2025.xlsx,cc!I3131,rl!I3219,data/governance/cpi/CPI2025_Results.xlsx,CPI Timeseries 2012 - 2025!AT89
JOR,2015,0.26445,0.159557,53.2077,0.137542,0.143356,53.0,data/governance/wgi/wgidataset_with_sourcedata-2025.xlsx,cc!I3343,rl!I3433,data/governance/cpi/CPI2025_Results.xlsx,CPI Timeseries 2012 - 2025!AQ89
JOR,2016,0.200908,0.159557,51.9215,0.16913,0.141774,48.0,data/governance/wgi/wgidataset_with_sourcedata-2025.xlsx,cc!I3556,rl!I3646,data/governance/cpi/CPI2025_Results.xlsx,CPI Timeseries 2012 - 2025!AN89
JOR,2017,0.177645,0.160395,51.4506,0.193384,0.139898,48.0,data/governance/wgi/wgidataset_with_sourcedata-2025.xlsx,cc!I3768,rl!I3858,data/governance/cpi/CPI2025_Results.xlsx,CPI Timeseries 2012 - 2025!AJ89
JOR,2018,0.074248,0.160395,49.3577,0.145876,0.141716,49.0,data/governance/wgi/wgidataset_with_sourcedata-2025.xlsx,cc!I3979,rl!I4070,data/governance/cpi/CPI2025_Results.xlsx,CPI Timeseries 2012 - 2025!AF89
JOR,2019,0.089423,0.160395,49.6649,0.136513,0.141716,48.0,data/governance/wgi/wgidataset_with_sourcedata-2025.xlsx,cc!I4190,rl!I4284,data/governance/cpi/CPI2025_Results.xlsx,CPI Timeseries 2012 - 2025!AB89
JOR,2020,0.140915,0.160395,50.7072,0.108179,0.148534,49.0,data/governance/wgi/wgidataset_with_sourcedata-2025.xlsx,cc!I4401,rl!I4499,data/governance/cpi/CPI2025_Results.xlsx,CPI Timeseries 2012 - 2025!X89
JOR,2021,0.017711,0.159557,48.2133,0.043608,0.148534,49.0,data/governance/wgi/wgidataset_with_sourcedata-2025.xlsx,cc!I4612,rl!I4714,data/governance/cpi/CPI2025_Results.xlsx,CPI Timeseries 2012 - 2025!T89
JOR,2022,0.022658,0.159557,48.3135,0.076487,0.146035,47.0,data/governance/wgi/wgidataset_with_sourcedata-2025.xlsx,cc!I4826,rl!I4929,data/governance/cpi/CPI2025_Results.xlsx,CPI Timeseries 2012 - 2025!P89
JOR,2023,0.106032,0.162778,50.0011,0.123227,0.146702,46.0,data/governance/wgi/wgidataset_with_sourcedata-2025.xlsx,cc!I5041,rl!I5144,data/governance/cpi/CPI2025_Results.xlsx,CPI Timeseries 2012 - 2025!L89
JOR,2024,0.272193,0.158682,53.3644,0.168534,0.145346,49.0,data/governance/wgi/wgidataset_with_sourcedata-2025.xlsx,cc!I5256,rl!I5359,data/governance/cpi/CPI2025_Results.xlsx,CPI Timeseries 2012 - 2025!H89
JOR,2025,,,,,,50.0,,,,data/governance/cpi/CPI2025_Results.xlsx,CPI Timeseries 2012 - 2025!D89
JPN,1996,1.205802,0.199662,72.2621,1.386741,0.186813,,data/governance/wgi/wgidataset_with_sourcedata-2025.xlsx,cc!I91,rl!I92,,
JPN,1998,0.674903,0.199662,61.5159,1.304896,0.186813,,data/governance/wgi/wgidataset_with_sourcedata-2025.xlsx,cc!I278,rl!I291,,
JPN,2000,0.848741,0.199662,65.0347,1.310183,0.186813,,data/governance/wgi/wgidataset_with_sourcedata-2025.xlsx,cc!I466,rl!I491,,
JPN,2002,0.849229,0.199662,65.0445,1.145769,0.186813,,data/governance/wgi/wgidataset_with_sourcedata-2025.xlsx,cc!I655,rl!I693,,
JPN,2003,0.880485,0.197666,65.6772,1.152904,0.186809,,data/governance/wgi/wgidataset_with_sourcedata-2025.xlsx,cc!I845,rl!I895,,
JPN,2004,0.889167,0.196982,65.8529,1.158615,0.186809,,data/governance/wgi/wgidataset_with_sourcedata-2025.xlsx,cc!I1041,rl!I1102,,
JPN,2005,0.927773,0.196982,66.6344,1.206993,0.18111,,data/governance/wgi/wgidataset_with_sourcedata-2025.xlsx,cc!I1246,rl!I1312,,
JPN,2006,0.97947,0.195434,67.6808,1.275713,0.180597,,data/governance/wgi/wgidataset_with_sourcedata-2025.xlsx,cc!I1452,rl!I1522,,
JPN,2007,0.859103,0.193565,65.2444,1.256553,0.175846,,data/governance/wgi/wgidataset_with_sourcedata-2025.xlsx,cc!I1658,rl!I1732,,
JPN,2008,0.958664,0.193565,67.2597,1.225871,0.175846,,data/governance/wgi/wgidataset_with_sourcedata-2025.xlsx,cc!I1865,rl!I1942,,
JPN,2009,1.166324,0.193565,71.463,1.309762,0.175846,,data/governance/wgi/wgidataset_with_sourcedata-2025.xlsx,cc!I2074,rl!I2153,,
JPN,2010,1.387618,0.193565,75.9424,1.339198,0.175846,,data/governance/wgi/wgidataset_with_sourcedata-2025.xlsx,cc!I2284,rl!I2365,,
JPN,2011,1.540609,0.171245,79.0391,1.387931,0.145105,,data/governance/wgi/wgidataset_with_sourcedata-2025.xlsx,cc!I2496,rl!I2578,,
JPN,2012,1.490414,0.171245,78.0231,1.348404,0.145105,74.0,data/governance/wgi/wgidataset_with_sourcedata-2025.xlsx,cc!I2708,rl!I2792,data/governance/cpi/CPI2025_Results.xlsx,CPI Timeseries 2012 - 2025!AZ88
JPN,2013,1.497961,0.172535,78.1759,1.37344,0.14774,74.0,data/governance/wgi/wgidataset_with_sourcedata-2025.xlsx,cc!I2920,rl!I3006,data/governance/cpi/CPI2025_Results.xlsx,CPI Timeseries 2012 - 2025!AW88
JPN,2014,1.539348,0.172535,79.0136,1.456695,0.14774,76.0,data/governance/wgi/wgidataset_with_sourcedata-2025.xlsx,cc!I3132,rl!I3220,data/governance/cpi/CPI2025_Results.xlsx,CPI Timeseries 2012 - 2025!AT88
JPN,2015,1.450585,0.172535,77.2169,1.43602,0.14774,75.0,data/governance/wgi/wgidataset_with_sourcedata-2025.xlsx,cc!I3344,rl!I3434,data/governance/cpi/CPI2025_Results.xlsx,CPI Timeseries 2012 - 2025!AQ88
JPN,2016,1.445282,0.172535,77.1095,1.433686,0.14774,72.0,data/governance/wgi/wgidataset_with_sourcedata-2025.xlsx,cc!I3557,rl!I3647,data/governance/cpi/CPI2025_Results.xlsx,CPI Timeseries 2012 - 2025!AN88
JPN,2017,1.476063,0.172535,77.7326,1.489201,0.14774,73.0,data/governance/wgi/wgidataset_with_sourcedata-2025.xlsx,cc!I3769,rl!I3859,data/governance/cpi/CPI2025_Results.xlsx,CPI Timeseries 2012 - 2025!AJ88
JPN,2018,1.390955,0.172535,76.0099,1.48712,0.149886,73.0,data/governance/wgi/wgidataset_with_sourcedata-2025.xlsx,cc!I3980,rl!I4071,data/governance/cpi/CPI2025_Results.xlsx,CPI Timeseries 2012 - 2025!AF88
JPN,2019,1.433529,0.172535,76.8717,1.511995,0.149886,73.0,data/governance/wgi/wgidataset_with_sourcedata-2025.xlsx,cc!I4191,rl!I4285,data/governance/cpi/CPI2025_Results.xlsx,CPI Timeseries 2012 - 2025!AB88
JPN,2020,1.430123,0.172535,76.8027,1.513883,0.158024,74.0,data/governance/wgi/wgidataset_with_sourcedata-2025.xlsx,cc!I4402,rl!I4500,data/governance/cpi/CPI2025_Results.xlsx,CPI Timeseries 2012 - 2025!X88
JPN,2021,1.455401,0.172535,77.3144,1.531902,0.158024,73.0,data/governance/wgi/wgidataset_with_sourcedata-2025.xlsx,cc!I4613,rl!I4715,data/governance/cpi/CPI2025_Results.xlsx,CPI Timeseries 2012 - 2025!T88
JPN,2022,1.441935,0.172535,77.0418,1.508468,0.155025,73.0,data/governance/wgi/wgidataset_with_sourcedata-2025.xlsx,cc!I4827,rl!I4930,data/governance/cpi/CPI2025_Results.xlsx,CPI Timeseries 2012 - 2025!P88
JPN,2023,1.33779,0.172535,74.9337,1.508487,0.155025,73.0,data/governance/wgi/wgidataset_with_sourcedata-2025.xlsx,cc!I5042,rl!I5145,data/governance/cpi/CPI2025_Results.xlsx,CPI Timeseries 2012 - 2025!L88
JPN,2024,1.357013,0.173858,75.3229,1.511575,0.155026,71.0,data/governance/wgi/wgidataset_with_sourcedata-2025.xlsx,cc!I5257,rl!I5360,data/governance/cpi/CPI2025_Results.xlsx,CPI Timeseries 2012 - 2025!H88
JPN,2025,,,,,,71.0,,,,data/governance/cpi/CPI2025_Results.xlsx,CPI Timeseries 2012 - 2025!D88
KAZ,1996,-1.24241,0.252527,22.7065,-1.42025,0.235397,,data/governance/wgi/wgidataset_with_sourcedata-2025.xlsx,cc!I92,rl!I93,,
KAZ,1998,-0.938455,0.230289,28.8591,-1.13825,0.20052,,data/governance/wgi/wgidataset_with_sourcedata-2025.xlsx,cc!I279,rl!I292,,
KAZ,2000,-1.208464,0.213756,23.3937,-1.20416,0.1909,,data/governance/wgi/wgidataset_with_sourcedata-2025.xlsx,cc!I467,rl!I492,,
KAZ,2002,-1.272054,0.213756,22.1065,-1.005477,0.182999,,data/governance/wgi/wgidataset_with_sourcedata-2025.xlsx,cc!I656,rl!I694,,
KAZ,2003,-1.272815,0.213756,22.0911,-1.007681,0.182999,,data/governance/wgi/wgidataset_with_sourcedata-2025.xlsx,cc!I846,rl!I896,,
KAZ,2004,-1.161095,0.189119,24.3525,-0.96487,0.181709,,data/governance/wgi/wgidataset_with_sourcedata-2025.xlsx,cc!I1042,rl!I1103,,
KAZ,2005,-1.087526,0.189119,25.8416,-0.838035,0.181709,,data/governance/wgi/wgidataset_with_sourcedata-2025.xlsx,cc!I1247,rl!I1313,,
KAZ,2006,-1.205162,0.187748,23.4605,-0.928374,0.181191,,data/governance/wgi/wgidataset_with_sourcedata-2025.xlsx,cc!I1453,rl!I1523,,
KAZ,2007,-1.216673,0.186089,23.2275,-0.823919,0.176395,,data/governance/wgi/wgidataset_with_sourcedata-2025.xlsx,cc!I1659,rl!I1733,,
KAZ,2008,-1.024682,0.174687,27.1137,-0.790813,0.168545,,data/governance/wgi/wgidataset_with_sourcedata-2025.xlsx,cc!I1866,rl!I1943,,
KAZ,2009,-0.990861,0.174687,27.7983,-0.735108,0.168545,,data/governance/wgi/wgidataset_with_sourcedata-2025.xlsx,cc!I2075,rl!I2154,,
KAZ,2010,-0.989106,0.174687,27.8338,-0.775376,0.168545,,data/governance/wgi/wgidataset_with_sourcedata-2025.xlsx,cc!I2285,rl!I2366,,
KAZ,2011,-0.889434,0.160869,29.8513,-0.586478,0.14152,,data/governance/wgi/wgidataset_with_sourcedata-2025.xlsx,cc!I2497,rl!I2579,,
KAZ,2012,-0.912828,0.160499,29.3778,-0.643061,0.14152,28.0,data/governance/wgi/wgidataset_with_sourcedata-2025.xlsx,cc!I2709,rl!I2793,data/governance/cpi/CPI2025_Results.xlsx,CPI Timeseries 2012 - 2025!AZ90
KAZ,2013,-0.928751,0.16156,29.0555,-0.679818,0.143961,26.0,data/governance/wgi/wgidataset_with_sourcedata-2025.xlsx,cc!I2921,rl!I3007,data/governance/cpi/CPI2025_Results.xlsx,CPI Timeseries 2012 - 2025!AW90
KAZ,2014,-0.842471,0.16156,30.8019,-0.597726,0.143961,29.0,data/governance/wgi/wgidataset_with_sourcedata-2025.xlsx,cc!I3133,rl!I3221,data/governance/cpi/CPI2025_Results.xlsx,CPI Timeseries 2012 - 2025!AT90
KAZ,2015,-0.833789,0.16156,30.9777,-0.491932,0.143961,28.0,data/governance/wgi/wgidataset_with_sourcedata-2025.xlsx,cc!I3345,rl!I3435,data/governance/cpi/CPI2025_Results.xlsx,CPI Timeseries 2012 - 2025!AQ90
KAZ,2016,-0.786539,0.16156,31.9341,-0.510938,0.143961,29.0,data/governance/wgi/wgidataset_with_sourcedata-2025.xlsx,cc!I3558,rl!I3648,data/governance/cpi/CPI2025_Results.xlsx,CPI Timeseries 2012 - 2025!AN90
KAZ,2017,-0.742794,0.16156,32.8195,-0.46147,0.141998,31.0,data/governance/wgi/wgidataset_with_sourcedata-2025.xlsx,cc!I3770,rl!I3860,data/governance/cpi/CPI2025_Results.xlsx,CPI Timeseries 2012 - 2025!AJ90
KAZ,2018,-0.504866,0.162558,37.6356,-0.370499,0.143926,31.0,data/governance/wgi/wgidataset_with_sourcedata-2025.xlsx,cc!I3981,rl!I4072,data/governance/cpi/CPI2025_Results.xlsx,CPI Timeseries 2012 - 2025!AF90
KAZ,2019,-0.207193,0.162558,43.6609,-0.43097,0.143926,34.0,data/governance/wgi/wgidataset_with_sourcedata-2025.xlsx,cc!I4192,rl!I4286,data/governance/cpi/CPI2025_Results.xlsx,CPI Timeseries 2012 - 2025!AB90
KAZ,2020,-0.288119,0.162558,42.0228,-0.415444,0.151085,38.0,data/governance/wgi/wgidataset_with_sourcedata-2025.xlsx,cc!I4403,rl!I4501,data/governance/cpi/CPI2025_Results.xlsx,CPI Timeseries 2012 - 2025!X90
KAZ,2021,-0.269819,0.162942,42.3933,-0.465579,0.151085,37.0,data/governance/wgi/wgidataset_with_sourcedata-2025.xlsx,cc!I4614,rl!I4716,data/governance/cpi/CPI2025_Results.xlsx,CPI Timeseries 2012 - 2025!T90
KAZ,2022,-0.19201,0.162942,43.9683,-0.440638,0.148457,36.0,data/governance/wgi/wgidataset_with_sourcedata-2025.xlsx,cc!I4828,rl!I4931,data/governance/cpi/CPI2025_Results.xlsx,CPI Timeseries 2012 - 2025!P90
KAZ,2023,-0.222316,0.162942,43.3548,-0.377789,0.148457,39.0,data/governance/wgi/wgidataset_with_sourcedata-2025.xlsx,cc!I5043,rl!I5146,data/governance/cpi/CPI2025_Results.xlsx,CPI Timeseries 2012 - 2025!L90
KAZ,2024,-0.06709,0.161633,46.4968,-0.381548,0.147734,40.0,data/governance/wgi/wgidataset_with_sourcedata-2025.xlsx,cc!I5258,rl!I5361,data/governance/cpi/CPI2025_Results.xlsx,CPI Timeseries 2012 - 2025!H90
KAZ,2025,,,,,,38.0,,,,data/governance/cpi/CPI2025_Results.xlsx,CPI Timeseries 2012 - 2025!D90
KEN,1996,-1.019537,0.231675,27.2178,-0.876217,0.20834,,data/governance/wgi/wgidataset_with_sourcedata-2025.xlsx,cc!I93,rl!I94,,
KEN,1998,-1.180191,0.231675,23.966,-1.095987,0.20834,,data/governance/wgi/wgidataset_with_sourcedata-2025.xlsx,cc!I280,rl!I293,,
KEN,2000,-0.975401,0.231675,28.1112,-0.951877,0.20834,,data/governance/wgi/wgidataset_with_sourcedata-2025.xlsx,cc!I468,rl!I493,,
KEN,2002,-0.97309,0.224949,28.158,-0.962291,0.196973,,data/governance/wgi/wgidataset_with_sourcedata-2025.xlsx,cc!I657,rl!I695,,
KEN,2003,-0.752616,0.20711,32.6207,-0.912129,0.181004,,data/governance/wgi/wgidataset_with_sourcedata-2025.xlsx,cc!I847,rl!I897,,
KEN,2004,-0.894735,0.177089,29.744,-0.729507,0.166193,,data/governance/wgi/wgidataset_with_sourcedata-2025.xlsx,cc!I1043,rl!I1104,,
KEN,2005,-1.046042,0.171147,26.6813,-0.738039,0.153949,,data/governance/wgi/wgidataset_with_sourcedata-2025.xlsx,cc!I1248,rl!I1314,,
KEN,2006,-0.946385,0.168892,28.6985,-0.773166,0.150677,,data/governance/wgi/wgidataset_with_sourcedata-2025.xlsx,cc!I1454,rl!I1524,,
KEN,2007,-0.961026,0.168892,28.4022,-0.862507,0.150677,,data/governance/wgi/wgidataset_with_sourcedata-2025.xlsx,cc!I1660,rl!I1734,,
KEN,2008,-1.051343,0.168892,26.574,-0.912434,0.150677,,data/governance/wgi/wgidataset_with_sourcedata-2025.xlsx,cc!I1867,rl!I1944,,
KEN,2009,-1.108486,0.168892,25.4174,-0.955781,0.150677,,data/governance/wgi/wgidataset_with_sourcedata-2025.xlsx,cc!I2076,rl!I2155,,
KEN,2010,-0.854366,0.168892,30.5611,-0.876914,0.150677,,data/governance/wgi/wgidataset_with_sourcedata-2025.xlsx,cc!I2286,rl!I2367,,
KEN,2011,-0.921846,0.15345,29.1952,-0.866718,0.129969,,data/governance/wgi/wgidataset_with_sourcedata-2025.xlsx,cc!I2498,rl!I2580,,
KEN,2012,-0.974948,0.15345,28.1204,-0.786446,0.129969,27.0,data/governance/wgi/wgidataset_with_sourcedata-2025.xlsx,cc!I2710,rl!I2794,data/governance/cpi/CPI2025_Results.xlsx,CPI Timeseries 2012 - 2025!AZ91
KEN,2013,-0.934629,0.15345,28.9365,-0.74064,0.129969,27.0,data/governance/wgi/wgidataset_with_sourcedata-2025.xlsx,cc!I2922,rl!I3008,data/governance/cpi/CPI2025_Results.xlsx,CPI Timeseries 2012 - 2025!AW91
KEN,2014,-0.834179,0.15345,30.9698,-0.550866,0.129969,25.0,data/governance/wgi/wgidataset_with_sourcedata-2025.xlsx,cc!I3134,rl!I3222,data/governance/cpi/CPI2025_Results.xlsx,CPI Timeseries 2012 - 2025!AT91
KEN,2015,-0.971181,0.155271,28.1966,-0.642359,0.132449,25.0,data/governance/wgi/wgidataset_with_sourcedata-2025.xlsx,cc!I3346,rl!I3436,data/governance/cpi/CPI2025_Results.xlsx,CPI Timeseries 2012 - 2025!AQ91
KEN,2016,-0.900809,0.155271,29.6211,-0.612463,0.132449,26.0,data/governance/wgi/wgidataset_with_sourcedata-2025.xlsx,cc!I3559,rl!I3649,data/governance/cpi/CPI2025_Results.xlsx,CPI Timeseries 2012 - 2025!AN91
KEN,2017,-0.898595,0.155271,29.6659,-0.544218,0.132449,28.0,data/governance/wgi/wgidataset_with_sourcedata-2025.xlsx,cc!I3771,rl!I3861,data/governance/cpi/CPI2025_Results.xlsx,CPI Timeseries 2012 - 2025!AJ91
KEN,2018,-0.834148,0.155271,30.9704,-0.510727,0.133988,27.0,data/governance/wgi/wgidataset_with_sourcedata-2025.xlsx,cc!I3982,rl!I4073,data/governance/cpi/CPI2025_Results.xlsx,CPI Timeseries 2012 - 2025!AF91
KEN,2019,-0.809611,0.155271,31.4671,-0.559009,0.133988,28.0,data/governance/wgi/wgidataset_with_sourcedata-2025.xlsx,cc!I4193,rl!I4287,data/governance/cpi/CPI2025_Results.xlsx,CPI Timeseries 2012 - 2025!AB91
KEN,2020,-0.750539,0.155271,32.6628,-0.578434,0.139707,31.0,data/governance/wgi/wgidataset_with_sourcedata-2025.xlsx,cc!I4404,rl!I4502,data/governance/cpi/CPI2025_Results.xlsx,CPI Timeseries 2012 - 2025!X91
KEN,2021,-0.710788,0.155271,33.4674,-0.445618,0.139707,30.0,data/governance/wgi/wgidataset_with_sourcedata-2025.xlsx,cc!I4615,rl!I4717,data/governance/cpi/CPI2025_Results.xlsx,CPI Timeseries 2012 - 2025!T91
KEN,2022,-0.751285,0.155271,32.6477,-0.424566,0.137621,32.0,data/governance/wgi/wgidataset_with_sourcedata-2025.xlsx,cc!I4829,rl!I4932,data/governance/cpi/CPI2025_Results.xlsx,CPI Timeseries 2012 - 2025!P91
KEN,2023,-0.75945,0.155605,32.4824,-0.427559,0.137621,31.0,data/governance/wgi/wgidataset_with_sourcedata-2025.xlsx,cc!I5044,rl!I5147,data/governance/cpi/CPI2025_Results.xlsx,CPI Timeseries 2012 - 2025!L91
KEN,2024,-0.80183,0.148753,31.6246,-0.464532,0.132215,32.0,data/governance/wgi/wgidataset_with_sourcedata-2025.xlsx,cc!I5259,rl!I5362,data/governance/cpi/CPI2025_Results.xlsx,CPI Timeseries 2012 - 2025!H91
KEN,2025,,,,,,30.0,,,,data/governance/cpi/CPI2025_Results.xlsx,CPI Timeseries 2012 - 2025!D91
KGZ,1996,-0.882648,0.343049,29.9887,-0.846602,0.340888,,data/governance/wgi/wgidataset_with_sourcedata-2025.xlsx,cc!I94,rl!I95,,
KGZ,1998,-0.761764,0.338598,32.4356,-0.817021,0.276586,,data/governance/wgi/wgidataset_with_sourcedata-2025.xlsx,cc!I281,rl!I294,,
KGZ,2000,-1.024762,0.329843,27.1121,-0.91008,0.276402,,data/governance/wgi/wgidataset_with_sourcedata-2025.xlsx,cc!I469,rl!I494,,
KGZ,2002,-1.034831,0.329843,26.9083,-0.694695,0.253919,,data/governance/wgi/wgidataset_with_sourcedata-2025.xlsx,cc!I658,rl!I696,,
KGZ,2003,-1.036642,0.329843,26.8716,-0.699328,0.253919,,data/governance/wgi/wgidataset_with_sourcedata-2025.xlsx,cc!I848,rl!I898,,
KGZ,2004,-1.120744,0.255946,25.1692,-0.631593,0.250507,,data/governance/wgi/wgidataset_with_sourcedata-2025.xlsx,cc!I1044,rl!I1105,,
KGZ,2005,-1.341719,0.222316,20.6964,-1.041148,0.209155,,data/governance/wgi/wgidataset_with_sourcedata-2025.xlsx,cc!I1249,rl!I1315,,
KGZ,2006,-1.360788,0.187863,20.3104,-1.181788,0.171114,,data/governance/wgi/wgidataset_with_sourcedata-2025.xlsx,cc!I1455,rl!I1525,,
KGZ,2007,-1.330324,0.187863,20.927,-1.085217,0.171114,,data/governance/wgi/wgidataset_with_sourcedata-2025.xlsx,cc!I1661,rl!I1735,,
KGZ,2008,-1.308825,0.187863,21.3622,-1.217608,0.171114,,data/governance/wgi/wgidataset_with_sourcedata-2025.xlsx,cc!I1868,rl!I1945,,
KGZ,2009,-1.34281,0.187863,20.6743,-1.218392,0.171114,,data/governance/wgi/wgidataset_with_sourcedata-2025.xlsx,cc!I2077,rl!I2156,,
KGZ,2010,-1.142579,0.187863,24.7273,-1.167461,0.171114,,data/governance/wgi/wgidataset_with_sourcedata-2025.xlsx,cc!I2287,rl!I2368,,
KGZ,2011,-1.210882,0.167259,23.3447,-0.995306,0.142412,,data/governance/wgi/wgidataset_with_sourcedata-2025.xlsx,cc!I2499,rl!I2581,,
KGZ,2012,-1.159839,0.166844,24.3779,-0.934599,0.142412,24.0,data/governance/wgi/wgidataset_with_sourcedata-2025.xlsx,cc!I2711,rl!I2795,data/governance/cpi/CPI2025_Results.xlsx,CPI Timeseries 2012 - 2025!AZ96
KGZ,2013,-1.174791,0.168036,24.0753,-0.946748,0.1449,24.0,data/governance/wgi/wgidataset_with_sourcedata-2025.xlsx,cc!I2923,rl!I3009,data/governance/cpi/CPI2025_Results.xlsx,CPI Timeseries 2012 - 2025!AW96
KGZ,2014,-1.171877,0.168036,24.1342,-0.819314,0.1449,27.0,data/governance/wgi/wgidataset_with_sourcedata-2025.xlsx,cc!I3135,rl!I3223,data/governance/cpi/CPI2025_Results.xlsx,CPI Timeseries 2012 - 2025!AT96
KGZ,2015,-1.207655,0.168036,23.41,-0.83799,0.1449,28.0,data/governance/wgi/wgidataset_with_sourcedata-2025.xlsx,cc!I3347,rl!I3437,data/governance/cpi/CPI2025_Results.xlsx,CPI Timeseries 2012 - 2025!AQ96
KGZ,2016,-1.190014,0.168036,23.7671,-0.80079,0.1449,28.0,data/governance/wgi/wgidataset_with_sourcedata-2025.xlsx,cc!I3560,rl!I3650,data/governance/cpi/CPI2025_Results.xlsx,CPI Timeseries 2012 - 2025!AN96
KGZ,2017,-1.158368,0.168036,24.4077,-0.713514,0.1429,29.0,data/governance/wgi/wgidataset_with_sourcedata-2025.xlsx,cc!I3772,rl!I3862,data/governance/cpi/CPI2025_Results.xlsx,CPI Timeseries 2012 - 2025!AJ96
KGZ,2018,-1.044592,0.16916,26.7107,-0.692173,0.144865,29.0,data/governance/wgi/wgidataset_with_sourcedata-2025.xlsx,cc!I3983,rl!I4074,data/governance/cpi/CPI2025_Results.xlsx,CPI Timeseries 2012 - 2025!AF96
KGZ,2019,-0.982668,0.16916,27.9641,-0.73845,0.144865,30.0,data/governance/wgi/wgidataset_with_sourcedata-2025.xlsx,cc!I4194,rl!I4288,data/governance/cpi/CPI2025_Results.xlsx,CPI Timeseries 2012 - 2025!AB96
KGZ,2020,-1.048438,0.16916,26.6328,-0.729521,0.152172,31.0,data/governance/wgi/wgidataset_with_sourcedata-2025.xlsx,cc!I4405,rl!I4503,data/governance/cpi/CPI2025_Results.xlsx,CPI Timeseries 2012 - 2025!X96
KGZ,2021,-1.158372,0.169593,24.4076,-0.879262,0.152172,27.0,data/governance/wgi/wgidataset_with_sourcedata-2025.xlsx,cc!I4616,rl!I4718,data/governance/cpi/CPI2025_Results.xlsx,CPI Timeseries 2012 - 2025!T96
KGZ,2022,-1.20242,0.169593,23.516,-0.926519,0.149488,27.0,data/governance/wgi/wgidataset_with_sourcedata-2025.xlsx,cc!I4830,rl!I4933,data/governance/cpi/CPI2025_Results.xlsx,CPI Timeseries 2012 - 2025!P96
KGZ,2023,-1.196558,0.168119,23.6347,-0.973899,0.14875,26.0,data/governance/wgi/wgidataset_with_sourcedata-2025.xlsx,cc!I5045,rl!I5148,data/governance/cpi/CPI2025_Results.xlsx,CPI Timeseries 2012 - 2025!L96
KGZ,2024,-1.136465,0.168119,24.851,-0.936094,0.14875,25.0,data/governance/wgi/wgidataset_with_sourcedata-2025.xlsx,cc!I5260,rl!I5363,data/governance/cpi/CPI2025_Results.xlsx,CPI Timeseries 2012 - 2025!H96
KGZ,2025,,,,,,26.0,,,,data/governance/cpi/CPI2025_Results.xlsx,CPI Timeseries 2012 - 2025!D96
KHM,1996,-0.904256,0.252527,29.5513,-1.249154,0.219893,,data/governance/wgi/wgidataset_with_sourcedata-2025.xlsx,cc!I95,rl!I96,,
KHM,1998,-0.90576,0.252527,29.5208,-1.253611,0.219893,,data/governance/wgi/wgidataset_with_sourcedata-2025.xlsx,cc!I282,rl!I295,,
KHM,2000,-0.910158,0.252527,29.4318,-1.20014,0.219893,,data/governance/wgi/wgidataset_with_sourcedata-2025.xlsx,cc!I470,rl!I495,,
KHM,2002,-0.913271,0.252527,29.3688,-1.276168,0.208054,,data/governance/wgi/wgidataset_with_sourcedata-2025.xlsx,cc!I659,rl!I697,,
KHM,2003,-0.944092,0.244912,28.745,-1.29082,0.198818,,data/governance/wgi/wgidataset_with_sourcedata-2025.xlsx,cc!I849,rl!I899,,
KHM,2004,-1.00539,0.209678,27.5042,-1.233061,0.197167,,data/governance/wgi/wgidataset_with_sourcedata-2025.xlsx,cc!I1045,rl!I1106,,
KHM,2005,-1.166689,0.18935,24.2393,-1.317125,0.170302,,data/governance/wgi/wgidataset_with_sourcedata-2025.xlsx,cc!I1250,rl!I1316,,
KHM,2006,-1.136475,0.187974,24.8508,-1.317047,0.169875,,data/governance/wgi/wgidataset_with_sourcedata-2025.xlsx,cc!I1456,rl!I1526,,
KHM,2007,-1.051322,0.187974,26.5745,-1.229654,0.169875,,data/governance/wgi/wgidataset_with_sourcedata-2025.xlsx,cc!I1662,rl!I1736,,
KHM,2008,-1.158847,0.184685,24.398,-1.242369,0.165901,,data/governance/wgi/wgidataset_with_sourcedata-2025.xlsx,cc!I1869,rl!I1946,,
KHM,2009,-1.193126,0.184685,23.7041,-1.224376,0.165901,,data/governance/wgi/wgidataset_with_sourcedata-2025.xlsx,cc!I2078,rl!I2157,,
KHM,2010,-1.19379,0.184685,23.6907,-1.233226,0.165901,,data/governance/wgi/wgidataset_with_sourcedata-2025.xlsx,cc!I2288,rl!I2369,,
KHM,2011,-1.300775,0.165004,21.5252,-1.151607,0.139365,,data/governance/wgi/wgidataset_with_sourcedata-2025.xlsx,cc!I2500,rl!I2582,,
KHM,2012,-1.137442,0.165004,24.8313,-1.080573,0.139365,22.0,data/governance/wgi/wgidataset_with_sourcedata-2025.xlsx,cc!I2712,rl!I2796,data/governance/cpi/CPI2025_Results.xlsx,CPI Timeseries 2012 - 2025!AZ32
KHM,2013,-1.137378,0.166157,24.8326,-1.154717,0.141694,20.0,data/governance/wgi/wgidataset_with_sourcedata-2025.xlsx,cc!I2924,rl!I3010,data/governance/cpi/CPI2025_Results.xlsx,CPI Timeseries 2012 - 2025!AW32
KHM,2014,-1.260648,0.166157,22.3374,-1.195269,0.141694,21.0,data/governance/wgi/wgidataset_with_sourcedata-2025.xlsx,cc!I3136,rl!I3224,data/governance/cpi/CPI2025_Results.xlsx,CPI Timeseries 2012 - 2025!AT32
KHM,2015,-1.279901,0.168476,21.9477,-1.262756,0.144925,21.0,data/governance/wgi/wgidataset_with_sourcedata-2025.xlsx,cc!I3348,rl!I3438,data/governance/cpi/CPI2025_Results.xlsx,CPI Timeseries 2012 - 2025!AQ32
KHM,2016,-1.33232,0.168476,20.8866,-1.232301,0.144925,21.0,data/governance/wgi/wgidataset_with_sourcedata-2025.xlsx,cc!I3561,rl!I3651,data/governance/cpi/CPI2025_Results.xlsx,CPI Timeseries 2012 - 2025!AN32
KHM,2017,-1.330485,0.168476,20.9238,-1.187959,0.144925,21.0,data/governance/wgi/wgidataset_with_sourcedata-2025.xlsx,cc!I3773,rl!I3863,data/governance/cpi/CPI2025_Results.xlsx,CPI Timeseries 2012 - 2025!AJ32
KHM,2018,-1.428615,0.168476,18.9375,-1.219123,0.146949,20.0,data/governance/wgi/wgidataset_with_sourcedata-2025.xlsx,cc!I3984,rl!I4075,data/governance/cpi/CPI2025_Results.xlsx,CPI Timeseries 2012 - 2025!AF32
KHM,2019,-1.338904,0.168476,20.7533,-1.130682,0.146949,20.0,data/governance/wgi/wgidataset_with_sourcedata-2025.xlsx,cc!I4195,rl!I4289,data/governance/cpi/CPI2025_Results.xlsx,CPI Timeseries 2012 - 2025!AB32
KHM,2020,-1.117511,0.169707,25.2347,-1.146295,0.154595,21.0,data/governance/wgi/wgidataset_with_sourcedata-2025.xlsx,cc!I4406,rl!I4504,data/governance/cpi/CPI2025_Results.xlsx,CPI Timeseries 2012 - 2025!X32
KHM,2021,-1.091754,0.168476,25.7561,-1.147705,0.154593,23.0,data/governance/wgi/wgidataset_with_sourcedata-2025.xlsx,cc!I4617,rl!I4719,data/governance/cpi/CPI2025_Results.xlsx,CPI Timeseries 2012 - 2025!T32
KHM,2022,-1.112955,0.169464,25.3269,-1.11519,0.151782,24.0,data/governance/wgi/wgidataset_with_sourcedata-2025.xlsx,cc!I4831,rl!I4934,data/governance/cpi/CPI2025_Results.xlsx,CPI Timeseries 2012 - 2025!P32
KHM,2023,-1.121638,0.167993,25.1511,-1.099508,0.151009,22.0,data/governance/wgi/wgidataset_with_sourcedata-2025.xlsx,cc!I5046,rl!I5149,data/governance/cpi/CPI2025_Results.xlsx,CPI Timeseries 2012 - 2025!L32
KHM,2024,-1.232859,0.167993,22.8999,-1.056261,0.151009,21.0,data/governance/wgi/wgidataset_with_sourcedata-2025.xlsx,cc!I5261,rl!I5364,data/governance/cpi/CPI2025_Results.xlsx,CPI Timeseries 2012 - 2025!H32
KHM,2025,,,,,,20.0,,,,data/governance/cpi/CPI2025_Results.xlsx,CPI Timeseries 2012 - 2025!D32
KOR,1996,0.623749,0.199662,60.4805,0.78514,0.186813,,data/governance/wgi/wgidataset_with_sourcedata-2025.xlsx,cc!I96,rl!I99,,
KOR,1998,0.427758,0.199662,56.5133,0.687271,0.186813,,data/governance/wgi/wgidataset_with_sourcedata-2025.xlsx,cc!I283,rl!I298,,
KOR,2000,0.309733,0.199662,54.1243,0.810882,0.186813,,data/governance/wgi/wgidataset_with_sourcedata-2025.xlsx,cc!I471,rl!I498,,
KOR,2002,0.287947,0.199662,53.6833,0.793191,0.179389,,data/governance/wgi/wgidataset_with_sourcedata-2025.xlsx,cc!I660,rl!I700,,
KOR,2003,0.416214,0.197666,56.2796,0.784647,0.179386,,data/governance/wgi/wgidataset_with_sourcedata-2025.xlsx,cc!I850,rl!I902,,
KOR,2004,0.378397,0.181649,55.5142,0.875465,0.179386,,data/governance/wgi/wgidataset_with_sourcedata-2025.xlsx,cc!I1048,rl!I1109,,
KOR,2005,0.581822,0.181649,59.6318,0.915636,0.174322,,data/governance/wgi/wgidataset_with_sourcedata-2025.xlsx,cc!I1253,rl!I1319,,
KOR,2006,0.385548,0.180433,55.6589,0.843383,0.173864,,data/governance/wgi/wgidataset_with_sourcedata-2025.xlsx,cc!I1459,rl!I1529,,
KOR,2007,0.512478,0.180433,58.2282,1.028267,0.173864,,data/governance/wgi/wgidataset_with_sourcedata-2025.xlsx,cc!I1665,rl!I1739,,
KOR,2008,0.414593,0.180433,56.2468,0.894089,0.173864,,data/governance/wgi/wgidataset_with_sourcedata-2025.xlsx,cc!I1872,rl!I1949,,
KOR,2009,0.436953,0.178959,56.6994,0.927036,0.169613,,data/governance/wgi/wgidataset_with_sourcedata-2025.xlsx,cc!I2081,rl!I2160,,
KOR,2010,0.424338,0.178959,56.4441,0.900065,0.169613,,data/governance/wgi/wgidataset_with_sourcedata-2025.xlsx,cc!I2291,rl!I2372,,
KOR,2011,0.582102,0.160882,59.6375,0.910194,0.141543,,data/governance/wgi/wgidataset_with_sourcedata-2025.xlsx,cc!I2503,rl!I2585,,
KOR,2012,0.525435,0.160882,58.4904,1.018931,0.141543,56.0,data/governance/wgi/wgidataset_with_sourcedata-2025.xlsx,cc!I2715,rl!I2799,data/governance/cpi/CPI2025_Results.xlsx,CPI Timeseries 2012 - 2025!AZ93
KOR,2013,0.584669,0.161951,59.6894,0.992971,0.143986,55.0,data/governance/wgi/wgidataset_with_sourcedata-2025.xlsx,cc!I2927,rl!I3013,data/governance/cpi/CPI2025_Results.xlsx,CPI Timeseries 2012 - 2025!AW93
KOR,2014,0.504158,0.161951,58.0598,1.07062,0.143986,55.0,data/governance/wgi/wgidataset_with_sourcedata-2025.xlsx,cc!I3139,rl!I3227,data/governance/cpi/CPI2025_Results.xlsx,CPI Timeseries 2012 - 2025!AT93
KOR,2015,0.344972,0.161951,54.8376,1.010561,0.143986,54.0,data/governance/wgi/wgidataset_with_sourcedata-2025.xlsx,cc!I3351,rl!I3441,data/governance/cpi/CPI2025_Results.xlsx,CPI Timeseries 2012 - 2025!AQ93
KOR,2016,0.353229,0.161951,55.0047,1.028079,0.143986,53.0,data/governance/wgi/wgidataset_with_sourcedata-2025.xlsx,cc!I3564,rl!I3654,data/governance/cpi/CPI2025_Results.xlsx,CPI Timeseries 2012 - 2025!AN93
KOR,2017,0.427734,0.161951,56.5128,1.011855,0.142022,54.0,data/governance/wgi/wgidataset_with_sourcedata-2025.xlsx,cc!I3776,rl!I3866,data/governance/cpi/CPI2025_Results.xlsx,CPI Timeseries 2012 - 2025!AJ93
KOR,2018,0.541302,0.161951,58.8116,1.110074,0.143925,57.0,data/governance/wgi/wgidataset_with_sourcedata-2025.xlsx,cc!I3987,rl!I4078,data/governance/cpi/CPI2025_Results.xlsx,CPI Timeseries 2012 - 2025!AF93
KOR,2019,0.613318,0.161951,60.2693,1.110536,0.143925,59.0,data/governance/wgi/wgidataset_with_sourcedata-2025.xlsx,cc!I4198,rl!I4292,data/governance/cpi/CPI2025_Results.xlsx,CPI Timeseries 2012 - 2025!AB93
KOR,2020,0.755865,0.161951,63.1547,1.147973,0.151083,61.0,data/governance/wgi/wgidataset_with_sourcedata-2025.xlsx,cc!I4409,rl!I4507,data/governance/cpi/CPI2025_Results.xlsx,CPI Timeseries 2012 - 2025!X93
KOR,2021,0.761415,0.161951,63.267,1.168157,0.151083,62.0,data/governance/wgi/wgidataset_with_sourcedata-2025.xlsx,cc!I4620,rl!I4722,data/governance/cpi/CPI2025_Results.xlsx,CPI Timeseries 2012 - 2025!T93
KOR,2022,0.821709,0.161951,64.4875,1.166214,0.148456,63.0,data/governance/wgi/wgidataset_with_sourcedata-2025.xlsx,cc!I4834,rl!I4937,data/governance/cpi/CPI2025_Results.xlsx,CPI Timeseries 2012 - 2025!P93
KOR,2023,0.878856,0.161951,65.6442,1.184457,0.148456,63.0,data/governance/wgi/wgidataset_with_sourcedata-2025.xlsx,cc!I5049,rl!I5152,data/governance/cpi/CPI2025_Results.xlsx,CPI Timeseries 2012 - 2025!L93
KOR,2024,0.849559,0.160665,65.0512,1.117455,0.147732,64.0,data/governance/wgi/wgidataset_with_sourcedata-2025.xlsx,cc!I5264,rl!I5367,data/governance/cpi/CPI2025_Results.xlsx,CPI Timeseries 2012 - 2025!H93
KOR,2025,,,,,,63.0,,,,data/governance/cpi/CPI2025_Results.xlsx,CPI Timeseries 2012 - 2025!D93
LBN,1996,-0.632989,0.231675,35.0422,-0.232059,0.21449,,data/governance/wgi/wgidataset_with_sourcedata-2025.xlsx,cc!I99,rl!I102,,
LBN,1998,-0.831859,0.231675,31.0167,-0.371957,0.21449,,data/governance/wgi/wgidataset_with_sourcedata-2025.xlsx,cc!I286,rl!I301,,
LBN,2000,-0.637956,0.231675,34.9416,-0.142746,0.21449,,data/governance/wgi/wgidataset_with_sourcedata-2025.xlsx,cc!I474,rl!I501,,
LBN,2002,-0.610596,0.217228,35.4954,-0.406555,0.188943,,data/governance/wgi/wgidataset_with_sourcedata-2025.xlsx,cc!I663,rl!I703,,
LBN,2003,-0.611381,0.217228,35.4795,-0.510837,0.188943,,data/governance/wgi/wgidataset_with_sourcedata-2025.xlsx,cc!I853,rl!I905,,
LBN,2004,-0.70363,0.191511,33.6123,-0.273518,0.187525,,data/governance/wgi/wgidataset_with_sourcedata-2025.xlsx,cc!I1051,rl!I1112,,
LBN,2005,-0.680475,0.191511,34.081,-0.348378,0.181761,,data/governance/wgi/wgidataset_with_sourcedata-2025.xlsx,cc!I1256,rl!I1322,,
LBN,2006,-0.962901,0.188367,28.3642,-0.488131,0.173517,,data/governance/wgi/wgidataset_with_sourcedata-2025.xlsx,cc!I1462,rl!I1532,,
LBN,2007,-1.016488,0.197555,27.2795,-0.594799,0.180595,,data/governance/wgi/wgidataset_with_sourcedata-2025.xlsx,cc!I1668,rl!I1742,,
LBN,2008,-0.988152,0.196872,27.8531,-0.498768,0.180595,,data/governance/wgi/wgidataset_with_sourcedata-2025.xlsx,cc!I1875,rl!I1952,,
LBN,2009,-0.979342,0.193199,28.0314,-0.644764,0.174455,,data/governance/wgi/wgidataset_with_sourcedata-2025.xlsx,cc!I2084,rl!I2163,,
LBN,2010,-0.959381,0.184579,28.4355,-0.653949,0.16805,,data/governance/wgi/wgidataset_with_sourcedata-2025.xlsx,cc!I2294,rl!I2375,,
LBN,2011,-0.863609,0.164929,30.3741,-0.479309,0.140631,,data/governance/wgi/wgidataset_with_sourcedata-2025.xlsx,cc!I2506,rl!I2588,,
LBN,2012,-0.938609,0.164929,28.8559,-0.519603,0.140631,30.0,data/governance/wgi/wgidataset_with_sourcedata-2025.xlsx,cc!I2718,rl!I2802,data/governance/cpi/CPI2025_Results.xlsx,CPI Timeseries 2012 - 2025!AZ99
LBN,2013,-0.970075,0.1658,28.219,-0.616673,0.143026,28.0,data/governance/wgi/wgidataset_with_sourcedata-2025.xlsx,cc!I2930,rl!I3016,data/governance/cpi/CPI2025_Results.xlsx,CPI Timeseries 2012 - 2025!AW99
LBN,2014,-1.10599,0.1658,25.4679,-0.694778,0.143026,27.0,data/governance/wgi/wgidataset_with_sourcedata-2025.xlsx,cc!I3142,rl!I3230,data/governance/cpi/CPI2025_Results.xlsx,CPI Timeseries 2012 - 2025!AT99
LBN,2015,-1.004791,0.168104,27.5163,-0.80845,0.148093,28.0,data/governance/wgi/wgidataset_with_sourcedata-2025.xlsx,cc!I3354,rl!I3444,data/governance/cpi/CPI2025_Results.xlsx,CPI Timeseries 2012 - 2025!AQ99
LBN,2016,-1.069034,0.168104,26.2159,-0.851565,0.146351,28.0,data/governance/wgi/wgidataset_with_sourcedata-2025.xlsx,cc!I3567,rl!I3657,data/governance/cpi/CPI2025_Results.xlsx,CPI Timeseries 2012 - 2025!AN99
LBN,2017,-1.071401,0.168104,26.168,-0.821324,0.146351,28.0,data/governance/wgi/wgidataset_with_sourcedata-2025.xlsx,cc!I3779,rl!I3869,data/governance/cpi/CPI2025_Results.xlsx,CPI Timeseries 2012 - 2025!AJ99
LBN,2018,-1.22088,0.168104,23.1423,-0.771737,0.148435,28.0,data/governance/wgi/wgidataset_with_sourcedata-2025.xlsx,cc!I3990,rl!I4081,data/governance/cpi/CPI2025_Results.xlsx,CPI Timeseries 2012 - 2025!AF99
LBN,2019,-1.22868,0.168104,22.9845,-0.860445,0.148435,28.0,data/governance/wgi/wgidataset_with_sourcedata-2025.xlsx,cc!I4201,rl!I4295,data/governance/cpi/CPI2025_Results.xlsx,CPI Timeseries 2012 - 2025!AB99
LBN,2020,-1.230523,0.168104,22.9472,-0.918424,0.156327,25.0,data/governance/wgi/wgidataset_with_sourcedata-2025.xlsx,cc!I4412,rl!I4510,data/governance/cpi/CPI2025_Results.xlsx,CPI Timeseries 2012 - 2025!X99
LBN,2021,-1.258674,0.168104,22.3773,-1.002838,0.156327,24.0,data/governance/wgi/wgidataset_with_sourcedata-2025.xlsx,cc!I4623,rl!I4725,data/governance/cpi/CPI2025_Results.xlsx,CPI Timeseries 2012 - 2025!T99
LBN,2022,-1.21763,0.168104,23.2081,-1.032332,0.153421,24.0,data/governance/wgi/wgidataset_with_sourcedata-2025.xlsx,cc!I4837,rl!I4940,data/governance/cpi/CPI2025_Results.xlsx,CPI Timeseries 2012 - 2025!P99
LBN,2023,-1.255411,0.171884,22.4434,-1.066504,0.154195,24.0,data/governance/wgi/wgidataset_with_sourcedata-2025.xlsx,cc!I5052,rl!I5155,data/governance/cpi/CPI2025_Results.xlsx,CPI Timeseries 2012 - 2025!L99
LBN,2024,-1.304134,0.172338,21.4571,-1.085352,0.154195,22.0,data/governance/wgi/wgidataset_with_sourcedata-2025.xlsx,cc!I5267,rl!I5370,data/governance/cpi/CPI2025_Results.xlsx,CPI Timeseries 2012 - 2025!H99
LBN,2025,,,,,,23.0,,,,data/governance/cpi/CPI2025_Results.xlsx,CPI Timeseries 2012 - 2025!D99
LTU,1996,0.447931,0.252527,56.9216,0.405268,0.210756,,data/governance/wgi/wgidataset_with_sourcedata-2025.xlsx,cc!I105,rl!I109,,
LTU,1998,0.207577,0.230289,52.0565,0.41867,0.20052,,data/governance/wgi/wgidataset_with_sourcedata-2025.xlsx,cc!I292,rl!I308,,
LTU,2000,0.194982,0.213756,51.8016,0.169754,0.1909,,data/governance/wgi/wgidataset_with_sourcedata-2025.xlsx,cc!I480,rl!I508,,
LTU,2002,0.223233,0.213756,52.3734,0.24798,0.182999,,data/governance/wgi/wgidataset_with_sourcedata-2025.xlsx,cc!I669,rl!I710,,
LTU,2003,0.313168,0.213756,54.1938,0.37538,0.182999,,data/governance/wgi/wgidataset_with_sourcedata-2025.xlsx,cc!I859,rl!I912,,
LTU,2004,0.513618,0.193898,58.2512,0.361585,0.176864,,data/governance/wgi/wgidataset_with_sourcedata-2025.xlsx,cc!I1058,rl!I1119,,
LTU,2005,0.512385,0.193898,58.2263,0.517897,0.176864,,data/governance/wgi/wgidataset_with_sourcedata-2025.xlsx,cc!I1263,rl!I1329,,
LTU,2006,0.303408,0.192421,53.9963,0.590593,0.176386,,data/governance/wgi/wgidataset_with_sourcedata-2025.xlsx,cc!I1469,rl!I1539,,
LTU,2007,0.180265,0.179893,51.5037,0.606743,0.168537,,data/governance/wgi/wgidataset_with_sourcedata-2025.xlsx,cc!I1675,rl!I1749,,
LTU,2008,0.175715,0.178432,51.4116,0.515443,0.164657,,data/governance/wgi/wgidataset_with_sourcedata-2025.xlsx,cc!I1882,rl!I1959,,
LTU,2009,0.216857,0.178432,52.2444,0.529313,0.164657,,data/governance/wgi/wgidataset_with_sourcedata-2025.xlsx,cc!I2091,rl!I2170,,
LTU,2010,0.48572,0.178432,57.6865,0.598248,0.164657,,data/governance/wgi/wgidataset_with_sourcedata-2025.xlsx,cc!I2301,rl!I2382,,
LTU,2011,0.431061,0.178432,56.5802,0.546673,0.164657,,data/governance/wgi/wgidataset_with_sourcedata-2025.xlsx,cc!I2513,rl!I2595,,
LTU,2012,0.559973,0.178432,59.1895,0.584909,0.164657,54.0,data/governance/wgi/wgidataset_with_sourcedata-2025.xlsx,cc!I2725,rl!I2809,data/governance/cpi/CPI2025_Results.xlsx,CPI Timeseries 2012 - 2025!AZ86
LTU,2013,0.579808,0.179893,59.591,0.586968,0.168537,57.0,data/governance/wgi/wgidataset_with_sourcedata-2025.xlsx,cc!I2937,rl!I3023,data/governance/cpi/CPI2025_Results.xlsx,CPI Timeseries 2012 - 2025!AW86
LTU,2014,0.599127,0.179893,59.9821,0.740631,0.168537,58.0,data/governance/wgi/wgidataset_with_sourcedata-2025.xlsx,cc!I3149,rl!I3237,data/governance/cpi/CPI2025_Results.xlsx,CPI Timeseries 2012 - 2025!AT86
LTU,2015,0.681444,0.179893,61.6483,0.849141,0.168537,59.0,data/governance/wgi/wgidataset_with_sourcedata-2025.xlsx,cc!I3361,rl!I3451,data/governance/cpi/CPI2025_Results.xlsx,CPI Timeseries 2012 - 2025!AQ86
LTU,2016,0.734668,0.179893,62.7256,0.901913,0.168537,59.0,data/governance/wgi/wgidataset_with_sourcedata-2025.xlsx,cc!I3574,rl!I3664,data/governance/cpi/CPI2025_Results.xlsx,CPI Timeseries 2012 - 2025!AN86
LTU,2017,0.676187,0.179893,61.5419,0.859113,0.168537,59.0,data/governance/wgi/wgidataset_with_sourcedata-2025.xlsx,cc!I3786,rl!I3876,data/governance/cpi/CPI2025_Results.xlsx,CPI Timeseries 2012 - 2025!AJ86
LTU,2018,0.453159,0.181274,57.0275,0.749078,0.171788,59.0,data/governance/wgi/wgidataset_with_sourcedata-2025.xlsx,cc!I3997,rl!I4088,data/governance/cpi/CPI2025_Results.xlsx,CPI Timeseries 2012 - 2025!AF86
LTU,2019,0.75812,0.181274,63.2003,1.057867,0.171788,60.0,data/governance/wgi/wgidataset_with_sourcedata-2025.xlsx,cc!I4208,rl!I4302,data/governance/cpi/CPI2025_Results.xlsx,CPI Timeseries 2012 - 2025!AB86
LTU,2020,0.881383,0.167977,65.6954,1.140078,0.181045,60.0,data/governance/wgi/wgidataset_with_sourcedata-2025.xlsx,cc!I4419,rl!I4517,data/governance/cpi/CPI2025_Results.xlsx,CPI Timeseries 2012 - 2025!X86
LTU,2021,0.924958,0.152762,66.5774,1.210728,0.147985,61.0,data/governance/wgi/wgidataset_with_sourcedata-2025.xlsx,cc!I4630,rl!I4732,data/governance/cpi/CPI2025_Results.xlsx,CPI Timeseries 2012 - 2025!T86
LTU,2022,0.855068,0.152762,65.1627,1.228331,0.145514,62.0,data/governance/wgi/wgidataset_with_sourcedata-2025.xlsx,cc!I4844,rl!I4947,data/governance/cpi/CPI2025_Results.xlsx,CPI Timeseries 2012 - 2025!P86
LTU,2023,0.888476,0.152762,65.839,1.328884,0.145514,61.0,data/governance/wgi/wgidataset_with_sourcedata-2025.xlsx,cc!I5059,rl!I5162,data/governance/cpi/CPI2025_Results.xlsx,CPI Timeseries 2012 - 2025!L86
LTU,2024,0.992789,0.152762,67.9504,1.374236,0.145514,63.0,data/governance/wgi/wgidataset_with_sourcedata-2025.xlsx,cc!I5274,rl!I5377,data/governance/cpi/CPI2025_Results.xlsx,CPI Timeseries 2012 - 2025!H86
LTU,2025,,,,,,65.0,,,,data/governance/cpi/CPI2025_Results.xlsx,CPI Timeseries 2012 - 2025!D86
LUX,1996,2.252685,0.236355,93.4526,1.70577,0.228141,,data/governance/wgi/wgidataset_with_sourcedata-2025.xlsx,cc!I106,rl!I110,,
LUX,1998,1.954198,0.236355,87.4108,1.707363,0.228141,,data/governance/wgi/wgidataset_with_sourcedata-2025.xlsx,cc!I293,rl!I309,,
LUX,2000,1.960725,0.236355,87.5429,1.878853,0.216571,,data/governance/wgi/wgidataset_with_sourcedata-2025.xlsx,cc!I481,rl!I509,,
LUX,2002,1.968989,0.236355,87.7102,1.807882,0.216571,,data/governance/wgi/wgidataset_with_sourcedata-2025.xlsx,cc!I670,rl!I711,,
LUX,2003,1.697981,0.236355,82.2246,1.748664,0.216571,,data/governance/wgi/wgidataset_with_sourcedata-2025.xlsx,cc!I860,rl!I913,,
LUX,2004,1.721754,0.235188,82.7058,1.681618,0.216571,,data/governance/wgi/wgidataset_with_sourcedata-2025.xlsx,cc!I1059,rl!I1120,,
LUX,2005,1.718858,0.235188,82.6472,1.556786,0.207826,,data/governance/wgi/wgidataset_with_sourcedata-2025.xlsx,cc!I1264,rl!I1330,,
LUX,2006,2.035771,0.198957,89.062,1.63989,0.175159,,data/governance/wgi/wgidataset_with_sourcedata-2025.xlsx,cc!I1470,rl!I1540,,
LUX,2007,2.068996,0.198957,89.7345,1.721869,0.175159,,data/governance/wgi/wgidataset_with_sourcedata-2025.xlsx,cc!I1676,rl!I1750,,
LUX,2008,2.072768,0.198957,89.8108,1.698376,0.175159,,data/governance/wgi/wgidataset_with_sourcedata-2025.xlsx,cc!I1883,rl!I1960,,
LUX,2009,2.050593,0.197363,89.362,1.69724,0.174695,,data/governance/wgi/wgidataset_with_sourcedata-2025.xlsx,cc!I2092,rl!I2171,,
LUX,2010,2.080361,0.197363,89.9645,1.738368,0.174695,,data/governance/wgi/wgidataset_with_sourcedata-2025.xlsx,cc!I2302,rl!I2383,,
LUX,2011,2.228976,0.197363,92.9727,1.758409,0.174695,,data/governance/wgi/wgidataset_with_sourcedata-2025.xlsx,cc!I2514,rl!I2596,,
LUX,2012,2.169911,0.197363,91.7772,1.778254,0.174695,80.0,data/governance/wgi/wgidataset_with_sourcedata-2025.xlsx,cc!I2726,rl!I2810,data/governance/cpi/CPI2025_Results.xlsx,CPI Timeseries 2012 - 2025!AZ28
LUX,2013,2.153222,0.197363,91.4393,1.764197,0.174695,80.0,data/governance/wgi/wgidataset_with_sourcedata-2025.xlsx,cc!I2938,rl!I3024,data/governance/cpi/CPI2025_Results.xlsx,CPI Timeseries 2012 - 2025!AW28
LUX,2014,2.172139,0.197363,91.8223,1.750779,0.174695,82.0,data/governance/wgi/wgidataset_with_sourcedata-2025.xlsx,cc!I3150,rl!I3238,data/governance/cpi/CPI2025_Results.xlsx,CPI Timeseries 2012 - 2025!AT28
LUX,2015,2.224147,0.197363,92.875,1.814113,0.174695,85.0,data/governance/wgi/wgidataset_with_sourcedata-2025.xlsx,cc!I3362,rl!I3452,data/governance/cpi/CPI2025_Results.xlsx,CPI Timeseries 2012 - 2025!AQ28
LUX,2016,2.191293,0.197363,92.21,1.799371,0.174695,81.0,data/governance/wgi/wgidataset_with_sourcedata-2025.xlsx,cc!I3575,rl!I3665,data/governance/cpi/CPI2025_Results.xlsx,CPI Timeseries 2012 - 2025!AN28
LUX,2017,2.147517,0.198051,91.3239,1.799045,0.174695,82.0,data/governance/wgi/wgidataset_with_sourcedata-2025.xlsx,cc!I3787,rl!I3877,data/governance/cpi/CPI2025_Results.xlsx,CPI Timeseries 2012 - 2025!AJ28
LUX,2018,2.21005,0.198051,92.5896,1.861437,0.178273,81.0,data/governance/wgi/wgidataset_with_sourcedata-2025.xlsx,cc!I3998,rl!I4089,data/governance/cpi/CPI2025_Results.xlsx,CPI Timeseries 2012 - 2025!AF28
LUX,2019,2.259012,0.198051,93.5807,1.843165,0.178273,80.0,data/governance/wgi/wgidataset_with_sourcedata-2025.xlsx,cc!I4209,rl!I4303,data/governance/cpi/CPI2025_Results.xlsx,CPI Timeseries 2012 - 2025!AB28
LUX,2020,2.206772,0.180535,92.5233,1.796841,0.188685,80.0,data/governance/wgi/wgidataset_with_sourcedata-2025.xlsx,cc!I4420,rl!I4518,data/governance/cpi/CPI2025_Results.xlsx,CPI Timeseries 2012 - 2025!X28
LUX,2021,1.963848,0.162024,87.6061,1.733337,0.152071,81.0,data/governance/wgi/wgidataset_with_sourcedata-2025.xlsx,cc!I4631,rl!I4733,data/governance/cpi/CPI2025_Results.xlsx,CPI Timeseries 2012 - 2025!T28
LUX,2022,1.967411,0.162024,87.6782,1.747747,0.149392,77.0,data/governance/wgi/wgidataset_with_sourcedata-2025.xlsx,cc!I4845,rl!I4948,data/governance/cpi/CPI2025_Results.xlsx,CPI Timeseries 2012 - 2025!P28
LUX,2023,2.012407,0.162024,88.589,1.728655,0.149392,78.0,data/governance/wgi/wgidataset_with_sourcedata-2025.xlsx,cc!I5060,rl!I5163,data/governance/cpi/CPI2025_Results.xlsx,CPI Timeseries 2012 - 2025!L28
LUX,2024,2.015759,0.162024,88.6569,1.761768,0.149392,81.0,data/governance/wgi/wgidataset_with_sourcedata-2025.xlsx,cc!I5275,rl!I5378,data/governance/cpi/CPI2025_Results.xlsx,CPI Timeseries 2012 - 2025!H28
LUX,2025,,,,,,78.0,,,,data/governance/cpi/CPI2025_Results.xlsx,CPI Timeseries 2012 - 2025!D28
LVA,1996,-0.294776,0.252527,41.8881,0.062924,0.210756,,data/governance/wgi/wgidataset_with_sourcedata-2025.xlsx,cc!I107,rl!I111,,
LVA,1998,-0.01085,0.230289,47.6352,0.175233,0.20052,,data/governance/wgi/wgidataset_with_sourcedata-2025.xlsx,cc!I294,rl!I310,,
LVA,2000,-0.249437,0.213756,42.8058,0.149758,0.1909,,data/governance/wgi/wgidataset_with_sourcedata-2025.xlsx,cc!I482,rl!I510,,
LVA,2002,0.110064,0.213756,50.0827,0.219283,0.182999,,data/governance/wgi/wgidataset_with_sourcedata-2025.xlsx,cc!I671,rl!I712,,
LVA,2003,0.274018,0.213756,53.4014,0.442496,0.182999,,data/governance/wgi/wgidataset_with_sourcedata-2025.xlsx,cc!I861,rl!I914,,
LVA,2004,0.172739,0.193898,51.3513,0.351242,0.176864,,data/governance/wgi/wgidataset_with_sourcedata-2025.xlsx,cc!I1060,rl!I1121,,
LVA,2005,0.316804,0.193898,54.2674,0.506724,0.176864,,data/governance/wgi/wgidataset_with_sourcedata-2025.xlsx,cc!I1265,rl!I1331,,
LVA,2006,0.398824,0.192421,55.9276,0.568793,0.176386,,data/governance/wgi/wgidataset_with_sourcedata-2025.xlsx,cc!I1471,rl!I1541,,
LVA,2007,0.306148,0.190637,54.0517,0.648169,0.171952,,data/governance/wgi/wgidataset_with_sourcedata-2025.xlsx,cc!I1677,rl!I1751,,
LVA,2008,0.277742,0.190637,53.4767,0.647471,0.171952,,data/governance/wgi/wgidataset_with_sourcedata-2025.xlsx,cc!I1884,rl!I1961,,
LVA,2009,0.259018,0.191256,53.0977,0.572111,0.171952,,data/governance/wgi/wgidataset_with_sourcedata-2025.xlsx,cc!I2093,rl!I2172,,
LVA,2010,0.343655,0.190637,54.8109,0.639395,0.171952,,data/governance/wgi/wgidataset_with_sourcedata-2025.xlsx,cc!I2303,rl!I2384,,
LVA,2011,0.390353,0.190637,55.7562,0.552873,0.171952,,data/governance/wgi/wgidataset_with_sourcedata-2025.xlsx,cc!I2515,rl!I2597,,
LVA,2012,0.386339,0.192421,55.6749,0.572385,0.176386,49.0,data/governance/wgi/wgidataset_with_sourcedata-2025.xlsx,cc!I2727,rl!I2811,data/governance/cpi/CPI2025_Results.xlsx,CPI Timeseries 2012 - 2025!AZ103
LVA,2013,0.428874,0.179893,56.5359,0.564262,0.168537,53.0,data/governance/wgi/wgidataset_with_sourcedata-2025.xlsx,cc!I2939,rl!I3025,data/governance/cpi/CPI2025_Results.xlsx,CPI Timeseries 2012 - 2025!AW103
LVA,2014,0.506584,0.179893,58.1089,0.6744,0.168537,55.0,data/governance/wgi/wgidataset_with_sourcedata-2025.xlsx,cc!I3151,rl!I3239,data/governance/cpi/CPI2025_Results.xlsx,CPI Timeseries 2012 - 2025!AT103
LVA,2015,0.600907,0.179893,60.0181,0.662581,0.168537,56.0,data/governance/wgi/wgidataset_with_sourcedata-2025.xlsx,cc!I3363,rl!I3453,data/governance/cpi/CPI2025_Results.xlsx,CPI Timeseries 2012 - 2025!AQ103
LVA,2016,0.590799,0.179893,59.8135,0.645591,0.168537,57.0,data/governance/wgi/wgidataset_with_sourcedata-2025.xlsx,cc!I3576,rl!I3666,data/governance/cpi/CPI2025_Results.xlsx,CPI Timeseries 2012 - 2025!AN103
LVA,2017,0.637997,0.179893,60.7689,0.632335,0.168537,58.0,data/governance/wgi/wgidataset_with_sourcedata-2025.xlsx,cc!I3788,rl!I3878,data/governance/cpi/CPI2025_Results.xlsx,CPI Timeseries 2012 - 2025!AJ103
LVA,2018,0.54468,0.181274,58.88,0.615245,0.171788,58.0,data/governance/wgi/wgidataset_with_sourcedata-2025.xlsx,cc!I3999,rl!I4090,data/governance/cpi/CPI2025_Results.xlsx,CPI Timeseries 2012 - 2025!AF103
LVA,2019,0.699099,0.181274,62.0057,0.828729,0.171788,56.0,data/governance/wgi/wgidataset_with_sourcedata-2025.xlsx,cc!I4210,rl!I4304,data/governance/cpi/CPI2025_Results.xlsx,CPI Timeseries 2012 - 2025!AB103
LVA,2020,0.760505,0.167977,63.2486,0.922943,0.181045,57.0,data/governance/wgi/wgidataset_with_sourcedata-2025.xlsx,cc!I4421,rl!I4519,data/governance/cpi/CPI2025_Results.xlsx,CPI Timeseries 2012 - 2025!X103
LVA,2021,0.842349,0.152762,64.9053,0.983981,0.147985,59.0,data/governance/wgi/wgidataset_with_sourcedata-2025.xlsx,cc!I4632,rl!I4734,data/governance/cpi/CPI2025_Results.xlsx,CPI Timeseries 2012 - 2025!T103
LVA,2022,0.823892,0.152762,64.5317,1.008782,0.145514,59.0,data/governance/wgi/wgidataset_with_sourcedata-2025.xlsx,cc!I4846,rl!I4949,data/governance/cpi/CPI2025_Results.xlsx,CPI Timeseries 2012 - 2025!P103
LVA,2023,0.77592,0.152762,63.5606,1.072708,0.145514,60.0,data/governance/wgi/wgidataset_with_sourcedata-2025.xlsx,cc!I5061,rl!I5164,data/governance/cpi/CPI2025_Results.xlsx,CPI Timeseries 2012 - 2025!L103
LVA,2024,0.825134,0.151682,64.5568,1.091383,0.144832,59.0,data/governance/wgi/wgidataset_with_sourcedata-2025.xlsx,cc!I5276,rl!I5379,data/governance/cpi/CPI2025_Results.xlsx,CPI Timeseries 2012 - 2025!H103
LVA,2025,,,,,,60.0,,,,data/governance/cpi/CPI2025_Results.xlsx,CPI Timeseries 2012 - 2025!D103
MAC,1996,0.426551,0.435253,56.4889,0.041833,0.485046,,data/governance/wgi/wgidataset_with_sourcedata-2025.xlsx,cc!I108,rl!I112,,
MAC,1998,0.422083,0.435253,56.3984,0.030085,0.485046,,data/governance/wgi/wgidataset_with_sourcedata-2025.xlsx,cc!I295,rl!I311,,
MAC,2000,0.40902,0.435253,56.134,0.022359,0.485046,,data/governance/wgi/wgidataset_with_sourcedata-2025.xlsx,cc!I483,rl!I511,,
MAC,2002,-0.068263,0.435253,46.4731,0.542312,0.485046,,data/governance/wgi/wgidataset_with_sourcedata-2025.xlsx,cc!I672,rl!I713,,
MAC,2003,0.864652,0.435253,65.3567,1.048423,0.485046,,data/governance/wgi/wgidataset_with_sourcedata-2025.xlsx,cc!I862,rl!I915,,
MAC,2004,1.15539,0.435253,71.2417,0.97811,0.485046,,data/governance/wgi/wgidataset_with_sourcedata-2025.xlsx,cc!I1061,rl!I1122,,
MAC,2005,0.39105,0.435253,55.7703,0.788627,0.485046,,data/governance/wgi/wgidataset_with_sourcedata-2025.xlsx,cc!I1266,rl!I1332,,
MAC,2006,0.399233,0.435253,55.9359,0.530874,0.485046,,data/governance/wgi/wgidataset_with_sourcedata-2025.xlsx,cc!I1472,rl!I1542,,
MAC,2007,-0.074663,0.435253,46.3435,0.28094,0.485046,,data/governance/wgi/wgidataset_with_sourcedata-2025.xlsx,cc!I1678,rl!I1752,,
MAC,2008,-0.073105,0.435253,46.3751,0.456784,0.338703,,data/governance/wgi/wgidataset_with_sourcedata-2025.xlsx,cc!I1885,rl!I1962,,
MAC,2009,0.339612,0.283268,54.7291,0.714072,0.234673,,data/governance/wgi/wgidataset_with_sourcedata-2025.xlsx,cc!I2094,rl!I2173,,
MAC,2010,0.34001,0.283268,54.7372,0.713672,0.234673,,data/governance/wgi/wgidataset_with_sourcedata-2025.xlsx,cc!I2304,rl!I2385,,
MAC,2011,0.339012,0.283268,54.717,0.717075,0.234673,,data/governance/wgi/wgidataset_with_sourcedata-2025.xlsx,cc!I2516,rl!I2598,,
MAC,2012,0.041525,0.283268,48.6954,0.605968,0.234673,,data/governance/wgi/wgidataset_with_sourcedata-2025.xlsx,cc!I2728,rl!I2812,,
MAC,2013,0.041682,0.283268,48.6985,0.60307,0.234673,,data/governance/wgi/wgidataset_with_sourcedata-2025.xlsx,cc!I2940,rl!I3026,,
MAC,2014,0.568469,0.283268,59.3615,0.84822,0.234673,,data/governance/wgi/wgidataset_with_sourcedata-2025.xlsx,cc!I3152,rl!I3240,,
MAC,2015,0.570116,0.283268,59.3949,0.904415,0.234673,,data/governance/wgi/wgidataset_with_sourcedata-2025.xlsx,cc!I3364,rl!I3454,,
MAC,2016,0.835761,0.283268,64.7719,0.904628,0.234673,,data/governance/wgi/wgidataset_with_sourcedata-2025.xlsx,cc!I3577,rl!I3667,,
MAC,2017,0.570494,0.283268,59.4025,0.904107,0.234673,,data/governance/wgi/wgidataset_with_sourcedata-2025.xlsx,cc!I3789,rl!I3879,,
MAC,2018,0.572109,0.283268,59.4352,0.959526,0.234673,,data/governance/wgi/wgidataset_with_sourcedata-2025.xlsx,cc!I4000,rl!I4091,,
MAC,2019,0.574335,0.283268,59.4802,0.906377,0.234673,,data/governance/wgi/wgidataset_with_sourcedata-2025.xlsx,cc!I4211,rl!I4305,,
MAC,2020,0.574894,0.283268,59.4916,0.856918,0.270253,,data/governance/wgi/wgidataset_with_sourcedata-2025.xlsx,cc!I4422,rl!I4520,,
MAC,2021,0.573805,0.283268,59.4695,0.781437,0.270253,,data/governance/wgi/wgidataset_with_sourcedata-2025.xlsx,cc!I4633,rl!I4735,,
MAC,2022,0.573431,0.283268,59.462,0.779799,0.270253,,data/governance/wgi/wgidataset_with_sourcedata-2025.xlsx,cc!I4847,rl!I4950,,
MAC,2023,0.572147,0.283268,59.436,0.779354,0.270253,,data/governance/wgi/wgidataset_with_sourcedata-2025.xlsx,cc!I5062,rl!I5165,,
MAC,2024,0.573384,0.283268,59.461,0.852098,0.270253,,data/governance/wgi/wgidataset_with_sourcedata-2025.xlsx,cc!I5277,rl!I5380,,
MAR,1996,-0.105042,0.231675,45.7286,0.436313,0.20834,,data/governance/wgi/wgidataset_with_sourcedata-2025.xlsx,cc!I109,rl!I113,,
MAR,1998,-0.090658,0.231675,46.0198,0.252351,0.20834,,data/governance/wgi/wgidataset_with_sourcedata-2025.xlsx,cc!I296,rl!I312,,
MAR,2000,-0.283116,0.231675,42.1241,0.214198,0.20834,,data/governance/wgi/wgidataset_with_sourcedata-2025.xlsx,cc!I484,rl!I512,,
MAR,2002,-0.123071,0.217228,45.3637,-0.15808,0.188943,,data/governance/wgi/wgidataset_with_sourcedata-2025.xlsx,cc!I673,rl!I714,,
MAR,2003,-0.393646,0.212324,39.8868,-0.342922,0.181945,,data/governance/wgi/wgidataset_with_sourcedata-2025.xlsx,cc!I863,rl!I916,,
MAR,2004,-0.388358,0.188125,39.9939,-0.211905,0.180678,,data/governance/wgi/wgidataset_with_sourcedata-2025.xlsx,cc!I1062,rl!I1123,,
MAR,2005,-0.520599,0.188125,37.3171,-0.437949,0.175506,,data/governance/wgi/wgidataset_with_sourcedata-2025.xlsx,cc!I1267,rl!I1333,,
MAR,2006,-0.349315,0.186198,40.7841,-0.378266,0.175039,,data/governance/wgi/wgidataset_with_sourcedata-2025.xlsx,cc!I1473,rl!I1543,,
MAR,2007,-0.307787,0.186198,41.6247,-0.383463,0.172181,,data/governance/wgi/wgidataset_with_sourcedata-2025.xlsx,cc!I1679,rl!I1753,,
MAR,2008,-0.377082,0.184579,40.2221,-0.467206,0.16805,,data/governance/wgi/wgidataset_with_sourcedata-2025.xlsx,cc!I1886,rl!I1963,,
MAR,2009,-0.384896,0.184579,40.0639,-0.413999,0.16805,,data/governance/wgi/wgidataset_with_sourcedata-2025.xlsx,cc!I2095,rl!I2174,,
MAR,2010,-0.301128,0.184579,41.7595,-0.384882,0.16805,,data/governance/wgi/wgidataset_with_sourcedata-2025.xlsx,cc!I2305,rl!I2386,,
MAR,2011,-0.505826,0.164614,37.6161,-0.381968,0.143322,,data/governance/wgi/wgidataset_with_sourcedata-2025.xlsx,cc!I2517,rl!I2599,,
MAR,2012,-0.502933,0.164614,37.6747,-0.33173,0.144958,37.0,data/governance/wgi/wgidataset_with_sourcedata-2025.xlsx,cc!I2729,rl!I2813,data/governance/cpi/CPI2025_Results.xlsx,CPI Timeseries 2012 - 2025!AZ117
MAR,2013,-0.417321,0.164614,39.4076,-0.433361,0.144958,37.0,data/governance/wgi/wgidataset_with_sourcedata-2025.xlsx,cc!I2941,rl!I3027,data/governance/cpi/CPI2025_Results.xlsx,CPI Timeseries 2012 - 2025!AW117
MAR,2014,-0.416572,0.164341,39.4228,-0.372493,0.144958,39.0,data/governance/wgi/wgidataset_with_sourcedata-2025.xlsx,cc!I3153,rl!I3241,data/governance/cpi/CPI2025_Results.xlsx,CPI Timeseries 2012 - 2025!AT117
MAR,2015,-0.352055,0.164341,40.7287,-0.36877,0.144958,36.0,data/governance/wgi/wgidataset_with_sourcedata-2025.xlsx,cc!I3365,rl!I3455,data/governance/cpi/CPI2025_Results.xlsx,CPI Timeseries 2012 - 2025!AQ117
MAR,2016,-0.314654,0.16691,41.4857,-0.293525,0.143788,37.0,data/governance/wgi/wgidataset_with_sourcedata-2025.xlsx,cc!I3578,rl!I3668,data/governance/cpi/CPI2025_Results.xlsx,CPI Timeseries 2012 - 2025!AN117
MAR,2017,-0.391146,0.164341,39.9374,-0.371386,0.143322,40.0,data/governance/wgi/wgidataset_with_sourcedata-2025.xlsx,cc!I3790,rl!I3880,data/governance/cpi/CPI2025_Results.xlsx,CPI Timeseries 2012 - 2025!AJ117
MAR,2018,-0.475142,0.165258,38.2372,-0.324822,0.145278,43.0,data/governance/wgi/wgidataset_with_sourcedata-2025.xlsx,cc!I4001,rl!I4092,data/governance/cpi/CPI2025_Results.xlsx,CPI Timeseries 2012 - 2025!AF117
MAR,2019,-0.425659,0.165258,39.2388,-0.319864,0.145278,41.0,data/governance/wgi/wgidataset_with_sourcedata-2025.xlsx,cc!I4212,rl!I4306,data/governance/cpi/CPI2025_Results.xlsx,CPI Timeseries 2012 - 2025!AB117
MAR,2020,-0.408552,0.165258,39.5851,-0.314663,0.152651,40.0,data/governance/wgi/wgidataset_with_sourcedata-2025.xlsx,cc!I4423,rl!I4521,data/governance/cpi/CPI2025_Results.xlsx,CPI Timeseries 2012 - 2025!X117
MAR,2021,-0.478397,0.165258,38.1713,-0.444794,0.152651,39.0,data/governance/wgi/wgidataset_with_sourcedata-2025.xlsx,cc!I4634,rl!I4736,data/governance/cpi/CPI2025_Results.xlsx,CPI Timeseries 2012 - 2025!T117
MAR,2022,-0.487911,0.165258,37.9788,-0.449194,0.149943,38.0,data/governance/wgi/wgidataset_with_sourcedata-2025.xlsx,cc!I4848,rl!I4951,data/governance/cpi/CPI2025_Results.xlsx,CPI Timeseries 2012 - 2025!P117
MAR,2023,-0.55219,0.163893,36.6777,-0.3934,0.149197,38.0,data/governance/wgi/wgidataset_with_sourcedata-2025.xlsx,cc!I5063,rl!I5166,data/governance/cpi/CPI2025_Results.xlsx,CPI Timeseries 2012 - 2025!L117
MAR,2024,-0.518691,0.164287,37.3557,-0.367804,0.149197,37.0,data/governance/wgi/wgidataset_with_sourcedata-2025.xlsx,cc!I5278,rl!I5381,data/governance/cpi/CPI2025_Results.xlsx,CPI Timeseries 2012 - 2025!H117
MAR,2025,,,,,,39.0,,,,data/governance/cpi/CPI2025_Results.xlsx,CPI Timeseries 2012 - 2025!D117
MDA,1996,-0.162357,0.252527,44.5685,-0.075142,0.210756,,data/governance/wgi/wgidataset_with_sourcedata-2025.xlsx,cc!I110,rl!I115,,
MDA,1998,-0.223242,0.230289,43.3361,0.059412,0.20052,,data/governance/wgi/wgidataset_with_sourcedata-2025.xlsx,cc!I297,rl!I314,,
MDA,2000,-0.486488,0.227477,38.0076,-0.229067,0.20045,,data/governance/wgi/wgidataset_with_sourcedata-2025.xlsx,cc!I485,rl!I514,,
MDA,2002,-1.014954,0.227477,27.3106,-0.538461,0.19136,,data/governance/wgi/wgidataset_with_sourcedata-2025.xlsx,cc!I674,rl!I716,,
MDA,2003,-1.015816,0.227477,27.2931,-0.539104,0.19136,,data/governance/wgi/wgidataset_with_sourcedata-2025.xlsx,cc!I864,rl!I918,,
MDA,2004,-1.166426,0.197731,24.2446,-0.233556,0.189887,,data/governance/wgi/wgidataset_with_sourcedata-2025.xlsx,cc!I1063,rl!I1125,,
MDA,2005,-0.931449,0.181398,29.0009,-0.314665,0.170394,,data/governance/wgi/wgidataset_with_sourcedata-2025.xlsx,cc!I1268,rl!I1335,,
MDA,2006,-0.845778,0.180188,30.735,-0.325289,0.169967,,data/governance/wgi/wgidataset_with_sourcedata-2025.xlsx,cc!I1474,rl!I1545,,
MDA,2007,-0.83111,0.17872,31.0319,-0.273657,0.165989,,data/governance/wgi/wgidataset_with_sourcedata-2025.xlsx,cc!I1680,rl!I1755,,
MDA,2008,-0.802337,0.17872,31.6143,-0.29448,0.165989,,data/governance/wgi/wgidataset_with_sourcedata-2025.xlsx,cc!I1887,rl!I1965,,
MDA,2009,-0.77233,0.17872,32.2217,-0.341333,0.165989,,data/governance/wgi/wgidataset_with_sourcedata-2025.xlsx,cc!I2096,rl!I2176,,
MDA,2010,-0.687897,0.17872,33.9307,-0.335016,0.165989,,data/governance/wgi/wgidataset_with_sourcedata-2025.xlsx,cc!I2306,rl!I2388,,
MDA,2011,-0.653438,0.17872,34.6282,-0.278304,0.165989,,data/governance/wgi/wgidataset_with_sourcedata-2025.xlsx,cc!I2518,rl!I2601,,
MDA,2012,-0.719719,0.160708,33.2866,-0.360517,0.139416,36.0,data/governance/wgi/wgidataset_with_sourcedata-2025.xlsx,cc!I2730,rl!I2815,data/governance/cpi/CPI2025_Results.xlsx,CPI Timeseries 2012 - 2025!AZ114
MDA,2013,-0.811496,0.161773,31.4289,-0.42522,0.141748,35.0,data/governance/wgi/wgidataset_with_sourcedata-2025.xlsx,cc!I2942,rl!I3029,data/governance/cpi/CPI2025_Results.xlsx,CPI Timeseries 2012 - 2025!AW114
MDA,2014,-0.969688,0.161773,28.2269,-0.364908,0.141748,35.0,data/governance/wgi/wgidataset_with_sourcedata-2025.xlsx,cc!I3154,rl!I3243,data/governance/cpi/CPI2025_Results.xlsx,CPI Timeseries 2012 - 2025!AT114
MDA,2015,-1.03857,0.161773,26.8326,-0.419316,0.141748,33.0,data/governance/wgi/wgidataset_with_sourcedata-2025.xlsx,cc!I3367,rl!I3457,data/governance/cpi/CPI2025_Results.xlsx,CPI Timeseries 2012 - 2025!AQ114
MDA,2016,-1.099628,0.161773,25.5967,-0.424312,0.141748,30.0,data/governance/wgi/wgidataset_with_sourcedata-2025.xlsx,cc!I3580,rl!I3670,data/governance/cpi/CPI2025_Results.xlsx,CPI Timeseries 2012 - 2025!AN114
MDA,2017,-0.937231,0.161773,28.8838,-0.433205,0.141748,31.0,data/governance/wgi/wgidataset_with_sourcedata-2025.xlsx,cc!I3792,rl!I3882,data/governance/cpi/CPI2025_Results.xlsx,CPI Timeseries 2012 - 2025!AJ114
MDA,2018,-0.87132,0.162776,30.218,-0.403499,0.143666,33.0,data/governance/wgi/wgidataset_with_sourcedata-2025.xlsx,cc!I4003,rl!I4094,data/governance/cpi/CPI2025_Results.xlsx,CPI Timeseries 2012 - 2025!AF114
MDA,2019,-0.773282,0.162776,32.2024,-0.374744,0.143666,32.0,data/governance/wgi/wgidataset_with_sourcedata-2025.xlsx,cc!I4214,rl!I4308,data/governance/cpi/CPI2025_Results.xlsx,CPI Timeseries 2012 - 2025!AB114
MDA,2020,-0.730838,0.162776,33.0615,-0.377802,0.150784,34.0,data/governance/wgi/wgidataset_with_sourcedata-2025.xlsx,cc!I4425,rl!I4523,data/governance/cpi/CPI2025_Results.xlsx,CPI Timeseries 2012 - 2025!X114
MDA,2021,-0.550342,0.163161,36.7151,-0.251938,0.150784,36.0,data/governance/wgi/wgidataset_with_sourcedata-2025.xlsx,cc!I4636,rl!I4738,data/governance/cpi/CPI2025_Results.xlsx,CPI Timeseries 2012 - 2025!T114
MDA,2022,-0.421513,0.163161,39.3228,-0.194803,0.148172,39.0,data/governance/wgi/wgidataset_with_sourcedata-2025.xlsx,cc!I4850,rl!I4953,data/governance/cpi/CPI2025_Results.xlsx,CPI Timeseries 2012 - 2025!P114
MDA,2023,-0.26605,0.172077,42.4696,-0.193866,0.152367,42.0,data/governance/wgi/wgidataset_with_sourcedata-2025.xlsx,cc!I5065,rl!I5168,data/governance/cpi/CPI2025_Results.xlsx,CPI Timeseries 2012 - 2025!L114
MDA,2024,-0.29158,0.170537,41.9528,-0.161332,0.151585,43.0,data/governance/wgi/wgidataset_with_sourcedata-2025.xlsx,cc!I5280,rl!I5383,data/governance/cpi/CPI2025_Results.xlsx,CPI Timeseries 2012 - 2025!H114
MDA,2025,,,,,,42.0,,,,data/governance/cpi/CPI2025_Results.xlsx,CPI Timeseries 2012 - 2025!D114
MEX,1996,-0.658179,0.199662,34.5323,-0.686834,0.185324,,data/governance/wgi/wgidataset_with_sourcedata-2025.xlsx,cc!I113,rl!I118,,
MEX,1998,-0.412542,0.199662,39.5043,-0.662064,0.185324,,data/governance/wgi/wgidataset_with_sourcedata-2025.xlsx,cc!I300,rl!I317,,
MEX,2000,-0.052013,0.199662,46.802,-0.5434,0.185324,,data/governance/wgi/wgidataset_with_sourcedata-2025.xlsx,cc!I488,rl!I517,,
MEX,2002,-0.323118,0.199616,41.3144,-0.287825,0.17807,,data/governance/wgi/wgidataset_with_sourcedata-2025.xlsx,cc!I677,rl!I719,,
MEX,2003,-0.321736,0.199616,41.3424,-0.239611,0.17807,,data/governance/wgi/wgidataset_with_sourcedata-2025.xlsx,cc!I867,rl!I921,,
MEX,2004,-0.456165,0.177817,38.6213,-0.181894,0.175724,,data/governance/wgi/wgidataset_with_sourcedata-2025.xlsx,cc!I1066,rl!I1128,,
MEX,2005,-0.432437,0.177817,39.1016,-0.20863,0.170955,,data/governance/wgi/wgidataset_with_sourcedata-2025.xlsx,cc!I1271,rl!I1338,,
MEX,2006,-0.337979,0.175292,41.0136,-0.208642,0.166507,,data/governance/wgi/wgidataset_with_sourcedata-2025.xlsx,cc!I1477,rl!I1548,,
MEX,2007,-0.402558,0.175292,39.7064,-0.293047,0.166507,,data/governance/wgi/wgidataset_with_sourcedata-2025.xlsx,cc!I1683,rl!I1758,,
MEX,2008,-0.387131,0.175292,40.0187,-0.541293,0.166507,,data/governance/wgi/wgidataset_with_sourcedata-2025.xlsx,cc!I1890,rl!I1968,,
MEX,2009,-0.316012,0.172684,41.4583,-0.478466,0.161658,,data/governance/wgi/wgidataset_with_sourcedata-2025.xlsx,cc!I2099,rl!I2179,,
MEX,2010,-0.383217,0.172684,40.0979,-0.508948,0.161658,,data/governance/wgi/wgidataset_with_sourcedata-2025.xlsx,cc!I2309,rl!I2391,,
MEX,2011,-0.42475,0.156277,39.2572,-0.617978,0.136821,,data/governance/wgi/wgidataset_with_sourcedata-2025.xlsx,cc!I2521,rl!I2604,,
MEX,2012,-0.457957,0.156277,38.5851,-0.594883,0.136821,34.0,data/governance/wgi/wgidataset_with_sourcedata-2025.xlsx,cc!I2733,rl!I2818,data/governance/cpi/CPI2025_Results.xlsx,CPI Timeseries 2012 - 2025!AZ113
MEX,2013,-0.531277,0.157256,37.101,-0.647551,0.139023,34.0,data/governance/wgi/wgidataset_with_sourcedata-2025.xlsx,cc!I2945,rl!I3032,data/governance/cpi/CPI2025_Results.xlsx,CPI Timeseries 2012 - 2025!AW113
MEX,2014,-0.752898,0.157256,32.615,-0.583109,0.139023,35.0,data/governance/wgi/wgidataset_with_sourcedata-2025.xlsx,cc!I3157,rl!I3246,data/governance/cpi/CPI2025_Results.xlsx,CPI Timeseries 2012 - 2025!AT113
MEX,2015,-0.840904,0.159218,30.8336,-0.682972,0.142071,31.0,data/governance/wgi/wgidataset_with_sourcedata-2025.xlsx,cc!I3370,rl!I3460,data/governance/cpi/CPI2025_Results.xlsx,CPI Timeseries 2012 - 2025!AQ113
MEX,2016,-0.821167,0.159218,31.2331,-0.667592,0.142071,30.0,data/governance/wgi/wgidataset_with_sourcedata-2025.xlsx,cc!I3583,rl!I3673,data/governance/cpi/CPI2025_Results.xlsx,CPI Timeseries 2012 - 2025!AN113
MEX,2017,-0.948133,0.159218,28.6632,-0.730005,0.140184,29.0,data/governance/wgi/wgidataset_with_sourcedata-2025.xlsx,cc!I3795,rl!I3885,data/governance/cpi/CPI2025_Results.xlsx,CPI Timeseries 2012 - 2025!AJ113
MEX,2018,-0.942749,0.159218,28.7721,-0.806269,0.142012,28.0,data/governance/wgi/wgidataset_with_sourcedata-2025.xlsx,cc!I4006,rl!I4097,data/governance/cpi/CPI2025_Results.xlsx,CPI Timeseries 2012 - 2025!AF113
MEX,2019,-0.889652,0.159218,29.8469,-0.876012,0.142012,29.0,data/governance/wgi/wgidataset_with_sourcedata-2025.xlsx,cc!I4217,rl!I4311,data/governance/cpi/CPI2025_Results.xlsx,CPI Timeseries 2012 - 2025!AB113
MEX,2020,-0.853792,0.159218,30.5728,-0.986665,0.148876,31.0,data/governance/wgi/wgidataset_with_sourcedata-2025.xlsx,cc!I4428,rl!I4526,data/governance/cpi/CPI2025_Results.xlsx,CPI Timeseries 2012 - 2025!X113
MEX,2021,-0.873387,0.159218,30.1761,-1.024819,0.148876,31.0,data/governance/wgi/wgidataset_with_sourcedata-2025.xlsx,cc!I4639,rl!I4741,data/governance/cpi/CPI2025_Results.xlsx,CPI Timeseries 2012 - 2025!T113
MEX,2022,-0.875754,0.159218,30.1282,-1.082252,0.14636,31.0,data/governance/wgi/wgidataset_with_sourcedata-2025.xlsx,cc!I4853,rl!I4956,data/governance/cpi/CPI2025_Results.xlsx,CPI Timeseries 2012 - 2025!P113
MEX,2023,-0.932163,0.161122,28.9864,-1.077705,0.146328,31.0,data/governance/wgi/wgidataset_with_sourcedata-2025.xlsx,cc!I5068,rl!I5171,data/governance/cpi/CPI2025_Results.xlsx,CPI Timeseries 2012 - 2025!L113
MEX,2024,-0.940877,0.161495,28.81,-1.153864,0.146328,26.0,data/governance/wgi/wgidataset_with_sourcedata-2025.xlsx,cc!I5283,rl!I5386,data/governance/cpi/CPI2025_Results.xlsx,CPI Timeseries 2012 - 2025!H113
MEX,2025,,,,,,27.0,,,,data/governance/cpi/CPI2025_Results.xlsx,CPI Timeseries 2012 - 2025!D113
MKD,1996,-0.597038,0.252527,35.7699,-0.446207,0.235397,,data/governance/wgi/wgidataset_with_sourcedata-2025.xlsx,cc!I114,rl!I120,,
MKD,1998,-0.600101,0.250736,35.7079,-0.463529,0.235397,,data/governance/wgi/wgidataset_with_sourcedata-2025.xlsx,cc!I301,rl!I319,,
MKD,2000,-0.928493,0.247117,29.0607,-0.625436,0.235284,,data/governance/wgi/wgidataset_with_sourcedata-2025.xlsx,cc!I489,rl!I519,,
MKD,2002,-0.882674,0.247117,29.9882,-0.623721,0.200195,,data/governance/wgi/wgidataset_with_sourcedata-2025.xlsx,cc!I678,rl!I721,,
MKD,2003,-0.906941,0.229803,29.497,-0.717266,0.19068,,data/governance/wgi/wgidataset_with_sourcedata-2025.xlsx,cc!I868,rl!I923,,
MKD,2004,-0.491574,0.199253,37.9046,-0.31436,0.189222,,data/governance/wgi/wgidataset_with_sourcedata-2025.xlsx,cc!I1067,rl!I1130,,
MKD,2005,-0.516346,0.199253,37.4032,-0.376913,0.189222,,data/governance/wgi/wgidataset_with_sourcedata-2025.xlsx,cc!I1273,rl!I1340,,
MKD,2006,-0.293687,0.197652,41.9101,-0.517517,0.188638,,data/governance/wgi/wgidataset_with_sourcedata-2025.xlsx,cc!I1479,rl!I1550,,
MKD,2007,-0.27574,0.197652,42.2734,-0.382971,0.181938,,data/governance/wgi/wgidataset_with_sourcedata-2025.xlsx,cc!I1685,rl!I1760,,
MKD,2008,-0.265031,0.195719,42.4902,-0.310505,0.177084,,data/governance/wgi/wgidataset_with_sourcedata-2025.xlsx,cc!I1892,rl!I1970,,
MKD,2009,-0.249979,0.195719,42.7949,-0.292182,0.177084,,data/governance/wgi/wgidataset_with_sourcedata-2025.xlsx,cc!I2101,rl!I2181,,
MKD,2010,-0.313308,0.195719,41.513,-0.416619,0.177084,,data/governance/wgi/wgidataset_with_sourcedata-2025.xlsx,cc!I2311,rl!I2393,,
MKD,2011,-0.339758,0.195719,40.9776,-0.38703,0.177084,,data/governance/wgi/wgidataset_with_sourcedata-2025.xlsx,cc!I2523,rl!I2606,,
MKD,2012,-0.127851,0.172731,45.2669,-0.189702,0.145798,43.0,data/governance/wgi/wgidataset_with_sourcedata-2025.xlsx,cc!I2735,rl!I2820,data/governance/cpi/CPI2025_Results.xlsx,CPI Timeseries 2012 - 2025!AZ127
MKD,2013,-0.092363,0.178261,45.9853,-0.20105,0.149173,44.0,data/governance/wgi/wgidataset_with_sourcedata-2025.xlsx,cc!I2947,rl!I3034,data/governance/cpi/CPI2025_Results.xlsx,CPI Timeseries 2012 - 2025!AW127
MKD,2014,-0.145444,0.178261,44.9108,-0.192136,0.149173,45.0,data/governance/wgi/wgidataset_with_sourcedata-2025.xlsx,cc!I3159,rl!I3248,data/governance/cpi/CPI2025_Results.xlsx,CPI Timeseries 2012 - 2025!AT127
MKD,2015,-0.306216,0.178261,41.6565,-0.278206,0.149173,42.0,data/governance/wgi/wgidataset_with_sourcedata-2025.xlsx,cc!I3372,rl!I3462,data/governance/cpi/CPI2025_Results.xlsx,CPI Timeseries 2012 - 2025!AQ127
MKD,2016,-0.295905,0.178261,41.8653,-0.319432,0.149173,37.0,data/governance/wgi/wgidataset_with_sourcedata-2025.xlsx,cc!I3585,rl!I3675,data/governance/cpi/CPI2025_Results.xlsx,CPI Timeseries 2012 - 2025!AN127
MKD,2017,-0.262074,0.178261,42.55,-0.314301,0.149173,35.0,data/governance/wgi/wgidataset_with_sourcedata-2025.xlsx,cc!I3797,rl!I3887,data/governance/cpi/CPI2025_Results.xlsx,CPI Timeseries 2012 - 2025!AJ127
MKD,2018,-0.340857,0.179605,40.9554,-0.226751,0.151413,37.0,data/governance/wgi/wgidataset_with_sourcedata-2025.xlsx,cc!I4008,rl!I4099,data/governance/cpi/CPI2025_Results.xlsx,CPI Timeseries 2012 - 2025!AF127
MKD,2019,-0.460025,0.179605,38.5432,-0.286233,0.151413,35.0,data/governance/wgi/wgidataset_with_sourcedata-2025.xlsx,cc!I4219,rl!I4313,data/governance/cpi/CPI2025_Results.xlsx,CPI Timeseries 2012 - 2025!AB127
MKD,2020,-0.456977,0.179605,38.6049,-0.172978,0.159816,35.0,data/governance/wgi/wgidataset_with_sourcedata-2025.xlsx,cc!I4430,rl!I4528,data/governance/cpi/CPI2025_Results.xlsx,CPI Timeseries 2012 - 2025!X127
MKD,2021,-0.38564,0.180123,40.0489,-0.117091,0.159816,39.0,data/governance/wgi/wgidataset_with_sourcedata-2025.xlsx,cc!I4641,rl!I4743,data/governance/cpi/CPI2025_Results.xlsx,CPI Timeseries 2012 - 2025!T127
MKD,2022,-0.332673,0.180123,41.121,-0.180226,0.156716,40.0,data/governance/wgi/wgidataset_with_sourcedata-2025.xlsx,cc!I4855,rl!I4958,data/governance/cpi/CPI2025_Results.xlsx,CPI Timeseries 2012 - 2025!P127
MKD,2023,-0.354178,0.17836,40.6857,-0.273881,0.155865,42.0,data/governance/wgi/wgidataset_with_sourcedata-2025.xlsx,cc!I5070,rl!I5173,data/governance/cpi/CPI2025_Results.xlsx,CPI Timeseries 2012 - 2025!L127
MKD,2024,-0.329221,0.17836,41.1909,-0.22493,0.155865,40.0,data/governance/wgi/wgidataset_with_sourcedata-2025.xlsx,cc!I5285,rl!I5388,data/governance/cpi/CPI2025_Results.xlsx,CPI Timeseries 2012 - 2025!H127
MKD,2025,,,,,,40.0,,,,data/governance/cpi/CPI2025_Results.xlsx,CPI Timeseries 2012 - 2025!D127
MLT,1996,0.891351,0.295562,65.8971,0.966436,0.271191,,data/governance/wgi/wgidataset_with_sourcedata-2025.xlsx,cc!I116,rl!I122,,
MLT,1998,0.889291,0.295562,65.8554,1.263245,0.271191,,data/governance/wgi/wgidataset_with_sourcedata-2025.xlsx,cc!I303,rl!I321,,
MLT,2000,1.099087,0.295562,70.102,1.375411,0.271191,,data/governance/wgi/wgidataset_with_sourcedata-2025.xlsx,cc!I491,rl!I521,,
MLT,2002,0.835408,0.295562,64.7648,1.471397,0.271191,,data/governance/wgi/wgidataset_with_sourcedata-2025.xlsx,cc!I680,rl!I723,,
MLT,2003,0.890422,0.267186,65.8783,1.484469,0.248839,,data/governance/wgi/wgidataset_with_sourcedata-2025.xlsx,cc!I870,rl!I925,,
MLT,2004,0.846771,0.267186,64.9948,1.26233,0.234035,,data/governance/wgi/wgidataset_with_sourcedata-2025.xlsx,cc!I1069,rl!I1132,,
MLT,2005,0.929987,0.267186,66.6792,1.521619,0.223109,,data/governance/wgi/wgidataset_with_sourcedata-2025.xlsx,cc!I1275,rl!I1342,,
MLT,2006,1.053886,0.217228,69.1871,1.508238,0.18402,,data/governance/wgi/wgidataset_with_sourcedata-2025.xlsx,cc!I1481,rl!I1552,,
MLT,2007,1.004675,0.217228,68.191,1.563195,0.18402,,data/governance/wgi/wgidataset_with_sourcedata-2025.xlsx,cc!I1687,rl!I1762,,
MLT,2008,0.999097,0.217228,68.0781,1.580558,0.18402,,data/governance/wgi/wgidataset_with_sourcedata-2025.xlsx,cc!I1894,rl!I1972,,
MLT,2009,0.964889,0.215158,67.3857,1.399665,0.183482,,data/governance/wgi/wgidataset_with_sourcedata-2025.xlsx,cc!I2103,rl!I2183,,
MLT,2010,0.965923,0.215158,67.4066,1.409519,0.183482,,data/governance/wgi/wgidataset_with_sourcedata-2025.xlsx,cc!I2313,rl!I2395,,
MLT,2011,0.945579,0.215158,66.9948,1.220499,0.183482,,data/governance/wgi/wgidataset_with_sourcedata-2025.xlsx,cc!I2525,rl!I2608,,
MLT,2012,0.907546,0.215158,66.225,1.252339,0.183482,57.0,data/governance/wgi/wgidataset_with_sourcedata-2025.xlsx,cc!I2737,rl!I2822,data/governance/cpi/CPI2025_Results.xlsx,CPI Timeseries 2012 - 2025!AZ157
MLT,2013,0.912926,0.215158,66.3339,1.210984,0.183482,56.0,data/governance/wgi/wgidataset_with_sourcedata-2025.xlsx,cc!I2949,rl!I3036,data/governance/cpi/CPI2025_Results.xlsx,CPI Timeseries 2012 - 2025!AW157
MLT,2014,0.810206,0.215158,64.2546,1.029354,0.183482,55.0,data/governance/wgi/wgidataset_with_sourcedata-2025.xlsx,cc!I3161,rl!I3250,data/governance/cpi/CPI2025_Results.xlsx,CPI Timeseries 2012 - 2025!AT157
MLT,2015,0.851351,0.215158,65.0875,1.091862,0.183482,60.0,data/governance/wgi/wgidataset_with_sourcedata-2025.xlsx,cc!I3374,rl!I3464,data/governance/cpi/CPI2025_Results.xlsx,CPI Timeseries 2012 - 2025!AQ157
MLT,2016,0.785202,0.215158,63.7485,1.041745,0.183482,55.0,data/governance/wgi/wgidataset_with_sourcedata-2025.xlsx,cc!I3587,rl!I3677,data/governance/cpi/CPI2025_Results.xlsx,CPI Timeseries 2012 - 2025!AN157
MLT,2017,0.794308,0.215158,63.9328,1.112371,0.183482,56.0,data/governance/wgi/wgidataset_with_sourcedata-2025.xlsx,cc!I3799,rl!I3889,data/governance/cpi/CPI2025_Results.xlsx,CPI Timeseries 2012 - 2025!AJ157
MLT,2018,0.741613,0.215158,62.8662,1.058595,0.187641,54.0,data/governance/wgi/wgidataset_with_sourcedata-2025.xlsx,cc!I4010,rl!I4101,data/governance/cpi/CPI2025_Results.xlsx,CPI Timeseries 2012 - 2025!AF157
MLT,2019,0.416358,0.215158,56.2826,1.018577,0.187641,54.0,data/governance/wgi/wgidataset_with_sourcedata-2025.xlsx,cc!I4221,rl!I4315,data/governance/cpi/CPI2025_Results.xlsx,CPI Timeseries 2012 - 2025!AB157
MLT,2020,0.611326,0.193208,60.229,0.943801,0.199899,53.0,data/governance/wgi/wgidataset_with_sourcedata-2025.xlsx,cc!I4432,rl!I4530,data/governance/cpi/CPI2025_Results.xlsx,CPI Timeseries 2012 - 2025!X157
MLT,2021,0.466723,0.170997,57.302,0.866643,0.157761,54.0,data/governance/wgi/wgidataset_with_sourcedata-2025.xlsx,cc!I4643,rl!I4745,data/governance/cpi/CPI2025_Results.xlsx,CPI Timeseries 2012 - 2025!T157
MLT,2022,0.446991,0.170997,56.9026,0.854361,0.154777,51.0,data/governance/wgi/wgidataset_with_sourcedata-2025.xlsx,cc!I4857,rl!I4960,data/governance/cpi/CPI2025_Results.xlsx,CPI Timeseries 2012 - 2025!P157
MLT,2023,0.321973,0.170997,54.3721,0.794028,0.154777,51.0,data/governance/wgi/wgidataset_with_sourcedata-2025.xlsx,cc!I5072,rl!I5175,data/governance/cpi/CPI2025_Results.xlsx,CPI Timeseries 2012 - 2025!L157
MLT,2024,0.266794,0.169486,53.2551,0.72718,0.153957,46.0,data/governance/wgi/wgidataset_with_sourcedata-2025.xlsx,cc!I5287,rl!I5390,data/governance/cpi/CPI2025_Results.xlsx,CPI Timeseries 2012 - 2025!H157
MLT,2025,,,,,,49.0,,,,data/governance/cpi/CPI2025_Results.xlsx,CPI Timeseries 2012 - 2025!D157
MNE,1998,0.002566,0.493691,47.9068,-0.272792,0.675503,,data/governance/wgi/wgidataset_with_sourcedata-2025.xlsx,cc!I305,rl!I323,,
MNE,2000,-0.168741,0.493691,44.4392,0.210476,0.675503,,data/governance/wgi/wgidataset_with_sourcedata-2025.xlsx,cc!I493,rl!I523,,
MNE,2002,-0.180639,0.493691,44.1984,0.234814,0.675503,,data/governance/wgi/wgidataset_with_sourcedata-2025.xlsx,cc!I682,rl!I725,,
MNE,2003,-0.261543,0.480695,42.5608,0.157222,0.498537,,data/governance/wgi/wgidataset_with_sourcedata-2025.xlsx,cc!I872,rl!I927,,
MNE,2004,-0.264439,0.480695,42.5022,0.153724,0.498537,,data/governance/wgi/wgidataset_with_sourcedata-2025.xlsx,cc!I1071,rl!I1134,,
MNE,2005,-0.268333,0.480695,42.4234,0.152284,0.498537,,data/governance/wgi/wgidataset_with_sourcedata-2025.xlsx,cc!I1277,rl!I1344,,
MNE,2006,-0.045234,0.319766,46.9392,0.052239,0.32277,,data/governance/wgi/wgidataset_with_sourcedata-2025.xlsx,cc!I1483,rl!I1554,,
MNE,2007,-0.095701,0.284665,45.9177,-0.02768,0.286874,,data/governance/wgi/wgidataset_with_sourcedata-2025.xlsx,cc!I1689,rl!I1764,,
MNE,2008,-0.25926,0.241092,42.607,-0.04476,0.224085,,data/governance/wgi/wgidataset_with_sourcedata-2025.xlsx,cc!I1896,rl!I1974,,
MNE,2009,-0.263176,0.241092,42.5277,-0.039215,0.224085,,data/governance/wgi/wgidataset_with_sourcedata-2025.xlsx,cc!I2105,rl!I2185,,
MNE,2010,-0.560027,0.202493,36.519,-0.105259,0.184566,,data/governance/wgi/wgidataset_with_sourcedata-2025.xlsx,cc!I2315,rl!I2397,,
MNE,2011,-0.559879,0.202493,36.522,-0.162081,0.184566,,data/governance/wgi/wgidataset_with_sourcedata-2025.xlsx,cc!I2527,rl!I2610,,
MNE,2012,-0.337635,0.202493,41.0206,-0.074774,0.184566,41.0,data/governance/wgi/wgidataset_with_sourcedata-2025.xlsx,cc!I2739,rl!I2824,data/governance/cpi/CPI2025_Results.xlsx,CPI Timeseries 2012 - 2025!AZ116
MNE,2013,-0.342361,0.204635,40.9249,-0.05396,0.190082,44.0,data/governance/wgi/wgidataset_with_sourcedata-2025.xlsx,cc!I2951,rl!I3038,data/governance/cpi/CPI2025_Results.xlsx,CPI Timeseries 2012 - 2025!AW116
MNE,2014,-0.156992,0.204635,44.6771,-0.047371,0.183233,42.0,data/governance/wgi/wgidataset_with_sourcedata-2025.xlsx,cc!I3163,rl!I3252,data/governance/cpi/CPI2025_Results.xlsx,CPI Timeseries 2012 - 2025!AT116
MNE,2015,-0.154491,0.198343,44.7277,-0.012894,0.181938,44.0,data/governance/wgi/wgidataset_with_sourcedata-2025.xlsx,cc!I3376,rl!I3466,data/governance/cpi/CPI2025_Results.xlsx,CPI Timeseries 2012 - 2025!AQ116
MNE,2016,-0.162456,0.197652,44.5665,-0.03656,0.181938,45.0,data/governance/wgi/wgidataset_with_sourcedata-2025.xlsx,cc!I3589,rl!I3679,data/governance/cpi/CPI2025_Results.xlsx,CPI Timeseries 2012 - 2025!AN116
MNE,2017,-0.109641,0.197652,45.6355,-0.082284,0.181938,46.0,data/governance/wgi/wgidataset_with_sourcedata-2025.xlsx,cc!I3801,rl!I3891,data/governance/cpi/CPI2025_Results.xlsx,CPI Timeseries 2012 - 2025!AJ116
MNE,2018,-0.084888,0.199488,46.1366,0.065028,0.186047,45.0,data/governance/wgi/wgidataset_with_sourcedata-2025.xlsx,cc!I4012,rl!I4103,data/governance/cpi/CPI2025_Results.xlsx,CPI Timeseries 2012 - 2025!AF116
MNE,2019,-0.062644,0.199488,46.5868,0.078469,0.186047,45.0,data/governance/wgi/wgidataset_with_sourcedata-2025.xlsx,cc!I4223,rl!I4317,data/governance/cpi/CPI2025_Results.xlsx,CPI Timeseries 2012 - 2025!AB116
MNE,2020,-0.035988,0.199488,47.1264,0.113437,0.202344,45.0,data/governance/wgi/wgidataset_with_sourcedata-2025.xlsx,cc!I4434,rl!I4532,data/governance/cpi/CPI2025_Results.xlsx,CPI Timeseries 2012 - 2025!X116
MNE,2021,0.038345,0.200199,48.631,0.017811,0.202344,46.0,data/governance/wgi/wgidataset_with_sourcedata-2025.xlsx,cc!I4645,rl!I4747,data/governance/cpi/CPI2025_Results.xlsx,CPI Timeseries 2012 - 2025!T116
MNE,2022,-0.012745,0.200199,47.5968,-0.05461,0.196159,45.0,data/governance/wgi/wgidataset_with_sourcedata-2025.xlsx,cc!I4859,rl!I4962,data/governance/cpi/CPI2025_Results.xlsx,CPI Timeseries 2012 - 2025!P116
MNE,2023,-0.068078,0.17836,46.4768,0.127648,0.155865,46.0,data/governance/wgi/wgidataset_with_sourcedata-2025.xlsx,cc!I5074,rl!I5177,data/governance/cpi/CPI2025_Results.xlsx,CPI Timeseries 2012 - 2025!L116
MNE,2024,-0.059434,0.17836,46.6518,0.181383,0.155865,46.0,data/governance/wgi/wgidataset_with_sourcedata-2025.xlsx,cc!I5289,rl!I5392,data/governance/cpi/CPI2025_Results.xlsx,CPI Timeseries 2012 - 2025!H116
MNE,2025,,,,,,46.0,,,,data/governance/cpi/CPI2025_Results.xlsx,CPI Timeseries 2012 - 2025!D116
MNG,1996,0.248177,0.295562,52.8783,0.237147,0.271191,,data/governance/wgi/wgidataset_with_sourcedata-2025.xlsx,cc!I118,rl!I124,,
MNG,1998,0.246117,0.295562,52.8366,0.234806,0.271191,,data/governance/wgi/wgidataset_with_sourcedata-2025.xlsx,cc!I306,rl!I324,,
MNG,2000,-0.25079,0.295562,42.7784,0.061002,0.271191,,data/governance/wgi/wgidataset_with_sourcedata-2025.xlsx,cc!I494,rl!I524,,
MNG,2002,-0.13599,0.295562,45.1022,0.145054,0.249861,,data/governance/wgi/wgidataset_with_sourcedata-2025.xlsx,cc!I683,rl!I726,,
MNG,2003,-0.330772,0.289199,41.1595,0.145555,0.249853,,data/governance/wgi/wgidataset_with_sourcedata-2025.xlsx,cc!I873,rl!I928,,
MNG,2004,-0.313048,0.235504,41.5183,0.132365,0.246601,,data/governance/wgi/wgidataset_with_sourcedata-2025.xlsx,cc!I1072,rl!I1135,,
MNG,2005,-0.518157,0.208524,37.3665,-0.18635,0.199204,,data/governance/wgi/wgidataset_with_sourcedata-2025.xlsx,cc!I1278,rl!I1345,,
MNG,2006,-0.568442,0.208524,36.3487,-0.220498,0.199204,,data/governance/wgi/wgidataset_with_sourcedata-2025.xlsx,cc!I1484,rl!I1555,,
MNG,2007,-0.642802,0.20669,34.8435,-0.23355,0.198522,,data/governance/wgi/wgidataset_with_sourcedata-2025.xlsx,cc!I1690,rl!I1765,,
MNG,2008,-0.670937,0.203891,34.274,-0.343956,0.198454,,data/governance/wgi/wgidataset_with_sourcedata-2025.xlsx,cc!I1897,rl!I1975,,
MNG,2009,-0.575945,0.17748,36.1968,-0.251853,0.165496,,data/governance/wgi/wgidataset_with_sourcedata-2025.xlsx,cc!I2106,rl!I2186,,
MNG,2010,-0.628055,0.17748,35.142,-0.322234,0.165496,,data/governance/wgi/wgidataset_with_sourcedata-2025.xlsx,cc!I2316,rl!I2398,,
MNG,2011,-0.582287,0.17748,36.0684,-0.236366,0.165496,,data/governance/wgi/wgidataset_with_sourcedata-2025.xlsx,cc!I2528,rl!I2611,,
MNG,2012,-0.605866,0.159805,35.5912,-0.233715,0.139124,36.0,data/governance/wgi/wgidataset_with_sourcedata-2025.xlsx,cc!I2740,rl!I2825,data/governance/cpi/CPI2025_Results.xlsx,CPI Timeseries 2012 - 2025!AZ115
MNG,2013,-0.560535,0.160852,36.5087,-0.255877,0.141441,38.0,data/governance/wgi/wgidataset_with_sourcedata-2025.xlsx,cc!I2952,rl!I3039,data/governance/cpi/CPI2025_Results.xlsx,CPI Timeseries 2012 - 2025!AW115
MNG,2014,-0.559303,0.160852,36.5337,-0.246084,0.141441,39.0,data/governance/wgi/wgidataset_with_sourcedata-2025.xlsx,cc!I3164,rl!I3253,data/governance/cpi/CPI2025_Results.xlsx,CPI Timeseries 2012 - 2025!AT115
MNG,2015,-0.586661,0.153316,35.9799,-0.215415,0.137297,39.0,data/governance/wgi/wgidataset_with_sourcedata-2025.xlsx,cc!I3377,rl!I3467,data/governance/cpi/CPI2025_Results.xlsx,CPI Timeseries 2012 - 2025!AQ115
MNG,2016,-0.610389,0.153316,35.4996,-0.144147,0.137297,38.0,data/governance/wgi/wgidataset_with_sourcedata-2025.xlsx,cc!I3590,rl!I3680,data/governance/cpi/CPI2025_Results.xlsx,CPI Timeseries 2012 - 2025!AN115
MNG,2017,-0.532048,0.153316,37.0854,-0.16938,0.137297,36.0,data/governance/wgi/wgidataset_with_sourcedata-2025.xlsx,cc!I3802,rl!I3892,data/governance/cpi/CPI2025_Results.xlsx,CPI Timeseries 2012 - 2025!AJ115
MNG,2018,-0.573849,0.154168,36.2392,-0.179897,0.139037,37.0,data/governance/wgi/wgidataset_with_sourcedata-2025.xlsx,cc!I4013,rl!I4104,data/governance/cpi/CPI2025_Results.xlsx,CPI Timeseries 2012 - 2025!AF115
MNG,2019,-0.615215,0.154168,35.4019,-0.203832,0.139037,35.0,data/governance/wgi/wgidataset_with_sourcedata-2025.xlsx,cc!I4224,rl!I4318,data/governance/cpi/CPI2025_Results.xlsx,CPI Timeseries 2012 - 2025!AB115
MNG,2020,-0.620718,0.154168,35.2905,-0.174224,0.145458,35.0,data/governance/wgi/wgidataset_with_sourcedata-2025.xlsx,cc!I4435,rl!I4533,data/governance/cpi/CPI2025_Results.xlsx,CPI Timeseries 2012 - 2025!X115
MNG,2021,-0.664468,0.154168,34.405,-0.173169,0.145458,35.0,data/governance/wgi/wgidataset_with_sourcedata-2025.xlsx,cc!I4646,rl!I4748,data/governance/cpi/CPI2025_Results.xlsx,CPI Timeseries 2012 - 2025!T115
MNG,2022,-0.662165,0.154168,34.4516,-0.150075,0.143109,33.0,data/governance/wgi/wgidataset_with_sourcedata-2025.xlsx,cc!I4860,rl!I4963,data/governance/cpi/CPI2025_Results.xlsx,CPI Timeseries 2012 - 2025!P115
MNG,2023,-0.618781,0.158469,35.3297,-0.157549,0.149618,33.0,data/governance/wgi/wgidataset_with_sourcedata-2025.xlsx,cc!I5075,rl!I5178,data/governance/cpi/CPI2025_Results.xlsx,CPI Timeseries 2012 - 2025!L115
MNG,2024,-0.485958,0.158469,38.0183,-0.09977,0.149618,33.0,data/governance/wgi/wgidataset_with_sourcedata-2025.xlsx,cc!I5290,rl!I5393,data/governance/cpi/CPI2025_Results.xlsx,CPI Timeseries 2012 - 2025!H115
MNG,2025,,,,,,31.0,,,,data/governance/cpi/CPI2025_Results.xlsx,CPI Timeseries 2012 - 2025!D115
MUS,1996,0.457154,0.297655,57.1083,0.805391,0.278046,,data/governance/wgi/wgidataset_with_sourcedata-2025.xlsx,cc!I122,rl!I128,,
MUS,1998,0.455064,0.297655,57.066,0.995309,0.239722,,data/governance/wgi/wgidataset_with_sourcedata-2025.xlsx,cc!I310,rl!I328,,
MUS,2000,0.37621,0.26873,55.4699,0.953685,0.223865,,data/governance/wgi/wgidataset_with_sourcedata-2025.xlsx,cc!I498,rl!I528,,
MUS,2002,0.414576,0.234134,56.2465,0.959685,0.207463,,data/governance/wgi/wgidataset_with_sourcedata-2025.xlsx,cc!I687,rl!I730,,
MUS,2003,0.349253,0.234134,54.9242,0.902954,0.207463,,data/governance/wgi/wgidataset_with_sourcedata-2025.xlsx,cc!I877,rl!I932,,
MUS,2004,0.216298,0.202795,52.233,0.865412,0.195816,,data/governance/wgi/wgidataset_with_sourcedata-2025.xlsx,cc!I1076,rl!I1139,,
MUS,2005,0.245876,0.202795,52.8317,0.938736,0.189281,,data/governance/wgi/wgidataset_with_sourcedata-2025.xlsx,cc!I1282,rl!I1349,,
MUS,2006,0.400447,0.202795,55.9605,0.866635,0.189281,,data/governance/wgi/wgidataset_with_sourcedata-2025.xlsx,cc!I1488,rl!I1559,,
MUS,2007,0.359247,0.202795,55.1265,0.886619,0.189281,,data/governance/wgi/wgidataset_with_sourcedata-2025.xlsx,cc!I1694,rl!I1769,,
MUS,2008,0.564359,0.202795,59.2783,0.94264,0.189281,,data/governance/wgi/wgidataset_with_sourcedata-2025.xlsx,cc!I1901,rl!I1979,,
MUS,2009,0.530319,0.202795,58.5893,0.910479,0.189281,,data/governance/wgi/wgidataset_with_sourcedata-2025.xlsx,cc!I2110,rl!I2190,,
MUS,2010,0.325909,0.202795,54.4517,0.837472,0.189281,,data/governance/wgi/wgidataset_with_sourcedata-2025.xlsx,cc!I2320,rl!I2402,,
MUS,2011,0.343491,0.19666,54.8076,0.883838,0.187646,,data/governance/wgi/wgidataset_with_sourcedata-2025.xlsx,cc!I2532,rl!I2615,,
MUS,2012,0.441004,0.19666,56.7814,1.028847,0.187646,57.0,data/governance/wgi/wgidataset_with_sourcedata-2025.xlsx,cc!I2744,rl!I2829,data/governance/cpi/CPI2025_Results.xlsx,CPI Timeseries 2012 - 2025!AZ112
MUS,2013,0.420526,0.194756,56.3669,0.932989,0.182334,52.0,data/governance/wgi/wgidataset_with_sourcedata-2025.xlsx,cc!I2956,rl!I3043,data/governance/cpi/CPI2025_Results.xlsx,CPI Timeseries 2012 - 2025!AW112
MUS,2014,0.456326,0.194756,57.0916,0.959958,0.182334,54.0,data/governance/wgi/wgidataset_with_sourcedata-2025.xlsx,cc!I3168,rl!I3257,data/governance/cpi/CPI2025_Results.xlsx,CPI Timeseries 2012 - 2025!AT112
MUS,2015,0.290389,0.194102,53.7327,0.883638,0.182334,53.0,data/governance/wgi/wgidataset_with_sourcedata-2025.xlsx,cc!I3381,rl!I3471,data/governance/cpi/CPI2025_Results.xlsx,CPI Timeseries 2012 - 2025!AQ112
MUS,2016,0.322369,0.194102,54.3801,0.962016,0.182334,54.0,data/governance/wgi/wgidataset_with_sourcedata-2025.xlsx,cc!I3594,rl!I3684,data/governance/cpi/CPI2025_Results.xlsx,CPI Timeseries 2012 - 2025!AN112
MUS,2017,0.285551,0.194102,53.6348,0.92627,0.182334,50.0,data/governance/wgi/wgidataset_with_sourcedata-2025.xlsx,cc!I3806,rl!I3896,data/governance/cpi/CPI2025_Results.xlsx,CPI Timeseries 2012 - 2025!AJ112
MUS,2018,0.301604,0.194102,53.9598,0.926741,0.186414,51.0,data/governance/wgi/wgidataset_with_sourcedata-2025.xlsx,cc!I4017,rl!I4108,data/governance/cpi/CPI2025_Results.xlsx,CPI Timeseries 2012 - 2025!AF112
MUS,2019,0.3198,0.194102,54.3281,0.892996,0.186414,52.0,data/governance/wgi/wgidataset_with_sourcedata-2025.xlsx,cc!I4228,rl!I4322,data/governance/cpi/CPI2025_Results.xlsx,CPI Timeseries 2012 - 2025!AB112
MUS,2020,0.342667,0.194102,54.7909,0.954735,0.202816,53.0,data/governance/wgi/wgidataset_with_sourcedata-2025.xlsx,cc!I4439,rl!I4537,data/governance/cpi/CPI2025_Results.xlsx,CPI Timeseries 2012 - 2025!X112
MUS,2021,0.416008,0.171616,56.2755,0.721284,0.159183,54.0,data/governance/wgi/wgidataset_with_sourcedata-2025.xlsx,cc!I4650,rl!I4752,data/governance/cpi/CPI2025_Results.xlsx,CPI Timeseries 2012 - 2025!T112
MUS,2022,0.394882,0.171616,55.8478,0.683838,0.156119,50.0,data/governance/wgi/wgidataset_with_sourcedata-2025.xlsx,cc!I4864,rl!I4967,data/governance/cpi/CPI2025_Results.xlsx,CPI Timeseries 2012 - 2025!P112
MUS,2023,0.34179,0.174479,54.7732,0.663341,0.156081,51.0,data/governance/wgi/wgidataset_with_sourcedata-2025.xlsx,cc!I5079,rl!I5182,data/governance/cpi/CPI2025_Results.xlsx,CPI Timeseries 2012 - 2025!L112
MUS,2024,0.340482,0.174479,54.7467,0.638614,0.156081,51.0,data/governance/wgi/wgidataset_with_sourcedata-2025.xlsx,cc!I5294,rl!I5397,data/governance/cpi/CPI2025_Results.xlsx,CPI Timeseries 2012 - 2025!H112
MUS,2025,,,,,,48.0,,,,data/governance/cpi/CPI2025_Results.xlsx,CPI Timeseries 2012 - 2025!D112
MYS,1996,0.351845,0.199662,54.9767,0.504357,0.186813,,data/governance/wgi/wgidataset_with_sourcedata-2025.xlsx,cc!I124,rl!I130,,
MYS,1998,0.126681,0.199662,50.419,0.201898,0.186813,,data/governance/wgi/wgidataset_with_sourcedata-2025.xlsx,cc!I312,rl!I330,,
MYS,2000,0.148552,0.199662,50.8617,-0.026461,0.186813,,data/governance/wgi/wgidataset_with_sourcedata-2025.xlsx,cc!I500,rl!I530,,
MYS,2002,0.022928,0.199662,48.3189,0.223244,0.179389,,data/governance/wgi/wgidataset_with_sourcedata-2025.xlsx,cc!I689,rl!I732,,
MYS,2003,0.143037,0.195834,50.7501,0.341007,0.173367,,data/governance/wgi/wgidataset_with_sourcedata-2025.xlsx,cc!I879,rl!I934,,
MYS,2004,0.152568,0.175881,50.943,0.371128,0.172269,,data/governance/wgi/wgidataset_with_sourcedata-2025.xlsx,cc!I1078,rl!I1141,,
MYS,2005,0.033214,0.175881,48.5271,0.277233,0.167769,,data/governance/wgi/wgidataset_with_sourcedata-2025.xlsx,cc!I1284,rl!I1351,,
MYS,2006,0.114555,0.174777,50.1736,0.383504,0.167361,,data/governance/wgi/wgidataset_with_sourcedata-2025.xlsx,cc!I1490,rl!I1561,,
MYS,2007,0.05892,0.173433,49.0475,0.298561,0.167359,,data/governance/wgi/wgidataset_with_sourcedata-2025.xlsx,cc!I1696,rl!I1771,,
MYS,2008,-0.094936,0.173433,45.9332,0.219517,0.167359,,data/governance/wgi/wgidataset_with_sourcedata-2025.xlsx,cc!I1903,rl!I1981,,
MYS,2009,-0.14621,0.173433,44.8953,0.211654,0.167359,,data/governance/wgi/wgidataset_with_sourcedata-2025.xlsx,cc!I2112,rl!I2192,,
MYS,2010,-0.04917,0.172123,46.8595,0.225544,0.163557,,data/governance/wgi/wgidataset_with_sourcedata-2025.xlsx,cc!I2322,rl!I2404,,
MYS,2011,0.066041,0.155861,49.1916,0.138614,0.137966,,data/governance/wgi/wgidataset_with_sourcedata-2025.xlsx,cc!I2534,rl!I2617,,
MYS,2012,0.153235,0.155861,50.9565,0.239243,0.137966,49.0,data/governance/wgi/wgidataset_with_sourcedata-2025.xlsx,cc!I2746,rl!I2831,data/governance/cpi/CPI2025_Results.xlsx,CPI Timeseries 2012 - 2025!AZ107
MYS,2013,0.215957,0.156832,52.2261,0.191766,0.140225,50.0,data/governance/wgi/wgidataset_with_sourcedata-2025.xlsx,cc!I2958,rl!I3045,data/governance/cpi/CPI2025_Results.xlsx,CPI Timeseries 2012 - 2025!AW107
MYS,2014,0.295175,0.156832,53.8296,0.242072,0.140225,52.0,data/governance/wgi/wgidataset_with_sourcedata-2025.xlsx,cc!I3170,rl!I3259,data/governance/cpi/CPI2025_Results.xlsx,CPI Timeseries 2012 - 2025!AT107
MYS,2015,0.243991,0.158777,52.7936,0.114171,0.143355,50.0,data/governance/wgi/wgidataset_with_sourcedata-2025.xlsx,cc!I3383,rl!I3473,data/governance/cpi/CPI2025_Results.xlsx,CPI Timeseries 2012 - 2025!AQ107
MYS,2016,0.103443,0.158777,49.9487,0.098701,0.143355,49.0,data/governance/wgi/wgidataset_with_sourcedata-2025.xlsx,cc!I3596,rl!I3686,data/governance/cpi/CPI2025_Results.xlsx,CPI Timeseries 2012 - 2025!AN107
MYS,2017,0.073184,0.158777,49.3362,0.130643,0.143355,47.0,data/governance/wgi/wgidataset_with_sourcedata-2025.xlsx,cc!I3808,rl!I3898,data/governance/cpi/CPI2025_Results.xlsx,CPI Timeseries 2012 - 2025!AJ107
MYS,2018,0.493541,0.158777,57.8449,0.286395,0.145312,47.0,data/governance/wgi/wgidataset_with_sourcedata-2025.xlsx,cc!I4019,rl!I4110,data/governance/cpi/CPI2025_Results.xlsx,CPI Timeseries 2012 - 2025!AF107
MYS,2019,0.460903,0.158777,57.1842,0.338927,0.143295,53.0,data/governance/wgi/wgidataset_with_sourcedata-2025.xlsx,cc!I4230,rl!I4324,data/governance/cpi/CPI2025_Results.xlsx,CPI Timeseries 2012 - 2025!AB107
MYS,2020,0.420523,0.162828,56.3669,0.349971,0.151383,51.0,data/governance/wgi/wgidataset_with_sourcedata-2025.xlsx,cc!I4441,rl!I4539,data/governance/cpi/CPI2025_Results.xlsx,CPI Timeseries 2012 - 2025!X107
MYS,2021,0.301502,0.161951,53.9577,0.301634,0.151083,48.0,data/governance/wgi/wgidataset_with_sourcedata-2025.xlsx,cc!I4652,rl!I4754,data/governance/cpi/CPI2025_Results.xlsx,CPI Timeseries 2012 - 2025!T107
MYS,2022,0.371029,0.161951,55.365,0.295294,0.148456,47.0,data/governance/wgi/wgidataset_with_sourcedata-2025.xlsx,cc!I4866,rl!I4969,data/governance/cpi/CPI2025_Results.xlsx,CPI Timeseries 2012 - 2025!P107
MYS,2023,0.380697,0.161951,55.5607,0.301684,0.148456,50.0,data/governance/wgi/wgidataset_with_sourcedata-2025.xlsx,cc!I5081,rl!I5184,data/governance/cpi/CPI2025_Results.xlsx,CPI Timeseries 2012 - 2025!L107
MYS,2024,0.498397,0.161732,57.9432,0.345136,0.147734,50.0,data/governance/wgi/wgidataset_with_sourcedata-2025.xlsx,cc!I5296,rl!I5399,data/governance/cpi/CPI2025_Results.xlsx,CPI Timeseries 2012 - 2025!H107
MYS,2025,,,,,,52.0,,,,data/governance/cpi/CPI2025_Results.xlsx,CPI Timeseries 2012 - 2025!D107
NLD,1996,2.250628,0.199662,93.411,1.727061,0.186813,,data/governance/wgi/wgidataset_with_sourcedata-2025.xlsx,cc!I129,rl!I135,,
NLD,1998,2.233457,0.199662,93.0634,1.763315,0.186813,,data/governance/wgi/wgidataset_with_sourcedata-2025.xlsx,cc!I317,rl!I335,,
NLD,2000,2.169571,0.199662,91.7703,1.832769,0.180299,,data/governance/wgi/wgidataset_with_sourcedata-2025.xlsx,cc!I505,rl!I535,,
NLD,2002,2.024322,0.199662,88.8302,1.739344,0.180299,,data/governance/wgi/wgidataset_with_sourcedata-2025.xlsx,cc!I694,rl!I737,,
NLD,2003,2.007115,0.199662,88.4819,1.707812,0.180299,,data/governance/wgi/wgidataset_with_sourcedata-2025.xlsx,cc!I884,rl!I939,,
NLD,2004,1.90568,0.198957,86.4287,1.709509,0.180299,,data/governance/wgi/wgidataset_with_sourcedata-2025.xlsx,cc!I1083,rl!I1146,,
NLD,2005,1.982675,0.198957,87.9872,1.702348,0.175159,,data/governance/wgi/wgidataset_with_sourcedata-2025.xlsx,cc!I1289,rl!I1356,,
NLD,2006,2.060072,0.197363,89.5539,1.769152,0.174695,,data/governance/wgi/wgidataset_with_sourcedata-2025.xlsx,cc!I1495,rl!I1566,,
NLD,2007,2.098172,0.197363,90.3251,1.787188,0.174695,,data/governance/wgi/wgidataset_with_sourcedata-2025.xlsx,cc!I1701,rl!I1776,,
NLD,2008,2.0721,0.197363,89.7973,1.73227,0.174695,,data/governance/wgi/wgidataset_with_sourcedata-2025.xlsx,cc!I1908,rl!I1986,,
NLD,2009,2.038684,0.197363,89.1209,1.671283,0.174695,,data/governance/wgi/wgidataset_with_sourcedata-2025.xlsx,cc!I2118,rl!I2198,,
NLD,2010,1.989279,0.180535,88.1209,1.690341,0.17186,,data/governance/wgi/wgidataset_with_sourcedata-2025.xlsx,cc!I2328,rl!I2410,,
NLD,2011,2.015138,0.162024,88.6443,1.711124,0.142841,,data/governance/wgi/wgidataset_with_sourcedata-2025.xlsx,cc!I2540,rl!I2623,,
NLD,2012,2.06046,0.162024,89.5617,1.769097,0.142841,84.0,data/governance/wgi/wgidataset_with_sourcedata-2025.xlsx,cc!I2752,rl!I2837,data/governance/cpi/CPI2025_Results.xlsx,CPI Timeseries 2012 - 2025!AZ49
NLD,2013,1.928162,0.162024,86.8838,1.734463,0.142841,83.0,data/governance/wgi/wgidataset_with_sourcedata-2025.xlsx,cc!I2964,rl!I3051,data/governance/cpi/CPI2025_Results.xlsx,CPI Timeseries 2012 - 2025!AW49
NLD,2014,1.9485,0.162024,87.2955,1.826148,0.142841,83.0,data/governance/wgi/wgidataset_with_sourcedata-2025.xlsx,cc!I3176,rl!I3265,data/governance/cpi/CPI2025_Results.xlsx,CPI Timeseries 2012 - 2025!AT49
NLD,2015,1.863115,0.162024,85.5671,1.883956,0.142841,84.0,data/governance/wgi/wgidataset_with_sourcedata-2025.xlsx,cc!I3389,rl!I3479,data/governance/cpi/CPI2025_Results.xlsx,CPI Timeseries 2012 - 2025!AQ49
NLD,2016,1.907769,0.162024,86.471,1.891398,0.142841,83.0,data/governance/wgi/wgidataset_with_sourcedata-2025.xlsx,cc!I3601,rl!I3691,data/governance/cpi/CPI2025_Results.xlsx,CPI Timeseries 2012 - 2025!AN49
NLD,2017,1.827003,0.162024,84.8362,1.865295,0.142841,82.0,data/governance/wgi/wgidataset_with_sourcedata-2025.xlsx,cc!I3813,rl!I3903,data/governance/cpi/CPI2025_Results.xlsx,CPI Timeseries 2012 - 2025!AJ49
NLD,2018,1.946556,0.162024,87.2561,1.820228,0.144778,82.0,data/governance/wgi/wgidataset_with_sourcedata-2025.xlsx,cc!I4024,rl!I4117,data/governance/cpi/CPI2025_Results.xlsx,CPI Timeseries 2012 - 2025!AF49
NLD,2019,1.949784,0.162024,87.3214,1.843311,0.144778,82.0,data/governance/wgi/wgidataset_with_sourcedata-2025.xlsx,cc!I4235,rl!I4331,data/governance/cpi/CPI2025_Results.xlsx,CPI Timeseries 2012 - 2025!AB49
NLD,2020,2.064607,0.162024,89.6457,1.831975,0.152071,82.0,data/governance/wgi/wgidataset_with_sourcedata-2025.xlsx,cc!I4446,rl!I4546,data/governance/cpi/CPI2025_Results.xlsx,CPI Timeseries 2012 - 2025!X49
NLD,2021,2.028023,0.162024,88.9051,1.776765,0.152071,82.0,data/governance/wgi/wgidataset_with_sourcedata-2025.xlsx,cc!I4658,rl!I4761,data/governance/cpi/CPI2025_Results.xlsx,CPI Timeseries 2012 - 2025!T49
NLD,2022,1.917578,0.162024,86.6695,1.728911,0.149392,80.0,data/governance/wgi/wgidataset_with_sourcedata-2025.xlsx,cc!I4873,rl!I4976,data/governance/cpi/CPI2025_Results.xlsx,CPI Timeseries 2012 - 2025!P49
NLD,2023,1.883707,0.162024,85.984,1.71748,0.149392,79.0,data/governance/wgi/wgidataset_with_sourcedata-2025.xlsx,cc!I5088,rl!I5191,data/governance/cpi/CPI2025_Results.xlsx,CPI Timeseries 2012 - 2025!L49
NLD,2024,1.910013,0.162024,86.5164,1.706922,0.149392,78.0,data/governance/wgi/wgidataset_with_sourcedata-2025.xlsx,cc!I5303,rl!I5406,data/governance/cpi/CPI2025_Results.xlsx,CPI Timeseries 2012 - 2025!H49
NLD,2025,,,,,,78.0,,,,data/governance/cpi/CPI2025_Results.xlsx,CPI Timeseries 2012 - 2025!D49
NOR,1996,2.235801,0.199662,93.1109,1.928833,0.186813,,data/governance/wgi/wgidataset_with_sourcedata-2025.xlsx,cc!I130,rl!I136,,
NOR,1998,2.221972,0.199662,92.831,1.933866,0.186813,,data/governance/wgi/wgidataset_with_sourcedata-2025.xlsx,cc!I318,rl!I336,,
NOR,2000,2.071441,0.199662,89.784,1.912612,0.186813,,data/governance/wgi/wgidataset_with_sourcedata-2025.xlsx,cc!I506,rl!I536,,
NOR,2002,2.068641,0.199662,89.7273,1.88422,0.186813,,data/governance/wgi/wgidataset_with_sourcedata-2025.xlsx,cc!I695,rl!I738,,
NOR,2003,2.021197,0.199662,88.767,1.878344,0.186813,,data/governance/wgi/wgidataset_with_sourcedata-2025.xlsx,cc!I885,rl!I940,,
NOR,2004,1.859059,0.198957,85.485,1.846199,0.186813,,data/governance/wgi/wgidataset_with_sourcedata-2025.xlsx,cc!I1084,rl!I1147,,
NOR,2005,2.017253,0.198957,88.6871,1.879306,0.181113,,data/governance/wgi/wgidataset_with_sourcedata-2025.xlsx,cc!I1290,rl!I1357,,
NOR,2006,2.094663,0.197363,90.254,1.911178,0.1806,,data/governance/wgi/wgidataset_with_sourcedata-2025.xlsx,cc!I1496,rl!I1567,,
NOR,2007,1.912833,0.197363,86.5735,1.87338,0.1806,,data/governance/wgi/wgidataset_with_sourcedata-2025.xlsx,cc!I1702,rl!I1777,,
NOR,2008,1.85417,0.197363,85.3861,1.91276,0.1806,,data/governance/wgi/wgidataset_with_sourcedata-2025.xlsx,cc!I1909,rl!I1987,,
NOR,2009,1.898761,0.197363,86.2887,1.870874,0.1806,,data/governance/wgi/wgidataset_with_sourcedata-2025.xlsx,cc!I2119,rl!I2199,,
NOR,2010,1.931481,0.197363,86.951,1.903519,0.1806,,data/governance/wgi/wgidataset_with_sourcedata-2025.xlsx,cc!I2329,rl!I2411,,
NOR,2011,2.077792,0.173858,89.9125,1.96593,0.147742,,data/governance/wgi/wgidataset_with_sourcedata-2025.xlsx,cc!I2541,rl!I2624,,
NOR,2012,2.128165,0.173858,90.9321,1.985742,0.147742,85.0,data/governance/wgi/wgidataset_with_sourcedata-2025.xlsx,cc!I2753,rl!I2838,data/governance/cpi/CPI2025_Results.xlsx,CPI Timeseries 2012 - 2025!AZ44
NOR,2013,2.140546,0.173858,91.1828,1.993435,0.147742,86.0,data/governance/wgi/wgidataset_with_sourcedata-2025.xlsx,cc!I2965,rl!I3052,data/governance/cpi/CPI2025_Results.xlsx,CPI Timeseries 2012 - 2025!AW44
NOR,2014,2.13112,0.173858,90.992,1.952162,0.147742,86.0,data/governance/wgi/wgidataset_with_sourcedata-2025.xlsx,cc!I3177,rl!I3266,data/governance/cpi/CPI2025_Results.xlsx,CPI Timeseries 2012 - 2025!AT44
NOR,2015,2.17552,0.173858,91.8907,1.980047,0.147742,88.0,data/governance/wgi/wgidataset_with_sourcedata-2025.xlsx,cc!I3390,rl!I3480,data/governance/cpi/CPI2025_Results.xlsx,CPI Timeseries 2012 - 2025!AQ44
NOR,2016,2.120656,0.173858,90.7802,2.005652,0.147742,85.0,data/governance/wgi/wgidataset_with_sourcedata-2025.xlsx,cc!I3602,rl!I3692,data/governance/cpi/CPI2025_Results.xlsx,CPI Timeseries 2012 - 2025!AN44
NOR,2017,2.168275,0.174328,91.744,2.038848,0.147742,85.0,data/governance/wgi/wgidataset_with_sourcedata-2025.xlsx,cc!I3814,rl!I3904,data/governance/cpi/CPI2025_Results.xlsx,CPI Timeseries 2012 - 2025!AJ44
NOR,2018,2.085703,0.174328,90.0726,2.02892,0.149888,84.0,data/governance/wgi/wgidataset_with_sourcedata-2025.xlsx,cc!I4025,rl!I4118,data/governance/cpi/CPI2025_Results.xlsx,CPI Timeseries 2012 - 2025!AF44
NOR,2019,2.060372,0.174328,89.5599,2.032299,0.149888,84.0,data/governance/wgi/wgidataset_with_sourcedata-2025.xlsx,cc!I4236,rl!I4332,data/governance/cpi/CPI2025_Results.xlsx,CPI Timeseries 2012 - 2025!AB44
NOR,2020,2.083638,0.174328,90.0308,2.059187,0.158025,84.0,data/governance/wgi/wgidataset_with_sourcedata-2025.xlsx,cc!I4447,rl!I4547,data/governance/cpi/CPI2025_Results.xlsx,CPI Timeseries 2012 - 2025!X44
NOR,2021,2.070812,0.174328,89.7712,2.058263,0.154024,85.0,data/governance/wgi/wgidataset_with_sourcedata-2025.xlsx,cc!I4659,rl!I4762,data/governance/cpi/CPI2025_Results.xlsx,CPI Timeseries 2012 - 2025!T44
NOR,2022,2.03321,0.174328,89.0101,1.940915,0.151243,84.0,data/governance/wgi/wgidataset_with_sourcedata-2025.xlsx,cc!I4874,rl!I4977,data/governance/cpi/CPI2025_Results.xlsx,CPI Timeseries 2012 - 2025!P44
NOR,2023,2.074524,0.181534,89.8464,1.985965,0.155861,84.0,data/governance/wgi/wgidataset_with_sourcedata-2025.xlsx,cc!I5089,rl!I5192,data/governance/cpi/CPI2025_Results.xlsx,CPI Timeseries 2012 - 2025!L44
NOR,2024,1.961008,0.174328,87.5486,1.949455,0.151243,81.0,data/governance/wgi/wgidataset_with_sourcedata-2025.xlsx,cc!I5304,rl!I5407,data/governance/cpi/CPI2025_Results.xlsx,CPI Timeseries 2012 - 2025!H44
NOR,2025,,,,,,81.0,,,,data/governance/cpi/CPI2025_Results.xlsx,CPI Timeseries 2012 - 2025!D44
NZL,1996,2.34203,0.199662,95.2611,1.830987,0.186813,,data/governance/wgi/wgidataset_with_sourcedata-2025.xlsx,cc!I132,rl!I139,,
NZL,1998,2.387706,0.199662,96.1857,1.823761,0.186813,,data/governance/wgi/wgidataset_with_sourcedata-2025.xlsx,cc!I320,rl!I339,,
NZL,2000,2.280754,0.199662,94.0208,1.840551,0.186813,,data/governance/wgi/wgidataset_with_sourcedata-2025.xlsx,cc!I508,rl!I539,,
NZL,2002,2.234404,0.199662,93.0826,1.833268,0.186813,,data/governance/wgi/wgidataset_with_sourcedata-2025.xlsx,cc!I697,rl!I741,,
NZL,2003,2.251695,0.199662,93.4326,1.830828,0.186813,,data/governance/wgi/wgidataset_with_sourcedata-2025.xlsx,cc!I887,rl!I943,,
NZL,2004,2.208843,0.199662,92.5652,1.779319,0.186813,,data/governance/wgi/wgidataset_with_sourcedata-2025.xlsx,cc!I1086,rl!I1150,,
NZL,2005,2.200156,0.199662,92.3894,1.793965,0.181113,,data/governance/wgi/wgidataset_with_sourcedata-2025.xlsx,cc!I1292,rl!I1360,,
NZL,2006,2.294677,0.198051,94.3026,1.809311,0.1806,,data/governance/wgi/wgidataset_with_sourcedata-2025.xlsx,cc!I1498,rl!I1570,,
NZL,2007,2.264078,0.198051,93.6832,1.807159,0.1806,,data/governance/wgi/wgidataset_with_sourcedata-2025.xlsx,cc!I1705,rl!I1780,,
NZL,2008,2.255796,0.198051,93.5156,1.82945,0.1806,,data/governance/wgi/wgidataset_with_sourcedata-2025.xlsx,cc!I1912,rl!I1990,,
NZL,2009,2.279138,0.198051,93.9881,1.830641,0.1806,,data/governance/wgi/wgidataset_with_sourcedata-2025.xlsx,cc!I2122,rl!I2202,,
NZL,2010,2.228755,0.197363,92.9682,1.795319,0.1806,,data/governance/wgi/wgidataset_with_sourcedata-2025.xlsx,cc!I2332,rl!I2414,,
NZL,2011,2.248358,0.173858,93.365,1.88666,0.147742,,data/governance/wgi/wgidataset_with_sourcedata-2025.xlsx,cc!I2544,rl!I2627,,
NZL,2012,2.184258,0.173858,92.0676,1.832139,0.147742,90.0,data/governance/wgi/wgidataset_with_sourcedata-2025.xlsx,cc!I2756,rl!I2841,data/governance/cpi/CPI2025_Results.xlsx,CPI Timeseries 2012 - 2025!AZ123
NZL,2013,2.195161,0.173858,92.2882,1.774816,0.147742,91.0,data/governance/wgi/wgidataset_with_sourcedata-2025.xlsx,cc!I2968,rl!I3055,data/governance/cpi/CPI2025_Results.xlsx,CPI Timeseries 2012 - 2025!AW123
NZL,2014,2.166329,0.173858,91.7046,1.81332,0.147742,91.0,data/governance/wgi/wgidataset_with_sourcedata-2025.xlsx,cc!I3180,rl!I3269,data/governance/cpi/CPI2025_Results.xlsx,CPI Timeseries 2012 - 2025!AT123
NZL,2015,2.199755,0.173858,92.3813,1.856389,0.147742,91.0,data/governance/wgi/wgidataset_with_sourcedata-2025.xlsx,cc!I3393,rl!I3483,data/governance/cpi/CPI2025_Results.xlsx,CPI Timeseries 2012 - 2025!AQ123
NZL,2016,2.208711,0.173858,92.5625,1.865545,0.147742,90.0,data/governance/wgi/wgidataset_with_sourcedata-2025.xlsx,cc!I3605,rl!I3695,data/governance/cpi/CPI2025_Results.xlsx,CPI Timeseries 2012 - 2025!AN123
NZL,2017,2.169806,0.174328,91.775,1.819209,0.145623,89.0,data/governance/wgi/wgidataset_with_sourcedata-2025.xlsx,cc!I3817,rl!I3907,data/governance/cpi/CPI2025_Results.xlsx,CPI Timeseries 2012 - 2025!AJ123
NZL,2018,2.094033,0.174328,90.2413,1.801272,0.147676,87.0,data/governance/wgi/wgidataset_with_sourcedata-2025.xlsx,cc!I4028,rl!I4121,data/governance/cpi/CPI2025_Results.xlsx,CPI Timeseries 2012 - 2025!AF123
NZL,2019,2.152685,0.174328,91.4285,1.7838,0.147676,87.0,data/governance/wgi/wgidataset_with_sourcedata-2025.xlsx,cc!I4239,rl!I4335,data/governance/cpi/CPI2025_Results.xlsx,CPI Timeseries 2012 - 2025!AB123
NZL,2020,2.154305,0.174328,91.4613,1.766635,0.15544,88.0,data/governance/wgi/wgidataset_with_sourcedata-2025.xlsx,cc!I4450,rl!I4550,data/governance/cpi/CPI2025_Results.xlsx,CPI Timeseries 2012 - 2025!X123
NZL,2021,2.124461,0.174328,90.8572,1.730396,0.15544,88.0,data/governance/wgi/wgidataset_with_sourcedata-2025.xlsx,cc!I4662,rl!I4765,data/governance/cpi/CPI2025_Results.xlsx,CPI Timeseries 2012 - 2025!T123
NZL,2022,2.082293,0.174328,90.0036,1.722018,0.152583,87.0,data/governance/wgi/wgidataset_with_sourcedata-2025.xlsx,cc!I4877,rl!I4980,data/governance/cpi/CPI2025_Results.xlsx,CPI Timeseries 2012 - 2025!P123
NZL,2023,2.015607,0.172728,88.6538,1.707554,0.151798,85.0,data/governance/wgi/wgidataset_with_sourcedata-2025.xlsx,cc!I5092,rl!I5195,data/governance/cpi/CPI2025_Results.xlsx,CPI Timeseries 2012 - 2025!L123
NZL,2024,1.928541,0.172728,86.8915,1.667454,0.151798,83.0,data/governance/wgi/wgidataset_with_sourcedata-2025.xlsx,cc!I5307,rl!I5410,data/governance/cpi/CPI2025_Results.xlsx,CPI Timeseries 2012 - 2025!H123
NZL,2025,,,,,,81.0,,,,data/governance/cpi/CPI2025_Results.xlsx,CPI Timeseries 2012 - 2025!D123
PER,1996,-0.421129,0.217228,39.3305,-0.627918,0.195916,,data/governance/wgi/wgidataset_with_sourcedata-2025.xlsx,cc!I136,rl!I143,,
PER,1998,-0.565847,0.217228,36.4012,-0.619831,0.195916,,data/governance/wgi/wgidataset_with_sourcedata-2025.xlsx,cc!I324,rl!I343,,
PER,2000,-0.511564,0.217228,37.5,-0.759766,0.195916,,data/governance/wgi/wgidataset_with_sourcedata-2025.xlsx,cc!I512,rl!I543,,
PER,2002,-0.243034,0.217168,42.9355,-0.535301,0.187404,,data/governance/wgi/wgidataset_with_sourcedata-2025.xlsx,cc!I701,rl!I745,,
PER,2003,-0.057581,0.217168,46.6893,-0.520507,0.187404,,data/governance/wgi/wgidataset_with_sourcedata-2025.xlsx,cc!I891,rl!I947,,
PER,2004,-0.41017,0.187496,39.5523,-0.379148,0.17933,,data/governance/wgi/wgidataset_with_sourcedata-2025.xlsx,cc!I1090,rl!I1154,,
PER,2005,-0.400167,0.187496,39.7548,-0.476455,0.17427,,data/governance/wgi/wgidataset_with_sourcedata-2025.xlsx,cc!I1296,rl!I1364,,
PER,2006,-0.260941,0.185268,42.573,-0.514541,0.172714,,data/governance/wgi/wgidataset_with_sourcedata-2025.xlsx,cc!I1502,rl!I1574,,
PER,2007,-0.355667,0.183674,40.6556,-0.544217,0.168545,,data/governance/wgi/wgidataset_with_sourcedata-2025.xlsx,cc!I1709,rl!I1784,,
PER,2008,-0.302611,0.172684,41.7295,-0.579088,0.161658,,data/governance/wgi/wgidataset_with_sourcedata-2025.xlsx,cc!I1916,rl!I1994,,
PER,2009,-0.384816,0.172684,40.0656,-0.503791,0.161658,,data/governance/wgi/wgidataset_with_sourcedata-2025.xlsx,cc!I2126,rl!I2206,,
PER,2010,-0.261342,0.172684,42.5649,-0.490917,0.161658,,data/governance/wgi/wgidataset_with_sourcedata-2025.xlsx,cc!I2336,rl!I2418,,
PER,2011,-0.248222,0.156277,42.8304,-0.443321,0.136821,,data/governance/wgi/wgidataset_with_sourcedata-2025.xlsx,cc!I2548,rl!I2631,,
PER,2012,-0.360504,0.158202,40.5577,-0.487955,0.139723,38.0,data/governance/wgi/wgidataset_with_sourcedata-2025.xlsx,cc!I2760,rl!I2845,data/governance/cpi/CPI2025_Results.xlsx,CPI Timeseries 2012 - 2025!AZ134
PER,2013,-0.399042,0.159218,39.7776,-0.555049,0.142071,38.0,data/governance/wgi/wgidataset_with_sourcedata-2025.xlsx,cc!I2972,rl!I3059,data/governance/cpi/CPI2025_Results.xlsx,CPI Timeseries 2012 - 2025!AW134
PER,2014,-0.581611,0.159218,36.0821,-0.553702,0.142071,38.0,data/governance/wgi/wgidataset_with_sourcedata-2025.xlsx,cc!I3184,rl!I3273,data/governance/cpi/CPI2025_Results.xlsx,CPI Timeseries 2012 - 2025!AT134
PER,2015,-0.591996,0.159218,35.8719,-0.452023,0.142071,36.0,data/governance/wgi/wgidataset_with_sourcedata-2025.xlsx,cc!I3397,rl!I3487,data/governance/cpi/CPI2025_Results.xlsx,CPI Timeseries 2012 - 2025!AQ134
PER,2016,-0.511266,0.159218,37.506,-0.339242,0.142071,35.0,data/governance/wgi/wgidataset_with_sourcedata-2025.xlsx,cc!I3609,rl!I3699,data/governance/cpi/CPI2025_Results.xlsx,CPI Timeseries 2012 - 2025!AN134
PER,2017,-0.593188,0.159218,35.8478,-0.374605,0.142071,37.0,data/governance/wgi/wgidataset_with_sourcedata-2025.xlsx,cc!I3821,rl!I3911,data/governance/cpi/CPI2025_Results.xlsx,CPI Timeseries 2012 - 2025!AJ134
PER,2018,-0.587789,0.159218,35.9571,-0.460921,0.143976,35.0,data/governance/wgi/wgidataset_with_sourcedata-2025.xlsx,cc!I4032,rl!I4125,data/governance/cpi/CPI2025_Results.xlsx,CPI Timeseries 2012 - 2025!AF134
PER,2019,-0.490189,0.159218,37.9326,-0.456438,0.143976,36.0,data/governance/wgi/wgidataset_with_sourcedata-2025.xlsx,cc!I4243,rl!I4339,data/governance/cpi/CPI2025_Results.xlsx,CPI Timeseries 2012 - 2025!AB134
PER,2020,-0.498089,0.159218,37.7727,-0.432089,0.151142,38.0,data/governance/wgi/wgidataset_with_sourcedata-2025.xlsx,cc!I4454,rl!I4554,data/governance/cpi/CPI2025_Results.xlsx,CPI Timeseries 2012 - 2025!X134
PER,2021,-0.509709,0.159218,37.5375,-0.52082,0.151142,36.0,data/governance/wgi/wgidataset_with_sourcedata-2025.xlsx,cc!I4666,rl!I4769,data/governance/cpi/CPI2025_Results.xlsx,CPI Timeseries 2012 - 2025!T134
PER,2022,-0.641561,0.159218,34.8686,-0.487252,0.148512,36.0,data/governance/wgi/wgidataset_with_sourcedata-2025.xlsx,cc!I4881,rl!I4984,data/governance/cpi/CPI2025_Results.xlsx,CPI Timeseries 2012 - 2025!P134
PER,2023,-0.665488,0.161122,34.3843,-0.478764,0.148479,33.0,data/governance/wgi/wgidataset_with_sourcedata-2025.xlsx,cc!I5096,rl!I5199,data/governance/cpi/CPI2025_Results.xlsx,CPI Timeseries 2012 - 2025!L134
PER,2024,-0.72039,0.161495,33.273,-0.505775,0.148479,31.0,data/governance/wgi/wgidataset_with_sourcedata-2025.xlsx,cc!I5311,rl!I5414,data/governance/cpi/CPI2025_Results.xlsx,CPI Timeseries 2012 - 2025!H134
PER,2025,,,,,,30.0,,,,data/governance/cpi/CPI2025_Results.xlsx,CPI Timeseries 2012 - 2025!D134
PHL,1996,-0.354823,0.199662,40.6727,-0.0199,0.186813,,data/governance/wgi/wgidataset_with_sourcedata-2025.xlsx,cc!I137,rl!I144,,
PHL,1998,-0.264197,0.199662,42.5071,0.005364,0.186813,,data/governance/wgi/wgidataset_with_sourcedata-2025.xlsx,cc!I325,rl!I344,,
PHL,2000,-0.620456,0.199662,35.2959,-0.476798,0.186813,,data/governance/wgi/wgidataset_with_sourcedata-2025.xlsx,cc!I513,rl!I544,,
PHL,2002,-0.701159,0.197666,33.6623,-0.391249,0.179386,,data/governance/wgi/wgidataset_with_sourcedata-2025.xlsx,cc!I702,rl!I746,,
PHL,2003,-0.64536,0.197666,34.7917,-0.564444,0.179386,,data/governance/wgi/wgidataset_with_sourcedata-2025.xlsx,cc!I892,rl!I948,,
PHL,2004,-0.658141,0.174512,34.533,-0.520148,0.172267,,data/governance/wgi/wgidataset_with_sourcedata-2025.xlsx,cc!I1091,rl!I1155,,
PHL,2005,-0.739631,0.174512,32.8836,-0.347457,0.167767,,data/governance/wgi/wgidataset_with_sourcedata-2025.xlsx,cc!I1297,rl!I1365,,
PHL,2006,-0.661035,0.172123,34.4745,-0.41465,0.163557,,data/governance/wgi/wgidataset_with_sourcedata-2025.xlsx,cc!I1503,rl!I1575,,
PHL,2007,-0.686583,0.172123,33.9573,-0.449806,0.163557,,data/governance/wgi/wgidataset_with_sourcedata-2025.xlsx,cc!I1710,rl!I1785,,
PHL,2008,-0.687449,0.172123,33.9398,-0.550236,0.163557,,data/governance/wgi/wgidataset_with_sourcedata-2025.xlsx,cc!I1917,rl!I1995,,
PHL,2009,-0.827459,0.172123,31.1058,-0.632443,0.163557,,data/governance/wgi/wgidataset_with_sourcedata-2025.xlsx,cc!I2127,rl!I2207,,
PHL,2010,-0.782084,0.172123,32.0242,-0.651173,0.163557,,data/governance/wgi/wgidataset_with_sourcedata-2025.xlsx,cc!I2337,rl!I2419,,
PHL,2011,-0.565534,0.155861,36.4076,-0.522518,0.137966,,data/governance/wgi/wgidataset_with_sourcedata-2025.xlsx,cc!I2549,rl!I2632,,
PHL,2012,-0.633583,0.15777,35.0301,-0.488263,0.140944,34.0,data/governance/wgi/wgidataset_with_sourcedata-2025.xlsx,cc!I2761,rl!I2846,data/governance/cpi/CPI2025_Results.xlsx,CPI Timeseries 2012 - 2025!AZ135
PHL,2013,-0.498171,0.158777,37.7711,-0.469979,0.143355,36.0,data/governance/wgi/wgidataset_with_sourcedata-2025.xlsx,cc!I2973,rl!I3060,data/governance/cpi/CPI2025_Results.xlsx,CPI Timeseries 2012 - 2025!AW135
PHL,2014,-0.582691,0.158777,36.0603,-0.361023,0.143355,38.0,data/governance/wgi/wgidataset_with_sourcedata-2025.xlsx,cc!I3185,rl!I3274,data/governance/cpi/CPI2025_Results.xlsx,CPI Timeseries 2012 - 2025!AT135
PHL,2015,-0.590425,0.158777,35.9037,-0.429963,0.143355,35.0,data/governance/wgi/wgidataset_with_sourcedata-2025.xlsx,cc!I3398,rl!I3488,data/governance/cpi/CPI2025_Results.xlsx,CPI Timeseries 2012 - 2025!AQ135
PHL,2016,-0.613111,0.158777,35.4445,-0.472956,0.143355,35.0,data/governance/wgi/wgidataset_with_sourcedata-2025.xlsx,cc!I3610,rl!I3700,data/governance/cpi/CPI2025_Results.xlsx,CPI Timeseries 2012 - 2025!AN135
PHL,2017,-0.636865,0.159135,34.9637,-0.591286,0.143355,34.0,data/governance/wgi/wgidataset_with_sourcedata-2025.xlsx,cc!I3822,rl!I3912,data/governance/cpi/CPI2025_Results.xlsx,CPI Timeseries 2012 - 2025!AJ135
PHL,2018,-0.638834,0.159135,34.9238,-0.639802,0.145312,36.0,data/governance/wgi/wgidataset_with_sourcedata-2025.xlsx,cc!I4033,rl!I4126,data/governance/cpi/CPI2025_Results.xlsx,CPI Timeseries 2012 - 2025!AF135
PHL,2019,-0.611156,0.159135,35.4841,-0.647098,0.145312,34.0,data/governance/wgi/wgidataset_with_sourcedata-2025.xlsx,cc!I4244,rl!I4340,data/governance/cpi/CPI2025_Results.xlsx,CPI Timeseries 2012 - 2025!AB135
PHL,2020,-0.539262,0.158777,36.9393,-0.633134,0.152691,34.0,data/governance/wgi/wgidataset_with_sourcedata-2025.xlsx,cc!I4455,rl!I4555,data/governance/cpi/CPI2025_Results.xlsx,CPI Timeseries 2012 - 2025!X135
PHL,2021,-0.574387,0.158777,36.2284,-0.673673,0.152691,33.0,data/governance/wgi/wgidataset_with_sourcedata-2025.xlsx,cc!I4667,rl!I4770,data/governance/cpi/CPI2025_Results.xlsx,CPI Timeseries 2012 - 2025!T135
PHL,2022,-0.577469,0.158777,36.166,-0.6322,0.14998,33.0,data/governance/wgi/wgidataset_with_sourcedata-2025.xlsx,cc!I4882,rl!I4985,data/governance/cpi/CPI2025_Results.xlsx,CPI Timeseries 2012 - 2025!P135
PHL,2023,-0.569031,0.157565,36.3368,-0.601159,0.149234,34.0,data/governance/wgi/wgidataset_with_sourcedata-2025.xlsx,cc!I5097,rl!I5200,data/governance/cpi/CPI2025_Results.xlsx,CPI Timeseries 2012 - 2025!L135
PHL,2024,-0.576616,0.157565,36.1832,-0.573968,0.149234,33.0,data/governance/wgi/wgidataset_with_sourcedata-2025.xlsx,cc!I5312,rl!I5415,data/governance/cpi/CPI2025_Results.xlsx,CPI Timeseries 2012 - 2025!H135
PHL,2025,,,,,,32.0,,,,data/governance/cpi/CPI2025_Results.xlsx,CPI Timeseries 2012 - 2025!D135
POL,1996,0.84253,0.199662,64.9089,0.657132,0.181113,,data/governance/wgi/wgidataset_with_sourcedata-2025.xlsx,cc!I139,rl!I147,,
POL,1998,0.750155,0.198773,63.0391,0.677879,0.181113,,data/governance/wgi/wgidataset_with_sourcedata-2025.xlsx,cc!I327,rl!I347,,
POL,2000,0.496304,0.196956,57.9008,0.650493,0.181061,,data/governance/wgi/wgidataset_with_sourcedata-2025.xlsx,cc!I515,rl!I547,,
POL,2002,0.344216,0.196956,54.8223,0.546948,0.174278,,data/governance/wgi/wgidataset_with_sourcedata-2025.xlsx,cc!I704,rl!I749,,
POL,2003,0.361158,0.196956,55.1652,0.424154,0.174278,,data/governance/wgi/wgidataset_with_sourcedata-2025.xlsx,cc!I894,rl!I951,,
POL,2004,0.112645,0.181098,50.1349,0.266952,0.168954,,data/governance/wgi/wgidataset_with_sourcedata-2025.xlsx,cc!I1093,rl!I1158,,
POL,2005,0.250476,0.181098,52.9249,0.569705,0.168954,,data/governance/wgi/wgidataset_with_sourcedata-2025.xlsx,cc!I1299,rl!I1368,,
POL,2006,0.324971,0.179893,54.4327,0.349138,0.168537,,data/governance/wgi/wgidataset_with_sourcedata-2025.xlsx,cc!I1505,rl!I1578,,
POL,2007,0.317919,0.179893,54.29,0.473241,0.168537,,data/governance/wgi/wgidataset_with_sourcedata-2025.xlsx,cc!I1712,rl!I1788,,
POL,2008,0.427296,0.178432,56.504,0.551863,0.164657,,data/governance/wgi/wgidataset_with_sourcedata-2025.xlsx,cc!I1920,rl!I1998,,
POL,2009,0.573941,0.178432,59.4723,0.536419,0.164657,,data/governance/wgi/wgidataset_with_sourcedata-2025.xlsx,cc!I2130,rl!I2210,,
POL,2010,0.639127,0.165708,60.7917,0.645871,0.162277,,data/governance/wgi/wgidataset_with_sourcedata-2025.xlsx,cc!I2340,rl!I2422,,
POL,2011,0.761891,0.15105,63.2767,0.841434,0.137195,,data/governance/wgi/wgidataset_with_sourcedata-2025.xlsx,cc!I2552,rl!I2635,,
POL,2012,0.813522,0.15105,64.3218,0.870539,0.137195,58.0,data/governance/wgi/wgidataset_with_sourcedata-2025.xlsx,cc!I2764,rl!I2849,data/governance/cpi/CPI2025_Results.xlsx,CPI Timeseries 2012 - 2025!AZ137
POL,2013,0.807149,0.151933,64.1928,0.822111,0.139416,60.0,data/governance/wgi/wgidataset_with_sourcedata-2025.xlsx,cc!I2976,rl!I3063,data/governance/cpi/CPI2025_Results.xlsx,CPI Timeseries 2012 - 2025!AW137
POL,2014,0.773833,0.151933,63.5184,0.880989,0.139416,61.0,data/governance/wgi/wgidataset_with_sourcedata-2025.xlsx,cc!I3188,rl!I3277,data/governance/cpi/CPI2025_Results.xlsx,CPI Timeseries 2012 - 2025!AT137
POL,2015,0.835693,0.151933,64.7705,0.835798,0.139416,63.0,data/governance/wgi/wgidataset_with_sourcedata-2025.xlsx,cc!I3401,rl!I3491,data/governance/cpi/CPI2025_Results.xlsx,CPI Timeseries 2012 - 2025!AQ137
POL,2016,0.870656,0.151933,65.4782,0.75456,0.139416,62.0,data/governance/wgi/wgidataset_with_sourcedata-2025.xlsx,cc!I3613,rl!I3703,data/governance/cpi/CPI2025_Results.xlsx,CPI Timeseries 2012 - 2025!AN137
POL,2017,0.829447,0.151933,64.6441,0.619117,0.139416,60.0,data/governance/wgi/wgidataset_with_sourcedata-2025.xlsx,cc!I3825,rl!I3915,data/governance/cpi/CPI2025_Results.xlsx,CPI Timeseries 2012 - 2025!AJ137
POL,2018,0.776821,0.152762,63.5789,0.547342,0.141239,60.0,data/governance/wgi/wgidataset_with_sourcedata-2025.xlsx,cc!I4036,rl!I4129,data/governance/cpi/CPI2025_Results.xlsx,CPI Timeseries 2012 - 2025!AF137
POL,2019,0.716258,0.152762,62.353,0.526376,0.141239,58.0,data/governance/wgi/wgidataset_with_sourcedata-2025.xlsx,cc!I4247,rl!I4343,data/governance/cpi/CPI2025_Results.xlsx,CPI Timeseries 2012 - 2025!AB137
POL,2020,0.7442,0.152762,62.9186,0.460073,0.147985,56.0,data/governance/wgi/wgidataset_with_sourcedata-2025.xlsx,cc!I4458,rl!I4558,data/governance/cpi/CPI2025_Results.xlsx,CPI Timeseries 2012 - 2025!X137
POL,2021,0.686972,0.152762,61.7602,0.409857,0.147985,56.0,data/governance/wgi/wgidataset_with_sourcedata-2025.xlsx,cc!I4670,rl!I4773,data/governance/cpi/CPI2025_Results.xlsx,CPI Timeseries 2012 - 2025!T137
POL,2022,0.667392,0.152762,61.3639,0.354546,0.145514,55.0,data/governance/wgi/wgidataset_with_sourcedata-2025.xlsx,cc!I4885,rl!I4988,data/governance/cpi/CPI2025_Results.xlsx,CPI Timeseries 2012 - 2025!P137
POL,2023,0.753484,0.152762,63.1065,0.356435,0.145514,54.0,data/governance/wgi/wgidataset_with_sourcedata-2025.xlsx,cc!I5100,rl!I5203,data/governance/cpi/CPI2025_Results.xlsx,CPI Timeseries 2012 - 2025!L137
POL,2024,0.794073,0.151682,63.9281,0.576911,0.144832,53.0,data/governance/wgi/wgidataset_with_sourcedata-2025.xlsx,cc!I5315,rl!I5418,data/governance/cpi/CPI2025_Results.xlsx,CPI Timeseries 2012 - 2025!H137
POL,2025,,,,,,53.0,,,,data/governance/cpi/CPI2025_Results.xlsx,CPI Timeseries 2012 - 2025!D137
PRT,1996,1.576505,0.199662,79.7657,1.257156,0.186813,,data/governance/wgi/wgidataset_with_sourcedata-2025.xlsx,cc!I142,rl!I150,,
PRT,1998,1.391034,0.199662,76.0115,1.135021,0.186813,,data/governance/wgi/wgidataset_with_sourcedata-2025.xlsx,cc!I330,rl!I350,,
PRT,2000,1.303425,0.199662,74.2381,1.094653,0.180299,,data/governance/wgi/wgidataset_with_sourcedata-2025.xlsx,cc!I518,rl!I550,,
PRT,2002,1.266735,0.199662,73.4955,1.237107,0.180299,,data/governance/wgi/wgidataset_with_sourcedata-2025.xlsx,cc!I707,rl!I752,,
PRT,2003,1.225262,0.199662,72.656,1.256047,0.180299,,data/governance/wgi/wgidataset_with_sourcedata-2025.xlsx,cc!I897,rl!I954,,
PRT,2004,1.193072,0.198957,72.0044,1.187461,0.180299,,data/governance/wgi/wgidataset_with_sourcedata-2025.xlsx,cc!I1096,rl!I1161,,
PRT,2005,1.193916,0.198957,72.0215,1.146172,0.175159,,data/governance/wgi/wgidataset_with_sourcedata-2025.xlsx,cc!I1302,rl!I1371,,
PRT,2006,0.88413,0.197363,65.751,1.036862,0.174695,,data/governance/wgi/wgidataset_with_sourcedata-2025.xlsx,cc!I1508,rl!I1581,,
PRT,2007,0.912121,0.197363,66.3175,1.155339,0.174695,,data/governance/wgi/wgidataset_with_sourcedata-2025.xlsx,cc!I1715,rl!I1791,,
PRT,2008,0.92888,0.197363,66.6568,1.097071,0.174695,,data/governance/wgi/wgidataset_with_sourcedata-2025.xlsx,cc!I1923,rl!I2001,,
PRT,2009,0.887194,0.197363,65.813,1.027719,0.174695,,data/governance/wgi/wgidataset_with_sourcedata-2025.xlsx,cc!I2133,rl!I2213,,
PRT,2010,0.741273,0.180535,62.8593,0.881024,0.17186,,data/governance/wgi/wgidataset_with_sourcedata-2025.xlsx,cc!I2343,rl!I2425,,
PRT,2011,0.793467,0.180535,63.9158,0.867073,0.17186,,data/governance/wgi/wgidataset_with_sourcedata-2025.xlsx,cc!I2555,rl!I2638,,
PRT,2012,0.798391,0.162024,64.0155,0.888092,0.142841,63.0,data/governance/wgi/wgidataset_with_sourcedata-2025.xlsx,cc!I2767,rl!I2852,data/governance/cpi/CPI2025_Results.xlsx,CPI Timeseries 2012 - 2025!AZ104
PRT,2013,0.736302,0.162024,62.7587,0.90062,0.142841,62.0,data/governance/wgi/wgidataset_with_sourcedata-2025.xlsx,cc!I2979,rl!I3066,data/governance/cpi/CPI2025_Results.xlsx,CPI Timeseries 2012 - 2025!AW104
PRT,2014,0.684018,0.162024,61.7004,1.018187,0.142841,63.0,data/governance/wgi/wgidataset_with_sourcedata-2025.xlsx,cc!I3191,rl!I3280,data/governance/cpi/CPI2025_Results.xlsx,CPI Timeseries 2012 - 2025!AT104
PRT,2015,0.723845,0.162024,62.5066,1.127288,0.142841,64.0,data/governance/wgi/wgidataset_with_sourcedata-2025.xlsx,cc!I3404,rl!I3494,data/governance/cpi/CPI2025_Results.xlsx,CPI Timeseries 2012 - 2025!AQ104
PRT,2016,0.713405,0.162024,62.2952,1.115692,0.142841,62.0,data/governance/wgi/wgidataset_with_sourcedata-2025.xlsx,cc!I3616,rl!I3706,data/governance/cpi/CPI2025_Results.xlsx,CPI Timeseries 2012 - 2025!AN104
PRT,2017,0.81918,0.162024,64.4363,1.172268,0.142841,63.0,data/governance/wgi/wgidataset_with_sourcedata-2025.xlsx,cc!I3828,rl!I3918,data/governance/cpi/CPI2025_Results.xlsx,CPI Timeseries 2012 - 2025!AJ104
PRT,2018,0.803067,0.162024,64.1101,1.13034,0.144778,64.0,data/governance/wgi/wgidataset_with_sourcedata-2025.xlsx,cc!I4039,rl!I4132,data/governance/cpi/CPI2025_Results.xlsx,CPI Timeseries 2012 - 2025!AF104
PRT,2019,0.797121,0.162024,63.9898,1.116551,0.144778,62.0,data/governance/wgi/wgidataset_with_sourcedata-2025.xlsx,cc!I4250,rl!I4346,data/governance/cpi/CPI2025_Results.xlsx,CPI Timeseries 2012 - 2025!AB104
PRT,2020,0.795911,0.162024,63.9653,1.183053,0.152071,61.0,data/governance/wgi/wgidataset_with_sourcedata-2025.xlsx,cc!I4461,rl!I4561,data/governance/cpi/CPI2025_Results.xlsx,CPI Timeseries 2012 - 2025!X104
PRT,2021,0.818818,0.162024,64.429,1.169078,0.152071,62.0,data/governance/wgi/wgidataset_with_sourcedata-2025.xlsx,cc!I4673,rl!I4776,data/governance/cpi/CPI2025_Results.xlsx,CPI Timeseries 2012 - 2025!T104
PRT,2022,0.786061,0.162024,63.7659,1.125686,0.149392,62.0,data/governance/wgi/wgidataset_with_sourcedata-2025.xlsx,cc!I4888,rl!I4991,data/governance/cpi/CPI2025_Results.xlsx,CPI Timeseries 2012 - 2025!P104
PRT,2023,0.78482,0.160738,63.7408,1.082429,0.148655,61.0,data/governance/wgi/wgidataset_with_sourcedata-2025.xlsx,cc!I5103,rl!I5206,data/governance/cpi/CPI2025_Results.xlsx,CPI Timeseries 2012 - 2025!L104
PRT,2024,0.824168,0.160738,64.5373,1.072155,0.148655,57.0,data/governance/wgi/wgidataset_with_sourcedata-2025.xlsx,cc!I5318,rl!I5421,data/governance/cpi/CPI2025_Results.xlsx,CPI Timeseries 2012 - 2025!H104
PRT,2025,,,,,,56.0,,,,data/governance/cpi/CPI2025_Results.xlsx,CPI Timeseries 2012 - 2025!D104
PRY,1996,-1.269662,0.231675,22.1549,-0.495338,0.206281,,data/governance/wgi/wgidataset_with_sourcedata-2025.xlsx,cc!I143,rl!I151,,
PRY,1998,-1.468532,0.231675,18.1295,-0.807396,0.206281,,data/governance/wgi/wgidataset_with_sourcedata-2025.xlsx,cc!I331,rl!I351,,
PRY,2000,-1.456871,0.217228,18.3655,-1.026622,0.195916,,data/governance/wgi/wgidataset_with_sourcedata-2025.xlsx,cc!I519,rl!I551,,
PRY,2002,-1.602792,0.217168,15.4118,-1.119919,0.187404,,data/governance/wgi/wgidataset_with_sourcedata-2025.xlsx,cc!I708,rl!I753,,
PRY,2003,-1.585799,0.217168,15.7558,-1.10827,0.187404,,data/governance/wgi/wgidataset_with_sourcedata-2025.xlsx,cc!I898,rl!I955,,
PRY,2004,-1.377488,0.188086,19.9724,-0.810764,0.17933,,data/governance/wgi/wgidataset_with_sourcedata-2025.xlsx,cc!I1097,rl!I1162,,
PRY,2005,-1.26164,0.187496,22.3173,-0.826852,0.17427,,data/governance/wgi/wgidataset_with_sourcedata-2025.xlsx,cc!I1303,rl!I1372,,
PRY,2006,-0.984501,0.185268,27.927,-0.780071,0.172714,,data/governance/wgi/wgidataset_with_sourcedata-2025.xlsx,cc!I1509,rl!I1582,,
PRY,2007,-1.056147,0.185268,26.4768,-0.776342,0.172714,,data/governance/wgi/wgidataset_with_sourcedata-2025.xlsx,cc!I1716,rl!I1792,,
PRY,2008,-0.897985,0.185268,29.6782,-0.752711,0.172714,,data/governance/wgi/wgidataset_with_sourcedata-2025.xlsx,cc!I1924,rl!I2002,,
PRY,2009,-0.856384,0.185268,30.5203,-0.734553,0.172714,,data/governance/wgi/wgidataset_with_sourcedata-2025.xlsx,cc!I2134,rl!I2214,,
PRY,2010,-0.700392,0.185268,33.6778,-0.710524,0.172714,,data/governance/wgi/wgidataset_with_sourcedata-2025.xlsx,cc!I2344,rl!I2426,,
PRY,2011,-0.672605,0.185837,34.2403,-0.708153,0.172714,,data/governance/wgi/wgidataset_with_sourcedata-2025.xlsx,cc!I2556,rl!I2639,,
PRY,2012,-0.757932,0.1885,32.5131,-0.758686,0.178666,25.0,data/governance/wgi/wgidataset_with_sourcedata-2025.xlsx,cc!I2768,rl!I2853,data/governance/cpi/CPI2025_Results.xlsx,CPI Timeseries 2012 - 2025!AZ133
PRY,2013,-0.947691,0.1885,28.6721,-0.765546,0.178666,24.0,data/governance/wgi/wgidataset_with_sourcedata-2025.xlsx,cc!I2980,rl!I3067,data/governance/cpi/CPI2025_Results.xlsx,CPI Timeseries 2012 - 2025!AW133
PRY,2014,-0.976055,0.1885,28.098,-0.597108,0.178666,24.0,data/governance/wgi/wgidataset_with_sourcedata-2025.xlsx,cc!I3192,rl!I3281,data/governance/cpi/CPI2025_Results.xlsx,CPI Timeseries 2012 - 2025!AT133
PRY,2015,-0.951101,0.1885,28.6031,-0.549565,0.178666,27.0,data/governance/wgi/wgidataset_with_sourcedata-2025.xlsx,cc!I3405,rl!I3495,data/governance/cpi/CPI2025_Results.xlsx,CPI Timeseries 2012 - 2025!AQ133
PRY,2016,-0.807081,0.1885,31.5183,-0.490722,0.178666,30.0,data/governance/wgi/wgidataset_with_sourcedata-2025.xlsx,cc!I3617,rl!I3707,data/governance/cpi/CPI2025_Results.xlsx,CPI Timeseries 2012 - 2025!AN133
PRY,2017,-0.829154,0.1885,31.0715,-0.493256,0.178666,29.0,data/governance/wgi/wgidataset_with_sourcedata-2025.xlsx,cc!I3829,rl!I3919,data/governance/cpi/CPI2025_Results.xlsx,CPI Timeseries 2012 - 2025!AJ133
PRY,2018,-0.87095,0.1885,30.2255,-0.454062,0.182499,29.0,data/governance/wgi/wgidataset_with_sourcedata-2025.xlsx,cc!I4040,rl!I4133,data/governance/cpi/CPI2025_Results.xlsx,CPI Timeseries 2012 - 2025!AF133
PRY,2019,-0.876039,0.1885,30.1224,-0.429495,0.182499,28.0,data/governance/wgi/wgidataset_with_sourcedata-2025.xlsx,cc!I4251,rl!I4347,data/governance/cpi/CPI2025_Results.xlsx,CPI Timeseries 2012 - 2025!AB133
PRY,2020,-0.810142,0.1885,31.4563,-0.372718,0.197804,28.0,data/governance/wgi/wgidataset_with_sourcedata-2025.xlsx,cc!I4462,rl!I4562,data/governance/cpi/CPI2025_Results.xlsx,CPI Timeseries 2012 - 2025!X133
PRY,2021,-0.9055,0.168129,29.5261,-0.528002,0.156725,30.0,data/governance/wgi/wgidataset_with_sourcedata-2025.xlsx,cc!I4674,rl!I4777,data/governance/cpi/CPI2025_Results.xlsx,CPI Timeseries 2012 - 2025!T133
PRY,2022,-0.953862,0.168129,28.5472,-0.540379,0.153798,28.0,data/governance/wgi/wgidataset_with_sourcedata-2025.xlsx,cc!I4889,rl!I4992,data/governance/cpi/CPI2025_Results.xlsx,CPI Timeseries 2012 - 2025!P133
PRY,2023,-1.01492,0.170376,27.3113,-0.580115,0.153762,28.0,data/governance/wgi/wgidataset_with_sourcedata-2025.xlsx,cc!I5104,rl!I5207,data/governance/cpi/CPI2025_Results.xlsx,CPI Timeseries 2012 - 2025!L133
PRY,2024,-1.024886,0.170376,27.1096,-0.583585,0.153762,24.0,data/governance/wgi/wgidataset_with_sourcedata-2025.xlsx,cc!I5319,rl!I5422,data/governance/cpi/CPI2025_Results.xlsx,CPI Timeseries 2012 - 2025!H133
PRY,2025,,,,,,24.0,,,,data/governance/cpi/CPI2025_Results.xlsx,CPI Timeseries 2012 - 2025!D133
PSE,1996,-0.349821,0.343049,40.7739,-0.271256,0.427517,,data/governance/wgi/wgidataset_with_sourcedata-2025.xlsx,cc!I144,rl!I152,,
PSE,1998,-0.352596,0.343049,40.7177,-0.277075,0.427517,,data/governance/wgi/wgidataset_with_sourcedata-2025.xlsx,cc!I332,rl!I352,,
PSE,2000,-0.360711,0.343049,40.5535,-0.313949,0.427517,,data/governance/wgi/wgidataset_with_sourcedata-2025.xlsx,cc!I520,rl!I552,,
PSE,2002,-0.366456,0.343049,40.4372,-0.506804,0.427517,,data/governance/wgi/wgidataset_with_sourcedata-2025.xlsx,cc!I709,rl!I754,,
PSE,2003,-0.368416,0.343049,40.3975,-0.300795,0.427517,,data/governance/wgi/wgidataset_with_sourcedata-2025.xlsx,cc!I899,rl!I956,,
PSE,2004,0.023597,0.315648,48.3325,-0.411185,0.411807,,data/governance/wgi/wgidataset_with_sourcedata-2025.xlsx,cc!I1098,rl!I1163,,
PSE,2005,-0.261528,0.315648,42.5611,-0.718738,0.359704,,data/governance/wgi/wgidataset_with_sourcedata-2025.xlsx,cc!I1304,rl!I1373,,
PSE,2006,-0.301283,0.309395,41.7564,-0.777663,0.333436,,data/governance/wgi/wgidataset_with_sourcedata-2025.xlsx,cc!I1510,rl!I1583,,
PSE,2007,-0.217581,0.309395,43.4507,-1.028546,0.333436,,data/governance/wgi/wgidataset_with_sourcedata-2025.xlsx,cc!I1717,rl!I1793,,
PSE,2008,-0.453152,0.302136,38.6823,-0.994061,0.306088,,data/governance/wgi/wgidataset_with_sourcedata-2025.xlsx,cc!I1925,rl!I2003,,
PSE,2009,-0.019061,0.234801,47.469,-0.670216,0.222968,,data/governance/wgi/wgidataset_with_sourcedata-2025.xlsx,cc!I2135,rl!I2215,,
PSE,2010,-0.018138,0.24414,47.4877,-0.536562,0.225364,,data/governance/wgi/wgidataset_with_sourcedata-2025.xlsx,cc!I2345,rl!I2427,,
PSE,2011,-0.465357,0.24414,38.4353,-0.734252,0.225364,,data/governance/wgi/wgidataset_with_sourcedata-2025.xlsx,cc!I2557,rl!I2640,,
PSE,2012,-0.428972,0.243252,39.1718,-0.735521,0.225364,,data/governance/wgi/wgidataset_with_sourcedata-2025.xlsx,cc!I2769,rl!I2854,,
PSE,2013,-0.33446,0.246992,41.0848,-0.769651,0.235635,,data/governance/wgi/wgidataset_with_sourcedata-2025.xlsx,cc!I2981,rl!I3068,,
PSE,2014,-0.433093,0.246992,39.0884,-0.758831,0.235635,,data/governance/wgi/wgidataset_with_sourcedata-2025.xlsx,cc!I3193,rl!I3282,,
PSE,2015,-0.455216,0.246992,38.6406,-0.86919,0.243123,,data/governance/wgi/wgidataset_with_sourcedata-2025.xlsx,cc!I3406,rl!I3496,,
PSE,2016,-0.282261,0.246992,42.1414,-0.797525,0.235635,,data/governance/wgi/wgidataset_with_sourcedata-2025.xlsx,cc!I3618,rl!I3708,,
PSE,2017,-0.307495,0.246992,41.6307,-0.810274,0.235635,,data/governance/wgi/wgidataset_with_sourcedata-2025.xlsx,cc!I3830,rl!I3920,,
PSE,2018,-0.303765,0.246992,41.7062,-0.878079,0.235635,,data/governance/wgi/wgidataset_with_sourcedata-2025.xlsx,cc!I4041,rl!I4134,,
PSE,2019,-0.318134,0.246992,41.4153,-0.851593,0.235635,,data/governance/wgi/wgidataset_with_sourcedata-2025.xlsx,cc!I4252,rl!I4348,,
PSE,2020,-0.536892,0.246992,36.9873,-0.884182,0.235635,,data/governance/wgi/wgidataset_with_sourcedata-2025.xlsx,cc!I4463,rl!I4563,,
PSE,2021,-0.592246,0.246992,35.8669,-0.892907,0.235635,,data/governance/wgi/wgidataset_with_sourcedata-2025.xlsx,cc!I4675,rl!I4778,,
PSE,2022,-0.570859,0.246992,36.2998,-0.847518,0.226022,,data/governance/wgi/wgidataset_with_sourcedata-2025.xlsx,cc!I4890,rl!I4993,,
PSE,2023,-0.599036,0.242504,35.7294,-0.885715,0.223493,,data/governance/wgi/wgidataset_with_sourcedata-2025.xlsx,cc!I5105,rl!I5208,,
PSE,2024,-0.570842,0.243783,36.3001,-0.989397,0.223493,,data/governance/wgi/wgidataset_with_sourcedata-2025.xlsx,cc!I5320,rl!I5423,,
QAT,1996,0.047459,0.231675,48.8155,-0.012317,0.232044,,data/governance/wgi/wgidataset_with_sourcedata-2025.xlsx,cc!I145,rl!I153,,
QAT,1998,0.064565,0.231675,49.1617,0.19526,0.20834,,data/governance/wgi/wgidataset_with_sourcedata-2025.xlsx,cc!I333,rl!I353,,
QAT,2000,0.456072,0.231675,57.0864,0.455052,0.20834,,data/governance/wgi/wgidataset_with_sourcedata-2025.xlsx,cc!I521,rl!I553,,
QAT,2002,0.595719,0.217228,59.9131,0.548949,0.197677,,data/governance/wgi/wgidataset_with_sourcedata-2025.xlsx,cc!I710,rl!I755,,
QAT,2003,0.594934,0.217228,59.8972,0.549562,0.197677,,data/governance/wgi/wgidataset_with_sourcedata-2025.xlsx,cc!I900,rl!I957,,
QAT,2004,0.554305,0.217228,59.0748,0.453206,0.197677,,data/governance/wgi/wgidataset_with_sourcedata-2025.xlsx,cc!I1099,rl!I1164,,
QAT,2005,0.666323,0.217228,61.3422,0.392113,0.19096,,data/governance/wgi/wgidataset_with_sourcedata-2025.xlsx,cc!I1305,rl!I1374,,
QAT,2006,0.826159,0.199662,64.5775,0.504642,0.181113,,data/governance/wgi/wgidataset_with_sourcedata-2025.xlsx,cc!I1511,rl!I1584,,
QAT,2007,0.909999,0.199662,66.2746,0.547629,0.181113,,data/governance/wgi/wgidataset_with_sourcedata-2025.xlsx,cc!I1718,rl!I1794,,
QAT,2008,1.095696,0.183745,70.0334,0.51332,0.174324,,data/governance/wgi/wgidataset_with_sourcedata-2025.xlsx,cc!I1926,rl!I2004,,
QAT,2009,1.37345,0.180962,75.6556,0.758066,0.169615,,data/governance/wgi/wgidataset_with_sourcedata-2025.xlsx,cc!I2136,rl!I2216,,
QAT,2010,1.34469,0.180962,75.0734,0.706702,0.169615,,data/governance/wgi/wgidataset_with_sourcedata-2025.xlsx,cc!I2346,rl!I2428,,
QAT,2011,1.150479,0.180962,71.1423,0.641775,0.169615,,data/governance/wgi/wgidataset_with_sourcedata-2025.xlsx,cc!I2558,rl!I2641,,
QAT,2012,1.155866,0.180962,71.2513,0.727794,0.169615,68.0,data/governance/wgi/wgidataset_with_sourcedata-2025.xlsx,cc!I2770,rl!I2855,data/governance/cpi/CPI2025_Results.xlsx,CPI Timeseries 2012 - 2025!AZ138
QAT,2013,1.176602,0.182486,71.6711,0.762855,0.173867,68.0,data/governance/wgi/wgidataset_with_sourcedata-2025.xlsx,cc!I2982,rl!I3069,data/governance/cpi/CPI2025_Results.xlsx,CPI Timeseries 2012 - 2025!AW138
QAT,2014,0.861769,0.182486,65.2984,0.593557,0.173867,69.0,data/governance/wgi/wgidataset_with_sourcedata-2025.xlsx,cc!I3194,rl!I3283,data/governance/cpi/CPI2025_Results.xlsx,CPI Timeseries 2012 - 2025!AT138
QAT,2015,0.845017,0.182486,64.9593,0.53583,0.173867,71.0,data/governance/wgi/wgidataset_with_sourcedata-2025.xlsx,cc!I3407,rl!I3497,data/governance/cpi/CPI2025_Results.xlsx,CPI Timeseries 2012 - 2025!AQ138
QAT,2016,0.860144,0.182115,65.2655,0.581867,0.171065,61.0,data/governance/wgi/wgidataset_with_sourcedata-2025.xlsx,cc!I3619,rl!I3709,data/governance/cpi/CPI2025_Results.xlsx,CPI Timeseries 2012 - 2025!AN138
QAT,2017,0.745791,0.183365,62.9508,0.470148,0.171501,63.0,data/governance/wgi/wgidataset_with_sourcedata-2025.xlsx,cc!I3831,rl!I3921,data/governance/cpi/CPI2025_Results.xlsx,CPI Timeseries 2012 - 2025!AJ138
QAT,2018,0.749374,0.183365,63.0233,0.463906,0.174882,62.0,data/governance/wgi/wgidataset_with_sourcedata-2025.xlsx,cc!I4042,rl!I4135,data/governance/cpi/CPI2025_Results.xlsx,CPI Timeseries 2012 - 2025!AF138
QAT,2019,0.877618,0.183365,65.6192,0.493862,0.174882,62.0,data/governance/wgi/wgidataset_with_sourcedata-2025.xlsx,cc!I4253,rl!I4350,data/governance/cpi/CPI2025_Results.xlsx,CPI Timeseries 2012 - 2025!AB138
QAT,2020,0.874682,0.183365,65.5597,0.478632,0.188209,63.0,data/governance/wgi/wgidataset_with_sourcedata-2025.xlsx,cc!I4464,rl!I4565,data/governance/cpi/CPI2025_Results.xlsx,CPI Timeseries 2012 - 2025!X138
QAT,2021,0.839443,0.183365,64.8464,0.500334,0.188209,63.0,data/governance/wgi/wgidataset_with_sourcedata-2025.xlsx,cc!I4677,rl!I4780,data/governance/cpi/CPI2025_Results.xlsx,CPI Timeseries 2012 - 2025!T138
QAT,2022,0.819767,0.183365,64.4482,0.597746,0.183201,58.0,data/governance/wgi/wgidataset_with_sourcedata-2025.xlsx,cc!I4892,rl!I4995,data/governance/cpi/CPI2025_Results.xlsx,CPI Timeseries 2012 - 2025!P138
QAT,2023,0.775774,0.183745,63.5577,0.572864,0.186655,58.0,data/governance/wgi/wgidataset_with_sourcedata-2025.xlsx,cc!I5107,rl!I5210,data/governance/cpi/CPI2025_Results.xlsx,CPI Timeseries 2012 - 2025!L138
QAT,2024,0.754829,0.183745,63.1337,0.589593,0.186655,59.0,data/governance/wgi/wgidataset_with_sourcedata-2025.xlsx,cc!I5322,rl!I5425,data/governance/cpi/CPI2025_Results.xlsx,CPI Timeseries 2012 - 2025!H138
QAT,2025,,,,,,58.0,,,,data/governance/cpi/CPI2025_Results.xlsx,CPI Timeseries 2012 - 2025!D138
ROU,1996,-0.257055,0.231675,42.6516,-0.0366,0.20052,,data/governance/wgi/wgidataset_with_sourcedata-2025.xlsx,cc!I146,rl!I154,,
ROU,1998,-0.434063,0.230289,39.0687,-0.158868,0.20052,,data/governance/wgi/wgidataset_with_sourcedata-2025.xlsx,cc!I334,rl!I354,,
ROU,2000,-0.551398,0.213756,36.6937,-0.292459,0.1909,,data/governance/wgi/wgidataset_with_sourcedata-2025.xlsx,cc!I522,rl!I554,,
ROU,2002,-0.565959,0.213756,36.3989,-0.254425,0.182999,,data/governance/wgi/wgidataset_with_sourcedata-2025.xlsx,cc!I711,rl!I756,,
ROU,2003,-0.553062,0.196956,36.66,-0.281582,0.174278,,data/governance/wgi/wgidataset_with_sourcedata-2025.xlsx,cc!I901,rl!I958,,
ROU,2004,-0.328193,0.176693,41.2117,-0.150069,0.167937,,data/governance/wgi/wgidataset_with_sourcedata-2025.xlsx,cc!I1101,rl!I1166,,
ROU,2005,-0.353771,0.176693,40.6939,-0.091147,0.167937,,data/governance/wgi/wgidataset_with_sourcedata-2025.xlsx,cc!I1307,rl!I1376,,
ROU,2006,-0.254915,0.174214,42.695,0.019925,0.163715,,data/governance/wgi/wgidataset_with_sourcedata-2025.xlsx,cc!I1513,rl!I1586,,
ROU,2007,-0.335324,0.174214,41.0674,0.044931,0.163715,,data/governance/wgi/wgidataset_with_sourcedata-2025.xlsx,cc!I1720,rl!I1796,,
ROU,2008,-0.294165,0.174214,41.9005,0.092573,0.163715,,data/governance/wgi/wgidataset_with_sourcedata-2025.xlsx,cc!I1928,rl!I2006,,
ROU,2009,-0.324656,0.174214,41.2833,0.119007,0.163715,,data/governance/wgi/wgidataset_with_sourcedata-2025.xlsx,cc!I2138,rl!I2218,,
ROU,2010,-0.292581,0.165708,41.9325,0.103688,0.162277,,data/governance/wgi/wgidataset_with_sourcedata-2025.xlsx,cc!I2348,rl!I2430,,
ROU,2011,-0.177946,0.15105,44.2529,0.152092,0.137195,,data/governance/wgi/wgidataset_with_sourcedata-2025.xlsx,cc!I2560,rl!I2643,,
ROU,2012,-0.358729,0.15105,40.5936,0.146806,0.137195,44.0,data/governance/wgi/wgidataset_with_sourcedata-2025.xlsx,cc!I2772,rl!I2857,data/governance/cpi/CPI2025_Results.xlsx,CPI Timeseries 2012 - 2025!AZ161
ROU,2013,-0.282036,0.151933,42.146,0.205122,0.139416,43.0,data/governance/wgi/wgidataset_with_sourcedata-2025.xlsx,cc!I2984,rl!I3071,data/governance/cpi/CPI2025_Results.xlsx,CPI Timeseries 2012 - 2025!AW161
ROU,2014,-0.230694,0.151933,43.1852,0.365342,0.139416,43.0,data/governance/wgi/wgidataset_with_sourcedata-2025.xlsx,cc!I3196,rl!I3285,data/governance/cpi/CPI2025_Results.xlsx,CPI Timeseries 2012 - 2025!AT161
ROU,2015,-0.098038,0.151933,45.8704,0.385617,0.139416,46.0,data/governance/wgi/wgidataset_with_sourcedata-2025.xlsx,cc!I3409,rl!I3499,data/governance/cpi/CPI2025_Results.xlsx,CPI Timeseries 2012 - 2025!AQ161
ROU,2016,-0.069865,0.151933,46.4406,0.37024,0.139416,48.0,data/governance/wgi/wgidataset_with_sourcedata-2025.xlsx,cc!I3621,rl!I3711,data/governance/cpi/CPI2025_Results.xlsx,CPI Timeseries 2012 - 2025!AN161
ROU,2017,-0.048988,0.151933,46.8632,0.395806,0.139416,48.0,data/governance/wgi/wgidataset_with_sourcedata-2025.xlsx,cc!I3833,rl!I3923,data/governance/cpi/CPI2025_Results.xlsx,CPI Timeseries 2012 - 2025!AJ161
ROU,2018,-0.168955,0.152762,44.4349,0.307046,0.141239,47.0,data/governance/wgi/wgidataset_with_sourcedata-2025.xlsx,cc!I4044,rl!I4137,data/governance/cpi/CPI2025_Results.xlsx,CPI Timeseries 2012 - 2025!AF161
ROU,2019,-0.119922,0.152762,45.4274,0.366777,0.141239,44.0,data/governance/wgi/wgidataset_with_sourcedata-2025.xlsx,cc!I4255,rl!I4352,data/governance/cpi/CPI2025_Results.xlsx,CPI Timeseries 2012 - 2025!AB161
ROU,2020,-0.049722,0.152762,46.8484,0.459373,0.147985,44.0,data/governance/wgi/wgidataset_with_sourcedata-2025.xlsx,cc!I4466,rl!I4567,data/governance/cpi/CPI2025_Results.xlsx,CPI Timeseries 2012 - 2025!X161
ROU,2021,0.009605,0.152762,48.0492,0.461558,0.147985,45.0,data/governance/wgi/wgidataset_with_sourcedata-2025.xlsx,cc!I4679,rl!I4782,data/governance/cpi/CPI2025_Results.xlsx,CPI Timeseries 2012 - 2025!T161
ROU,2022,0.066215,0.152762,49.1951,0.435233,0.145514,46.0,data/governance/wgi/wgidataset_with_sourcedata-2025.xlsx,cc!I4894,rl!I4997,data/governance/cpi/CPI2025_Results.xlsx,CPI Timeseries 2012 - 2025!P161
ROU,2023,0.031492,0.151682,48.4923,0.411846,0.144832,46.0,data/governance/wgi/wgidataset_with_sourcedata-2025.xlsx,cc!I5109,rl!I5212,data/governance/cpi/CPI2025_Results.xlsx,CPI Timeseries 2012 - 2025!L161
ROU,2024,0.025973,0.151682,48.3806,0.371099,0.144832,46.0,data/governance/wgi/wgidataset_with_sourcedata-2025.xlsx,cc!I5324,rl!I5427,data/governance/cpi/CPI2025_Results.xlsx,CPI Timeseries 2012 - 2025!H161
ROU,2025,,,,,,45.0,,,,data/governance/cpi/CPI2025_Results.xlsx,CPI Timeseries 2012 - 2025!D161
RWA,1996,-0.80338,0.343049,31.5932,-1.523448,0.298276,,data/governance/wgi/wgidataset_with_sourcedata-2025.xlsx,cc!I148,rl!I156,,
RWA,1998,-0.806155,0.343049,31.537,-1.518229,0.298276,,data/governance/wgi/wgidataset_with_sourcedata-2025.xlsx,cc!I336,rl!I356,,
RWA,2000,-0.748624,0.343049,32.7015,-1.376078,0.298276,,data/governance/wgi/wgidataset_with_sourcedata-2025.xlsx,cc!I524,rl!I556,,
RWA,2002,-0.715577,0.343049,33.3704,-1.094565,0.270561,,data/governance/wgi/wgidataset_with_sourcedata-2025.xlsx,cc!I713,rl!I758,,
RWA,2003,-0.717537,0.343049,33.3308,-1.01647,0.270561,,data/governance/wgi/wgidataset_with_sourcedata-2025.xlsx,cc!I903,rl!I960,,
RWA,2004,-0.358342,0.236465,40.6014,-0.870006,0.215468,,data/governance/wgi/wgidataset_with_sourcedata-2025.xlsx,cc!I1103,rl!I1168,,
RWA,2005,-0.359755,0.222847,40.5728,-0.841357,0.190598,,data/governance/wgi/wgidataset_with_sourcedata-2025.xlsx,cc!I1309,rl!I1378,,
RWA,2006,-0.224057,0.189899,43.3196,-0.756246,0.164084,,data/governance/wgi/wgidataset_with_sourcedata-2025.xlsx,cc!I1515,rl!I1588,,
RWA,2007,-0.129058,0.189899,45.2425,-0.684834,0.164084,,data/governance/wgi/wgidataset_with_sourcedata-2025.xlsx,cc!I1722,rl!I1798,,
RWA,2008,0.045909,0.189899,48.7841,-0.561598,0.164084,,data/governance/wgi/wgidataset_with_sourcedata-2025.xlsx,cc!I1930,rl!I2008,,
RWA,2009,0.032547,0.188183,48.5136,-0.624173,0.160497,,data/governance/wgi/wgidataset_with_sourcedata-2025.xlsx,cc!I2140,rl!I2220,,
RWA,2010,0.277829,0.179672,53.4785,-0.460377,0.155467,,data/governance/wgi/wgidataset_with_sourcedata-2025.xlsx,cc!I2350,rl!I2432,,
RWA,2011,0.293946,0.179672,53.8047,-0.416697,0.155467,,data/governance/wgi/wgidataset_with_sourcedata-2025.xlsx,cc!I2562,rl!I2645,,
RWA,2012,0.427132,0.182615,56.5006,-0.322885,0.159765,53.0,data/governance/wgi/wgidataset_with_sourcedata-2025.xlsx,cc!I2774,rl!I2859,data/governance/cpi/CPI2025_Results.xlsx,CPI Timeseries 2012 - 2025!AZ141
RWA,2013,0.427797,0.182615,56.5141,-0.288909,0.159765,53.0,data/governance/wgi/wgidataset_with_sourcedata-2025.xlsx,cc!I2986,rl!I3073,data/governance/cpi/CPI2025_Results.xlsx,CPI Timeseries 2012 - 2025!AW141
RWA,2014,0.489623,0.182615,57.7655,-0.218923,0.159765,49.0,data/governance/wgi/wgidataset_with_sourcedata-2025.xlsx,cc!I3198,rl!I3287,data/governance/cpi/CPI2025_Results.xlsx,CPI Timeseries 2012 - 2025!AT141
RWA,2015,0.500082,0.182615,57.9773,-0.15825,0.159765,54.0,data/governance/wgi/wgidataset_with_sourcedata-2025.xlsx,cc!I3411,rl!I3501,data/governance/cpi/CPI2025_Results.xlsx,CPI Timeseries 2012 - 2025!AQ141
RWA,2016,0.580753,0.182615,59.6102,-0.123322,0.159765,54.0,data/governance/wgi/wgidataset_with_sourcedata-2025.xlsx,cc!I3623,rl!I3713,data/governance/cpi/CPI2025_Results.xlsx,CPI Timeseries 2012 - 2025!AN141
RWA,2017,0.50619,0.18316,58.1009,-0.138635,0.159765,55.0,data/governance/wgi/wgidataset_with_sourcedata-2025.xlsx,cc!I3835,rl!I3925,data/governance/cpi/CPI2025_Results.xlsx,CPI Timeseries 2012 - 2025!AJ141
RWA,2018,0.436208,0.18316,56.6844,-0.143414,0.162489,56.0,data/governance/wgi/wgidataset_with_sourcedata-2025.xlsx,cc!I4046,rl!I4139,data/governance/cpi/CPI2025_Results.xlsx,CPI Timeseries 2012 - 2025!AF141
RWA,2019,0.452013,0.18316,57.0043,-0.14057,0.162489,53.0,data/governance/wgi/wgidataset_with_sourcedata-2025.xlsx,cc!I4257,rl!I4354,data/governance/cpi/CPI2025_Results.xlsx,CPI Timeseries 2012 - 2025!AB141
RWA,2020,0.513466,0.18316,58.2482,-0.031487,0.17301,54.0,data/governance/wgi/wgidataset_with_sourcedata-2025.xlsx,cc!I4468,rl!I4569,data/governance/cpi/CPI2025_Results.xlsx,CPI Timeseries 2012 - 2025!X141
RWA,2021,0.469499,0.163913,57.3582,0.019033,0.143499,53.0,data/governance/wgi/wgidataset_with_sourcedata-2025.xlsx,cc!I4681,rl!I4784,data/governance/cpi/CPI2025_Results.xlsx,CPI Timeseries 2012 - 2025!T141
RWA,2022,0.527954,0.163913,58.5414,0.006763,0.141242,51.0,data/governance/wgi/wgidataset_with_sourcedata-2025.xlsx,cc!I4896,rl!I4999,data/governance/cpi/CPI2025_Results.xlsx,CPI Timeseries 2012 - 2025!P141
RWA,2023,0.68085,0.162581,61.6363,0.071476,0.140619,53.0,data/governance/wgi/wgidataset_with_sourcedata-2025.xlsx,cc!I5111,rl!I5214,data/governance/cpi/CPI2025_Results.xlsx,CPI Timeseries 2012 - 2025!L141
RWA,2024,0.625494,0.162581,60.5158,0.100276,0.140619,57.0,data/governance/wgi/wgidataset_with_sourcedata-2025.xlsx,cc!I5326,rl!I5429,data/governance/cpi/CPI2025_Results.xlsx,CPI Timeseries 2012 - 2025!H141
RWA,2025,,,,,,58.0,,,,data/governance/cpi/CPI2025_Results.xlsx,CPI Timeseries 2012 - 2025!D141
SAU,1996,-0.381772,0.231675,40.1272,0.208554,0.20834,,data/governance/wgi/wgidataset_with_sourcedata-2025.xlsx,cc!I149,rl!I157,,
SAU,1998,-0.383038,0.231675,40.1015,0.029044,0.20834,,data/governance/wgi/wgidataset_with_sourcedata-2025.xlsx,cc!I337,rl!I357,,
SAU,2000,-0.386739,0.231675,40.0266,-0.23575,0.20834,,data/governance/wgi/wgidataset_with_sourcedata-2025.xlsx,cc!I525,rl!I557,,
SAU,2002,-0.03961,0.217228,47.0531,-0.146161,0.188943,,data/governance/wgi/wgidataset_with_sourcedata-2025.xlsx,cc!I714,rl!I759,,
SAU,2003,-0.273557,0.217228,42.3176,-0.108076,0.188943,,data/governance/wgi/wgidataset_with_sourcedata-2025.xlsx,cc!I904,rl!I961,,
SAU,2004,-0.478162,0.197157,38.1761,-0.082652,0.188943,,data/governance/wgi/wgidataset_with_sourcedata-2025.xlsx,cc!I1104,rl!I1169,,
SAU,2005,-0.402185,0.197157,39.714,-0.234286,0.183052,,data/governance/wgi/wgidataset_with_sourcedata-2025.xlsx,cc!I1310,rl!I1379,,
SAU,2006,-0.326085,0.197157,41.2544,-0.129668,0.182523,,data/governance/wgi/wgidataset_with_sourcedata-2025.xlsx,cc!I1516,rl!I1589,,
SAU,2007,-0.321981,0.197157,41.3374,-0.157464,0.182523,,data/governance/wgi/wgidataset_with_sourcedata-2025.xlsx,cc!I1723,rl!I1799,,
SAU,2008,-0.201515,0.195605,43.7758,-0.191094,0.182523,,data/governance/wgi/wgidataset_with_sourcedata-2025.xlsx,cc!I1931,rl!I2009,,
SAU,2009,-0.26165,0.192001,42.5586,-0.304432,0.176191,,data/governance/wgi/wgidataset_with_sourcedata-2025.xlsx,cc!I2141,rl!I2221,,
SAU,2010,-0.121664,0.192001,45.3922,-0.179589,0.176191,,data/governance/wgi/wgidataset_with_sourcedata-2025.xlsx,cc!I2351,rl!I2433,,
SAU,2011,-0.213199,0.192001,43.5394,-0.157651,0.173278,,data/governance/wgi/wgidataset_with_sourcedata-2025.xlsx,cc!I2563,rl!I2646,,
SAU,2012,-0.195062,0.192001,43.9065,-0.186143,0.173278,44.0,data/governance/wgi/wgidataset_with_sourcedata-2025.xlsx,cc!I2775,rl!I2860,data/governance/cpi/CPI2025_Results.xlsx,CPI Timeseries 2012 - 2025!AZ145
SAU,2013,-0.177568,0.192001,44.2606,-0.20268,0.173278,46.0,data/governance/wgi/wgidataset_with_sourcedata-2025.xlsx,cc!I2987,rl!I3074,data/governance/cpi/CPI2025_Results.xlsx,CPI Timeseries 2012 - 2025!AW145
SAU,2014,-0.250878,0.192001,42.7767,-0.434598,0.173278,49.0,data/governance/wgi/wgidataset_with_sourcedata-2025.xlsx,cc!I3199,rl!I3288,data/governance/cpi/CPI2025_Results.xlsx,CPI Timeseries 2012 - 2025!AT145
SAU,2015,-0.140992,0.195605,45.0009,-0.267793,0.17929,52.0,data/governance/wgi/wgidataset_with_sourcedata-2025.xlsx,cc!I3412,rl!I3502,data/governance/cpi/CPI2025_Results.xlsx,CPI Timeseries 2012 - 2025!AQ145
SAU,2016,0.120385,0.182486,50.2916,-0.199982,0.173867,46.0,data/governance/wgi/wgidataset_with_sourcedata-2025.xlsx,cc!I3624,rl!I3714,data/governance/cpi/CPI2025_Results.xlsx,CPI Timeseries 2012 - 2025!AN145
SAU,2017,0.110001,0.183745,50.0814,-0.332739,0.170872,49.0,data/governance/wgi/wgidataset_with_sourcedata-2025.xlsx,cc!I3836,rl!I3926,data/governance/cpi/CPI2025_Results.xlsx,CPI Timeseries 2012 - 2025!AJ145
SAU,2018,0.155631,0.183745,51.005,-0.232645,0.173759,49.0,data/governance/wgi/wgidataset_with_sourcedata-2025.xlsx,cc!I4047,rl!I4140,data/governance/cpi/CPI2025_Results.xlsx,CPI Timeseries 2012 - 2025!AF145
SAU,2019,0.213028,0.183745,52.1668,-0.169569,0.173759,53.0,data/governance/wgi/wgidataset_with_sourcedata-2025.xlsx,cc!I4258,rl!I4355,data/governance/cpi/CPI2025_Results.xlsx,CPI Timeseries 2012 - 2025!AB145
SAU,2020,0.32153,0.183745,54.3631,-0.179336,0.186811,53.0,data/governance/wgi/wgidataset_with_sourcedata-2025.xlsx,cc!I4469,rl!I4570,data/governance/cpi/CPI2025_Results.xlsx,CPI Timeseries 2012 - 2025!X145
SAU,2021,0.236523,0.183745,52.6424,-0.165875,0.186811,53.0,data/governance/wgi/wgidataset_with_sourcedata-2025.xlsx,cc!I4682,rl!I4785,data/governance/cpi/CPI2025_Results.xlsx,CPI Timeseries 2012 - 2025!T145
SAU,2022,0.27674,0.183745,53.4565,0.039323,0.181911,51.0,data/governance/wgi/wgidataset_with_sourcedata-2025.xlsx,cc!I4897,rl!I5000,data/governance/cpi/CPI2025_Results.xlsx,CPI Timeseries 2012 - 2025!P145
SAU,2023,0.476953,0.181874,57.5091,0.116564,0.180585,52.0,data/governance/wgi/wgidataset_with_sourcedata-2025.xlsx,cc!I5112,rl!I5215,data/governance/cpi/CPI2025_Results.xlsx,CPI Timeseries 2012 - 2025!L145
SAU,2024,0.752827,0.181874,63.0932,0.210355,0.180585,59.0,data/governance/wgi/wgidataset_with_sourcedata-2025.xlsx,cc!I5327,rl!I5430,data/governance/cpi/CPI2025_Results.xlsx,CPI Timeseries 2012 - 2025!H145
SAU,2025,,,,,,57.0,,,,data/governance/cpi/CPI2025_Results.xlsx,CPI Timeseries 2012 - 2025!D145
SGP,1996,1.958221,0.199662,87.4922,1.421437,0.186813,,data/governance/wgi/wgidataset_with_sourcedata-2025.xlsx,cc!I152,rl!I160,,
SGP,1998,1.873546,0.199662,85.7783,1.364345,0.186813,,data/governance/wgi/wgidataset_with_sourcedata-2025.xlsx,cc!I340,rl!I360,,
SGP,2000,1.900361,0.199662,86.3211,1.465851,0.186813,,data/governance/wgi/wgidataset_with_sourcedata-2025.xlsx,cc!I528,rl!I560,,
SGP,2002,2.110951,0.199662,90.5837,1.43361,0.179389,,data/governance/wgi/wgidataset_with_sourcedata-2025.xlsx,cc!I717,rl!I762,,
SGP,2003,2.104587,0.199662,90.4549,1.477489,0.179389,,data/governance/wgi/wgidataset_with_sourcedata-2025.xlsx,cc!I907,rl!I964,,
SGP,2004,2.003943,0.183195,88.4177,1.501368,0.179389,,data/governance/wgi/wgidataset_with_sourcedata-2025.xlsx,cc!I1107,rl!I1172,,
SGP,2005,2.003037,0.183195,88.3994,1.519886,0.174324,,data/governance/wgi/wgidataset_with_sourcedata-2025.xlsx,cc!I1313,rl!I1382,,
SGP,2006,2.149933,0.180433,91.3728,1.43829,0.173864,,data/governance/wgi/wgidataset_with_sourcedata-2025.xlsx,cc!I1519,rl!I1592,,
SGP,2007,2.169916,0.180433,91.7773,1.419882,0.173864,,data/governance/wgi/wgidataset_with_sourcedata-2025.xlsx,cc!I1726,rl!I1802,,
SGP,2008,2.168403,0.180433,91.7466,1.418327,0.173864,,data/governance/wgi/wgidataset_with_sourcedata-2025.xlsx,cc!I1934,rl!I2012,,
SGP,2009,2.140881,0.180433,91.1896,1.378354,0.173864,,data/governance/wgi/wgidataset_with_sourcedata-2025.xlsx,cc!I2144,rl!I2224,,
SGP,2010,2.07204,0.180433,89.7961,1.392909,0.173864,,data/governance/wgi/wgidataset_with_sourcedata-2025.xlsx,cc!I2354,rl!I2436,,
SGP,2011,2.072546,0.161951,89.8063,1.42059,0.143986,,data/governance/wgi/wgidataset_with_sourcedata-2025.xlsx,cc!I2566,rl!I2649,,
SGP,2012,2.088178,0.161951,90.1228,1.553214,0.143986,87.0,data/governance/wgi/wgidataset_with_sourcedata-2025.xlsx,cc!I2778,rl!I2863,data/governance/cpi/CPI2025_Results.xlsx,CPI Timeseries 2012 - 2025!AZ150
SGP,2013,2.054313,0.161951,89.4373,1.483511,0.143986,86.0,data/governance/wgi/wgidataset_with_sourcedata-2025.xlsx,cc!I2990,rl!I3077,data/governance/cpi/CPI2025_Results.xlsx,CPI Timeseries 2012 - 2025!AW150
SGP,2014,2.056046,0.161951,89.4724,1.539357,0.143986,84.0,data/governance/wgi/wgidataset_with_sourcedata-2025.xlsx,cc!I3202,rl!I3291,data/governance/cpi/CPI2025_Results.xlsx,CPI Timeseries 2012 - 2025!AT150
SGP,2015,2.079986,0.161951,89.9569,1.546071,0.143986,85.0,data/governance/wgi/wgidataset_with_sourcedata-2025.xlsx,cc!I3415,rl!I3505,data/governance/cpi/CPI2025_Results.xlsx,CPI Timeseries 2012 - 2025!AQ150
SGP,2016,2.10442,0.16233,90.4515,1.547376,0.143986,84.0,data/governance/wgi/wgidataset_with_sourcedata-2025.xlsx,cc!I3627,rl!I3717,data/governance/cpi/CPI2025_Results.xlsx,CPI Timeseries 2012 - 2025!AN150
SGP,2017,2.112505,0.16233,90.6152,1.49284,0.143986,84.0,data/governance/wgi/wgidataset_with_sourcedata-2025.xlsx,cc!I3839,rl!I3929,data/governance/cpi/CPI2025_Results.xlsx,CPI Timeseries 2012 - 2025!AJ150
SGP,2018,2.125436,0.16233,90.8769,1.533713,0.14597,85.0,data/governance/wgi/wgidataset_with_sourcedata-2025.xlsx,cc!I4050,rl!I4143,data/governance/cpi/CPI2025_Results.xlsx,CPI Timeseries 2012 - 2025!AF150
SGP,2019,2.11887,0.163431,90.744,1.52637,0.145971,85.0,data/governance/wgi/wgidataset_with_sourcedata-2025.xlsx,cc!I4261,rl!I4358,data/governance/cpi/CPI2025_Results.xlsx,CPI Timeseries 2012 - 2025!AB150
SGP,2020,2.127292,0.16233,90.9145,1.470385,0.153454,85.0,data/governance/wgi/wgidataset_with_sourcedata-2025.xlsx,cc!I4472,rl!I4573,data/governance/cpi/CPI2025_Results.xlsx,CPI Timeseries 2012 - 2025!X150
SGP,2021,2.080064,0.16233,89.9585,1.432747,0.153454,85.0,data/governance/wgi/wgidataset_with_sourcedata-2025.xlsx,cc!I4685,rl!I4788,data/governance/cpi/CPI2025_Results.xlsx,CPI Timeseries 2012 - 2025!T150
SGP,2022,2.032994,0.16233,89.0058,1.427907,0.148456,83.0,data/governance/wgi/wgidataset_with_sourcedata-2025.xlsx,cc!I4900,rl!I5003,data/governance/cpi/CPI2025_Results.xlsx,CPI Timeseries 2012 - 2025!P150
SGP,2023,1.924096,0.161036,86.8015,1.424444,0.147732,83.0,data/governance/wgi/wgidataset_with_sourcedata-2025.xlsx,cc!I5115,rl!I5218,data/governance/cpi/CPI2025_Results.xlsx,CPI Timeseries 2012 - 2025!L150
SGP,2024,1.968122,0.161036,87.6926,1.431176,0.147732,84.0,data/governance/wgi/wgidataset_with_sourcedata-2025.xlsx,cc!I5330,rl!I5433,data/governance/cpi/CPI2025_Results.xlsx,CPI Timeseries 2012 - 2025!H150
SGP,2025,,,,,,84.0,,,,data/governance/cpi/CPI2025_Results.xlsx,CPI Timeseries 2012 - 2025!D150
SLV,1996,-0.881152,0.217228,30.019,-0.852566,0.195916,,data/governance/wgi/wgidataset_with_sourcedata-2025.xlsx,cc!I155,rl!I163,,
SLV,1998,-0.742136,0.217228,32.8329,-0.6995,0.195916,,data/governance/wgi/wgidataset_with_sourcedata-2025.xlsx,cc!I343,rl!I363,,
SLV,2000,-0.720027,0.217228,33.2804,-0.866749,0.195916,,data/governance/wgi/wgidataset_with_sourcedata-2025.xlsx,cc!I531,rl!I563,,
SLV,2002,-0.726071,0.217168,33.158,-0.705192,0.187404,,data/governance/wgi/wgidataset_with_sourcedata-2025.xlsx,cc!I720,rl!I765,,
SLV,2003,-0.547823,0.217168,36.7661,-0.678622,0.187404,,data/governance/wgi/wgidataset_with_sourcedata-2025.xlsx,cc!I910,rl!I967,,
SLV,2004,-0.383569,0.1905,40.0908,-0.46791,0.184675,,data/governance/wgi/wgidataset_with_sourcedata-2025.xlsx,cc!I1110,rl!I1175,,
SLV,2005,-0.424274,0.1905,39.2669,-0.498401,0.179163,,data/governance/wgi/wgidataset_with_sourcedata-2025.xlsx,cc!I1316,rl!I1385,,
SLV,2006,-0.376433,0.189099,40.2352,-0.654569,0.178666,,data/governance/wgi/wgidataset_with_sourcedata-2025.xlsx,cc!I1522,rl!I1595,,
SLV,2007,-0.413931,0.189099,39.4762,-0.68932,0.178666,,data/governance/wgi/wgidataset_with_sourcedata-2025.xlsx,cc!I1729,rl!I1805,,
SLV,2008,-0.410106,0.1885,39.5537,-0.671414,0.178666,,data/governance/wgi/wgidataset_with_sourcedata-2025.xlsx,cc!I1937,rl!I2015,,
SLV,2009,-0.253209,0.185268,42.7295,-0.692353,0.172714,,data/governance/wgi/wgidataset_with_sourcedata-2025.xlsx,cc!I2147,rl!I2227,,
SLV,2010,-0.255999,0.185268,42.673,-0.799978,0.172714,,data/governance/wgi/wgidataset_with_sourcedata-2025.xlsx,cc!I2357,rl!I2439,,
SLV,2011,-0.168123,0.16542,44.4518,-0.681652,0.143331,,data/governance/wgi/wgidataset_with_sourcedata-2025.xlsx,cc!I2569,rl!I2652,,
SLV,2012,-0.412828,0.16542,39.4986,-0.810537,0.143331,38.0,data/governance/wgi/wgidataset_with_sourcedata-2025.xlsx,cc!I2781,rl!I2866,data/governance/cpi/CPI2025_Results.xlsx,CPI Timeseries 2012 - 2025!AZ55
SLV,2013,-0.345409,0.16542,40.8632,-0.681355,0.143331,38.0,data/governance/wgi/wgidataset_with_sourcedata-2025.xlsx,cc!I2993,rl!I3080,data/governance/cpi/CPI2025_Results.xlsx,CPI Timeseries 2012 - 2025!AW55
SLV,2014,-0.484863,0.167708,38.0405,-0.609711,0.146678,39.0,data/governance/wgi/wgidataset_with_sourcedata-2025.xlsx,cc!I3205,rl!I3294,data/governance/cpi/CPI2025_Results.xlsx,CPI Timeseries 2012 - 2025!AT55
SLV,2015,-0.523623,0.167708,37.2559,-0.767568,0.146678,39.0,data/governance/wgi/wgidataset_with_sourcedata-2025.xlsx,cc!I3418,rl!I3508,data/governance/cpi/CPI2025_Results.xlsx,CPI Timeseries 2012 - 2025!AQ55
SLV,2016,-0.562798,0.167708,36.4629,-0.745928,0.146678,36.0,data/governance/wgi/wgidataset_with_sourcedata-2025.xlsx,cc!I3630,rl!I3720,data/governance/cpi/CPI2025_Results.xlsx,CPI Timeseries 2012 - 2025!AN55
SLV,2017,-0.52825,0.167708,37.1622,-0.861037,0.146678,33.0,data/governance/wgi/wgidataset_with_sourcedata-2025.xlsx,cc!I3842,rl!I3932,data/governance/cpi/CPI2025_Results.xlsx,CPI Timeseries 2012 - 2025!AJ55
SLV,2018,-0.579658,0.167708,36.1217,-0.831723,0.148777,35.0,data/governance/wgi/wgidataset_with_sourcedata-2025.xlsx,cc!I4053,rl!I4146,data/governance/cpi/CPI2025_Results.xlsx,CPI Timeseries 2012 - 2025!AF55
SLV,2019,-0.520832,0.167708,37.3124,-0.748971,0.148777,34.0,data/governance/wgi/wgidataset_with_sourcedata-2025.xlsx,cc!I4264,rl!I4361,data/governance/cpi/CPI2025_Results.xlsx,CPI Timeseries 2012 - 2025!AB55
SLV,2020,-0.510744,0.167708,37.5166,-0.691056,0.156725,36.0,data/governance/wgi/wgidataset_with_sourcedata-2025.xlsx,cc!I4475,rl!I4576,data/governance/cpi/CPI2025_Results.xlsx,CPI Timeseries 2012 - 2025!X55
SLV,2021,-0.561666,0.167708,36.4858,-0.83512,0.156725,34.0,data/governance/wgi/wgidataset_with_sourcedata-2025.xlsx,cc!I4688,rl!I4791,data/governance/cpi/CPI2025_Results.xlsx,CPI Timeseries 2012 - 2025!T55
SLV,2022,-0.680151,0.167708,34.0875,-0.964698,0.153798,33.0,data/governance/wgi/wgidataset_with_sourcedata-2025.xlsx,cc!I4903,rl!I5006,data/governance/cpi/CPI2025_Results.xlsx,CPI Timeseries 2012 - 2025!P55
SLV,2023,-0.609957,0.166281,35.5084,-0.707076,0.152994,31.0,data/governance/wgi/wgidataset_with_sourcedata-2025.xlsx,cc!I5118,rl!I5221,data/governance/cpi/CPI2025_Results.xlsx,CPI Timeseries 2012 - 2025!L55
SLV,2024,-0.576588,0.166692,36.1838,-0.713359,0.152994,30.0,data/governance/wgi/wgidataset_with_sourcedata-2025.xlsx,cc!I5333,rl!I5436,data/governance/cpi/CPI2025_Results.xlsx,CPI Timeseries 2012 - 2025!H55
SLV,2025,,,,,,32.0,,,,data/governance/cpi/CPI2025_Results.xlsx,CPI Timeseries 2012 - 2025!D55
SRB,1996,-1.035188,0.231675,26.901,-1.183366,0.232044,,data/governance/wgi/wgidataset_with_sourcedata-2025.xlsx,cc!I157,rl!I166,,
SRB,1998,-1.290409,0.230289,21.735,-1.279502,0.221382,,data/governance/wgi/wgidataset_with_sourcedata-2025.xlsx,cc!I345,rl!I366,,
SRB,2000,-1.170131,0.227477,24.1696,-1.40884,0.221288,,data/governance/wgi/wgidataset_with_sourcedata-2025.xlsx,cc!I533,rl!I566,,
SRB,2002,-1.165171,0.227477,24.27,-0.890929,0.19136,,data/governance/wgi/wgidataset_with_sourcedata-2025.xlsx,cc!I722,rl!I768,,
SRB,2003,-0.749599,0.213756,32.6818,-0.877199,0.182999,,data/governance/wgi/wgidataset_with_sourcedata-2025.xlsx,cc!I912,rl!I970,,
SRB,2004,-0.609888,0.19455,35.5098,-0.745127,0.182999,,data/governance/wgi/wgidataset_with_sourcedata-2025.xlsx,cc!I1112,rl!I1178,,
SRB,2005,-0.62476,0.193898,35.2087,-0.877127,0.182999,,data/governance/wgi/wgidataset_with_sourcedata-2025.xlsx,cc!I1318,rl!I1388,,
SRB,2006,-0.236653,0.190637,43.0646,-0.433132,0.177574,,data/governance/wgi/wgidataset_with_sourcedata-2025.xlsx,cc!I1524,rl!I1598,,
SRB,2007,-0.310933,0.190637,41.5611,-0.264581,0.191576,,data/governance/wgi/wgidataset_with_sourcedata-2025.xlsx,cc!I1731,rl!I1808,,
SRB,2008,-0.310971,0.190637,41.5603,-0.381913,0.177574,,data/governance/wgi/wgidataset_with_sourcedata-2025.xlsx,cc!I1939,rl!I2018,,
SRB,2009,-0.334054,0.190637,41.0931,-0.411721,0.177574,,data/governance/wgi/wgidataset_with_sourcedata-2025.xlsx,cc!I2149,rl!I2230,,
SRB,2010,-0.365914,0.190637,40.4482,-0.415639,0.177574,,data/governance/wgi/wgidataset_with_sourcedata-2025.xlsx,cc!I2359,rl!I2442,,
SRB,2011,-0.33217,0.190637,41.1312,-0.231686,0.177574,,data/governance/wgi/wgidataset_with_sourcedata-2025.xlsx,cc!I2571,rl!I2655,,
SRB,2012,-0.392706,0.169207,39.9059,-0.213322,0.146072,39.0,data/governance/wgi/wgidataset_with_sourcedata-2025.xlsx,cc!I2783,rl!I2869,data/governance/cpi/CPI2025_Results.xlsx,CPI Timeseries 2012 - 2025!AZ147
SRB,2013,-0.368659,0.170451,40.3926,-0.203697,0.148761,42.0,data/governance/wgi/wgidataset_with_sourcedata-2025.xlsx,cc!I2995,rl!I3083,data/governance/cpi/CPI2025_Results.xlsx,CPI Timeseries 2012 - 2025!AW147
SRB,2014,-0.220857,0.170451,43.3843,-0.070631,0.145408,41.0,data/governance/wgi/wgidataset_with_sourcedata-2025.xlsx,cc!I3207,rl!I3297,data/governance/cpi/CPI2025_Results.xlsx,CPI Timeseries 2012 - 2025!AT147
SRB,2015,-0.323873,0.170451,41.2991,-0.038804,0.145408,40.0,data/governance/wgi/wgidataset_with_sourcedata-2025.xlsx,cc!I3421,rl!I3511,data/governance/cpi/CPI2025_Results.xlsx,CPI Timeseries 2012 - 2025!AQ147
SRB,2016,-0.350741,0.170451,40.7553,-0.069237,0.145408,42.0,data/governance/wgi/wgidataset_with_sourcedata-2025.xlsx,cc!I3633,rl!I3723,data/governance/cpi/CPI2025_Results.xlsx,CPI Timeseries 2012 - 2025!AN147
SRB,2017,-0.408216,0.170451,39.5919,-0.100076,0.145408,41.0,data/governance/wgi/wgidataset_with_sourcedata-2025.xlsx,cc!I3845,rl!I3935,data/governance/cpi/CPI2025_Results.xlsx,CPI Timeseries 2012 - 2025!AJ147
SRB,2018,-0.386952,0.171625,40.0223,-0.099907,0.14748,39.0,data/governance/wgi/wgidataset_with_sourcedata-2025.xlsx,cc!I4056,rl!I4149,data/governance/cpi/CPI2025_Results.xlsx,CPI Timeseries 2012 - 2025!AF147
SRB,2019,-0.363555,0.171625,40.4959,-0.065298,0.14748,39.0,data/governance/wgi/wgidataset_with_sourcedata-2025.xlsx,cc!I4267,rl!I4364,data/governance/cpi/CPI2025_Results.xlsx,CPI Timeseries 2012 - 2025!AB147
SRB,2020,-0.368228,0.171625,40.4013,-0.134853,0.155212,38.0,data/governance/wgi/wgidataset_with_sourcedata-2025.xlsx,cc!I4478,rl!I4579,data/governance/cpi/CPI2025_Results.xlsx,CPI Timeseries 2012 - 2025!X147
SRB,2021,-0.470788,0.172077,38.3254,-0.192635,0.155212,38.0,data/governance/wgi/wgidataset_with_sourcedata-2025.xlsx,cc!I4691,rl!I4794,data/governance/cpi/CPI2025_Results.xlsx,CPI Timeseries 2012 - 2025!T147
SRB,2022,-0.484905,0.172077,38.0396,-0.155955,0.152367,36.0,data/governance/wgi/wgidataset_with_sourcedata-2025.xlsx,cc!I4906,rl!I5009,data/governance/cpi/CPI2025_Results.xlsx,CPI Timeseries 2012 - 2025!P147
SRB,2023,-0.501692,0.172077,37.6998,-0.184038,0.152367,36.0,data/governance/wgi/wgidataset_with_sourcedata-2025.xlsx,cc!I5121,rl!I5224,data/governance/cpi/CPI2025_Results.xlsx,CPI Timeseries 2012 - 2025!L147
SRB,2024,-0.560829,0.170537,36.5028,-0.200078,0.151585,35.0,data/governance/wgi/wgidataset_with_sourcedata-2025.xlsx,cc!I5336,rl!I5439,data/governance/cpi/CPI2025_Results.xlsx,CPI Timeseries 2012 - 2025!H147
SRB,2025,,,,,,33.0,,,,data/governance/cpi/CPI2025_Results.xlsx,CPI Timeseries 2012 - 2025!D147
SVK,1996,0.368113,0.217228,55.306,0.252207,0.19096,,data/governance/wgi/wgidataset_with_sourcedata-2025.xlsx,cc!I160,rl!I169,,
SVK,1998,0.445763,0.216085,56.8778,0.205305,0.19096,,data/governance/wgi/wgidataset_with_sourcedata-2025.xlsx,cc!I348,rl!I369,,
SVK,2000,0.370486,0.213756,55.354,0.234493,0.1909,,data/governance/wgi/wgidataset_with_sourcedata-2025.xlsx,cc!I536,rl!I569,,
SVK,2002,0.041062,0.196956,48.686,0.250183,0.174278,,data/governance/wgi/wgidataset_with_sourcedata-2025.xlsx,cc!I725,rl!I771,,
SVK,2003,0.291052,0.196956,53.7462,0.326489,0.174278,,data/governance/wgi/wgidataset_with_sourcedata-2025.xlsx,cc!I915,rl!I973,,
SVK,2004,0.361581,0.181629,55.1738,0.300885,0.168954,,data/governance/wgi/wgidataset_with_sourcedata-2025.xlsx,cc!I1115,rl!I1181,,
SVK,2005,0.446747,0.181629,56.8977,0.402923,0.168954,,data/governance/wgi/wgidataset_with_sourcedata-2025.xlsx,cc!I1321,rl!I1391,,
SVK,2006,0.478673,0.180414,57.5439,0.430315,0.168537,,data/governance/wgi/wgidataset_with_sourcedata-2025.xlsx,cc!I1527,rl!I1601,,
SVK,2007,0.382559,0.180414,55.5984,0.397177,0.168537,,data/governance/wgi/wgidataset_with_sourcedata-2025.xlsx,cc!I1734,rl!I1811,,
SVK,2008,0.319622,0.180414,54.3245,0.47011,0.168537,,data/governance/wgi/wgidataset_with_sourcedata-2025.xlsx,cc!I1942,rl!I2021,,
SVK,2009,0.180211,0.17894,51.5026,0.377413,0.164657,,data/governance/wgi/wgidataset_with_sourcedata-2025.xlsx,cc!I2152,rl!I2233,,
SVK,2010,0.227961,0.166114,52.4691,0.27066,0.162277,,data/governance/wgi/wgidataset_with_sourcedata-2025.xlsx,cc!I2363,rl!I2445,,
SVK,2011,0.22793,0.166114,52.4685,0.322147,0.162277,,data/governance/wgi/wgidataset_with_sourcedata-2025.xlsx,cc!I2575,rl!I2659,,
SVK,2012,0.177325,0.165708,51.4442,0.334954,0.162277,46.0,data/governance/wgi/wgidataset_with_sourcedata-2025.xlsx,cc!I2787,rl!I2873,data/governance/cpi/CPI2025_Results.xlsx,CPI Timeseries 2012 - 2025!AZ151
SVK,2013,0.149504,0.166876,50.881,0.314473,0.165988,47.0,data/governance/wgi/wgidataset_with_sourcedata-2025.xlsx,cc!I2999,rl!I3087,data/governance/cpi/CPI2025_Results.xlsx,CPI Timeseries 2012 - 2025!AW151
SVK,2014,0.186097,0.166876,51.6217,0.220105,0.165988,50.0,data/governance/wgi/wgidataset_with_sourcedata-2025.xlsx,cc!I3211,rl!I3301,data/governance/cpi/CPI2025_Results.xlsx,CPI Timeseries 2012 - 2025!AT151
SVK,2015,0.192681,0.166876,51.755,0.244653,0.165988,51.0,data/governance/wgi/wgidataset_with_sourcedata-2025.xlsx,cc!I3425,rl!I3515,data/governance/cpi/CPI2025_Results.xlsx,CPI Timeseries 2012 - 2025!AQ151
SVK,2016,0.284117,0.166876,53.6058,0.274349,0.165988,51.0,data/governance/wgi/wgidataset_with_sourcedata-2025.xlsx,cc!I3637,rl!I3727,data/governance/cpi/CPI2025_Results.xlsx,CPI Timeseries 2012 - 2025!AN151
SVK,2017,0.226617,0.166876,52.4419,0.258665,0.165988,50.0,data/governance/wgi/wgidataset_with_sourcedata-2025.xlsx,cc!I3849,rl!I3939,data/governance/cpi/CPI2025_Results.xlsx,CPI Timeseries 2012 - 2025!AJ151
SVK,2018,0.26406,0.167977,53.1998,0.305661,0.16909,50.0,data/governance/wgi/wgidataset_with_sourcedata-2025.xlsx,cc!I4060,rl!I4153,data/governance/cpi/CPI2025_Results.xlsx,CPI Timeseries 2012 - 2025!AF151
SVK,2019,0.249971,0.167977,52.9146,0.367176,0.16909,50.0,data/governance/wgi/wgidataset_with_sourcedata-2025.xlsx,cc!I4271,rl!I4368,data/governance/cpi/CPI2025_Results.xlsx,CPI Timeseries 2012 - 2025!AB151
SVK,2020,0.419732,0.167977,56.3508,0.526588,0.181045,49.0,data/governance/wgi/wgidataset_with_sourcedata-2025.xlsx,cc!I4482,rl!I4583,data/governance/cpi/CPI2025_Results.xlsx,CPI Timeseries 2012 - 2025!X151
SVK,2021,0.3575,0.152762,55.0912,0.707086,0.147985,52.0,data/governance/wgi/wgidataset_with_sourcedata-2025.xlsx,cc!I4695,rl!I4798,data/governance/cpi/CPI2025_Results.xlsx,CPI Timeseries 2012 - 2025!T151
SVK,2022,0.377485,0.152762,55.4957,0.592183,0.145514,53.0,data/governance/wgi/wgidataset_with_sourcedata-2025.xlsx,cc!I4910,rl!I5013,data/governance/cpi/CPI2025_Results.xlsx,CPI Timeseries 2012 - 2025!P151
SVK,2023,0.384619,0.151682,55.6401,0.553448,0.144832,54.0,data/governance/wgi/wgidataset_with_sourcedata-2025.xlsx,cc!I5125,rl!I5228,data/governance/cpi/CPI2025_Results.xlsx,CPI Timeseries 2012 - 2025!L151
SVK,2024,0.11082,0.151682,50.098,0.560943,0.144832,49.0,data/governance/wgi/wgidataset_with_sourcedata-2025.xlsx,cc!I5340,rl!I5443,data/governance/cpi/CPI2025_Results.xlsx,CPI Timeseries 2012 - 2025!H151
SVK,2025,,,,,,48.0,,,,data/governance/cpi/CPI2025_Results.xlsx,CPI Timeseries 2012 - 2025!D151
SVN,1996,1.362353,0.252527,75.4309,1.056344,0.210756,,data/governance/wgi/wgidataset_with_sourcedata-2025.xlsx,cc!I161,rl!I170,,
SVN,1998,1.288543,0.230289,73.9369,1.23532,0.20052,,data/governance/wgi/wgidataset_with_sourcedata-2025.xlsx,cc!I349,rl!I370,,
SVN,2000,0.833301,0.196956,64.7221,0.962445,0.181061,,data/governance/wgi/wgidataset_with_sourcedata-2025.xlsx,cc!I537,rl!I570,,
SVN,2002,0.781122,0.196956,63.6659,0.822552,0.174278,,data/governance/wgi/wgidataset_with_sourcedata-2025.xlsx,cc!I726,rl!I772,,
SVN,2003,0.789752,0.196956,63.8406,0.822172,0.174278,,data/governance/wgi/wgidataset_with_sourcedata-2025.xlsx,cc!I916,rl!I974,,
SVN,2004,0.869854,0.181629,65.462,0.72852,0.168954,,data/governance/wgi/wgidataset_with_sourcedata-2025.xlsx,cc!I1116,rl!I1182,,
SVN,2005,0.836189,0.181629,64.7806,0.766715,0.168954,,data/governance/wgi/wgidataset_with_sourcedata-2025.xlsx,cc!I1322,rl!I1392,,
SVN,2006,0.960858,0.180414,67.3041,0.788534,0.168537,,data/governance/wgi/wgidataset_with_sourcedata-2025.xlsx,cc!I1528,rl!I1602,,
SVN,2007,0.985827,0.180414,67.8095,0.864242,0.168537,,data/governance/wgi/wgidataset_with_sourcedata-2025.xlsx,cc!I1735,rl!I1812,,
SVN,2008,0.882601,0.180414,65.72,0.869983,0.168537,,data/governance/wgi/wgidataset_with_sourcedata-2025.xlsx,cc!I1943,rl!I2022,,
SVN,2009,0.90788,0.180414,66.2317,0.861806,0.168537,,data/governance/wgi/wgidataset_with_sourcedata-2025.xlsx,cc!I2153,rl!I2234,,
SVN,2010,0.728064,0.179893,62.592,0.828931,0.168537,,data/governance/wgi/wgidataset_with_sourcedata-2025.xlsx,cc!I2364,rl!I2446,,
SVN,2011,0.699863,0.179893,62.0211,0.779356,0.168537,,data/governance/wgi/wgidataset_with_sourcedata-2025.xlsx,cc!I2576,rl!I2660,,
SVN,2012,0.684277,0.16156,61.7056,0.79821,0.140916,61.0,data/governance/wgi/wgidataset_with_sourcedata-2025.xlsx,cc!I2788,rl!I2874,data/governance/cpi/CPI2025_Results.xlsx,CPI Timeseries 2012 - 2025!AZ98
SVN,2013,0.600187,0.16156,60.0035,0.738948,0.140916,57.0,data/governance/wgi/wgidataset_with_sourcedata-2025.xlsx,cc!I3000,rl!I3088,data/governance/cpi/CPI2025_Results.xlsx,CPI Timeseries 2012 - 2025!AW98
SVN,2014,0.603671,0.16156,60.0741,0.810213,0.140916,58.0,data/governance/wgi/wgidataset_with_sourcedata-2025.xlsx,cc!I3212,rl!I3302,data/governance/cpi/CPI2025_Results.xlsx,CPI Timeseries 2012 - 2025!AT98
SVN,2015,0.657539,0.16156,61.1644,0.807547,0.140916,60.0,data/governance/wgi/wgidataset_with_sourcedata-2025.xlsx,cc!I3426,rl!I3516,data/governance/cpi/CPI2025_Results.xlsx,CPI Timeseries 2012 - 2025!AQ98
SVN,2016,0.762092,0.16156,63.2807,0.816128,0.140916,61.0,data/governance/wgi/wgidataset_with_sourcedata-2025.xlsx,cc!I3638,rl!I3728,data/governance/cpi/CPI2025_Results.xlsx,CPI Timeseries 2012 - 2025!AN98
SVN,2017,0.79421,0.16156,63.9309,0.725684,0.140916,61.0,data/governance/wgi/wgidataset_with_sourcedata-2025.xlsx,cc!I3850,rl!I3940,data/governance/cpi/CPI2025_Results.xlsx,CPI Timeseries 2012 - 2025!AJ98
SVN,2018,0.819582,0.162558,64.4444,0.758551,0.1428,60.0,data/governance/wgi/wgidataset_with_sourcedata-2025.xlsx,cc!I4061,rl!I4154,data/governance/cpi/CPI2025_Results.xlsx,CPI Timeseries 2012 - 2025!AF98
SVN,2019,0.848482,0.162558,65.0294,0.916403,0.1428,60.0,data/governance/wgi/wgidataset_with_sourcedata-2025.xlsx,cc!I4272,rl!I4369,data/governance/cpi/CPI2025_Results.xlsx,CPI Timeseries 2012 - 2025!AB98
SVN,2020,0.776021,0.152762,63.5627,0.936418,0.147985,60.0,data/governance/wgi/wgidataset_with_sourcedata-2025.xlsx,cc!I4483,rl!I4584,data/governance/cpi/CPI2025_Results.xlsx,CPI Timeseries 2012 - 2025!X98
SVN,2021,0.698658,0.152762,61.9967,0.926049,0.147985,57.0,data/governance/wgi/wgidataset_with_sourcedata-2025.xlsx,cc!I4696,rl!I4799,data/governance/cpi/CPI2025_Results.xlsx,CPI Timeseries 2012 - 2025!T98
SVN,2022,0.74808,0.152762,62.9971,0.92119,0.145514,56.0,data/governance/wgi/wgidataset_with_sourcedata-2025.xlsx,cc!I4911,rl!I5014,data/governance/cpi/CPI2025_Results.xlsx,CPI Timeseries 2012 - 2025!P98
SVN,2023,0.6815,0.152762,61.6494,0.970791,0.145514,56.0,data/governance/wgi/wgidataset_with_sourcedata-2025.xlsx,cc!I5126,rl!I5229,data/governance/cpi/CPI2025_Results.xlsx,CPI Timeseries 2012 - 2025!L98
SVN,2024,0.674349,0.151682,61.5047,0.978664,0.144832,60.0,data/governance/wgi/wgidataset_with_sourcedata-2025.xlsx,cc!I5341,rl!I5444,data/governance/cpi/CPI2025_Results.xlsx,CPI Timeseries 2012 - 2025!H98
SVN,2025,,,,,,58.0,,,,data/governance/cpi/CPI2025_Results.xlsx,CPI Timeseries 2012 - 2025!D98
SWE,1996,2.478692,0.199662,98.0274,1.729134,0.186813,,data/governance/wgi/wgidataset_with_sourcedata-2025.xlsx,cc!I162,rl!I171,,
SWE,1998,2.483859,0.199662,98.132,1.677718,0.186813,,data/governance/wgi/wgidataset_with_sourcedata-2025.xlsx,cc!I350,rl!I371,,
SWE,2000,2.379371,0.199662,96.017,1.885665,0.180299,,data/governance/wgi/wgidataset_with_sourcedata-2025.xlsx,cc!I538,rl!I571,,
SWE,2002,2.317047,0.199662,94.7554,1.900127,0.180299,,data/governance/wgi/wgidataset_with_sourcedata-2025.xlsx,cc!I727,rl!I773,,
SWE,2003,2.157181,0.199662,91.5195,1.919244,0.180299,,data/governance/wgi/wgidataset_with_sourcedata-2025.xlsx,cc!I917,rl!I975,,
SWE,2004,2.026266,0.199662,88.8696,1.863578,0.180299,,data/governance/wgi/wgidataset_with_sourcedata-2025.xlsx,cc!I1117,rl!I1183,,
SWE,2005,2.032972,0.199662,89.0053,1.765015,0.175159,,data/governance/wgi/wgidataset_with_sourcedata-2025.xlsx,cc!I1323,rl!I1393,,
SWE,2006,2.138152,0.197363,91.1343,1.857342,0.174695,,data/governance/wgi/wgidataset_with_sourcedata-2025.xlsx,cc!I1529,rl!I1603,,
SWE,2007,2.157978,0.197363,91.5356,1.899568,0.174695,,data/governance/wgi/wgidataset_with_sourcedata-2025.xlsx,cc!I1736,rl!I1813,,
SWE,2008,2.1588,0.197363,91.5523,1.925159,0.174695,,data/governance/wgi/wgidataset_with_sourcedata-2025.xlsx,cc!I1944,rl!I2023,,
SWE,2009,2.143502,0.197363,91.2426,1.876371,0.174695,,data/governance/wgi/wgidataset_with_sourcedata-2025.xlsx,cc!I2154,rl!I2235,,
SWE,2010,2.130698,0.180535,90.9834,1.875525,0.17186,,data/governance/wgi/wgidataset_with_sourcedata-2025.xlsx,cc!I2365,rl!I2447,,
SWE,2011,2.123057,0.162024,90.8288,1.908986,0.142841,,data/governance/wgi/wgidataset_with_sourcedata-2025.xlsx,cc!I2577,rl!I2661,,
SWE,2012,2.16915,0.162404,91.7617,1.938691,0.142841,88.0,data/governance/wgi/wgidataset_with_sourcedata-2025.xlsx,cc!I2789,rl!I2875,data/governance/cpi/CPI2025_Results.xlsx,CPI Timeseries 2012 - 2025!AZ47
SWE,2013,2.07534,0.162404,89.8629,1.903835,0.142841,89.0,data/governance/wgi/wgidataset_with_sourcedata-2025.xlsx,cc!I3001,rl!I3089,data/governance/cpi/CPI2025_Results.xlsx,CPI Timeseries 2012 - 2025!AW47
SWE,2014,2.007082,0.162404,88.4812,1.880538,0.142841,87.0,data/governance/wgi/wgidataset_with_sourcedata-2025.xlsx,cc!I3213,rl!I3303,data/governance/cpi/CPI2025_Results.xlsx,CPI Timeseries 2012 - 2025!AT47
SWE,2015,2.094872,0.162404,90.2582,1.94837,0.142841,89.0,data/governance/wgi/wgidataset_with_sourcedata-2025.xlsx,cc!I3427,rl!I3517,data/governance/cpi/CPI2025_Results.xlsx,CPI Timeseries 2012 - 2025!AQ47
SWE,2016,2.105851,0.162024,90.4805,1.945423,0.142841,88.0,data/governance/wgi/wgidataset_with_sourcedata-2025.xlsx,cc!I3639,rl!I3729,data/governance/cpi/CPI2025_Results.xlsx,CPI Timeseries 2012 - 2025!AN47
SWE,2017,2.109308,0.162024,90.5505,1.874601,0.142841,84.0,data/governance/wgi/wgidataset_with_sourcedata-2025.xlsx,cc!I3851,rl!I3941,data/governance/cpi/CPI2025_Results.xlsx,CPI Timeseries 2012 - 2025!AJ47
SWE,2018,2.115789,0.162024,90.6817,1.838854,0.144778,85.0,data/governance/wgi/wgidataset_with_sourcedata-2025.xlsx,cc!I4062,rl!I4155,data/governance/cpi/CPI2025_Results.xlsx,CPI Timeseries 2012 - 2025!AF47
SWE,2019,2.129211,0.162024,90.9533,1.866962,0.144778,85.0,data/governance/wgi/wgidataset_with_sourcedata-2025.xlsx,cc!I4273,rl!I4370,data/governance/cpi/CPI2025_Results.xlsx,CPI Timeseries 2012 - 2025!AB47
SWE,2020,2.133723,0.162024,91.0447,1.820476,0.152071,85.0,data/governance/wgi/wgidataset_with_sourcedata-2025.xlsx,cc!I4484,rl!I4585,data/governance/cpi/CPI2025_Results.xlsx,CPI Timeseries 2012 - 2025!X47
SWE,2021,2.089914,0.162024,90.1579,1.788314,0.152071,85.0,data/governance/wgi/wgidataset_with_sourcedata-2025.xlsx,cc!I4697,rl!I4800,data/governance/cpi/CPI2025_Results.xlsx,CPI Timeseries 2012 - 2025!T47
SWE,2022,2.025528,0.162024,88.8546,1.738138,0.149392,83.0,data/governance/wgi/wgidataset_with_sourcedata-2025.xlsx,cc!I4912,rl!I5015,data/governance/cpi/CPI2025_Results.xlsx,CPI Timeseries 2012 - 2025!P47
SWE,2023,1.980426,0.162024,87.9417,1.694729,0.149392,82.0,data/governance/wgi/wgidataset_with_sourcedata-2025.xlsx,cc!I5127,rl!I5230,data/governance/cpi/CPI2025_Results.xlsx,CPI Timeseries 2012 - 2025!L47
SWE,2024,1.967605,0.160738,87.6822,1.726701,0.148655,80.0,data/governance/wgi/wgidataset_with_sourcedata-2025.xlsx,cc!I5342,rl!I5445,data/governance/cpi/CPI2025_Results.xlsx,CPI Timeseries 2012 - 2025!H47
SWE,2025,,,,,,80.0,,,,data/governance/cpi/CPI2025_Results.xlsx,CPI Timeseries 2012 - 2025!D47
THA,1996,-0.183415,0.199662,44.1422,0.608809,0.186813,,data/governance/wgi/wgidataset_with_sourcedata-2025.xlsx,cc!I168,rl!I177,,
THA,1998,-0.117106,0.199662,45.4844,0.518261,0.186813,,data/governance/wgi/wgidataset_with_sourcedata-2025.xlsx,cc!I356,rl!I377,,
THA,2000,-0.119068,0.199662,45.4447,0.619008,0.186813,,data/governance/wgi/wgidataset_with_sourcedata-2025.xlsx,cc!I544,rl!I577,,
THA,2002,-0.528596,0.197666,37.1552,0.362596,0.179386,,data/governance/wgi/wgidataset_with_sourcedata-2025.xlsx,cc!I733,rl!I779,,
THA,2003,-0.55629,0.197666,36.5947,-0.00299,0.179386,,data/governance/wgi/wgidataset_with_sourcedata-2025.xlsx,cc!I923,rl!I981,,
THA,2004,-0.437663,0.174987,38.9959,-0.043715,0.172267,,data/governance/wgi/wgidataset_with_sourcedata-2025.xlsx,cc!I1123,rl!I1189,,
THA,2005,-0.352511,0.174512,40.7195,-0.053312,0.167767,,data/governance/wgi/wgidataset_with_sourcedata-2025.xlsx,cc!I1329,rl!I1399,,
THA,2006,-0.458175,0.173433,38.5807,-0.178878,0.167359,,data/governance/wgi/wgidataset_with_sourcedata-2025.xlsx,cc!I1535,rl!I1609,,
THA,2007,-0.241312,0.172123,42.9703,-0.214751,0.163557,,data/governance/wgi/wgidataset_with_sourcedata-2025.xlsx,cc!I1742,rl!I1819,,
THA,2008,-0.300509,0.172123,41.7721,-0.225444,0.163557,,data/governance/wgi/wgidataset_with_sourcedata-2025.xlsx,cc!I1950,rl!I2029,,
THA,2009,-0.169331,0.172123,44.4273,-0.284072,0.163557,,data/governance/wgi/wgidataset_with_sourcedata-2025.xlsx,cc!I2160,rl!I2241,,
THA,2010,-0.217195,0.172123,43.4585,-0.257823,0.163557,,data/governance/wgi/wgidataset_with_sourcedata-2025.xlsx,cc!I2371,rl!I2453,,
THA,2011,-0.147219,0.155861,44.8749,-0.127405,0.137966,,data/governance/wgi/wgidataset_with_sourcedata-2025.xlsx,cc!I2583,rl!I2667,,
THA,2012,-0.371247,0.158777,40.3402,-0.115414,0.143355,37.0,data/governance/wgi/wgidataset_with_sourcedata-2025.xlsx,cc!I2795,rl!I2881,data/governance/cpi/CPI2025_Results.xlsx,CPI Timeseries 2012 - 2025!AZ167
THA,2013,-0.274255,0.158777,42.3035,-0.223369,0.143355,35.0,data/governance/wgi/wgidataset_with_sourcedata-2025.xlsx,cc!I3007,rl!I3095,data/governance/cpi/CPI2025_Results.xlsx,CPI Timeseries 2012 - 2025!AW167
THA,2014,-0.446294,0.158777,38.8212,-0.39789,0.143355,38.0,data/governance/wgi/wgidataset_with_sourcedata-2025.xlsx,cc!I3219,rl!I3309,data/governance/cpi/CPI2025_Results.xlsx,CPI Timeseries 2012 - 2025!AT167
THA,2015,-0.547343,0.158777,36.7758,-0.375701,0.143355,38.0,data/governance/wgi/wgidataset_with_sourcedata-2025.xlsx,cc!I3433,rl!I3523,data/governance/cpi/CPI2025_Results.xlsx,CPI Timeseries 2012 - 2025!AQ167
THA,2016,-0.408719,0.158777,39.5817,-0.32797,0.143355,35.0,data/governance/wgi/wgidataset_with_sourcedata-2025.xlsx,cc!I3645,rl!I3735,data/governance/cpi/CPI2025_Results.xlsx,CPI Timeseries 2012 - 2025!AN167
THA,2017,-0.370932,0.158777,40.3466,-0.319028,0.143355,37.0,data/governance/wgi/wgidataset_with_sourcedata-2025.xlsx,cc!I3857,rl!I3947,data/governance/cpi/CPI2025_Results.xlsx,CPI Timeseries 2012 - 2025!AJ167
THA,2018,-0.372934,0.158777,40.3061,-0.298652,0.145312,36.0,data/governance/wgi/wgidataset_with_sourcedata-2025.xlsx,cc!I4068,rl!I4161,data/governance/cpi/CPI2025_Results.xlsx,CPI Timeseries 2012 - 2025!AF167
THA,2019,-0.385463,0.161951,40.0525,-0.200253,0.14597,36.0,data/governance/wgi/wgidataset_with_sourcedata-2025.xlsx,cc!I4279,rl!I4376,data/governance/cpi/CPI2025_Results.xlsx,CPI Timeseries 2012 - 2025!AB167
THA,2020,-0.382019,0.161951,40.1222,-0.203685,0.153454,36.0,data/governance/wgi/wgidataset_with_sourcedata-2025.xlsx,cc!I4490,rl!I4591,data/governance/cpi/CPI2025_Results.xlsx,CPI Timeseries 2012 - 2025!X167
THA,2021,-0.389345,0.161951,39.9739,-0.257521,0.151083,35.0,data/governance/wgi/wgidataset_with_sourcedata-2025.xlsx,cc!I4703,rl!I4806,data/governance/cpi/CPI2025_Results.xlsx,CPI Timeseries 2012 - 2025!T167
THA,2022,-0.403978,0.161951,39.6777,-0.268216,0.148456,36.0,data/governance/wgi/wgidataset_with_sourcedata-2025.xlsx,cc!I4918,rl!I5021,data/governance/cpi/CPI2025_Results.xlsx,CPI Timeseries 2012 - 2025!P167
THA,2023,-0.439334,0.161951,38.962,-0.195631,0.148456,35.0,data/governance/wgi/wgidataset_with_sourcedata-2025.xlsx,cc!I5133,rl!I5236,data/governance/cpi/CPI2025_Results.xlsx,CPI Timeseries 2012 - 2025!L167
THA,2024,-0.527346,0.161951,37.1805,-0.21551,0.148456,34.0,data/governance/wgi/wgidataset_with_sourcedata-2025.xlsx,cc!I5348,rl!I5451,data/governance/cpi/CPI2025_Results.xlsx,CPI Timeseries 2012 - 2025!H167
THA,2025,,,,,,33.0,,,,data/governance/cpi/CPI2025_Results.xlsx,CPI Timeseries 2012 - 2025!D167
TUR,1996,-0.288868,0.199662,42.0077,-0.127857,0.186813,,data/governance/wgi/wgidataset_with_sourcedata-2025.xlsx,cc!I173,rl!I183,,
TUR,1998,-0.588996,0.199662,35.9327,-0.188179,0.186813,,data/governance/wgi/wgidataset_with_sourcedata-2025.xlsx,cc!I361,rl!I383,,
TUR,2000,-0.352664,0.197821,40.7164,-0.043695,0.186756,,data/governance/wgi/wgidataset_with_sourcedata-2025.xlsx,cc!I549,rl!I584,,
TUR,2002,-0.362129,0.197821,40.5248,-0.124532,0.179339,,data/governance/wgi/wgidataset_with_sourcedata-2025.xlsx,cc!I739,rl!I786,,
TUR,2003,-0.163826,0.197821,44.5387,-0.012483,0.179339,,data/governance/wgi/wgidataset_with_sourcedata-2025.xlsx,cc!I929,rl!I988,,
TUR,2004,-0.164454,0.174618,44.526,0.137574,0.167081,,data/governance/wgi/wgidataset_with_sourcedata-2025.xlsx,cc!I1130,rl!I1196,,
TUR,2005,-0.071498,0.174618,46.4076,0.16326,0.162966,,data/governance/wgi/wgidataset_with_sourcedata-2025.xlsx,cc!I1336,rl!I1406,,
TUR,2006,0.050044,0.173538,48.8678,0.147626,0.162592,,data/governance/wgi/wgidataset_with_sourcedata-2025.xlsx,cc!I1542,rl!I1616,,
TUR,2007,0.074927,0.173538,49.3715,0.125036,0.162592,,data/governance/wgi/wgidataset_with_sourcedata-2025.xlsx,cc!I1749,rl!I1826,,
TUR,2008,0.049001,0.172225,48.8467,0.103572,0.1591,,data/governance/wgi/wgidataset_with_sourcedata-2025.xlsx,cc!I1957,rl!I2036,,
TUR,2009,0.030779,0.172225,48.4778,0.068125,0.1591,,data/governance/wgi/wgidataset_with_sourcedata-2025.xlsx,cc!I2167,rl!I2248,,
TUR,2010,0.048791,0.172225,48.8424,0.049459,0.1591,,data/governance/wgi/wgidataset_with_sourcedata-2025.xlsx,cc!I2378,rl!I2460,,
TUR,2011,0.046478,0.155937,48.7956,-0.087928,0.135259,,data/governance/wgi/wgidataset_with_sourcedata-2025.xlsx,cc!I2590,rl!I2674,,
TUR,2012,0.158519,0.157849,51.0635,-0.106189,0.138061,49.0,data/governance/wgi/wgidataset_with_sourcedata-2025.xlsx,cc!I2802,rl!I2888,data/governance/cpi/CPI2025_Results.xlsx,CPI Timeseries 2012 - 2025!AZ172
TUR,2013,0.13997,0.158858,50.688,-0.114922,0.140325,50.0,data/governance/wgi/wgidataset_with_sourcedata-2025.xlsx,cc!I3014,rl!I3102,data/governance/cpi/CPI2025_Results.xlsx,CPI Timeseries 2012 - 2025!AW172
TUR,2014,-0.108905,0.158858,45.6504,-0.3611,0.140325,45.0,data/governance/wgi/wgidataset_with_sourcedata-2025.xlsx,cc!I3226,rl!I3316,data/governance/cpi/CPI2025_Results.xlsx,CPI Timeseries 2012 - 2025!AT172
TUR,2015,-0.106379,0.158858,45.7016,-0.477373,0.140325,42.0,data/governance/wgi/wgidataset_with_sourcedata-2025.xlsx,cc!I3440,rl!I3530,data/governance/cpi/CPI2025_Results.xlsx,CPI Timeseries 2012 - 2025!AQ172
TUR,2016,-0.084592,0.158858,46.1426,-0.545873,0.140325,41.0,data/governance/wgi/wgidataset_with_sourcedata-2025.xlsx,cc!I3652,rl!I3742,data/governance/cpi/CPI2025_Results.xlsx,CPI Timeseries 2012 - 2025!AN172
TUR,2017,-0.066552,0.158858,46.5077,-0.615377,0.140325,40.0,data/governance/wgi/wgidataset_with_sourcedata-2025.xlsx,cc!I3864,rl!I3954,data/governance/cpi/CPI2025_Results.xlsx,CPI Timeseries 2012 - 2025!AJ172
TUR,2018,-0.231717,0.159806,43.1645,-0.708945,0.142184,41.0,data/governance/wgi/wgidataset_with_sourcedata-2025.xlsx,cc!I4075,rl!I4168,data/governance/cpi/CPI2025_Results.xlsx,CPI Timeseries 2012 - 2025!AF172
TUR,2019,-0.180187,0.159806,44.2076,-0.597047,0.142184,39.0,data/governance/wgi/wgidataset_with_sourcedata-2025.xlsx,cc!I4286,rl!I4383,data/governance/cpi/CPI2025_Results.xlsx,CPI Timeseries 2012 - 2025!AB172
TUR,2020,-0.324227,0.159806,41.292,-0.709945,0.149074,40.0,data/governance/wgi/wgidataset_with_sourcedata-2025.xlsx,cc!I4497,rl!I4598,data/governance/cpi/CPI2025_Results.xlsx,CPI Timeseries 2012 - 2025!X172
TUR,2021,-0.399214,0.160171,39.7741,-0.775344,0.149074,38.0,data/governance/wgi/wgidataset_with_sourcedata-2025.xlsx,cc!I4710,rl!I4813,data/governance/cpi/CPI2025_Results.xlsx,CPI Timeseries 2012 - 2025!T172
TUR,2022,-0.432458,0.160171,39.1012,-0.779832,0.146548,36.0,data/governance/wgi/wgidataset_with_sourcedata-2025.xlsx,cc!I4925,rl!I5028,data/governance/cpi/CPI2025_Results.xlsx,CPI Timeseries 2012 - 2025!P172
TUR,2023,-0.437457,0.163431,39.0,-0.799233,0.147222,34.0,data/governance/wgi/wgidataset_with_sourcedata-2025.xlsx,cc!I5140,rl!I5243,data/governance/cpi/CPI2025_Results.xlsx,CPI Timeseries 2012 - 2025!L172
TUR,2024,-0.563215,0.16211,36.4545,-0.843415,0.146516,34.0,data/governance/wgi/wgidataset_with_sourcedata-2025.xlsx,cc!I5355,rl!I5458,data/governance/cpi/CPI2025_Results.xlsx,CPI Timeseries 2012 - 2025!H172
TUR,2025,,,,,,31.0,,,,data/governance/cpi/CPI2025_Results.xlsx,CPI Timeseries 2012 - 2025!D172
TWN,1996,0.767428,0.199662,63.3887,0.843376,0.186813,,data/governance/wgi/wgidataset_with_sourcedata-2025.xlsx,cc!I174,rl!I185,,
TWN,1998,0.653335,0.199662,61.0793,0.742081,0.186813,,data/governance/wgi/wgidataset_with_sourcedata-2025.xlsx,cc!I362,rl!I385,,
TWN,2000,0.60735,0.199662,60.1485,0.865242,0.186813,,data/governance/wgi/wgidataset_with_sourcedata-2025.xlsx,cc!I550,rl!I586,,
TWN,2002,0.860363,0.197666,65.2699,0.857191,0.179386,,data/governance/wgi/wgidataset_with_sourcedata-2025.xlsx,cc!I740,rl!I788,,
TWN,2003,0.87585,0.197666,65.5834,0.889007,0.179386,,data/governance/wgi/wgidataset_with_sourcedata-2025.xlsx,cc!I930,rl!I990,,
TWN,2004,0.964417,0.181649,67.3761,0.997567,0.179386,,data/governance/wgi/wgidataset_with_sourcedata-2025.xlsx,cc!I1132,rl!I1198,,
TWN,2005,1.016908,0.181649,68.4386,1.103632,0.174322,,data/governance/wgi/wgidataset_with_sourcedata-2025.xlsx,cc!I1338,rl!I1408,,
TWN,2006,0.650413,0.180433,61.0202,0.950552,0.173864,,data/governance/wgi/wgidataset_with_sourcedata-2025.xlsx,cc!I1544,rl!I1618,,
TWN,2007,0.577691,0.180433,59.5482,0.964167,0.173864,,data/governance/wgi/wgidataset_with_sourcedata-2025.xlsx,cc!I1751,rl!I1828,,
TWN,2008,0.592492,0.180433,59.8478,0.973956,0.173864,,data/governance/wgi/wgidataset_with_sourcedata-2025.xlsx,cc!I1959,rl!I2038,,
TWN,2009,0.59022,0.180433,59.8018,0.916501,0.173864,,data/governance/wgi/wgidataset_with_sourcedata-2025.xlsx,cc!I2169,rl!I2250,,
TWN,2010,0.803129,0.180433,64.1114,1.000454,0.173864,,data/governance/wgi/wgidataset_with_sourcedata-2025.xlsx,cc!I2380,rl!I2462,,
TWN,2011,0.83576,0.180433,64.7719,1.041848,0.173864,,data/governance/wgi/wgidataset_with_sourcedata-2025.xlsx,cc!I2592,rl!I2676,,
TWN,2012,0.797732,0.180433,64.0021,1.057653,0.173864,61.0,data/governance/wgi/wgidataset_with_sourcedata-2025.xlsx,cc!I2804,rl!I2890,data/governance/cpi/CPI2025_Results.xlsx,CPI Timeseries 2012 - 2025!AZ164
TWN,2013,0.758896,0.180433,63.2161,1.054433,0.173864,61.0,data/governance/wgi/wgidataset_with_sourcedata-2025.xlsx,cc!I3016,rl!I3104,data/governance/cpi/CPI2025_Results.xlsx,CPI Timeseries 2012 - 2025!AW164
TWN,2014,0.960146,0.180433,67.2897,1.076423,0.173864,61.0,data/governance/wgi/wgidataset_with_sourcedata-2025.xlsx,cc!I3228,rl!I3318,data/governance/cpi/CPI2025_Results.xlsx,CPI Timeseries 2012 - 2025!AT164
TWN,2015,0.949123,0.180433,67.0665,1.114001,0.173864,62.0,data/governance/wgi/wgidataset_with_sourcedata-2025.xlsx,cc!I3442,rl!I3532,data/governance/cpi/CPI2025_Results.xlsx,CPI Timeseries 2012 - 2025!AQ164
TWN,2016,1.042479,0.180433,68.9562,1.100704,0.173864,61.0,data/governance/wgi/wgidataset_with_sourcedata-2025.xlsx,cc!I3654,rl!I3744,data/governance/cpi/CPI2025_Results.xlsx,CPI Timeseries 2012 - 2025!AN164
TWN,2017,1.113509,0.180433,70.394,1.059043,0.173864,63.0,data/governance/wgi/wgidataset_with_sourcedata-2025.xlsx,cc!I3866,rl!I3956,data/governance/cpi/CPI2025_Results.xlsx,CPI Timeseries 2012 - 2025!AJ164
TWN,2018,1.111115,0.180433,70.3455,1.133112,0.17739,63.0,data/governance/wgi/wgidataset_with_sourcedata-2025.xlsx,cc!I4077,rl!I4170,data/governance/cpi/CPI2025_Results.xlsx,CPI Timeseries 2012 - 2025!AF164
TWN,2019,1.152055,0.180433,71.1742,1.192107,0.173757,65.0,data/governance/wgi/wgidataset_with_sourcedata-2025.xlsx,cc!I4288,rl!I4385,data/governance/cpi/CPI2025_Results.xlsx,CPI Timeseries 2012 - 2025!AB164
TWN,2020,1.22208,0.180433,72.5916,1.288061,0.186808,65.0,data/governance/wgi/wgidataset_with_sourcedata-2025.xlsx,cc!I4499,rl!I4600,data/governance/cpi/CPI2025_Results.xlsx,CPI Timeseries 2012 - 2025!X164
TWN,2021,1.231237,0.180433,72.7769,1.299301,0.186808,68.0,data/governance/wgi/wgidataset_with_sourcedata-2025.xlsx,cc!I4712,rl!I4815,data/governance/cpi/CPI2025_Results.xlsx,CPI Timeseries 2012 - 2025!T164
TWN,2022,1.192297,0.180433,71.9888,1.258877,0.181909,68.0,data/governance/wgi/wgidataset_with_sourcedata-2025.xlsx,cc!I4927,rl!I5030,data/governance/cpi/CPI2025_Results.xlsx,CPI Timeseries 2012 - 2025!P164
TWN,2023,1.191718,0.180433,71.977,1.27678,0.181909,67.0,data/governance/wgi/wgidataset_with_sourcedata-2025.xlsx,cc!I5142,rl!I5245,data/governance/cpi/CPI2025_Results.xlsx,CPI Timeseries 2012 - 2025!L164
TWN,2024,1.182955,0.178661,71.7996,1.28808,0.180582,67.0,data/governance/wgi/wgidataset_with_sourcedata-2025.xlsx,cc!I5357,rl!I5460,data/governance/cpi/CPI2025_Results.xlsx,CPI Timeseries 2012 - 2025!H164
TWN,2025,,,,,,68.0,,,,data/governance/cpi/CPI2025_Results.xlsx,CPI Timeseries 2012 - 2025!D164
URY,1996,0.991872,0.231675,67.9318,0.541795,0.206281,,data/governance/wgi/wgidataset_with_sourcedata-2025.xlsx,cc!I178,rl!I189,,
URY,1998,0.990606,0.231675,67.9062,0.525321,0.206281,,data/governance/wgi/wgidataset_with_sourcedata-2025.xlsx,cc!I366,rl!I389,,
URY,2000,0.910334,0.217228,66.2814,0.514287,0.195916,,data/governance/wgi/wgidataset_with_sourcedata-2025.xlsx,cc!I554,rl!I590,,
URY,2002,1.008715,0.217168,68.2728,0.715466,0.187404,,data/governance/wgi/wgidataset_with_sourcedata-2025.xlsx,cc!I744,rl!I792,,
URY,2003,0.994198,0.217168,67.9789,0.670586,0.187404,,data/governance/wgi/wgidataset_with_sourcedata-2025.xlsx,cc!I934,rl!I994,,
URY,2004,0.799411,0.190848,64.0361,0.590963,0.186019,,data/governance/wgi/wgidataset_with_sourcedata-2025.xlsx,cc!I1136,rl!I1202,,
URY,2005,0.93495,0.190848,66.7797,0.676161,0.180389,,data/governance/wgi/wgidataset_with_sourcedata-2025.xlsx,cc!I1342,rl!I1412,,
URY,2006,1.002335,0.1885,68.1436,0.758455,0.178666,,data/governance/wgi/wgidataset_with_sourcedata-2025.xlsx,cc!I1548,rl!I1622,,
URY,2007,1.04937,0.1885,69.0957,0.802519,0.178666,,data/governance/wgi/wgidataset_with_sourcedata-2025.xlsx,cc!I1755,rl!I1832,,
URY,2008,1.179359,0.1885,71.7269,0.823964,0.178666,,data/governance/wgi/wgidataset_with_sourcedata-2025.xlsx,cc!I1963,rl!I2042,,
URY,2009,1.196035,0.1885,72.0644,0.83241,0.178666,,data/governance/wgi/wgidataset_with_sourcedata-2025.xlsx,cc!I2173,rl!I2254,,
URY,2010,1.346163,0.189099,75.1032,0.872115,0.178666,,data/governance/wgi/wgidataset_with_sourcedata-2025.xlsx,cc!I2384,rl!I2466,,
URY,2011,1.345766,0.189099,75.0952,0.800881,0.178666,,data/governance/wgi/wgidataset_with_sourcedata-2025.xlsx,cc!I2596,rl!I2680,,
URY,2012,1.331759,0.167708,74.8117,0.715336,0.146678,72.0,data/governance/wgi/wgidataset_with_sourcedata-2025.xlsx,cc!I2808,rl!I2894,data/governance/cpi/CPI2025_Results.xlsx,CPI Timeseries 2012 - 2025!AZ179
URY,2013,1.346808,0.167708,75.1163,0.701259,0.146678,73.0,data/governance/wgi/wgidataset_with_sourcedata-2025.xlsx,cc!I3020,rl!I3108,data/governance/cpi/CPI2025_Results.xlsx,CPI Timeseries 2012 - 2025!AW179
URY,2014,1.288067,0.167708,73.9273,0.801772,0.146678,73.0,data/governance/wgi/wgidataset_with_sourcedata-2025.xlsx,cc!I3232,rl!I3322,data/governance/cpi/CPI2025_Results.xlsx,CPI Timeseries 2012 - 2025!AT179
URY,2015,1.257052,0.167708,73.2995,0.860421,0.146678,74.0,data/governance/wgi/wgidataset_with_sourcedata-2025.xlsx,cc!I3446,rl!I3536,data/governance/cpi/CPI2025_Results.xlsx,CPI Timeseries 2012 - 2025!AQ179
URY,2016,1.385438,0.167708,75.8982,0.925682,0.146678,71.0,data/governance/wgi/wgidataset_with_sourcedata-2025.xlsx,cc!I3658,rl!I3748,data/governance/cpi/CPI2025_Results.xlsx,CPI Timeseries 2012 - 2025!AN179
URY,2017,1.346478,0.167708,75.1096,0.873813,0.146678,70.0,data/governance/wgi/wgidataset_with_sourcedata-2025.xlsx,cc!I3870,rl!I3960,data/governance/cpi/CPI2025_Results.xlsx,CPI Timeseries 2012 - 2025!AJ179
URY,2018,1.362745,0.167708,75.4389,0.865848,0.148777,70.0,data/governance/wgi/wgidataset_with_sourcedata-2025.xlsx,cc!I4081,rl!I4174,data/governance/cpi/CPI2025_Results.xlsx,CPI Timeseries 2012 - 2025!AF179
URY,2019,1.388922,0.167708,75.9688,0.880371,0.148777,71.0,data/governance/wgi/wgidataset_with_sourcedata-2025.xlsx,cc!I4292,rl!I4389,data/governance/cpi/CPI2025_Results.xlsx,CPI Timeseries 2012 - 2025!AB179
URY,2020,1.514474,0.167708,78.5101,0.885354,0.156725,71.0,data/governance/wgi/wgidataset_with_sourcedata-2025.xlsx,cc!I4503,rl!I4604,data/governance/cpi/CPI2025_Results.xlsx,CPI Timeseries 2012 - 2025!X179
URY,2021,1.622052,0.168129,80.6876,0.951864,0.156725,73.0,data/governance/wgi/wgidataset_with_sourcedata-2025.xlsx,cc!I4716,rl!I4819,data/governance/cpi/CPI2025_Results.xlsx,CPI Timeseries 2012 - 2025!T179
URY,2022,1.613934,0.168129,80.5233,0.976559,0.153798,74.0,data/governance/wgi/wgidataset_with_sourcedata-2025.xlsx,cc!I4931,rl!I5034,data/governance/cpi/CPI2025_Results.xlsx,CPI Timeseries 2012 - 2025!P179
URY,2023,1.549383,0.171911,79.2167,0.95736,0.154578,73.0,data/governance/wgi/wgidataset_with_sourcedata-2025.xlsx,cc!I5146,rl!I5249,data/governance/cpi/CPI2025_Results.xlsx,CPI Timeseries 2012 - 2025!L179
URY,2024,1.527926,0.170376,78.7824,0.950564,0.153762,76.0,data/governance/wgi/wgidataset_with_sourcedata-2025.xlsx,cc!I5361,rl!I5464,data/governance/cpi/CPI2025_Results.xlsx,CPI Timeseries 2012 - 2025!H179
URY,2025,,,,,,73.0,,,,data/governance/cpi/CPI2025_Results.xlsx,CPI Timeseries 2012 - 2025!D179
USA,1996,1.679586,0.199662,81.8522,1.535591,0.186813,,data/governance/wgi/wgidataset_with_sourcedata-2025.xlsx,cc!I179,rl!I190,,
USA,1998,1.610775,0.199662,80.4594,1.596933,0.186813,,data/governance/wgi/wgidataset_with_sourcedata-2025.xlsx,cc!I367,rl!I390,,
USA,2000,1.566107,0.199662,79.5552,1.686117,0.186813,,data/governance/wgi/wgidataset_with_sourcedata-2025.xlsx,cc!I555,rl!I591,,
USA,2002,1.82392,0.199662,84.7738,1.652525,0.186813,,data/governance/wgi/wgidataset_with_sourcedata-2025.xlsx,cc!I745,rl!I793,,
USA,2003,1.526442,0.199662,78.7524,1.594319,0.186813,,data/governance/wgi/wgidataset_with_sourcedata-2025.xlsx,cc!I935,rl!I995,,
USA,2004,1.614911,0.198957,80.5431,1.503353,0.186813,,data/governance/wgi/wgidataset_with_sourcedata-2025.xlsx,cc!I1137,rl!I1203,,
USA,2005,1.487764,0.198957,77.9695,1.576979,0.181113,,data/governance/wgi/wgidataset_with_sourcedata-2025.xlsx,cc!I1343,rl!I1413,,
USA,2006,1.29415,0.194408,74.0504,1.581059,0.174712,,data/governance/wgi/wgidataset_with_sourcedata-2025.xlsx,cc!I1549,rl!I1623,,
USA,2007,1.234655,0.194408,72.8461,1.560144,0.174712,,data/governance/wgi/wgidataset_with_sourcedata-2025.xlsx,cc!I1756,rl!I1833,,
USA,2008,1.323374,0.194408,74.6419,1.581402,0.174712,,data/governance/wgi/wgidataset_with_sourcedata-2025.xlsx,cc!I1964,rl!I2043,,
USA,2009,1.148649,0.194408,71.1052,1.484039,0.174712,,data/governance/wgi/wgidataset_with_sourcedata-2025.xlsx,cc!I2174,rl!I2255,,
USA,2010,1.157389,0.194408,71.2822,1.509191,0.174712,,data/governance/wgi/wgidataset_with_sourcedata-2025.xlsx,cc!I2385,rl!I2467,,
USA,2011,1.270557,0.171828,73.5729,1.363272,0.144466,,data/governance/wgi/wgidataset_with_sourcedata-2025.xlsx,cc!I2597,rl!I2681,,
USA,2012,1.263101,0.171828,73.4219,1.384273,0.144466,73.0,data/governance/wgi/wgidataset_with_sourcedata-2025.xlsx,cc!I2809,rl!I2895,data/governance/cpi/CPI2025_Results.xlsx,CPI Timeseries 2012 - 2025!AZ178
USA,2013,1.180704,0.173131,71.7541,1.301608,0.147066,73.0,data/governance/wgi/wgidataset_with_sourcedata-2025.xlsx,cc!I3021,rl!I3109,data/governance/cpi/CPI2025_Results.xlsx,CPI Timeseries 2012 - 2025!AW178
USA,2014,1.239197,0.173131,72.9381,1.341257,0.147066,74.0,data/governance/wgi/wgidataset_with_sourcedata-2025.xlsx,cc!I3233,rl!I3323,data/governance/cpi/CPI2025_Results.xlsx,CPI Timeseries 2012 - 2025!AT178
USA,2015,1.23676,0.173131,72.8888,1.377017,0.147066,76.0,data/governance/wgi/wgidataset_with_sourcedata-2025.xlsx,cc!I3447,rl!I3537,data/governance/cpi/CPI2025_Results.xlsx,CPI Timeseries 2012 - 2025!AQ178
USA,2016,1.242031,0.173131,72.9954,1.397158,0.147066,74.0,data/governance/wgi/wgidataset_with_sourcedata-2025.xlsx,cc!I3659,rl!I3749,data/governance/cpi/CPI2025_Results.xlsx,CPI Timeseries 2012 - 2025!AN178
USA,2017,1.305819,0.173595,74.2866,1.320034,0.144975,75.0,data/governance/wgi/wgidataset_with_sourcedata-2025.xlsx,cc!I3871,rl!I3961,data/governance/cpi/CPI2025_Results.xlsx,CPI Timeseries 2012 - 2025!AJ178
USA,2018,1.250425,0.173595,73.1654,1.172107,0.147001,71.0,data/governance/wgi/wgidataset_with_sourcedata-2025.xlsx,cc!I4082,rl!I4175,data/governance/cpi/CPI2025_Results.xlsx,CPI Timeseries 2012 - 2025!AF178
USA,2019,1.171972,0.173595,71.5773,1.123517,0.147001,69.0,data/governance/wgi/wgidataset_with_sourcedata-2025.xlsx,cc!I4293,rl!I4390,data/governance/cpi/CPI2025_Results.xlsx,CPI Timeseries 2012 - 2025!AB178
USA,2020,1.124297,0.173595,70.6123,1.004381,0.154653,67.0,data/governance/wgi/wgidataset_with_sourcedata-2025.xlsx,cc!I4504,rl!I4605,data/governance/cpi/CPI2025_Results.xlsx,CPI Timeseries 2012 - 2025!X178
USA,2021,1.124759,0.173595,70.6217,1.027975,0.154653,67.0,data/governance/wgi/wgidataset_with_sourcedata-2025.xlsx,cc!I4717,rl!I4820,data/governance/cpi/CPI2025_Results.xlsx,CPI Timeseries 2012 - 2025!T178
USA,2022,1.202356,0.173595,72.1924,1.051832,0.151839,69.0,data/governance/wgi/wgidataset_with_sourcedata-2025.xlsx,cc!I4932,rl!I5035,data/governance/cpi/CPI2025_Results.xlsx,CPI Timeseries 2012 - 2025!P178
USA,2023,1.195107,0.173595,72.0456,0.960691,0.151839,69.0,data/governance/wgi/wgidataset_with_sourcedata-2025.xlsx,cc!I5147,rl!I5250,data/governance/cpi/CPI2025_Results.xlsx,CPI Timeseries 2012 - 2025!L178
USA,2024,1.086891,0.172015,69.8552,0.96179,0.151065,65.0,data/governance/wgi/wgidataset_with_sourcedata-2025.xlsx,cc!I5362,rl!I5465,data/governance/cpi/CPI2025_Results.xlsx,CPI Timeseries 2012 - 2025!H178
USA,2025,,,,,,64.0,,,,data/governance/cpi/CPI2025_Results.xlsx,CPI Timeseries 2012 - 2025!D178
UZB,1996,-1.236229,0.297655,22.8317,-1.327461,0.260228,,data/governance/wgi/wgidataset_with_sourcedata-2025.xlsx,cc!I180,rl!I191,,
UZB,1998,-1.160858,0.294734,24.3573,-1.19914,0.228019,,data/governance/wgi/wgidataset_with_sourcedata-2025.xlsx,cc!I368,rl!I391,,
UZB,2000,-1.290762,0.288905,21.7278,-1.201043,0.227917,,data/governance/wgi/wgidataset_with_sourcedata-2025.xlsx,cc!I556,rl!I592,,
UZB,2002,-1.090041,0.247117,25.7907,-1.207555,0.200195,,data/governance/wgi/wgidataset_with_sourcedata-2025.xlsx,cc!I746,rl!I794,,
UZB,2003,-1.105768,0.247117,25.4724,-1.164074,0.200195,,data/governance/wgi/wgidataset_with_sourcedata-2025.xlsx,cc!I936,rl!I996,,
UZB,2004,-1.243553,0.218688,22.6834,-1.075431,0.200195,,data/governance/wgi/wgidataset_with_sourcedata-2025.xlsx,cc!I1138,rl!I1204,,
UZB,2005,-1.438012,0.207092,18.7473,-1.386295,0.18467,,data/governance/wgi/wgidataset_with_sourcedata-2025.xlsx,cc!I1344,rl!I1414,,
UZB,2006,-1.217817,0.205296,23.2043,-1.398493,0.184127,,data/governance/wgi/wgidataset_with_sourcedata-2025.xlsx,cc!I1550,rl!I1624,,
UZB,2007,-1.219122,0.205296,23.1779,-1.163248,0.184127,,data/governance/wgi/wgidataset_with_sourcedata-2025.xlsx,cc!I1757,rl!I1834,,
UZB,2008,-1.221967,0.205296,23.1203,-1.131023,0.184127,,data/governance/wgi/wgidataset_with_sourcedata-2025.xlsx,cc!I1965,rl!I2044,,
UZB,2009,-1.373147,0.205296,20.0602,-1.220169,0.184127,,data/governance/wgi/wgidataset_with_sourcedata-2025.xlsx,cc!I2175,rl!I2256,,
UZB,2010,-1.371869,0.205296,20.0861,-1.324737,0.184127,,data/governance/wgi/wgidataset_with_sourcedata-2025.xlsx,cc!I2386,rl!I2468,,
UZB,2011,-1.442277,0.198944,18.6609,-1.363147,0.182813,,data/governance/wgi/wgidataset_with_sourcedata-2025.xlsx,cc!I2598,rl!I2682,,
UZB,2012,-1.368801,0.174936,20.1482,-1.202116,0.148946,17.0,data/governance/wgi/wgidataset_with_sourcedata-2025.xlsx,cc!I2810,rl!I2896,data/governance/cpi/CPI2025_Results.xlsx,CPI Timeseries 2012 - 2025!AZ180
UZB,2013,-1.260205,0.174936,22.3464,-1.141783,0.148946,17.0,data/governance/wgi/wgidataset_with_sourcedata-2025.xlsx,cc!I3022,rl!I3110,data/governance/cpi/CPI2025_Results.xlsx,CPI Timeseries 2012 - 2025!AW180
UZB,2014,-1.236026,0.174936,22.8358,-1.084567,0.148946,18.0,data/governance/wgi/wgidataset_with_sourcedata-2025.xlsx,cc!I3234,rl!I3324,data/governance/cpi/CPI2025_Results.xlsx,CPI Timeseries 2012 - 2025!AT180
UZB,2015,-1.259062,0.174936,22.3695,-1.065648,0.148946,19.0,data/governance/wgi/wgidataset_with_sourcedata-2025.xlsx,cc!I3448,rl!I3538,data/governance/cpi/CPI2025_Results.xlsx,CPI Timeseries 2012 - 2025!AQ180
UZB,2016,-1.228312,0.174461,22.9919,-1.043182,0.148946,21.0,data/governance/wgi/wgidataset_with_sourcedata-2025.xlsx,cc!I3660,rl!I3750,data/governance/cpi/CPI2025_Results.xlsx,CPI Timeseries 2012 - 2025!AN180
UZB,2017,-1.244846,0.175559,22.6572,-0.996347,0.148946,22.0,data/governance/wgi/wgidataset_with_sourcedata-2025.xlsx,cc!I3872,rl!I3962,data/governance/cpi/CPI2025_Results.xlsx,CPI Timeseries 2012 - 2025!AJ180
UZB,2018,-1.211145,0.176843,23.3394,-0.895607,0.151176,23.0,data/governance/wgi/wgidataset_with_sourcedata-2025.xlsx,cc!I4083,rl!I4176,data/governance/cpi/CPI2025_Results.xlsx,CPI Timeseries 2012 - 2025!AF180
UZB,2019,-1.122434,0.176843,25.135,-0.943947,0.151176,25.0,data/governance/wgi/wgidataset_with_sourcedata-2025.xlsx,cc!I4294,rl!I4391,data/governance/cpi/CPI2025_Results.xlsx,CPI Timeseries 2012 - 2025!AB180
UZB,2020,-0.835694,0.176843,30.9391,-0.91257,0.159537,26.0,data/governance/wgi/wgidataset_with_sourcedata-2025.xlsx,cc!I4505,rl!I4606,data/governance/cpi/CPI2025_Results.xlsx,CPI Timeseries 2012 - 2025!X180
UZB,2021,-0.741945,0.169643,32.8367,-0.700166,0.154956,28.0,data/governance/wgi/wgidataset_with_sourcedata-2025.xlsx,cc!I4718,rl!I4821,data/governance/cpi/CPI2025_Results.xlsx,CPI Timeseries 2012 - 2025!T180
UZB,2022,-0.69913,0.169643,33.7034,-0.671991,0.152125,31.0,data/governance/wgi/wgidataset_with_sourcedata-2025.xlsx,cc!I4933,rl!I5036,data/governance/cpi/CPI2025_Results.xlsx,CPI Timeseries 2012 - 2025!P180
UZB,2023,-0.701746,0.169643,33.6504,-0.6743,0.152125,33.0,data/governance/wgi/wgidataset_with_sourcedata-2025.xlsx,cc!I5148,rl!I5251,data/governance/cpi/CPI2025_Results.xlsx,CPI Timeseries 2012 - 2025!L180
UZB,2024,-0.754316,0.168167,32.5863,-0.656207,0.149072,32.0,data/governance/wgi/wgidataset_with_sourcedata-2025.xlsx,cc!I5363,rl!I5466,data/governance/cpi/CPI2025_Results.xlsx,CPI Timeseries 2012 - 2025!H180
UZB,2025,,,,,,31.0,,,,data/governance/cpi/CPI2025_Results.xlsx,CPI Timeseries 2012 - 2025!D180
VNM,1996,-0.698169,0.217228,33.7228,-0.679393,0.197677,,data/governance/wgi/wgidataset_with_sourcedata-2025.xlsx,cc!I182,rl!I194,,
VNM,1998,-0.791072,0.217228,31.8423,-0.586445,0.197677,,data/governance/wgi/wgidataset_with_sourcedata-2025.xlsx,cc!I370,rl!I394,,
VNM,2000,-0.757434,0.217228,32.5232,-0.614835,0.197677,,data/governance/wgi/wgidataset_with_sourcedata-2025.xlsx,cc!I558,rl!I595,,
VNM,2002,-0.800942,0.217228,31.6425,-0.849406,0.188943,,data/governance/wgi/wgidataset_with_sourcedata-2025.xlsx,cc!I748,rl!I797,,
VNM,2003,-0.674192,0.212324,34.2081,-0.832591,0.181945,,data/governance/wgi/wgidataset_with_sourcedata-2025.xlsx,cc!I938,rl!I999,,
VNM,2004,-0.804947,0.188125,31.5615,-0.740381,0.180678,,data/governance/wgi/wgidataset_with_sourcedata-2025.xlsx,cc!I1142,rl!I1208,,
VNM,2005,-0.791206,0.180589,31.8396,-0.565088,0.164763,,data/governance/wgi/wgidataset_with_sourcedata-2025.xlsx,cc!I1348,rl!I1418,,
VNM,2006,-0.58128,0.176528,36.0888,-0.571666,0.160768,,data/governance/wgi/wgidataset_with_sourcedata-2025.xlsx,cc!I1554,rl!I1628,,
VNM,2007,-0.425813,0.176041,39.2357,-0.545441,0.160768,,data/governance/wgi/wgidataset_with_sourcedata-2025.xlsx,cc!I1761,rl!I1838,,
VNM,2008,-0.355976,0.176041,40.6493,-0.559886,0.160768,,data/governance/wgi/wgidataset_with_sourcedata-2025.xlsx,cc!I1969,rl!I2048,,
VNM,2009,-0.316417,0.176041,41.4501,-0.60593,0.160768,,data/governance/wgi/wgidataset_with_sourcedata-2025.xlsx,cc!I2179,rl!I2260,,
VNM,2010,-0.411599,0.176041,39.5234,-0.639696,0.160768,,data/governance/wgi/wgidataset_with_sourcedata-2025.xlsx,cc!I2390,rl!I2472,,
VNM,2011,-0.35881,0.158752,40.592,-0.527576,0.13628,,data/governance/wgi/wgidataset_with_sourcedata-2025.xlsx,cc!I2602,rl!I2686,,
VNM,2012,-0.462566,0.158752,38.4918,-0.576023,0.13628,31.0,data/governance/wgi/wgidataset_with_sourcedata-2025.xlsx,cc!I2814,rl!I2900,data/governance/cpi/CPI2025_Results.xlsx,CPI Timeseries 2012 - 2025!AZ183
VNM,2013,-0.416948,0.159778,39.4152,-0.616734,0.138456,31.0,data/governance/wgi/wgidataset_with_sourcedata-2025.xlsx,cc!I3026,rl!I3114,data/governance/cpi/CPI2025_Results.xlsx,CPI Timeseries 2012 - 2025!AW183
VNM,2014,-0.361941,0.159778,40.5286,-0.491024,0.138456,31.0,data/governance/wgi/wgidataset_with_sourcedata-2025.xlsx,cc!I3238,rl!I3328,data/governance/cpi/CPI2025_Results.xlsx,CPI Timeseries 2012 - 2025!AT183
VNM,2015,-0.377413,0.161837,40.2154,-0.372697,0.141466,31.0,data/governance/wgi/wgidataset_with_sourcedata-2025.xlsx,cc!I3452,rl!I3542,data/governance/cpi/CPI2025_Results.xlsx,CPI Timeseries 2012 - 2025!AQ183
VNM,2016,-0.356688,0.161837,40.6349,-0.260587,0.141466,33.0,data/governance/wgi/wgidataset_with_sourcedata-2025.xlsx,cc!I3664,rl!I3754,data/governance/cpi/CPI2025_Results.xlsx,CPI Timeseries 2012 - 2025!AN183
VNM,2017,-0.423821,0.161837,39.276,-0.309361,0.139602,35.0,data/governance/wgi/wgidataset_with_sourcedata-2025.xlsx,cc!I3876,rl!I3966,data/governance/cpi/CPI2025_Results.xlsx,CPI Timeseries 2012 - 2025!AJ183
VNM,2018,-0.395105,0.162712,39.8573,-0.285472,0.141408,33.0,data/governance/wgi/wgidataset_with_sourcedata-2025.xlsx,cc!I4087,rl!I4180,data/governance/cpi/CPI2025_Results.xlsx,CPI Timeseries 2012 - 2025!AF183
VNM,2019,-0.362143,0.162712,40.5245,-0.295336,0.141408,37.0,data/governance/wgi/wgidataset_with_sourcedata-2025.xlsx,cc!I4298,rl!I4395,data/governance/cpi/CPI2025_Results.xlsx,CPI Timeseries 2012 - 2025!AB183
VNM,2020,-0.313181,0.167793,41.5156,-0.301675,0.155442,36.0,data/governance/wgi/wgidataset_with_sourcedata-2025.xlsx,cc!I4509,rl!I4610,data/governance/cpi/CPI2025_Results.xlsx,CPI Timeseries 2012 - 2025!X183
VNM,2021,-0.310677,0.168159,41.5662,-0.310642,0.155848,39.0,data/governance/wgi/wgidataset_with_sourcedata-2025.xlsx,cc!I4722,rl!I4825,data/governance/cpi/CPI2025_Results.xlsx,CPI Timeseries 2012 - 2025!T183
VNM,2022,-0.245987,0.168159,42.8757,-0.336849,0.152969,42.0,data/governance/wgi/wgidataset_with_sourcedata-2025.xlsx,cc!I4937,rl!I5040,data/governance/cpi/CPI2025_Results.xlsx,CPI Timeseries 2012 - 2025!P183
VNM,2023,-0.308396,0.166721,41.6124,-0.340199,0.152178,41.0,data/governance/wgi/wgidataset_with_sourcedata-2025.xlsx,cc!I5152,rl!I5255,data/governance/cpi/CPI2025_Results.xlsx,CPI Timeseries 2012 - 2025!L183
VNM,2024,-0.251699,0.166721,42.7601,-0.313934,0.152178,40.0,data/governance/wgi/wgidataset_with_sourcedata-2025.xlsx,cc!I5367,rl!I5470,data/governance/cpi/CPI2025_Results.xlsx,CPI Timeseries 2012 - 2025!H183
VNM,2025,,,,,,41.0,,,,data/governance/cpi/CPI2025_Results.xlsx,CPI Timeseries 2012 - 2025!D183
XKX,2000,0.375099,0.493691,55.4474,-0.543784,0.675503,,data/governance/wgi/wgidataset_with_sourcedata-2025.xlsx,cc!I561,rl!I598,,
XKX,2002,0.313761,0.493691,54.2058,0.0724,0.675503,,data/governance/wgi/wgidataset_with_sourcedata-2025.xlsx,cc!I751,rl!I800,,
XKX,2003,0.154503,0.480695,50.9822,0.672677,0.498537,,data/governance/wgi/wgidataset_with_sourcedata-2025.xlsx,cc!I941,rl!I1002,,
XKX,2004,0.092187,0.471101,49.7208,0.590402,0.498537,,data/governance/wgi/wgidataset_with_sourcedata-2025.xlsx,cc!I1145,rl!I1211,,
XKX,2005,-0.248849,0.471101,42.8178,-0.068244,0.498537,,data/governance/wgi/wgidataset_with_sourcedata-2025.xlsx,cc!I1351,rl!I1421,,
XKX,2006,-0.380614,0.451037,40.1506,0.053371,0.48813,,data/governance/wgi/wgidataset_with_sourcedata-2025.xlsx,cc!I1557,rl!I1631,,
XKX,2007,-0.38953,0.451037,39.9701,0.057188,0.48813,,data/governance/wgi/wgidataset_with_sourcedata-2025.xlsx,cc!I1764,rl!I1841,,
XKX,2008,-0.557082,0.317513,36.5786,-0.051787,0.388226,,data/governance/wgi/wgidataset_with_sourcedata-2025.xlsx,cc!I1972,rl!I2051,,
XKX,2009,-0.418145,0.280832,39.3909,-0.285564,0.269464,,data/governance/wgi/wgidataset_with_sourcedata-2025.xlsx,cc!I2182,rl!I2263,,
XKX,2010,-0.45503,0.224373,38.6443,-0.298578,0.207554,,data/governance/wgi/wgidataset_with_sourcedata-2025.xlsx,cc!I2393,rl!I2475,,
XKX,2011,-0.449543,0.224373,38.7554,-0.260025,0.207554,,data/governance/wgi/wgidataset_with_sourcedata-2025.xlsx,cc!I2605,rl!I2689,,
XKX,2012,-0.45499,0.224373,38.6451,-0.343781,0.190072,34.0,data/governance/wgi/wgidataset_with_sourcedata-2025.xlsx,cc!I2817,rl!I2903,data/governance/cpi/CPI2025_Results.xlsx,CPI Timeseries 2012 - 2025!AZ94
XKX,2013,-0.451741,0.227298,38.7109,-0.420014,0.196113,33.0,data/governance/wgi/wgidataset_with_sourcedata-2025.xlsx,cc!I3029,rl!I3117,data/governance/cpi/CPI2025_Results.xlsx,CPI Timeseries 2012 - 2025!AW94
XKX,2014,-0.349694,0.205195,40.7765,-0.327401,0.184803,33.0,data/governance/wgi/wgidataset_with_sourcedata-2025.xlsx,cc!I3241,rl!I3331,data/governance/cpi/CPI2025_Results.xlsx,CPI Timeseries 2012 - 2025!AT94
XKX,2015,-0.370412,0.205195,40.3571,-0.281934,0.184803,33.0,data/governance/wgi/wgidataset_with_sourcedata-2025.xlsx,cc!I3455,rl!I3545,data/governance/cpi/CPI2025_Results.xlsx,CPI Timeseries 2012 - 2025!AQ94
XKX,2016,-0.298103,0.205195,41.8208,-0.242043,0.184803,36.0,data/governance/wgi/wgidataset_with_sourcedata-2025.xlsx,cc!I3667,rl!I3757,data/governance/cpi/CPI2025_Results.xlsx,CPI Timeseries 2012 - 2025!AN94
XKX,2017,-0.40894,0.205195,39.5773,-0.278882,0.184803,39.0,data/governance/wgi/wgidataset_with_sourcedata-2025.xlsx,cc!I3879,rl!I3969,data/governance/cpi/CPI2025_Results.xlsx,CPI Timeseries 2012 - 2025!AJ94
XKX,2018,-0.38765,0.207252,40.0082,-0.250447,0.189114,37.0,data/governance/wgi/wgidataset_with_sourcedata-2025.xlsx,cc!I4090,rl!I4183,data/governance/cpi/CPI2025_Results.xlsx,CPI Timeseries 2012 - 2025!AF94
XKX,2019,-0.344486,0.207252,40.8819,-0.352763,0.189114,36.0,data/governance/wgi/wgidataset_with_sourcedata-2025.xlsx,cc!I4301,rl!I4398,data/governance/cpi/CPI2025_Results.xlsx,CPI Timeseries 2012 - 2025!AB94
XKX,2020,-0.42359,0.207252,39.2807,-0.278477,0.206308,36.0,data/governance/wgi/wgidataset_with_sourcedata-2025.xlsx,cc!I4512,rl!I4613,data/governance/cpi/CPI2025_Results.xlsx,CPI Timeseries 2012 - 2025!X94
XKX,2021,-0.391917,0.18103,39.9218,-0.123977,0.15664,39.0,data/governance/wgi/wgidataset_with_sourcedata-2025.xlsx,cc!I4725,rl!I4828,data/governance/cpi/CPI2025_Results.xlsx,CPI Timeseries 2012 - 2025!T94
XKX,2022,-0.295121,0.173881,41.8811,-0.149225,0.149282,41.0,data/governance/wgi/wgidataset_with_sourcedata-2025.xlsx,cc!I4940,rl!I5043,data/governance/cpi/CPI2025_Results.xlsx,CPI Timeseries 2012 - 2025!P94
XKX,2023,-0.148031,0.173881,44.8585,-0.043753,0.149282,41.0,data/governance/wgi/wgidataset_with_sourcedata-2025.xlsx,cc!I5155,rl!I5258,data/governance/cpi/CPI2025_Results.xlsx,CPI Timeseries 2012 - 2025!L94
XKX,2024,-0.254728,0.173881,42.6987,0.052136,0.149282,44.0,data/governance/wgi/wgidataset_with_sourcedata-2025.xlsx,cc!I5370,rl!I5473,data/governance/cpi/CPI2025_Results.xlsx,CPI Timeseries 2012 - 2025!H94
XKX,2025,,,,,,43.0,,,,data/governance/cpi/CPI2025_Results.xlsx,CPI Timeseries 2012 - 2025!D94
ZMB,1996,-0.825605,0.231675,31.1433,-0.459904,0.20834,,data/governance/wgi/wgidataset_with_sourcedata-2025.xlsx,cc!I187,rl!I199,,
ZMB,1998,-0.823468,0.231675,31.1866,-0.462072,0.20834,,data/governance/wgi/wgidataset_with_sourcedata-2025.xlsx,cc!I375,rl!I399,,
ZMB,2000,-0.927356,0.231675,29.0837,-0.416429,0.20834,,data/governance/wgi/wgidataset_with_sourcedata-2025.xlsx,cc!I564,rl!I601,,
ZMB,2002,-0.801817,0.224949,31.6248,-0.34508,0.196973,,data/governance/wgi/wgidataset_with_sourcedata-2025.xlsx,cc!I754,rl!I803,,
ZMB,2003,-0.80939,0.211654,31.4715,-0.410631,0.18789,,data/governance/wgi/wgidataset_with_sourcedata-2025.xlsx,cc!I944,rl!I1005,,
ZMB,2004,-0.605557,0.177585,35.5974,-0.470063,0.166193,,data/governance/wgi/wgidataset_with_sourcedata-2025.xlsx,cc!I1148,rl!I1214,,
ZMB,2005,-0.603934,0.171595,35.6303,-0.385402,0.153949,,data/governance/wgi/wgidataset_with_sourcedata-2025.xlsx,cc!I1354,rl!I1424,,
ZMB,2006,-0.392071,0.170569,39.9187,-0.459118,0.153634,,data/governance/wgi/wgidataset_with_sourcedata-2025.xlsx,cc!I1560,rl!I1634,,
ZMB,2007,-0.347221,0.170569,40.8265,-0.411299,0.153634,,data/governance/wgi/wgidataset_with_sourcedata-2025.xlsx,cc!I1767,rl!I1844,,
ZMB,2008,-0.345907,0.170129,40.8531,-0.33141,0.153634,,data/governance/wgi/wgidataset_with_sourcedata-2025.xlsx,cc!I1975,rl!I2054,,
ZMB,2009,-0.309029,0.170129,41.5996,-0.342657,0.153634,,data/governance/wgi/wgidataset_with_sourcedata-2025.xlsx,cc!I2185,rl!I2266,,
ZMB,2010,-0.369043,0.170129,40.3848,-0.37934,0.153634,,data/governance/wgi/wgidataset_with_sourcedata-2025.xlsx,cc!I2396,rl!I2478,,
ZMB,2011,-0.273637,0.170129,42.316,-0.323968,0.153634,,data/governance/wgi/wgidataset_with_sourcedata-2025.xlsx,cc!I2608,rl!I2692,,
ZMB,2012,-0.269323,0.15623,42.4033,-0.488922,0.134444,37.0,data/governance/wgi/wgidataset_with_sourcedata-2025.xlsx,cc!I2820,rl!I2906,data/governance/cpi/CPI2025_Results.xlsx,CPI Timeseries 2012 - 2025!AZ185
ZMB,2013,-0.305174,0.155271,41.6776,-0.410055,0.132449,38.0,data/governance/wgi/wgidataset_with_sourcedata-2025.xlsx,cc!I3032,rl!I3120,data/governance/cpi/CPI2025_Results.xlsx,CPI Timeseries 2012 - 2025!AW185
ZMB,2014,-0.390403,0.155271,39.9525,-0.421397,0.132449,38.0,data/governance/wgi/wgidataset_with_sourcedata-2025.xlsx,cc!I3244,rl!I3334,data/governance/cpi/CPI2025_Results.xlsx,CPI Timeseries 2012 - 2025!AT185
ZMB,2015,-0.395176,0.155271,39.8559,-0.356032,0.132449,38.0,data/governance/wgi/wgidataset_with_sourcedata-2025.xlsx,cc!I3458,rl!I3548,data/governance/cpi/CPI2025_Results.xlsx,CPI Timeseries 2012 - 2025!AQ185
ZMB,2016,-0.423831,0.155271,39.2758,-0.403358,0.132449,38.0,data/governance/wgi/wgidataset_with_sourcedata-2025.xlsx,cc!I3670,rl!I3760,data/governance/cpi/CPI2025_Results.xlsx,CPI Timeseries 2012 - 2025!AN185
ZMB,2017,-0.464061,0.155271,38.4615,-0.450464,0.132449,37.0,data/governance/wgi/wgidataset_with_sourcedata-2025.xlsx,cc!I3882,rl!I3972,data/governance/cpi/CPI2025_Results.xlsx,CPI Timeseries 2012 - 2025!AJ185
ZMB,2018,-0.616528,0.155271,35.3754,-0.481774,0.133988,35.0,data/governance/wgi/wgidataset_with_sourcedata-2025.xlsx,cc!I4093,rl!I4186,data/governance/cpi/CPI2025_Results.xlsx,CPI Timeseries 2012 - 2025!AF185
ZMB,2019,-0.645571,0.155271,34.7875,-0.591155,0.133988,34.0,data/governance/wgi/wgidataset_with_sourcedata-2025.xlsx,cc!I4304,rl!I4401,data/governance/cpi/CPI2025_Results.xlsx,CPI Timeseries 2012 - 2025!AB185
ZMB,2020,-0.605075,0.155271,35.6072,-0.656775,0.139707,33.0,data/governance/wgi/wgidataset_with_sourcedata-2025.xlsx,cc!I4515,rl!I4616,data/governance/cpi/CPI2025_Results.xlsx,CPI Timeseries 2012 - 2025!X185
ZMB,2021,-0.692895,0.155271,33.8296,-0.602653,0.139707,33.0,data/governance/wgi/wgidataset_with_sourcedata-2025.xlsx,cc!I4728,rl!I4831,data/governance/cpi/CPI2025_Results.xlsx,CPI Timeseries 2012 - 2025!T185
ZMB,2022,-0.418077,0.155271,39.3923,-0.631382,0.137621,33.0,data/governance/wgi/wgidataset_with_sourcedata-2025.xlsx,cc!I4943,rl!I5046,data/governance/cpi/CPI2025_Results.xlsx,CPI Timeseries 2012 - 2025!P185
ZMB,2023,-0.39812,0.158589,39.7963,-0.608982,0.138179,37.0,data/governance/wgi/wgidataset_with_sourcedata-2025.xlsx,cc!I5158,rl!I5261,data/governance/cpi/CPI2025_Results.xlsx,CPI Timeseries 2012 - 2025!L185
ZMB,2024,-0.456829,0.155605,38.6079,-0.561177,0.137621,39.0,data/governance/wgi/wgidataset_with_sourcedata-2025.xlsx,cc!I5373,rl!I5476,data/governance/cpi/CPI2025_Results.xlsx,CPI Timeseries 2012 - 2025!H185
ZMB,2025,,,,,,37.0,,,,data/governance/cpi/CPI2025_Results.xlsx,CPI Timeseries 2012 - 2025!D185
