country_name,iso3,oecd_member,cycle,domain,mean,se,source_file,sheet,cell_ref
OECD average,OECD,,2012,science,496.441,0.4648,data/pisa/2025/annex_tables/mrq53f.xlsx,Table I.B1.2a.36,Table I.B1.2a.36!F10
OECD average,OECD,,2015,science,488.758,0.4094,data/pisa/2025/annex_tables/mrq53f.xlsx,Table I.B1.2a.36,Table I.B1.2a.36!H10
OECD average,OECD,,2025,science,481.908,0.4384,data/pisa/2025/annex_tables/mrq53f.xlsx,Table I.B1.2a.36,Table I.B1.2a.36!N10
OECD average-23,OECD_A23,,2006,science,502.744,0.5954,data/pisa/2025/annex_tables/mrq53f.xlsx,Table I.B1.2a.36,Table I.B1.2a.36!B11
OECD average-23,OECD_A23,,2009,science,505.741,0.5796,data/pisa/2025/annex_tables/mrq53f.xlsx,Table I.B1.2a.36,Table I.B1.2a.36!D11
OECD average-23,OECD_A23,,2012,science,504.731,0.5682,data/pisa/2025/annex_tables/mrq53f.xlsx,Table I.B1.2a.36,Table I.B1.2a.36!F11
OECD average-23,OECD_A23,,2015,science,496.981,0.5253,data/pisa/2025/annex_tables/mrq53f.xlsx,Table I.B1.2a.36,Table I.B1.2a.36!H11
OECD average-23,OECD_A23,,2018,science,493.463,0.5127,data/pisa/2025/annex_tables/mrq53f.xlsx,Table I.B1.2a.36,Table I.B1.2a.36!J11
OECD average-23,OECD_A23,,2022,science,490.864,0.5326,data/pisa/2025/annex_tables/mrq53f.xlsx,Table I.B1.2a.36,Table I.B1.2a.36!L11
OECD average-23,OECD_A23,,2025,science,485.936,0.554,data/pisa/2025/annex_tables/mrq53f.xlsx,Table I.B1.2a.36,Table I.B1.2a.36!N11
OECD average-35,OECD_A35,,2006,science,495.23,0.5062,data/pisa/2025/annex_tables/mrq53f.xlsx,Table I.B1.2a.36,Table I.B1.2a.36!B12
OECD average-35,OECD_A35,,2012,science,498.507,0.4935,data/pisa/2025/annex_tables/mrq53f.xlsx,Table I.B1.2a.36,Table I.B1.2a.36!F12
OECD average-35,OECD_A35,,2015,science,490.789,0.4353,data/pisa/2025/annex_tables/mrq53f.xlsx,Table I.B1.2a.36,Table I.B1.2a.36!H12
OECD average-35,OECD_A35,,2018,science,489.157,0.4215,data/pisa/2025/annex_tables/mrq53f.xlsx,Table I.B1.2a.36,Table I.B1.2a.36!J12
OECD average-35,OECD_A35,,2022,science,486.754,0.4527,data/pisa/2025/annex_tables/mrq53f.xlsx,Table I.B1.2a.36,Table I.B1.2a.36!L12
OECD average-35,OECD_A35,,2025,science,483.933,0.4661,data/pisa/2025/annex_tables/mrq53f.xlsx,Table I.B1.2a.36,Table I.B1.2a.36!N12
Argentina,ARG,0,2006,science,391.244,6.08,data/pisa/2025/annex_tables/mrq53f.xlsx,Table I.B1.2a.36,Table I.B1.2a.36!B15
Argentina,ARG,0,2009,science,400.839,4.5767,data/pisa/2025/annex_tables/mrq53f.xlsx,Table I.B1.2a.36,Table I.B1.2a.36!D15
Argentina,ARG,0,2012,science,405.632,3.8809,data/pisa/2025/annex_tables/mrq53f.xlsx,Table I.B1.2a.36,Table I.B1.2a.36!F15
Argentina,ARG,0,2018,science,404.071,2.8705,data/pisa/2025/annex_tables/mrq53f.xlsx,Table I.B1.2a.36,Table I.B1.2a.36!J15
Argentina,ARG,0,2022,science,406.191,2.4929,data/pisa/2025/annex_tables/mrq53f.xlsx,Table I.B1.2a.36,Table I.B1.2a.36!L15
Argentina,ARG,0,2025,science,392.934,2.9888,data/pisa/2025/annex_tables/mrq53f.xlsx,Table I.B1.2a.36,Table I.B1.2a.36!N15
Armenia,ARM,0,2025,science,368.633,1.7763,data/pisa/2025/annex_tables/mrq53f.xlsx,Table I.B1.2a.36,Table I.B1.2a.36!N16
Australia,AUS,1,2006,science,526.88,2.2603,data/pisa/2025/annex_tables/mrq53f.xlsx,Table I.B1.2a.36,Table I.B1.2a.36!B17
Australia,AUS,1,2009,science,527.271,2.5311,data/pisa/2025/annex_tables/mrq53f.xlsx,Table I.B1.2a.36,Table I.B1.2a.36!D17
Australia,AUS,1,2012,science,521.495,1.7576,data/pisa/2025/annex_tables/mrq53f.xlsx,Table I.B1.2a.36,Table I.B1.2a.36!F17
Australia,AUS,1,2015,science,509.994,1.5353,data/pisa/2025/annex_tables/mrq53f.xlsx,Table I.B1.2a.36,Table I.B1.2a.36!H17
Australia,AUS,1,2018,science,502.965,1.7954,data/pisa/2025/annex_tables/mrq53f.xlsx,Table I.B1.2a.36,Table I.B1.2a.36!J17
Australia,AUS,1,2022,science,507.001,1.9331,data/pisa/2025/annex_tables/mrq53f.xlsx,Table I.B1.2a.36,Table I.B1.2a.36!L17
Australia,AUS,1,2025,science,509.106,1.8853,data/pisa/2025/annex_tables/mrq53f.xlsx,Table I.B1.2a.36,Table I.B1.2a.36!N17
Austria,AUT,1,2006,science,510.837,3.9249,data/pisa/2025/annex_tables/mrq53f.xlsx,Table I.B1.2a.36,Table I.B1.2a.36!B18
Austria,AUT,1,2012,science,505.781,2.7003,data/pisa/2025/annex_tables/mrq53f.xlsx,Table I.B1.2a.36,Table I.B1.2a.36!F18
Austria,AUT,1,2015,science,495.037,2.4393,data/pisa/2025/annex_tables/mrq53f.xlsx,Table I.B1.2a.36,Table I.B1.2a.36!H18
Austria,AUT,1,2018,science,489.78,2.7774,data/pisa/2025/annex_tables/mrq53f.xlsx,Table I.B1.2a.36,Table I.B1.2a.36!J18
Austria,AUT,1,2022,science,491.271,2.6501,data/pisa/2025/annex_tables/mrq53f.xlsx,Table I.B1.2a.36,Table I.B1.2a.36!L18
Austria,AUT,1,2025,science,496.913,2.7242,data/pisa/2025/annex_tables/mrq53f.xlsx,Table I.B1.2a.36,Table I.B1.2a.36!N18
Azerbaijan,AZE,0,2006,science,382.334,2.7535,data/pisa/2025/annex_tables/mrq53f.xlsx,Table I.B1.2a.36,Table I.B1.2a.36!B19
Azerbaijan,AZE,0,2009,science,373.184,3.0516,data/pisa/2025/annex_tables/mrq53f.xlsx,Table I.B1.2a.36,Table I.B1.2a.36!D19
Azerbaijan,AZE,0,2025,science,408.564,3.2038,data/pisa/2025/annex_tables/mrq53f.xlsx,Table I.B1.2a.36,Table I.B1.2a.36!N19
Belgium,BEL,1,2006,science,510.363,2.4847,data/pisa/2025/annex_tables/mrq53f.xlsx,Table I.B1.2a.36,Table I.B1.2a.36!B20
Belgium,BEL,1,2009,science,506.576,2.5222,data/pisa/2025/annex_tables/mrq53f.xlsx,Table I.B1.2a.36,Table I.B1.2a.36!D20
Belgium,BEL,1,2012,science,504.868,2.1803,data/pisa/2025/annex_tables/mrq53f.xlsx,Table I.B1.2a.36,Table I.B1.2a.36!F20
Belgium,BEL,1,2015,science,502.0,2.2896,data/pisa/2025/annex_tables/mrq53f.xlsx,Table I.B1.2a.36,Table I.B1.2a.36!H20
Belgium,BEL,1,2018,science,498.773,2.2292,data/pisa/2025/annex_tables/mrq53f.xlsx,Table I.B1.2a.36,Table I.B1.2a.36!J20
Belgium,BEL,1,2022,science,490.578,2.4819,data/pisa/2025/annex_tables/mrq53f.xlsx,Table I.B1.2a.36,Table I.B1.2a.36!L20
Belgium,BEL,1,2025,science,489.71,2.8551,data/pisa/2025/annex_tables/mrq53f.xlsx,Table I.B1.2a.36,Table I.B1.2a.36!N20
Brazil,BRA,0,2006,science,390.332,2.7863,data/pisa/2025/annex_tables/mrq53f.xlsx,Table I.B1.2a.36,Table I.B1.2a.36!B21
Brazil,BRA,0,2009,science,405.404,2.433,data/pisa/2025/annex_tables/mrq53f.xlsx,Table I.B1.2a.36,Table I.B1.2a.36!D21
Brazil,BRA,0,2012,science,401.62,2.0609,data/pisa/2025/annex_tables/mrq53f.xlsx,Table I.B1.2a.36,Table I.B1.2a.36!F21
Brazil,BRA,0,2015,science,400.682,2.2968,data/pisa/2025/annex_tables/mrq53f.xlsx,Table I.B1.2a.36,Table I.B1.2a.36!H21
Brazil,BRA,0,2018,science,403.621,2.0577,data/pisa/2025/annex_tables/mrq53f.xlsx,Table I.B1.2a.36,Table I.B1.2a.36!J21
Brazil,BRA,0,2022,science,403.001,1.9328,data/pisa/2025/annex_tables/mrq53f.xlsx,Table I.B1.2a.36,Table I.B1.2a.36!L21
Brazil,BRA,0,2025,science,408.54,1.9332,data/pisa/2025/annex_tables/mrq53f.xlsx,Table I.B1.2a.36,Table I.B1.2a.36!N21
Brunei Darussalam,BRN,0,2018,science,430.984,1.2101,data/pisa/2025/annex_tables/mrq53f.xlsx,Table I.B1.2a.36,Table I.B1.2a.36!J22
Brunei Darussalam,BRN,0,2022,science,445.855,1.3168,data/pisa/2025/annex_tables/mrq53f.xlsx,Table I.B1.2a.36,Table I.B1.2a.36!L22
Brunei Darussalam,BRN,0,2025,science,439.454,0.8199,data/pisa/2025/annex_tables/mrq53f.xlsx,Table I.B1.2a.36,Table I.B1.2a.36!N22
B-S-J-Z (China),QCI,0,2018,science,590.453,2.6716,data/pisa/2025/annex_tables/mrq53f.xlsx,Table I.B1.2a.36,Table I.B1.2a.36!J23
B-S-J-Z (China),QCI,0,2025,science,597.044,2.1561,data/pisa/2025/annex_tables/mrq53f.xlsx,Table I.B1.2a.36,Table I.B1.2a.36!N23
Bulgaria,BGR,0,2006,science,434.08,6.1118,data/pisa/2025/annex_tables/mrq53f.xlsx,Table I.B1.2a.36,Table I.B1.2a.36!B24
Bulgaria,BGR,0,2009,science,439.294,5.8622,data/pisa/2025/annex_tables/mrq53f.xlsx,Table I.B1.2a.36,Table I.B1.2a.36!D24
Bulgaria,BGR,0,2012,science,446.469,4.7835,data/pisa/2025/annex_tables/mrq53f.xlsx,Table I.B1.2a.36,Table I.B1.2a.36!F24
Bulgaria,BGR,0,2015,science,445.772,4.3502,data/pisa/2025/annex_tables/mrq53f.xlsx,Table I.B1.2a.36,Table I.B1.2a.36!H24
Bulgaria,BGR,0,2018,science,424.074,3.6315,data/pisa/2025/annex_tables/mrq53f.xlsx,Table I.B1.2a.36,Table I.B1.2a.36!J24
Bulgaria,BGR,0,2022,science,420.993,3.1742,data/pisa/2025/annex_tables/mrq53f.xlsx,Table I.B1.2a.36,Table I.B1.2a.36!L24
Bulgaria,BGR,0,2025,science,420.794,4.0533,data/pisa/2025/annex_tables/mrq53f.xlsx,Table I.B1.2a.36,Table I.B1.2a.36!N24
Cambodia,KHM,0,2018,science,330.274,1.909,data/pisa/2025/annex_tables/mrq53f.xlsx,Table I.B1.2a.36,Table I.B1.2a.36!J25
Cambodia,KHM,0,2022,science,347.104,2.0992,data/pisa/2025/annex_tables/mrq53f.xlsx,Table I.B1.2a.36,Table I.B1.2a.36!L25
Cambodia,KHM,0,2025,science,381.935,1.6906,data/pisa/2025/annex_tables/mrq53f.xlsx,Table I.B1.2a.36,Table I.B1.2a.36!N25
Canada,CAN,1,2006,science,534.47,2.0318,data/pisa/2025/annex_tables/mrq53f.xlsx,Table I.B1.2a.36,Table I.B1.2a.36!B26
Canada,CAN,1,2009,science,528.705,1.6213,data/pisa/2025/annex_tables/mrq53f.xlsx,Table I.B1.2a.36,Table I.B1.2a.36!D26
Canada,CAN,1,2012,science,525.441,1.9305,data/pisa/2025/annex_tables/mrq53f.xlsx,Table I.B1.2a.36,Table I.B1.2a.36!F26
Canada,CAN,1,2015,science,527.705,2.0803,data/pisa/2025/annex_tables/mrq53f.xlsx,Table I.B1.2a.36,Table I.B1.2a.36!H26
Canada,CAN,1,2018,science,517.998,2.1537,data/pisa/2025/annex_tables/mrq53f.xlsx,Table I.B1.2a.36,Table I.B1.2a.36!J26
Canada,CAN,1,2022,science,515.017,1.929,data/pisa/2025/annex_tables/mrq53f.xlsx,Table I.B1.2a.36,Table I.B1.2a.36!L26
Canada,CAN,1,2025,science,510.055,1.7891,data/pisa/2025/annex_tables/mrq53f.xlsx,Table I.B1.2a.36,Table I.B1.2a.36!N26
Chile,CHL,1,2006,science,438.177,4.3177,data/pisa/2025/annex_tables/mrq53f.xlsx,Table I.B1.2a.36,Table I.B1.2a.36!B27
Chile,CHL,1,2009,science,447.467,2.9228,data/pisa/2025/annex_tables/mrq53f.xlsx,Table I.B1.2a.36,Table I.B1.2a.36!D27
Chile,CHL,1,2012,science,444.934,2.8633,data/pisa/2025/annex_tables/mrq53f.xlsx,Table I.B1.2a.36,Table I.B1.2a.36!F27
Chile,CHL,1,2015,science,446.956,2.3793,data/pisa/2025/annex_tables/mrq53f.xlsx,Table I.B1.2a.36,Table I.B1.2a.36!H27
Chile,CHL,1,2018,science,443.583,2.4153,data/pisa/2025/annex_tables/mrq53f.xlsx,Table I.B1.2a.36,Table I.B1.2a.36!J27
Chile,CHL,1,2022,science,443.543,2.4686,data/pisa/2025/annex_tables/mrq53f.xlsx,Table I.B1.2a.36,Table I.B1.2a.36!L27
Chile,CHL,1,2025,science,442.361,2.4952,data/pisa/2025/annex_tables/mrq53f.xlsx,Table I.B1.2a.36,Table I.B1.2a.36!N27
Colombia,COL,1,2006,science,388.038,3.3749,data/pisa/2025/annex_tables/mrq53f.xlsx,Table I.B1.2a.36,Table I.B1.2a.36!B28
Colombia,COL,1,2009,science,401.75,3.6344,data/pisa/2025/annex_tables/mrq53f.xlsx,Table I.B1.2a.36,Table I.B1.2a.36!D28
Colombia,COL,1,2012,science,398.679,3.0528,data/pisa/2025/annex_tables/mrq53f.xlsx,Table I.B1.2a.36,Table I.B1.2a.36!F28
Colombia,COL,1,2015,science,415.729,2.3611,data/pisa/2025/annex_tables/mrq53f.xlsx,Table I.B1.2a.36,Table I.B1.2a.36!H28
Colombia,COL,1,2018,science,413.323,3.0524,data/pisa/2025/annex_tables/mrq53f.xlsx,Table I.B1.2a.36,Table I.B1.2a.36!J28
Colombia,COL,1,2022,science,411.121,3.2841,data/pisa/2025/annex_tables/mrq53f.xlsx,Table I.B1.2a.36,Table I.B1.2a.36!L28
Colombia,COL,1,2025,science,413.731,3.2937,data/pisa/2025/annex_tables/mrq53f.xlsx,Table I.B1.2a.36,Table I.B1.2a.36!N28
Costa Rica,CRI,1,2009,science,430.481,2.7633,data/pisa/2025/annex_tables/mrq53f.xlsx,Table I.B1.2a.36,Table I.B1.2a.36!D29
Costa Rica,CRI,1,2012,science,429.351,2.938,data/pisa/2025/annex_tables/mrq53f.xlsx,Table I.B1.2a.36,Table I.B1.2a.36!F29
Costa Rica,CRI,1,2015,science,419.608,2.0745,data/pisa/2025/annex_tables/mrq53f.xlsx,Table I.B1.2a.36,Table I.B1.2a.36!H29
Costa Rica,CRI,1,2018,science,415.622,3.266,data/pisa/2025/annex_tables/mrq53f.xlsx,Table I.B1.2a.36,Table I.B1.2a.36!J29
Costa Rica,CRI,1,2022,science,410.987,2.418,data/pisa/2025/annex_tables/mrq53f.xlsx,Table I.B1.2a.36,Table I.B1.2a.36!L29
Costa Rica,CRI,1,2025,science,423.97,2.5697,data/pisa/2025/annex_tables/mrq53f.xlsx,Table I.B1.2a.36,Table I.B1.2a.36!N29
Croatia,HRV,0,2006,science,493.204,2.4452,data/pisa/2025/annex_tables/mrq53f.xlsx,Table I.B1.2a.36,Table I.B1.2a.36!B30
Croatia,HRV,0,2009,science,486.363,2.8336,data/pisa/2025/annex_tables/mrq53f.xlsx,Table I.B1.2a.36,Table I.B1.2a.36!D30
Croatia,HRV,0,2012,science,491.357,3.1005,data/pisa/2025/annex_tables/mrq53f.xlsx,Table I.B1.2a.36,Table I.B1.2a.36!F30
Croatia,HRV,0,2015,science,475.391,2.452,data/pisa/2025/annex_tables/mrq53f.xlsx,Table I.B1.2a.36,Table I.B1.2a.36!H30
Croatia,HRV,0,2018,science,472.363,2.7895,data/pisa/2025/annex_tables/mrq53f.xlsx,Table I.B1.2a.36,Table I.B1.2a.36!J30
Croatia,HRV,0,2022,science,482.667,2.3975,data/pisa/2025/annex_tables/mrq53f.xlsx,Table I.B1.2a.36,Table I.B1.2a.36!L30
Croatia,HRV,0,2025,science,476.301,1.7672,data/pisa/2025/annex_tables/mrq53f.xlsx,Table I.B1.2a.36,Table I.B1.2a.36!N30
Cyprus,CYP,0,2012,science,437.676,1.1833,data/pisa/2025/annex_tables/mrq53f.xlsx,Table I.B1.2a.36,Table I.B1.2a.36!F31
Cyprus,CYP,0,2015,science,432.577,1.379,data/pisa/2025/annex_tables/mrq53f.xlsx,Table I.B1.2a.36,Table I.B1.2a.36!H31
Cyprus,CYP,0,2018,science,439.008,1.3876,data/pisa/2025/annex_tables/mrq53f.xlsx,Table I.B1.2a.36,Table I.B1.2a.36!J31
Cyprus,CYP,0,2022,science,410.903,1.4566,data/pisa/2025/annex_tables/mrq53f.xlsx,Table I.B1.2a.36,Table I.B1.2a.36!L31
Cyprus,CYP,0,2025,science,411.185,1.4658,data/pisa/2025/annex_tables/mrq53f.xlsx,Table I.B1.2a.36,Table I.B1.2a.36!N31
Czechia,CZE,1,2006,science,512.861,3.4784,data/pisa/2025/annex_tables/mrq53f.xlsx,Table I.B1.2a.36,Table I.B1.2a.36!B32
Czechia,CZE,1,2009,science,500.497,2.9742,data/pisa/2025/annex_tables/mrq53f.xlsx,Table I.B1.2a.36,Table I.B1.2a.36!D32
Czechia,CZE,1,2012,science,508.299,2.9629,data/pisa/2025/annex_tables/mrq53f.xlsx,Table I.B1.2a.36,Table I.B1.2a.36!F32
Czechia,CZE,1,2015,science,492.83,2.2677,data/pisa/2025/annex_tables/mrq53f.xlsx,Table I.B1.2a.36,Table I.B1.2a.36!H32
Czechia,CZE,1,2018,science,496.791,2.5461,data/pisa/2025/annex_tables/mrq53f.xlsx,Table I.B1.2a.36,Table I.B1.2a.36!J32
Czechia,CZE,1,2022,science,497.742,2.3043,data/pisa/2025/annex_tables/mrq53f.xlsx,Table I.B1.2a.36,Table I.B1.2a.36!L32
Czechia,CZE,1,2025,science,490.278,2.5861,data/pisa/2025/annex_tables/mrq53f.xlsx,Table I.B1.2a.36,Table I.B1.2a.36!N32
Denmark,DNK,1,2006,science,495.894,3.1087,data/pisa/2025/annex_tables/mrq53f.xlsx,Table I.B1.2a.36,Table I.B1.2a.36!B33
Denmark,DNK,1,2009,science,499.337,2.4823,data/pisa/2025/annex_tables/mrq53f.xlsx,Table I.B1.2a.36,Table I.B1.2a.36!D33
Denmark,DNK,1,2012,science,498.474,2.7421,data/pisa/2025/annex_tables/mrq53f.xlsx,Table I.B1.2a.36,Table I.B1.2a.36!F33
Denmark,DNK,1,2015,science,501.937,2.3755,data/pisa/2025/annex_tables/mrq53f.xlsx,Table I.B1.2a.36,Table I.B1.2a.36!H33
Denmark,DNK,1,2018,science,492.637,1.9376,data/pisa/2025/annex_tables/mrq53f.xlsx,Table I.B1.2a.36,Table I.B1.2a.36!J33
Denmark,DNK,1,2022,science,493.816,2.4975,data/pisa/2025/annex_tables/mrq53f.xlsx,Table I.B1.2a.36,Table I.B1.2a.36!L33
Denmark,DNK,1,2025,science,477.541,2.3903,data/pisa/2025/annex_tables/mrq53f.xlsx,Table I.B1.2a.36,Table I.B1.2a.36!N33
Dominican Republic,DOM,0,2015,science,331.639,2.5782,data/pisa/2025/annex_tables/mrq53f.xlsx,Table I.B1.2a.36,Table I.B1.2a.36!H34
Dominican Republic,DOM,0,2018,science,335.63,2.5047,data/pisa/2025/annex_tables/mrq53f.xlsx,Table I.B1.2a.36,Table I.B1.2a.36!J34
Dominican Republic,DOM,0,2022,science,360.426,2.0445,data/pisa/2025/annex_tables/mrq53f.xlsx,Table I.B1.2a.36,Table I.B1.2a.36!L34
Dominican Republic,DOM,0,2025,science,360.847,2.3225,data/pisa/2025/annex_tables/mrq53f.xlsx,Table I.B1.2a.36,Table I.B1.2a.36!N34
Dushanbe (Tajikistan),QDT,0,2025,science,333.765,1.4187,data/pisa/2025/annex_tables/mrq53f.xlsx,Table I.B1.2a.36,Table I.B1.2a.36!N35
Ecuador,ECU,0,2018,science,399.263,2.9363,data/pisa/2025/annex_tables/mrq53f.xlsx,Table I.B1.2a.36,Table I.B1.2a.36!J36
Ecuador,ECU,0,2025,science,393.421,2.1619,data/pisa/2025/annex_tables/mrq53f.xlsx,Table I.B1.2a.36,Table I.B1.2a.36!N36
El Salvador,SLV,0,2022,science,373.141,2.6204,data/pisa/2025/annex_tables/mrq53f.xlsx,Table I.B1.2a.36,Table I.B1.2a.36!L37
El Salvador,SLV,0,2025,science,384.673,2.1761,data/pisa/2025/annex_tables/mrq53f.xlsx,Table I.B1.2a.36,Table I.B1.2a.36!N37
Estonia,EST,1,2006,science,531.392,2.523,data/pisa/2025/annex_tables/mrq53f.xlsx,Table I.B1.2a.36,Table I.B1.2a.36!B38
Estonia,EST,1,2009,science,527.832,2.6686,data/pisa/2025/annex_tables/mrq53f.xlsx,Table I.B1.2a.36,Table I.B1.2a.36!D38
Estonia,EST,1,2012,science,541.405,1.9483,data/pisa/2025/annex_tables/mrq53f.xlsx,Table I.B1.2a.36,Table I.B1.2a.36!F38
Estonia,EST,1,2015,science,534.194,2.0948,data/pisa/2025/annex_tables/mrq53f.xlsx,Table I.B1.2a.36,Table I.B1.2a.36!H38
Estonia,EST,1,2018,science,530.108,1.8846,data/pisa/2025/annex_tables/mrq53f.xlsx,Table I.B1.2a.36,Table I.B1.2a.36!J38
Estonia,EST,1,2022,science,525.812,2.0654,data/pisa/2025/annex_tables/mrq53f.xlsx,Table I.B1.2a.36,Table I.B1.2a.36!L38
Estonia,EST,1,2025,science,527.117,2.3344,data/pisa/2025/annex_tables/mrq53f.xlsx,Table I.B1.2a.36,Table I.B1.2a.36!N38
Finland,FIN,1,2006,science,563.323,2.0185,data/pisa/2025/annex_tables/mrq53f.xlsx,Table I.B1.2a.36,Table I.B1.2a.36!B39
Finland,FIN,1,2009,science,554.08,2.3358,data/pisa/2025/annex_tables/mrq53f.xlsx,Table I.B1.2a.36,Table I.B1.2a.36!D39
Finland,FIN,1,2012,science,545.442,2.1987,data/pisa/2025/annex_tables/mrq53f.xlsx,Table I.B1.2a.36,Table I.B1.2a.36!F39
Finland,FIN,1,2015,science,530.661,2.3924,data/pisa/2025/annex_tables/mrq53f.xlsx,Table I.B1.2a.36,Table I.B1.2a.36!H39
Finland,FIN,1,2018,science,521.885,2.5095,data/pisa/2025/annex_tables/mrq53f.xlsx,Table I.B1.2a.36,Table I.B1.2a.36!J39
Finland,FIN,1,2022,science,510.959,2.5008,data/pisa/2025/annex_tables/mrq53f.xlsx,Table I.B1.2a.36,Table I.B1.2a.36!L39
Finland,FIN,1,2025,science,504.372,2.2606,data/pisa/2025/annex_tables/mrq53f.xlsx,Table I.B1.2a.36,Table I.B1.2a.36!N39
France,FRA,1,2006,science,495.22,3.3603,data/pisa/2025/annex_tables/mrq53f.xlsx,Table I.B1.2a.36,Table I.B1.2a.36!B40
France,FRA,1,2009,science,498.227,3.6014,data/pisa/2025/annex_tables/mrq53f.xlsx,Table I.B1.2a.36,Table I.B1.2a.36!D40
France,FRA,1,2012,science,498.971,2.5787,data/pisa/2025/annex_tables/mrq53f.xlsx,Table I.B1.2a.36,Table I.B1.2a.36!F40
France,FRA,1,2015,science,494.978,2.0607,data/pisa/2025/annex_tables/mrq53f.xlsx,Table I.B1.2a.36,Table I.B1.2a.36!H40
France,FRA,1,2018,science,492.977,2.2237,data/pisa/2025/annex_tables/mrq53f.xlsx,Table I.B1.2a.36,Table I.B1.2a.36!J40
France,FRA,1,2022,science,487.225,2.7296,data/pisa/2025/annex_tables/mrq53f.xlsx,Table I.B1.2a.36,Table I.B1.2a.36!L40
France,FRA,1,2025,science,483.421,3.2059,data/pisa/2025/annex_tables/mrq53f.xlsx,Table I.B1.2a.36,Table I.B1.2a.36!N40
Georgia,GEO,0,2009,science,372.653,2.9176,data/pisa/2025/annex_tables/mrq53f.xlsx,Table I.B1.2a.36,Table I.B1.2a.36!D41
Georgia,GEO,0,2015,science,411.132,2.4169,data/pisa/2025/annex_tables/mrq53f.xlsx,Table I.B1.2a.36,Table I.B1.2a.36!H41
Georgia,GEO,0,2018,science,382.664,2.31,data/pisa/2025/annex_tables/mrq53f.xlsx,Table I.B1.2a.36,Table I.B1.2a.36!J41
Georgia,GEO,0,2022,science,384.067,2.3083,data/pisa/2025/annex_tables/mrq53f.xlsx,Table I.B1.2a.36,Table I.B1.2a.36!L41
Georgia,GEO,0,2025,science,422.119,2.652,data/pisa/2025/annex_tables/mrq53f.xlsx,Table I.B1.2a.36,Table I.B1.2a.36!N41
Germany,DEU,1,2006,science,515.649,3.7956,data/pisa/2025/annex_tables/mrq53f.xlsx,Table I.B1.2a.36,Table I.B1.2a.36!B42
Germany,DEU,1,2009,science,520.405,2.7987,data/pisa/2025/annex_tables/mrq53f.xlsx,Table I.B1.2a.36,Table I.B1.2a.36!D42
Germany,DEU,1,2012,science,524.121,2.9633,data/pisa/2025/annex_tables/mrq53f.xlsx,Table I.B1.2a.36,Table I.B1.2a.36!F42
Germany,DEU,1,2015,science,509.141,2.6988,data/pisa/2025/annex_tables/mrq53f.xlsx,Table I.B1.2a.36,Table I.B1.2a.36!H42
Germany,DEU,1,2018,science,502.989,2.9115,data/pisa/2025/annex_tables/mrq53f.xlsx,Table I.B1.2a.36,Table I.B1.2a.36!J42
Germany,DEU,1,2022,science,492.427,3.4831,data/pisa/2025/annex_tables/mrq53f.xlsx,Table I.B1.2a.36,Table I.B1.2a.36!L42
Germany,DEU,1,2025,science,485.521,3.5211,data/pisa/2025/annex_tables/mrq53f.xlsx,Table I.B1.2a.36,Table I.B1.2a.36!N42
Greece,GRC,1,2006,science,473.378,3.2309,data/pisa/2025/annex_tables/mrq53f.xlsx,Table I.B1.2a.36,Table I.B1.2a.36!B43
Greece,GRC,1,2009,science,470.116,4.0388,data/pisa/2025/annex_tables/mrq53f.xlsx,Table I.B1.2a.36,Table I.B1.2a.36!D43
Greece,GRC,1,2012,science,466.722,3.1225,data/pisa/2025/annex_tables/mrq53f.xlsx,Table I.B1.2a.36,Table I.B1.2a.36!F43
Greece,GRC,1,2015,science,454.829,3.9173,data/pisa/2025/annex_tables/mrq53f.xlsx,Table I.B1.2a.36,Table I.B1.2a.36!H43
Greece,GRC,1,2018,science,451.633,3.1396,data/pisa/2025/annex_tables/mrq53f.xlsx,Table I.B1.2a.36,Table I.B1.2a.36!J43
Greece,GRC,1,2022,science,440.786,2.7672,data/pisa/2025/annex_tables/mrq53f.xlsx,Table I.B1.2a.36,Table I.B1.2a.36!L43
Greece,GRC,1,2025,science,434.285,2.9384,data/pisa/2025/annex_tables/mrq53f.xlsx,Table I.B1.2a.36,Table I.B1.2a.36!N43
Guatemala,GTM,0,2018,science,364.94,2.9162,data/pisa/2025/annex_tables/mrq53f.xlsx,Table I.B1.2a.36,Table I.B1.2a.36!J44
Guatemala,GTM,0,2022,science,372.963,2.2303,data/pisa/2025/annex_tables/mrq53f.xlsx,Table I.B1.2a.36,Table I.B1.2a.36!L44
Guatemala,GTM,0,2025,science,351.234,2.5259,data/pisa/2025/annex_tables/mrq53f.xlsx,Table I.B1.2a.36,Table I.B1.2a.36!N44
Hong Kong (China),HKG,0,2006,science,542.211,2.4733,data/pisa/2025/annex_tables/mrq53f.xlsx,Table I.B1.2a.36,Table I.B1.2a.36!B45
Hong Kong (China),HKG,0,2009,science,549.029,2.7516,data/pisa/2025/annex_tables/mrq53f.xlsx,Table I.B1.2a.36,Table I.B1.2a.36!D45
Hong Kong (China),HKG,0,2012,science,554.937,2.6092,data/pisa/2025/annex_tables/mrq53f.xlsx,Table I.B1.2a.36,Table I.B1.2a.36!F45
Hong Kong (China),HKG,0,2015,science,523.277,2.5472,data/pisa/2025/annex_tables/mrq53f.xlsx,Table I.B1.2a.36,Table I.B1.2a.36!H45
Hong Kong (China),HKG,0,2018,science,516.686,2.5431,data/pisa/2025/annex_tables/mrq53f.xlsx,Table I.B1.2a.36,Table I.B1.2a.36!J45
Hong Kong (China),HKG,0,2022,science,520.419,2.7929,data/pisa/2025/annex_tables/mrq53f.xlsx,Table I.B1.2a.36,Table I.B1.2a.36!L45
Hong Kong (China),HKG,0,2025,science,495.627,3.047,data/pisa/2025/annex_tables/mrq53f.xlsx,Table I.B1.2a.36,Table I.B1.2a.36!N45
Hungary,HUN,1,2006,science,503.932,2.676,data/pisa/2025/annex_tables/mrq53f.xlsx,Table I.B1.2a.36,Table I.B1.2a.36!B46
Hungary,HUN,1,2009,science,502.643,3.1423,data/pisa/2025/annex_tables/mrq53f.xlsx,Table I.B1.2a.36,Table I.B1.2a.36!D46
Hungary,HUN,1,2012,science,494.302,2.9498,data/pisa/2025/annex_tables/mrq53f.xlsx,Table I.B1.2a.36,Table I.B1.2a.36!F46
Hungary,HUN,1,2015,science,476.748,2.4215,data/pisa/2025/annex_tables/mrq53f.xlsx,Table I.B1.2a.36,Table I.B1.2a.36!H46
Hungary,HUN,1,2018,science,480.912,2.33,data/pisa/2025/annex_tables/mrq53f.xlsx,Table I.B1.2a.36,Table I.B1.2a.36!J46
Hungary,HUN,1,2022,science,485.89,2.7087,data/pisa/2025/annex_tables/mrq53f.xlsx,Table I.B1.2a.36,Table I.B1.2a.36!L46
Hungary,HUN,1,2025,science,479.912,2.444,data/pisa/2025/annex_tables/mrq53f.xlsx,Table I.B1.2a.36,Table I.B1.2a.36!N46
Iceland,ISL,1,2006,science,490.794,1.6375,data/pisa/2025/annex_tables/mrq53f.xlsx,Table I.B1.2a.36,Table I.B1.2a.36!B47
Iceland,ISL,1,2009,science,495.599,1.4111,data/pisa/2025/annex_tables/mrq53f.xlsx,Table I.B1.2a.36,Table I.B1.2a.36!D47
Iceland,ISL,1,2012,science,478.155,2.1151,data/pisa/2025/annex_tables/mrq53f.xlsx,Table I.B1.2a.36,Table I.B1.2a.36!F47
Iceland,ISL,1,2015,science,473.23,1.6809,data/pisa/2025/annex_tables/mrq53f.xlsx,Table I.B1.2a.36,Table I.B1.2a.36!H47
Iceland,ISL,1,2018,science,475.024,1.7955,data/pisa/2025/annex_tables/mrq53f.xlsx,Table I.B1.2a.36,Table I.B1.2a.36!J47
Iceland,ISL,1,2022,science,446.967,1.7614,data/pisa/2025/annex_tables/mrq53f.xlsx,Table I.B1.2a.36,Table I.B1.2a.36!L47
Iceland,ISL,1,2025,science,441.38,1.6497,data/pisa/2025/annex_tables/mrq53f.xlsx,Table I.B1.2a.36,Table I.B1.2a.36!N47
Indonesia,IDN,0,2006,science,393.481,5.73,data/pisa/2025/annex_tables/mrq53f.xlsx,Table I.B1.2a.36,Table I.B1.2a.36!B48
Indonesia,IDN,0,2009,science,382.569,3.7849,data/pisa/2025/annex_tables/mrq53f.xlsx,Table I.B1.2a.36,Table I.B1.2a.36!D48
Indonesia,IDN,0,2012,science,381.911,3.8169,data/pisa/2025/annex_tables/mrq53f.xlsx,Table I.B1.2a.36,Table I.B1.2a.36!F48
Indonesia,IDN,0,2015,science,403.1,2.5658,data/pisa/2025/annex_tables/mrq53f.xlsx,Table I.B1.2a.36,Table I.B1.2a.36!H48
Indonesia,IDN,0,2018,science,396.07,2.3864,data/pisa/2025/annex_tables/mrq53f.xlsx,Table I.B1.2a.36,Table I.B1.2a.36!J48
Indonesia,IDN,0,2022,science,382.863,2.5613,data/pisa/2025/annex_tables/mrq53f.xlsx,Table I.B1.2a.36,Table I.B1.2a.36!L48
Indonesia,IDN,0,2025,science,388.674,2.3187,data/pisa/2025/annex_tables/mrq53f.xlsx,Table I.B1.2a.36,Table I.B1.2a.36!N48
Ireland,IRL,1,2006,science,508.329,3.1861,data/pisa/2025/annex_tables/mrq53f.xlsx,Table I.B1.2a.36,Table I.B1.2a.36!B49
Ireland,IRL,1,2009,science,507.984,3.2671,data/pisa/2025/annex_tables/mrq53f.xlsx,Table I.B1.2a.36,Table I.B1.2a.36!D49
Ireland,IRL,1,2012,science,522.004,2.4504,data/pisa/2025/annex_tables/mrq53f.xlsx,Table I.B1.2a.36,Table I.B1.2a.36!F49
Ireland,IRL,1,2015,science,502.575,2.386,data/pisa/2025/annex_tables/mrq53f.xlsx,Table I.B1.2a.36,Table I.B1.2a.36!H49
Ireland,IRL,1,2018,science,496.114,2.2142,data/pisa/2025/annex_tables/mrq53f.xlsx,Table I.B1.2a.36,Table I.B1.2a.36!J49
Ireland,IRL,1,2022,science,503.846,2.257,data/pisa/2025/annex_tables/mrq53f.xlsx,Table I.B1.2a.36,Table I.B1.2a.36!L49
Ireland,IRL,1,2025,science,499.597,2.1707,data/pisa/2025/annex_tables/mrq53f.xlsx,Table I.B1.2a.36,Table I.B1.2a.36!N49
Israel,ISR,1,2006,science,453.904,3.707,data/pisa/2025/annex_tables/mrq53f.xlsx,Table I.B1.2a.36,Table I.B1.2a.36!B50
Israel,ISR,1,2009,science,454.851,3.1125,data/pisa/2025/annex_tables/mrq53f.xlsx,Table I.B1.2a.36,Table I.B1.2a.36!D50
Israel,ISR,1,2012,science,470.073,4.9578,data/pisa/2025/annex_tables/mrq53f.xlsx,Table I.B1.2a.36,Table I.B1.2a.36!F50
Israel,ISR,1,2015,science,466.553,3.4376,data/pisa/2025/annex_tables/mrq53f.xlsx,Table I.B1.2a.36,Table I.B1.2a.36!H50
Israel,ISR,1,2018,science,462.197,3.6184,data/pisa/2025/annex_tables/mrq53f.xlsx,Table I.B1.2a.36,Table I.B1.2a.36!J50
Israel,ISR,1,2022,science,464.752,3.3848,data/pisa/2025/annex_tables/mrq53f.xlsx,Table I.B1.2a.36,Table I.B1.2a.36!L50
Israel,ISR,1,2025,science,442.009,3.3513,data/pisa/2025/annex_tables/mrq53f.xlsx,Table I.B1.2a.36,Table I.B1.2a.36!N50
Italy,ITA,1,2006,science,475.397,2.0193,data/pisa/2025/annex_tables/mrq53f.xlsx,Table I.B1.2a.36,Table I.B1.2a.36!B51
Italy,ITA,1,2009,science,488.831,1.773,data/pisa/2025/annex_tables/mrq53f.xlsx,Table I.B1.2a.36,Table I.B1.2a.36!D51
Italy,ITA,1,2012,science,493.541,1.9355,data/pisa/2025/annex_tables/mrq53f.xlsx,Table I.B1.2a.36,Table I.B1.2a.36!F51
Italy,ITA,1,2015,science,480.547,2.516,data/pisa/2025/annex_tables/mrq53f.xlsx,Table I.B1.2a.36,Table I.B1.2a.36!H51
Italy,ITA,1,2018,science,468.012,2.4296,data/pisa/2025/annex_tables/mrq53f.xlsx,Table I.B1.2a.36,Table I.B1.2a.36!J51
Italy,ITA,1,2022,science,477.463,3.1776,data/pisa/2025/annex_tables/mrq53f.xlsx,Table I.B1.2a.36,Table I.B1.2a.36!L51
Italy,ITA,1,2025,science,482.982,2.4788,data/pisa/2025/annex_tables/mrq53f.xlsx,Table I.B1.2a.36,Table I.B1.2a.36!N51
Japan,JPN,1,2006,science,531.389,3.3743,data/pisa/2025/annex_tables/mrq53f.xlsx,Table I.B1.2a.36,Table I.B1.2a.36!B52
Japan,JPN,1,2009,science,539.431,3.4126,data/pisa/2025/annex_tables/mrq53f.xlsx,Table I.B1.2a.36,Table I.B1.2a.36!D52
Japan,JPN,1,2012,science,546.736,3.6046,data/pisa/2025/annex_tables/mrq53f.xlsx,Table I.B1.2a.36,Table I.B1.2a.36!F52
Japan,JPN,1,2015,science,538.395,2.9662,data/pisa/2025/annex_tables/mrq53f.xlsx,Table I.B1.2a.36,Table I.B1.2a.36!H52
Japan,JPN,1,2018,science,529.135,2.5932,data/pisa/2025/annex_tables/mrq53f.xlsx,Table I.B1.2a.36,Table I.B1.2a.36!J52
Japan,JPN,1,2022,science,546.634,2.804,data/pisa/2025/annex_tables/mrq53f.xlsx,Table I.B1.2a.36,Table I.B1.2a.36!L52
Japan,JPN,1,2025,science,537.586,3.8059,data/pisa/2025/annex_tables/mrq53f.xlsx,Table I.B1.2a.36,Table I.B1.2a.36!N52
Jordan,JOR,0,2022,science,374.527,2.3513,data/pisa/2025/annex_tables/mrq53f.xlsx,Table I.B1.2a.36,Table I.B1.2a.36!L53
Jordan,JOR,0,2025,science,406.935,2.4789,data/pisa/2025/annex_tables/mrq53f.xlsx,Table I.B1.2a.36,Table I.B1.2a.36!N53
Kazakhstan,KAZ,0,2009,science,400.376,3.1317,data/pisa/2025/annex_tables/mrq53f.xlsx,Table I.B1.2a.36,Table I.B1.2a.36!D54
Kazakhstan,KAZ,0,2012,science,424.708,2.9723,data/pisa/2025/annex_tables/mrq53f.xlsx,Table I.B1.2a.36,Table I.B1.2a.36!F54
Kazakhstan,KAZ,0,2018,science,397.105,1.6578,data/pisa/2025/annex_tables/mrq53f.xlsx,Table I.B1.2a.36,Table I.B1.2a.36!J54
Kazakhstan,KAZ,0,2022,science,423.166,1.72,data/pisa/2025/annex_tables/mrq53f.xlsx,Table I.B1.2a.36,Table I.B1.2a.36!L54
Kazakhstan,KAZ,0,2025,science,419.548,1.5943,data/pisa/2025/annex_tables/mrq53f.xlsx,Table I.B1.2a.36,Table I.B1.2a.36!N54
Kenya,KEN,0,2025,science,334.949,2.9217,data/pisa/2025/annex_tables/mrq53f.xlsx,Table I.B1.2a.36,Table I.B1.2a.36!N55
Korea,KOR,1,2006,science,522.148,3.3576,data/pisa/2025/annex_tables/mrq53f.xlsx,Table I.B1.2a.36,Table I.B1.2a.36!B56
Korea,KOR,1,2009,science,537.986,3.4387,data/pisa/2025/annex_tables/mrq53f.xlsx,Table I.B1.2a.36,Table I.B1.2a.36!D56
Korea,KOR,1,2012,science,537.788,3.6575,data/pisa/2025/annex_tables/mrq53f.xlsx,Table I.B1.2a.36,Table I.B1.2a.36!F56
Korea,KOR,1,2015,science,515.81,3.1318,data/pisa/2025/annex_tables/mrq53f.xlsx,Table I.B1.2a.36,Table I.B1.2a.36!H56
Korea,KOR,1,2018,science,519.007,2.8028,data/pisa/2025/annex_tables/mrq53f.xlsx,Table I.B1.2a.36,Table I.B1.2a.36!J56
Korea,KOR,1,2022,science,527.822,3.5796,data/pisa/2025/annex_tables/mrq53f.xlsx,Table I.B1.2a.36,Table I.B1.2a.36!L56
Korea,KOR,1,2025,science,526.105,3.3696,data/pisa/2025/annex_tables/mrq53f.xlsx,Table I.B1.2a.36,Table I.B1.2a.36!N56
Kosovo,XKX,0,2015,science,378.442,1.6996,data/pisa/2025/annex_tables/mrq53f.xlsx,Table I.B1.2a.36,Table I.B1.2a.36!H57
Kosovo,XKX,0,2018,science,364.882,1.1741,data/pisa/2025/annex_tables/mrq53f.xlsx,Table I.B1.2a.36,Table I.B1.2a.36!J57
Kosovo,XKX,0,2022,science,357.024,1.2598,data/pisa/2025/annex_tables/mrq53f.xlsx,Table I.B1.2a.36,Table I.B1.2a.36!L57
Kosovo,XKX,0,2025,science,357.015,1.299,data/pisa/2025/annex_tables/mrq53f.xlsx,Table I.B1.2a.36,Table I.B1.2a.36!N57
Kurdistan Region (Iraq),QKI,0,2025,science,352.191,1.789,data/pisa/2025/annex_tables/mrq53f.xlsx,Table I.B1.2a.36,Table I.B1.2a.36!N58
Kyrgyzstan,KGZ,0,2006,science,322.032,2.9338,data/pisa/2025/annex_tables/mrq53f.xlsx,Table I.B1.2a.36,Table I.B1.2a.36!B59
Kyrgyzstan,KGZ,0,2009,science,329.546,2.9208,data/pisa/2025/annex_tables/mrq53f.xlsx,Table I.B1.2a.36,Table I.B1.2a.36!D59
Kyrgyzstan,KGZ,0,2025,science,362.529,2.1804,data/pisa/2025/annex_tables/mrq53f.xlsx,Table I.B1.2a.36,Table I.B1.2a.36!N59
Latvia,LVA,1,2006,science,489.544,2.9717,data/pisa/2025/annex_tables/mrq53f.xlsx,Table I.B1.2a.36,Table I.B1.2a.36!B60
Latvia,LVA,1,2009,science,493.879,3.0652,data/pisa/2025/annex_tables/mrq53f.xlsx,Table I.B1.2a.36,Table I.B1.2a.36!D60
Latvia,LVA,1,2012,science,502.186,2.7521,data/pisa/2025/annex_tables/mrq53f.xlsx,Table I.B1.2a.36,Table I.B1.2a.36!F60
Latvia,LVA,1,2015,science,490.225,1.5603,data/pisa/2025/annex_tables/mrq53f.xlsx,Table I.B1.2a.36,Table I.B1.2a.36!H60
Latvia,LVA,1,2018,science,487.251,1.7628,data/pisa/2025/annex_tables/mrq53f.xlsx,Table I.B1.2a.36,Table I.B1.2a.36!J60
Latvia,LVA,1,2022,science,493.843,2.298,data/pisa/2025/annex_tables/mrq53f.xlsx,Table I.B1.2a.36,Table I.B1.2a.36!L60
Latvia,LVA,1,2025,science,468.367,2.054,data/pisa/2025/annex_tables/mrq53f.xlsx,Table I.B1.2a.36,Table I.B1.2a.36!N60
Lebanon,LBN,0,2015,science,386.485,3.3952,data/pisa/2025/annex_tables/mrq53f.xlsx,Table I.B1.2a.36,Table I.B1.2a.36!H61
Lebanon,LBN,0,2018,science,383.717,3.5399,data/pisa/2025/annex_tables/mrq53f.xlsx,Table I.B1.2a.36,Table I.B1.2a.36!J61
Lebanon,LBN,0,2025,science,372.006,3.4528,data/pisa/2025/annex_tables/mrq53f.xlsx,Table I.B1.2a.36,Table I.B1.2a.36!N61
Lithuania,LTU,1,2006,science,487.957,2.7569,data/pisa/2025/annex_tables/mrq53f.xlsx,Table I.B1.2a.36,Table I.B1.2a.36!B62
Lithuania,LTU,1,2009,science,491.41,2.9296,data/pisa/2025/annex_tables/mrq53f.xlsx,Table I.B1.2a.36,Table I.B1.2a.36!D62
Lithuania,LTU,1,2012,science,495.7,2.5545,data/pisa/2025/annex_tables/mrq53f.xlsx,Table I.B1.2a.36,Table I.B1.2a.36!F62
Lithuania,LTU,1,2015,science,475.409,2.6527,data/pisa/2025/annex_tables/mrq53f.xlsx,Table I.B1.2a.36,Table I.B1.2a.36!H62
Lithuania,LTU,1,2018,science,482.067,1.6292,data/pisa/2025/annex_tables/mrq53f.xlsx,Table I.B1.2a.36,Table I.B1.2a.36!J62
Lithuania,LTU,1,2022,science,484.463,2.3332,data/pisa/2025/annex_tables/mrq53f.xlsx,Table I.B1.2a.36,Table I.B1.2a.36!L62
Lithuania,LTU,1,2025,science,487.739,1.7808,data/pisa/2025/annex_tables/mrq53f.xlsx,Table I.B1.2a.36,Table I.B1.2a.36!N62
Luxembourg,LUX,1,2006,science,486.324,1.0543,data/pisa/2025/annex_tables/mrq53f.xlsx,Table I.B1.2a.36,Table I.B1.2a.36!B63
Luxembourg,LUX,1,2009,science,483.928,1.2309,data/pisa/2025/annex_tables/mrq53f.xlsx,Table I.B1.2a.36,Table I.B1.2a.36!D63
Luxembourg,LUX,1,2012,science,491.215,1.3048,data/pisa/2025/annex_tables/mrq53f.xlsx,Table I.B1.2a.36,Table I.B1.2a.36!F63
Luxembourg,LUX,1,2015,science,482.806,1.121,data/pisa/2025/annex_tables/mrq53f.xlsx,Table I.B1.2a.36,Table I.B1.2a.36!H63
Luxembourg,LUX,1,2018,science,476.769,1.2208,data/pisa/2025/annex_tables/mrq53f.xlsx,Table I.B1.2a.36,Table I.B1.2a.36!J63
Luxembourg,LUX,1,2025,science,473.77,1.0545,data/pisa/2025/annex_tables/mrq53f.xlsx,Table I.B1.2a.36,Table I.B1.2a.36!N63
Macao (China),MAC,0,2006,science,510.84,1.0571,data/pisa/2025/annex_tables/mrq53f.xlsx,Table I.B1.2a.36,Table I.B1.2a.36!B64
Macao (China),MAC,0,2009,science,511.07,1.0343,data/pisa/2025/annex_tables/mrq53f.xlsx,Table I.B1.2a.36,Table I.B1.2a.36!D64
Macao (China),MAC,0,2012,science,520.571,0.8486,data/pisa/2025/annex_tables/mrq53f.xlsx,Table I.B1.2a.36,Table I.B1.2a.36!F64
Macao (China),MAC,0,2015,science,528.55,1.0644,data/pisa/2025/annex_tables/mrq53f.xlsx,Table I.B1.2a.36,Table I.B1.2a.36!H64
Macao (China),MAC,0,2018,science,543.586,1.4578,data/pisa/2025/annex_tables/mrq53f.xlsx,Table I.B1.2a.36,Table I.B1.2a.36!J64
Macao (China),MAC,0,2022,science,543.096,1.1144,data/pisa/2025/annex_tables/mrq53f.xlsx,Table I.B1.2a.36,Table I.B1.2a.36!L64
Macao (China),MAC,0,2025,science,540.814,1.1274,data/pisa/2025/annex_tables/mrq53f.xlsx,Table I.B1.2a.36,Table I.B1.2a.36!N64
Malaysia,MYS,0,2009,science,422.232,2.6797,data/pisa/2025/annex_tables/mrq53f.xlsx,Table I.B1.2a.36,Table I.B1.2a.36!D65
Malaysia,MYS,0,2012,science,419.503,2.9984,data/pisa/2025/annex_tables/mrq53f.xlsx,Table I.B1.2a.36,Table I.B1.2a.36!F65
Malaysia,MYS,0,2018,science,437.618,2.7059,data/pisa/2025/annex_tables/mrq53f.xlsx,Table I.B1.2a.36,Table I.B1.2a.36!J65
Malaysia,MYS,0,2022,science,416.306,2.3484,data/pisa/2025/annex_tables/mrq53f.xlsx,Table I.B1.2a.36,Table I.B1.2a.36!L65
Malaysia,MYS,0,2025,science,419.203,2.1592,data/pisa/2025/annex_tables/mrq53f.xlsx,Table I.B1.2a.36,Table I.B1.2a.36!N65
Malta,MLT,0,2009,science,461.339,1.7221,data/pisa/2025/annex_tables/mrq53f.xlsx,Table I.B1.2a.36,Table I.B1.2a.36!D66
Malta,MLT,0,2015,science,464.782,1.642,data/pisa/2025/annex_tables/mrq53f.xlsx,Table I.B1.2a.36,Table I.B1.2a.36!H66
Malta,MLT,0,2018,science,456.59,1.8686,data/pisa/2025/annex_tables/mrq53f.xlsx,Table I.B1.2a.36,Table I.B1.2a.36!J66
Malta,MLT,0,2022,science,465.589,1.6973,data/pisa/2025/annex_tables/mrq53f.xlsx,Table I.B1.2a.36,Table I.B1.2a.36!L66
Malta,MLT,0,2025,science,452.527,1.5469,data/pisa/2025/annex_tables/mrq53f.xlsx,Table I.B1.2a.36,Table I.B1.2a.36!N66
Mauritius,MUS,0,2009,science,417.204,1.1186,data/pisa/2025/annex_tables/mrq53f.xlsx,Table I.B1.2a.36,Table I.B1.2a.36!D67
Mauritius,MUS,0,2025,science,438.164,4.1941,data/pisa/2025/annex_tables/mrq53f.xlsx,Table I.B1.2a.36,Table I.B1.2a.36!N67
Mexico,MEX,1,2006,science,409.652,2.7145,data/pisa/2025/annex_tables/mrq53f.xlsx,Table I.B1.2a.36,Table I.B1.2a.36!B68
Mexico,MEX,1,2009,science,415.909,1.788,data/pisa/2025/annex_tables/mrq53f.xlsx,Table I.B1.2a.36,Table I.B1.2a.36!D68
Mexico,MEX,1,2012,science,414.92,1.3054,data/pisa/2025/annex_tables/mrq53f.xlsx,Table I.B1.2a.36,Table I.B1.2a.36!F68
Mexico,MEX,1,2015,science,415.71,2.1305,data/pisa/2025/annex_tables/mrq53f.xlsx,Table I.B1.2a.36,Table I.B1.2a.36!H68
Mexico,MEX,1,2018,science,419.205,2.584,data/pisa/2025/annex_tables/mrq53f.xlsx,Table I.B1.2a.36,Table I.B1.2a.36!J68
Mexico,MEX,1,2022,science,409.887,2.4156,data/pisa/2025/annex_tables/mrq53f.xlsx,Table I.B1.2a.36,Table I.B1.2a.36!L68
Mexico,MEX,1,2025,science,413.565,2.0014,data/pisa/2025/annex_tables/mrq53f.xlsx,Table I.B1.2a.36,Table I.B1.2a.36!N68
Moldova,MDA,0,2009,science,412.771,3.0132,data/pisa/2025/annex_tables/mrq53f.xlsx,Table I.B1.2a.36,Table I.B1.2a.36!D69
Moldova,MDA,0,2015,science,427.998,1.9726,data/pisa/2025/annex_tables/mrq53f.xlsx,Table I.B1.2a.36,Table I.B1.2a.36!H69
Moldova,MDA,0,2018,science,428.485,2.2597,data/pisa/2025/annex_tables/mrq53f.xlsx,Table I.B1.2a.36,Table I.B1.2a.36!J69
Moldova,MDA,0,2022,science,416.859,2.3877,data/pisa/2025/annex_tables/mrq53f.xlsx,Table I.B1.2a.36,Table I.B1.2a.36!L69
Moldova,MDA,0,2025,science,421.947,2.8449,data/pisa/2025/annex_tables/mrq53f.xlsx,Table I.B1.2a.36,Table I.B1.2a.36!N69
Mongolia,MNG,0,2022,science,412.383,2.3646,data/pisa/2025/annex_tables/mrq53f.xlsx,Table I.B1.2a.36,Table I.B1.2a.36!L70
Mongolia,MNG,0,2025,science,424.034,2.1289,data/pisa/2025/annex_tables/mrq53f.xlsx,Table I.B1.2a.36,Table I.B1.2a.36!N70
Montenegro,MNE,0,2006,science,411.788,1.0641,data/pisa/2025/annex_tables/mrq53f.xlsx,Table I.B1.2a.36,Table I.B1.2a.36!B71
Montenegro,MNE,0,2009,science,401.277,2.0343,data/pisa/2025/annex_tables/mrq53f.xlsx,Table I.B1.2a.36,Table I.B1.2a.36!D71
Montenegro,MNE,0,2012,science,410.098,1.065,data/pisa/2025/annex_tables/mrq53f.xlsx,Table I.B1.2a.36,Table I.B1.2a.36!F71
Montenegro,MNE,0,2015,science,411.314,1.0293,data/pisa/2025/annex_tables/mrq53f.xlsx,Table I.B1.2a.36,Table I.B1.2a.36!H71
Montenegro,MNE,0,2018,science,415.172,1.3106,data/pisa/2025/annex_tables/mrq53f.xlsx,Table I.B1.2a.36,Table I.B1.2a.36!J71
Montenegro,MNE,0,2022,science,403.13,1.2053,data/pisa/2025/annex_tables/mrq53f.xlsx,Table I.B1.2a.36,Table I.B1.2a.36!L71
Montenegro,MNE,0,2025,science,435.184,1.3123,data/pisa/2025/annex_tables/mrq53f.xlsx,Table I.B1.2a.36,Table I.B1.2a.36!N71
Morocco,MAR,0,2018,science,376.597,3.0044,data/pisa/2025/annex_tables/mrq53f.xlsx,Table I.B1.2a.36,Table I.B1.2a.36!J72
Morocco,MAR,0,2022,science,365.398,3.3834,data/pisa/2025/annex_tables/mrq53f.xlsx,Table I.B1.2a.36,Table I.B1.2a.36!L72
Morocco,MAR,0,2025,science,357.98,3.3258,data/pisa/2025/annex_tables/mrq53f.xlsx,Table I.B1.2a.36,Table I.B1.2a.36!N72
Netherlands,NLD,1,2006,science,524.862,2.7416,data/pisa/2025/annex_tables/mrq53f.xlsx,Table I.B1.2a.36,Table I.B1.2a.36!B73
Netherlands,NLD,1,2009,science,522.218,5.4189,data/pisa/2025/annex_tables/mrq53f.xlsx,Table I.B1.2a.36,Table I.B1.2a.36!D73
Netherlands,NLD,1,2012,science,522.056,3.5082,data/pisa/2025/annex_tables/mrq53f.xlsx,Table I.B1.2a.36,Table I.B1.2a.36!F73
Netherlands,NLD,1,2015,science,508.575,2.2574,data/pisa/2025/annex_tables/mrq53f.xlsx,Table I.B1.2a.36,Table I.B1.2a.36!H73
Netherlands,NLD,1,2018,science,503.384,2.8406,data/pisa/2025/annex_tables/mrq53f.xlsx,Table I.B1.2a.36,Table I.B1.2a.36!J73
Netherlands,NLD,1,2022,science,488.317,4.0732,data/pisa/2025/annex_tables/mrq53f.xlsx,Table I.B1.2a.36,Table I.B1.2a.36!L73
Netherlands,NLD,1,2025,science,485.451,2.8215,data/pisa/2025/annex_tables/mrq53f.xlsx,Table I.B1.2a.36,Table I.B1.2a.36!N73
New Zealand,NZL,1,2006,science,530.384,2.6929,data/pisa/2025/annex_tables/mrq53f.xlsx,Table I.B1.2a.36,Table I.B1.2a.36!B74
New Zealand,NZL,1,2009,science,532.007,2.5788,data/pisa/2025/annex_tables/mrq53f.xlsx,Table I.B1.2a.36,Table I.B1.2a.36!D74
New Zealand,NZL,1,2012,science,515.636,2.1444,data/pisa/2025/annex_tables/mrq53f.xlsx,Table I.B1.2a.36,Table I.B1.2a.36!F74
New Zealand,NZL,1,2015,science,513.304,2.3843,data/pisa/2025/annex_tables/mrq53f.xlsx,Table I.B1.2a.36,Table I.B1.2a.36!H74
New Zealand,NZL,1,2018,science,508.491,2.1046,data/pisa/2025/annex_tables/mrq53f.xlsx,Table I.B1.2a.36,Table I.B1.2a.36!J74
New Zealand,NZL,1,2022,science,504.129,2.242,data/pisa/2025/annex_tables/mrq53f.xlsx,Table I.B1.2a.36,Table I.B1.2a.36!L74
New Zealand,NZL,1,2025,science,509.398,2.311,data/pisa/2025/annex_tables/mrq53f.xlsx,Table I.B1.2a.36,Table I.B1.2a.36!N74
North Macedonia,MKD,0,2015,science,383.682,1.2485,data/pisa/2025/annex_tables/mrq53f.xlsx,Table I.B1.2a.36,Table I.B1.2a.36!H75
North Macedonia,MKD,0,2018,science,413.045,1.4209,data/pisa/2025/annex_tables/mrq53f.xlsx,Table I.B1.2a.36,Table I.B1.2a.36!J75
North Macedonia,MKD,0,2022,science,379.875,0.9291,data/pisa/2025/annex_tables/mrq53f.xlsx,Table I.B1.2a.36,Table I.B1.2a.36!L75
North Macedonia,MKD,0,2025,science,378.498,1.039,data/pisa/2025/annex_tables/mrq53f.xlsx,Table I.B1.2a.36,Table I.B1.2a.36!N75
Norway,NOR,1,2006,science,486.528,3.1114,data/pisa/2025/annex_tables/mrq53f.xlsx,Table I.B1.2a.36,Table I.B1.2a.36!B76
Norway,NOR,1,2009,science,499.876,2.6003,data/pisa/2025/annex_tables/mrq53f.xlsx,Table I.B1.2a.36,Table I.B1.2a.36!D76
Norway,NOR,1,2012,science,494.524,3.0873,data/pisa/2025/annex_tables/mrq53f.xlsx,Table I.B1.2a.36,Table I.B1.2a.36!F76
Norway,NOR,1,2015,science,498.481,2.2624,data/pisa/2025/annex_tables/mrq53f.xlsx,Table I.B1.2a.36,Table I.B1.2a.36!H76
Norway,NOR,1,2018,science,490.413,2.2825,data/pisa/2025/annex_tables/mrq53f.xlsx,Table I.B1.2a.36,Table I.B1.2a.36!J76
Norway,NOR,1,2022,science,478.226,2.3726,data/pisa/2025/annex_tables/mrq53f.xlsx,Table I.B1.2a.36,Table I.B1.2a.36!L76
Norway,NOR,1,2025,science,470.212,2.0225,data/pisa/2025/annex_tables/mrq53f.xlsx,Table I.B1.2a.36,Table I.B1.2a.36!N76
Palestinian Authority,PSE,0,2022,science,375.682,2.6544,data/pisa/2025/annex_tables/mrq53f.xlsx,Table I.B1.2a.36,Table I.B1.2a.36!L77
Palestinian Authority,PSE,0,2025,science,358.74,1.9473,data/pisa/2025/annex_tables/mrq53f.xlsx,Table I.B1.2a.36,Table I.B1.2a.36!N77
Paraguay,PRY,0,2018,science,358.026,3.3217,data/pisa/2025/annex_tables/mrq53f.xlsx,Table I.B1.2a.36,Table I.B1.2a.36!J78
Paraguay,PRY,0,2022,science,368.328,2.0552,data/pisa/2025/annex_tables/mrq53f.xlsx,Table I.B1.2a.36,Table I.B1.2a.36!L78
Paraguay,PRY,0,2025,science,355.244,1.9713,data/pisa/2025/annex_tables/mrq53f.xlsx,Table I.B1.2a.36,Table I.B1.2a.36!N78
Peru,PER,0,2009,science,369.352,3.4877,data/pisa/2025/annex_tables/mrq53f.xlsx,Table I.B1.2a.36,Table I.B1.2a.36!D79
Peru,PER,0,2012,science,373.113,3.575,data/pisa/2025/annex_tables/mrq53f.xlsx,Table I.B1.2a.36,Table I.B1.2a.36!F79
Peru,PER,0,2015,science,396.684,2.3587,data/pisa/2025/annex_tables/mrq53f.xlsx,Table I.B1.2a.36,Table I.B1.2a.36!H79
Peru,PER,0,2018,science,404.216,2.6685,data/pisa/2025/annex_tables/mrq53f.xlsx,Table I.B1.2a.36,Table I.B1.2a.36!J79
Peru,PER,0,2022,science,407.778,2.6445,data/pisa/2025/annex_tables/mrq53f.xlsx,Table I.B1.2a.36,Table I.B1.2a.36!L79
Peru,PER,0,2025,science,405.6,2.5294,data/pisa/2025/annex_tables/mrq53f.xlsx,Table I.B1.2a.36,Table I.B1.2a.36!N79
Philippines,PHL,0,2018,science,356.933,3.1816,data/pisa/2025/annex_tables/mrq53f.xlsx,Table I.B1.2a.36,Table I.B1.2a.36!J80
Philippines,PHL,0,2022,science,356.167,3.1073,data/pisa/2025/annex_tables/mrq53f.xlsx,Table I.B1.2a.36,Table I.B1.2a.36!L80
Philippines,PHL,0,2025,science,373.319,2.287,data/pisa/2025/annex_tables/mrq53f.xlsx,Table I.B1.2a.36,Table I.B1.2a.36!N80
Poland,POL,1,2006,science,497.807,2.3425,data/pisa/2025/annex_tables/mrq53f.xlsx,Table I.B1.2a.36,Table I.B1.2a.36!B81
Poland,POL,1,2009,science,508.068,2.4133,data/pisa/2025/annex_tables/mrq53f.xlsx,Table I.B1.2a.36,Table I.B1.2a.36!D81
Poland,POL,1,2012,science,525.816,3.1235,data/pisa/2025/annex_tables/mrq53f.xlsx,Table I.B1.2a.36,Table I.B1.2a.36!F81
Poland,POL,1,2015,science,501.435,2.5075,data/pisa/2025/annex_tables/mrq53f.xlsx,Table I.B1.2a.36,Table I.B1.2a.36!H81
Poland,POL,1,2018,science,511.036,2.6072,data/pisa/2025/annex_tables/mrq53f.xlsx,Table I.B1.2a.36,Table I.B1.2a.36!J81
Poland,POL,1,2022,science,499.164,2.5451,data/pisa/2025/annex_tables/mrq53f.xlsx,Table I.B1.2a.36,Table I.B1.2a.36!L81
Poland,POL,1,2025,science,495.067,2.7425,data/pisa/2025/annex_tables/mrq53f.xlsx,Table I.B1.2a.36,Table I.B1.2a.36!N81
Portugal,PRT,1,2006,science,474.306,3.0233,data/pisa/2025/annex_tables/mrq53f.xlsx,Table I.B1.2a.36,Table I.B1.2a.36!B82
Portugal,PRT,1,2009,science,492.95,2.8977,data/pisa/2025/annex_tables/mrq53f.xlsx,Table I.B1.2a.36,Table I.B1.2a.36!D82
Portugal,PRT,1,2012,science,489.275,3.7467,data/pisa/2025/annex_tables/mrq53f.xlsx,Table I.B1.2a.36,Table I.B1.2a.36!F82
Portugal,PRT,1,2015,science,501.1,2.4308,data/pisa/2025/annex_tables/mrq53f.xlsx,Table I.B1.2a.36,Table I.B1.2a.36!H82
Portugal,PRT,1,2018,science,491.677,2.7732,data/pisa/2025/annex_tables/mrq53f.xlsx,Table I.B1.2a.36,Table I.B1.2a.36!J82
Portugal,PRT,1,2022,science,484.373,2.559,data/pisa/2025/annex_tables/mrq53f.xlsx,Table I.B1.2a.36,Table I.B1.2a.36!L82
Portugal,PRT,1,2025,science,481.716,3.5177,data/pisa/2025/annex_tables/mrq53f.xlsx,Table I.B1.2a.36,Table I.B1.2a.36!N82
Qatar,QAT,0,2006,science,349.313,0.8552,data/pisa/2025/annex_tables/mrq53f.xlsx,Table I.B1.2a.36,Table I.B1.2a.36!B83
Qatar,QAT,0,2009,science,379.447,0.8911,data/pisa/2025/annex_tables/mrq53f.xlsx,Table I.B1.2a.36,Table I.B1.2a.36!D83
Qatar,QAT,0,2012,science,383.643,0.7461,data/pisa/2025/annex_tables/mrq53f.xlsx,Table I.B1.2a.36,Table I.B1.2a.36!F83
Qatar,QAT,0,2015,science,417.611,1.0046,data/pisa/2025/annex_tables/mrq53f.xlsx,Table I.B1.2a.36,Table I.B1.2a.36!H83
Qatar,QAT,0,2018,science,419.127,0.9244,data/pisa/2025/annex_tables/mrq53f.xlsx,Table I.B1.2a.36,Table I.B1.2a.36!J83
Qatar,QAT,0,2022,science,432.403,1.4797,data/pisa/2025/annex_tables/mrq53f.xlsx,Table I.B1.2a.36,Table I.B1.2a.36!L83
Qatar,QAT,0,2025,science,434.4,1.3403,data/pisa/2025/annex_tables/mrq53f.xlsx,Table I.B1.2a.36,Table I.B1.2a.36!N83
Romania,ROU,0,2006,science,418.386,4.2,data/pisa/2025/annex_tables/mrq53f.xlsx,Table I.B1.2a.36,Table I.B1.2a.36!B84
Romania,ROU,0,2009,science,428.179,3.359,data/pisa/2025/annex_tables/mrq53f.xlsx,Table I.B1.2a.36,Table I.B1.2a.36!D84
Romania,ROU,0,2012,science,438.768,3.2504,data/pisa/2025/annex_tables/mrq53f.xlsx,Table I.B1.2a.36,Table I.B1.2a.36!F84
Romania,ROU,0,2015,science,434.885,3.2335,data/pisa/2025/annex_tables/mrq53f.xlsx,Table I.B1.2a.36,Table I.B1.2a.36!H84
Romania,ROU,0,2018,science,425.761,4.5979,data/pisa/2025/annex_tables/mrq53f.xlsx,Table I.B1.2a.36,Table I.B1.2a.36!J84
Romania,ROU,0,2022,science,427.511,3.8674,data/pisa/2025/annex_tables/mrq53f.xlsx,Table I.B1.2a.36,Table I.B1.2a.36!L84
Romania,ROU,0,2025,science,424.709,4.1502,data/pisa/2025/annex_tables/mrq53f.xlsx,Table I.B1.2a.36,Table I.B1.2a.36!N84
Rwanda,RWA,0,2025,science,317.286,3.4961,data/pisa/2025/annex_tables/mrq53f.xlsx,Table I.B1.2a.36,Table I.B1.2a.36!N85
Saudi Arabia,SAU,0,2018,science,386.246,2.8399,data/pisa/2025/annex_tables/mrq53f.xlsx,Table I.B1.2a.36,Table I.B1.2a.36!J86
Saudi Arabia,SAU,0,2022,science,390.388,1.9558,data/pisa/2025/annex_tables/mrq53f.xlsx,Table I.B1.2a.36,Table I.B1.2a.36!L86
Saudi Arabia,SAU,0,2025,science,413.43,2.6455,data/pisa/2025/annex_tables/mrq53f.xlsx,Table I.B1.2a.36,Table I.B1.2a.36!N86
Serbia,SRB,0,2006,science,435.636,3.0365,data/pisa/2025/annex_tables/mrq53f.xlsx,Table I.B1.2a.36,Table I.B1.2a.36!B87
Serbia,SRB,0,2009,science,442.786,2.3656,data/pisa/2025/annex_tables/mrq53f.xlsx,Table I.B1.2a.36,Table I.B1.2a.36!D87
Serbia,SRB,0,2012,science,444.804,3.4021,data/pisa/2025/annex_tables/mrq53f.xlsx,Table I.B1.2a.36,Table I.B1.2a.36!F87
Serbia,SRB,0,2018,science,439.874,3.0487,data/pisa/2025/annex_tables/mrq53f.xlsx,Table I.B1.2a.36,Table I.B1.2a.36!J87
Serbia,SRB,0,2022,science,447.461,2.8913,data/pisa/2025/annex_tables/mrq53f.xlsx,Table I.B1.2a.36,Table I.B1.2a.36!L87
Serbia,SRB,0,2025,science,428.995,2.9288,data/pisa/2025/annex_tables/mrq53f.xlsx,Table I.B1.2a.36,Table I.B1.2a.36!N87
Singapore,SGP,0,2009,science,541.696,1.3628,data/pisa/2025/annex_tables/mrq53f.xlsx,Table I.B1.2a.36,Table I.B1.2a.36!D88
Singapore,SGP,0,2012,science,551.493,1.5062,data/pisa/2025/annex_tables/mrq53f.xlsx,Table I.B1.2a.36,Table I.B1.2a.36!F88
Singapore,SGP,0,2015,science,555.575,1.196,data/pisa/2025/annex_tables/mrq53f.xlsx,Table I.B1.2a.36,Table I.B1.2a.36!H88
Singapore,SGP,0,2018,science,550.937,1.4835,data/pisa/2025/annex_tables/mrq53f.xlsx,Table I.B1.2a.36,Table I.B1.2a.36!J88
Singapore,SGP,0,2022,science,561.433,1.3273,data/pisa/2025/annex_tables/mrq53f.xlsx,Table I.B1.2a.36,Table I.B1.2a.36!L88
Singapore,SGP,0,2025,science,559.851,1.7129,data/pisa/2025/annex_tables/mrq53f.xlsx,Table I.B1.2a.36,Table I.B1.2a.36!N88
Slovak Republic,SVK,1,2006,science,488.433,2.5854,data/pisa/2025/annex_tables/mrq53f.xlsx,Table I.B1.2a.36,Table I.B1.2a.36!B89
Slovak Republic,SVK,1,2009,science,490.266,2.986,data/pisa/2025/annex_tables/mrq53f.xlsx,Table I.B1.2a.36,Table I.B1.2a.36!D89
Slovak Republic,SVK,1,2012,science,471.193,3.6082,data/pisa/2025/annex_tables/mrq53f.xlsx,Table I.B1.2a.36,Table I.B1.2a.36!F89
Slovak Republic,SVK,1,2015,science,460.775,2.5937,data/pisa/2025/annex_tables/mrq53f.xlsx,Table I.B1.2a.36,Table I.B1.2a.36!H89
Slovak Republic,SVK,1,2018,science,464.048,2.2782,data/pisa/2025/annex_tables/mrq53f.xlsx,Table I.B1.2a.36,Table I.B1.2a.36!J89
Slovak Republic,SVK,1,2022,science,462.269,3.0302,data/pisa/2025/annex_tables/mrq53f.xlsx,Table I.B1.2a.36,Table I.B1.2a.36!L89
Slovak Republic,SVK,1,2025,science,474.872,2.5046,data/pisa/2025/annex_tables/mrq53f.xlsx,Table I.B1.2a.36,Table I.B1.2a.36!N89
Slovenia,SVN,1,2006,science,518.816,1.1111,data/pisa/2025/annex_tables/mrq53f.xlsx,Table I.B1.2a.36,Table I.B1.2a.36!B90
Slovenia,SVN,1,2009,science,511.759,1.1492,data/pisa/2025/annex_tables/mrq53f.xlsx,Table I.B1.2a.36,Table I.B1.2a.36!D90
Slovenia,SVN,1,2012,science,514.143,1.2862,data/pisa/2025/annex_tables/mrq53f.xlsx,Table I.B1.2a.36,Table I.B1.2a.36!F90
Slovenia,SVN,1,2015,science,512.864,1.3244,data/pisa/2025/annex_tables/mrq53f.xlsx,Table I.B1.2a.36,Table I.B1.2a.36!H90
Slovenia,SVN,1,2018,science,507.007,1.2504,data/pisa/2025/annex_tables/mrq53f.xlsx,Table I.B1.2a.36,Table I.B1.2a.36!J90
Slovenia,SVN,1,2022,science,499.965,1.4459,data/pisa/2025/annex_tables/mrq53f.xlsx,Table I.B1.2a.36,Table I.B1.2a.36!L90
Slovenia,SVN,1,2025,science,483.722,1.2774,data/pisa/2025/annex_tables/mrq53f.xlsx,Table I.B1.2a.36,Table I.B1.2a.36!N90
Spain,ESP,1,2006,science,488.425,2.5654,data/pisa/2025/annex_tables/mrq53f.xlsx,Table I.B1.2a.36,Table I.B1.2a.36!B91
Spain,ESP,1,2009,science,488.255,2.0525,data/pisa/2025/annex_tables/mrq53f.xlsx,Table I.B1.2a.36,Table I.B1.2a.36!D91
Spain,ESP,1,2012,science,496.446,1.8286,data/pisa/2025/annex_tables/mrq53f.xlsx,Table I.B1.2a.36,Table I.B1.2a.36!F91
Spain,ESP,1,2015,science,492.786,2.0655,data/pisa/2025/annex_tables/mrq53f.xlsx,Table I.B1.2a.36,Table I.B1.2a.36!H91
Spain,ESP,1,2022,science,484.534,1.6011,data/pisa/2025/annex_tables/mrq53f.xlsx,Table I.B1.2a.36,Table I.B1.2a.36!L91
Spain,ESP,1,2025,science,477.127,1.9043,data/pisa/2025/annex_tables/mrq53f.xlsx,Table I.B1.2a.36,Table I.B1.2a.36!N91
Sweden,SWE,1,2006,science,503.334,2.3748,data/pisa/2025/annex_tables/mrq53f.xlsx,Table I.B1.2a.36,Table I.B1.2a.36!B92
Sweden,SWE,1,2009,science,495.106,2.7206,data/pisa/2025/annex_tables/mrq53f.xlsx,Table I.B1.2a.36,Table I.B1.2a.36!D92
Sweden,SWE,1,2012,science,484.799,3.0022,data/pisa/2025/annex_tables/mrq53f.xlsx,Table I.B1.2a.36,Table I.B1.2a.36!F92
Sweden,SWE,1,2015,science,493.422,3.6007,data/pisa/2025/annex_tables/mrq53f.xlsx,Table I.B1.2a.36,Table I.B1.2a.36!H92
Sweden,SWE,1,2018,science,499.445,3.0697,data/pisa/2025/annex_tables/mrq53f.xlsx,Table I.B1.2a.36,Table I.B1.2a.36!J92
Sweden,SWE,1,2022,science,493.549,2.3505,data/pisa/2025/annex_tables/mrq53f.xlsx,Table I.B1.2a.36,Table I.B1.2a.36!L92
Sweden,SWE,1,2025,science,485.111,2.9939,data/pisa/2025/annex_tables/mrq53f.xlsx,Table I.B1.2a.36,Table I.B1.2a.36!N92
Switzerland,CHE,1,2006,science,511.524,3.1623,data/pisa/2025/annex_tables/mrq53f.xlsx,Table I.B1.2a.36,Table I.B1.2a.36!B93
Switzerland,CHE,1,2009,science,516.568,2.8167,data/pisa/2025/annex_tables/mrq53f.xlsx,Table I.B1.2a.36,Table I.B1.2a.36!D93
Switzerland,CHE,1,2012,science,515.298,2.7138,data/pisa/2025/annex_tables/mrq53f.xlsx,Table I.B1.2a.36,Table I.B1.2a.36!F93
Switzerland,CHE,1,2015,science,505.506,2.9003,data/pisa/2025/annex_tables/mrq53f.xlsx,Table I.B1.2a.36,Table I.B1.2a.36!H93
Switzerland,CHE,1,2018,science,495.276,3.005,data/pisa/2025/annex_tables/mrq53f.xlsx,Table I.B1.2a.36,Table I.B1.2a.36!J93
Switzerland,CHE,1,2022,science,502.523,2.1859,data/pisa/2025/annex_tables/mrq53f.xlsx,Table I.B1.2a.36,Table I.B1.2a.36!L93
Switzerland,CHE,1,2025,science,501.238,2.5913,data/pisa/2025/annex_tables/mrq53f.xlsx,Table I.B1.2a.36,Table I.B1.2a.36!N93
Chinese Taipei,TWN,0,2006,science,532.474,3.5686,data/pisa/2025/annex_tables/mrq53f.xlsx,Table I.B1.2a.36,Table I.B1.2a.36!B94
Chinese Taipei,TWN,0,2009,science,520.42,2.6319,data/pisa/2025/annex_tables/mrq53f.xlsx,Table I.B1.2a.36,Table I.B1.2a.36!D94
Chinese Taipei,TWN,0,2012,science,523.315,2.3295,data/pisa/2025/annex_tables/mrq53f.xlsx,Table I.B1.2a.36,Table I.B1.2a.36!F94
Chinese Taipei,TWN,0,2015,science,532.347,2.6916,data/pisa/2025/annex_tables/mrq53f.xlsx,Table I.B1.2a.36,Table I.B1.2a.36!H94
Chinese Taipei,TWN,0,2018,science,515.748,2.8739,data/pisa/2025/annex_tables/mrq53f.xlsx,Table I.B1.2a.36,Table I.B1.2a.36!J94
Chinese Taipei,TWN,0,2022,science,537.38,3.3131,data/pisa/2025/annex_tables/mrq53f.xlsx,Table I.B1.2a.36,Table I.B1.2a.36!L94
Chinese Taipei,TWN,0,2025,science,539.702,3.008,data/pisa/2025/annex_tables/mrq53f.xlsx,Table I.B1.2a.36,Table I.B1.2a.36!N94
Thailand,THA,0,2006,science,421.011,2.1434,data/pisa/2025/annex_tables/mrq53f.xlsx,Table I.B1.2a.36,Table I.B1.2a.36!B95
Thailand,THA,0,2009,science,425.296,2.9763,data/pisa/2025/annex_tables/mrq53f.xlsx,Table I.B1.2a.36,Table I.B1.2a.36!D95
Thailand,THA,0,2012,science,444.0,2.9304,data/pisa/2025/annex_tables/mrq53f.xlsx,Table I.B1.2a.36,Table I.B1.2a.36!F95
Thailand,THA,0,2015,science,421.337,2.833,data/pisa/2025/annex_tables/mrq53f.xlsx,Table I.B1.2a.36,Table I.B1.2a.36!H95
Thailand,THA,0,2018,science,425.813,3.1783,data/pisa/2025/annex_tables/mrq53f.xlsx,Table I.B1.2a.36,Table I.B1.2a.36!J95
Thailand,THA,0,2022,science,409.264,2.7834,data/pisa/2025/annex_tables/mrq53f.xlsx,Table I.B1.2a.36,Table I.B1.2a.36!L95
Thailand,THA,0,2025,science,432.24,3.1886,data/pisa/2025/annex_tables/mrq53f.xlsx,Table I.B1.2a.36,Table I.B1.2a.36!N95
Türkiye,TUR,1,2006,science,423.833,3.8391,data/pisa/2025/annex_tables/mrq53f.xlsx,Table I.B1.2a.36,Table I.B1.2a.36!B96
Türkiye,TUR,1,2009,science,453.91,3.5967,data/pisa/2025/annex_tables/mrq53f.xlsx,Table I.B1.2a.36,Table I.B1.2a.36!D96
Türkiye,TUR,1,2012,science,463.413,3.8941,data/pisa/2025/annex_tables/mrq53f.xlsx,Table I.B1.2a.36,Table I.B1.2a.36!F96
Türkiye,TUR,1,2015,science,425.49,3.9339,data/pisa/2025/annex_tables/mrq53f.xlsx,Table I.B1.2a.36,Table I.B1.2a.36!H96
Türkiye,TUR,1,2018,science,468.3,2.0131,data/pisa/2025/annex_tables/mrq53f.xlsx,Table I.B1.2a.36,Table I.B1.2a.36!J96
Türkiye,TUR,1,2022,science,475.938,1.9281,data/pisa/2025/annex_tables/mrq53f.xlsx,Table I.B1.2a.36,Table I.B1.2a.36!L96
Türkiye,TUR,1,2025,science,494.269,2.305,data/pisa/2025/annex_tables/mrq53f.xlsx,Table I.B1.2a.36,Table I.B1.2a.36!N96
Ukrainian regions (17 of 27),QUA,0,2022,science,449.327,3.8594,data/pisa/2025/annex_tables/mrq53f.xlsx,Table I.B1.2a.36,Table I.B1.2a.36!L97
Ukrainian regions (17 of 27),QUA,0,2025,science,448.082,2.491,data/pisa/2025/annex_tables/mrq53f.xlsx,Table I.B1.2a.36,Table I.B1.2a.36!N97
United Arab Emirates,ARE,0,2009,science,437.806,2.6186,data/pisa/2025/annex_tables/mrq53f.xlsx,Table I.B1.2a.36,Table I.B1.2a.36!D98
United Arab Emirates,ARE,0,2012,science,448.37,2.8086,data/pisa/2025/annex_tables/mrq53f.xlsx,Table I.B1.2a.36,Table I.B1.2a.36!F98
United Arab Emirates,ARE,0,2015,science,436.731,2.4227,data/pisa/2025/annex_tables/mrq53f.xlsx,Table I.B1.2a.36,Table I.B1.2a.36!H98
United Arab Emirates,ARE,0,2018,science,433.637,2.0077,data/pisa/2025/annex_tables/mrq53f.xlsx,Table I.B1.2a.36,Table I.B1.2a.36!J98
United Arab Emirates,ARE,0,2022,science,431.979,1.3103,data/pisa/2025/annex_tables/mrq53f.xlsx,Table I.B1.2a.36,Table I.B1.2a.36!L98
United Arab Emirates,ARE,0,2025,science,458.067,1.9744,data/pisa/2025/annex_tables/mrq53f.xlsx,Table I.B1.2a.36,Table I.B1.2a.36!N98
United Kingdom,GBR,1,2006,science,514.774,2.289,data/pisa/2025/annex_tables/mrq53f.xlsx,Table I.B1.2a.36,Table I.B1.2a.36!B99
United Kingdom,GBR,1,2009,science,513.71,2.5184,data/pisa/2025/annex_tables/mrq53f.xlsx,Table I.B1.2a.36,Table I.B1.2a.36!D99
United Kingdom,GBR,1,2012,science,514.129,3.3818,data/pisa/2025/annex_tables/mrq53f.xlsx,Table I.B1.2a.36,Table I.B1.2a.36!F99
United Kingdom,GBR,1,2015,science,509.222,2.5644,data/pisa/2025/annex_tables/mrq53f.xlsx,Table I.B1.2a.36,Table I.B1.2a.36!H99
United Kingdom,GBR,1,2018,science,504.667,2.5644,data/pisa/2025/annex_tables/mrq53f.xlsx,Table I.B1.2a.36,Table I.B1.2a.36!J99
United Kingdom,GBR,1,2022,science,499.67,2.3765,data/pisa/2025/annex_tables/mrq53f.xlsx,Table I.B1.2a.36,Table I.B1.2a.36!L99
United Kingdom,GBR,1,2025,science,511.356,2.1021,data/pisa/2025/annex_tables/mrq53f.xlsx,Table I.B1.2a.36,Table I.B1.2a.36!N99
United States,USA,1,2006,science,488.907,4.2242,data/pisa/2025/annex_tables/mrq53f.xlsx,Table I.B1.2a.36,Table I.B1.2a.36!B100
United States,USA,1,2009,science,502.002,3.6442,data/pisa/2025/annex_tables/mrq53f.xlsx,Table I.B1.2a.36,Table I.B1.2a.36!D100
United States,USA,1,2012,science,497.41,3.7759,data/pisa/2025/annex_tables/mrq53f.xlsx,Table I.B1.2a.36,Table I.B1.2a.36!F100
United States,USA,1,2015,science,496.242,3.1812,data/pisa/2025/annex_tables/mrq53f.xlsx,Table I.B1.2a.36,Table I.B1.2a.36!H100
United States,USA,1,2018,science,502.38,3.3179,data/pisa/2025/annex_tables/mrq53f.xlsx,Table I.B1.2a.36,Table I.B1.2a.36!J100
United States,USA,1,2022,science,499.414,4.3186,data/pisa/2025/annex_tables/mrq53f.xlsx,Table I.B1.2a.36,Table I.B1.2a.36!L100
United States,USA,1,2025,science,501.583,5.8165,data/pisa/2025/annex_tables/mrq53f.xlsx,Table I.B1.2a.36,Table I.B1.2a.36!N100
Uruguay,URY,0,2006,science,428.134,2.7485,data/pisa/2025/annex_tables/mrq53f.xlsx,Table I.B1.2a.36,Table I.B1.2a.36!B101
Uruguay,URY,0,2009,science,427.214,2.5749,data/pisa/2025/annex_tables/mrq53f.xlsx,Table I.B1.2a.36,Table I.B1.2a.36!D101
Uruguay,URY,0,2012,science,415.843,2.7672,data/pisa/2025/annex_tables/mrq53f.xlsx,Table I.B1.2a.36,Table I.B1.2a.36!F101
Uruguay,URY,0,2015,science,435.363,2.2009,data/pisa/2025/annex_tables/mrq53f.xlsx,Table I.B1.2a.36,Table I.B1.2a.36!H101
Uruguay,URY,0,2018,science,425.813,2.4719,data/pisa/2025/annex_tables/mrq53f.xlsx,Table I.B1.2a.36,Table I.B1.2a.36!J101
Uruguay,URY,0,2022,science,435.385,2.4777,data/pisa/2025/annex_tables/mrq53f.xlsx,Table I.B1.2a.36,Table I.B1.2a.36!L101
Uruguay,URY,0,2025,science,444.549,1.8163,data/pisa/2025/annex_tables/mrq53f.xlsx,Table I.B1.2a.36,Table I.B1.2a.36!N101
Uzbekistan,UZB,0,2022,science,354.864,2.0097,data/pisa/2025/annex_tables/mrq53f.xlsx,Table I.B1.2a.36,Table I.B1.2a.36!L102
Uzbekistan,UZB,0,2025,science,437.597,2.726,data/pisa/2025/annex_tables/mrq53f.xlsx,Table I.B1.2a.36,Table I.B1.2a.36!N102
Viet Nam,VNM,0,2025,science,457.421,3.9283,data/pisa/2025/annex_tables/mrq53f.xlsx,Table I.B1.2a.36,Table I.B1.2a.36!N103
Zambia,ZMB,0,2018,science,309.319,3.0514,data/pisa/2025/annex_tables/mrq53f.xlsx,Table I.B1.2a.36,Table I.B1.2a.36!J104
Zambia,ZMB,0,2025,science,336.955,10.992,data/pisa/2025/annex_tables/mrq53f.xlsx,Table I.B1.2a.36,Table I.B1.2a.36!N104
Albania,ALB,0,2009,science,390.696,3.9389,data/pisa/2025/annex_tables/mrq53f.xlsx,Table I.B1.2a.36,Table I.B1.2a.36!D106
Albania,ALB,0,2012,science,397.373,2.4435,data/pisa/2025/annex_tables/mrq53f.xlsx,Table I.B1.2a.36,Table I.B1.2a.36!F106
Albania,ALB,0,2015,science,427.225,3.2778,data/pisa/2025/annex_tables/mrq53f.xlsx,Table I.B1.2a.36,Table I.B1.2a.36!H106
Albania,ALB,0,2018,science,416.726,1.9854,data/pisa/2025/annex_tables/mrq53f.xlsx,Table I.B1.2a.36,Table I.B1.2a.36!J106
Albania,ALB,0,2022,science,375.968,2.2162,data/pisa/2025/annex_tables/mrq53f.xlsx,Table I.B1.2a.36,Table I.B1.2a.36!L106
Albania,ALB,0,2025,science,434.627,2.7101,data/pisa/2025/annex_tables/mrq53f.xlsx,Table I.B1.2a.36,Table I.B1.2a.36!N106
OECD average,OECD,,2012,reading,491.821,0.4792,data/pisa/2025/annex_tables/mrq53f.xlsx,Table I.B1.2a.37,Table I.B1.2a.37!J10
OECD average,OECD,,2015,reading,488.527,0.4459,data/pisa/2025/annex_tables/mrq53f.xlsx,Table I.B1.2a.37,Table I.B1.2a.37!L10
OECD average,OECD,,2025,reading,460.944,0.4464,data/pisa/2025/annex_tables/mrq53f.xlsx,Table I.B1.2a.37,Table I.B1.2a.37!R10
OECD average-23,OECD_A23,,2000,reading,499.534,0.7154,data/pisa/2025/annex_tables/mrq53f.xlsx,Table I.B1.2a.37,Table I.B1.2a.37!B11
OECD average-23,OECD_A23,,2003,reading,497.416,0.6221,data/pisa/2025/annex_tables/mrq53f.xlsx,Table I.B1.2a.37,Table I.B1.2a.37!D11
OECD average-23,OECD_A23,,2006,reading,495.466,0.6858,data/pisa/2025/annex_tables/mrq53f.xlsx,Table I.B1.2a.37,Table I.B1.2a.37!F11
OECD average-23,OECD_A23,,2009,reading,499.398,0.5687,data/pisa/2025/annex_tables/mrq53f.xlsx,Table I.B1.2a.37,Table I.B1.2a.37!H11
OECD average-23,OECD_A23,,2012,reading,501.365,0.5752,data/pisa/2025/annex_tables/mrq53f.xlsx,Table I.B1.2a.37,Table I.B1.2a.37!J11
OECD average-23,OECD_A23,,2015,reading,497.249,0.5693,data/pisa/2025/annex_tables/mrq53f.xlsx,Table I.B1.2a.37,Table I.B1.2a.37!L11
OECD average-23,OECD_A23,,2018,reading,492.837,0.5145,data/pisa/2025/annex_tables/mrq53f.xlsx,Table I.B1.2a.37,Table I.B1.2a.37!N11
OECD average-23,OECD_A23,,2022,reading,481.932,0.552,data/pisa/2025/annex_tables/mrq53f.xlsx,Table I.B1.2a.37,Table I.B1.2a.37!P11
OECD average-23,OECD_A23,,2025,reading,465.83,0.5628,data/pisa/2025/annex_tables/mrq53f.xlsx,Table I.B1.2a.37,Table I.B1.2a.37!R11
OECD average-35,OECD_A35,,2012,reading,493.512,0.5057,data/pisa/2025/annex_tables/mrq53f.xlsx,Table I.B1.2a.37,Table I.B1.2a.37!J12
OECD average-35,OECD_A35,,2015,reading,490.272,0.4717,data/pisa/2025/annex_tables/mrq53f.xlsx,Table I.B1.2a.37,Table I.B1.2a.37!L12
OECD average-35,OECD_A35,,2018,reading,487.616,0.4254,data/pisa/2025/annex_tables/mrq53f.xlsx,Table I.B1.2a.37,Table I.B1.2a.37!N12
OECD average-35,OECD_A35,,2022,reading,477.35,0.4698,data/pisa/2025/annex_tables/mrq53f.xlsx,Table I.B1.2a.37,Table I.B1.2a.37!P12
OECD average-35,OECD_A35,,2025,reading,463.007,0.474,data/pisa/2025/annex_tables/mrq53f.xlsx,Table I.B1.2a.37,Table I.B1.2a.37!R12
Argentina,ARG,0,2000,reading,418.251,9.8643,data/pisa/2025/annex_tables/mrq53f.xlsx,Table I.B1.2a.37,Table I.B1.2a.37!B15
Argentina,ARG,0,2006,reading,373.724,7.1718,data/pisa/2025/annex_tables/mrq53f.xlsx,Table I.B1.2a.37,Table I.B1.2a.37!F15
Argentina,ARG,0,2009,reading,398.261,4.6336,data/pisa/2025/annex_tables/mrq53f.xlsx,Table I.B1.2a.37,Table I.B1.2a.37!H15
Argentina,ARG,0,2012,reading,395.979,3.7044,data/pisa/2025/annex_tables/mrq53f.xlsx,Table I.B1.2a.37,Table I.B1.2a.37!J15
Argentina,ARG,0,2018,reading,401.503,2.977,data/pisa/2025/annex_tables/mrq53f.xlsx,Table I.B1.2a.37,Table I.B1.2a.37!N15
Argentina,ARG,0,2022,reading,400.744,2.5698,data/pisa/2025/annex_tables/mrq53f.xlsx,Table I.B1.2a.37,Table I.B1.2a.37!P15
Argentina,ARG,0,2025,reading,388.704,2.6915,data/pisa/2025/annex_tables/mrq53f.xlsx,Table I.B1.2a.37,Table I.B1.2a.37!R15
Armenia,ARM,0,2025,reading,348.286,1.5026,data/pisa/2025/annex_tables/mrq53f.xlsx,Table I.B1.2a.37,Table I.B1.2a.37!R16
Australia,AUS,1,2000,reading,528.279,3.5226,data/pisa/2025/annex_tables/mrq53f.xlsx,Table I.B1.2a.37,Table I.B1.2a.37!B17
Australia,AUS,1,2003,reading,525.427,2.1264,data/pisa/2025/annex_tables/mrq53f.xlsx,Table I.B1.2a.37,Table I.B1.2a.37!D17
Australia,AUS,1,2006,reading,512.893,2.062,data/pisa/2025/annex_tables/mrq53f.xlsx,Table I.B1.2a.37,Table I.B1.2a.37!F17
Australia,AUS,1,2009,reading,514.901,2.3374,data/pisa/2025/annex_tables/mrq53f.xlsx,Table I.B1.2a.37,Table I.B1.2a.37!H17
Australia,AUS,1,2012,reading,511.804,1.5768,data/pisa/2025/annex_tables/mrq53f.xlsx,Table I.B1.2a.37,Table I.B1.2a.37!J17
Australia,AUS,1,2015,reading,502.901,1.6909,data/pisa/2025/annex_tables/mrq53f.xlsx,Table I.B1.2a.37,Table I.B1.2a.37!L17
Australia,AUS,1,2018,reading,502.632,1.6343,data/pisa/2025/annex_tables/mrq53f.xlsx,Table I.B1.2a.37,Table I.B1.2a.37!N17
Australia,AUS,1,2022,reading,498.051,2.0136,data/pisa/2025/annex_tables/mrq53f.xlsx,Table I.B1.2a.37,Table I.B1.2a.37!P17
Australia,AUS,1,2025,reading,490.863,1.8518,data/pisa/2025/annex_tables/mrq53f.xlsx,Table I.B1.2a.37,Table I.B1.2a.37!R17
Austria,AUT,1,2000,reading,492.056,2.692,data/pisa/2025/annex_tables/mrq53f.xlsx,Table I.B1.2a.37,Table I.B1.2a.37!B18
Austria,AUT,1,2003,reading,490.693,3.7584,data/pisa/2025/annex_tables/mrq53f.xlsx,Table I.B1.2a.37,Table I.B1.2a.37!D18
Austria,AUT,1,2006,reading,490.194,4.08,data/pisa/2025/annex_tables/mrq53f.xlsx,Table I.B1.2a.37,Table I.B1.2a.37!F18
Austria,AUT,1,2012,reading,489.609,2.7612,data/pisa/2025/annex_tables/mrq53f.xlsx,Table I.B1.2a.37,Table I.B1.2a.37!J18
Austria,AUT,1,2015,reading,484.866,2.8353,data/pisa/2025/annex_tables/mrq53f.xlsx,Table I.B1.2a.37,Table I.B1.2a.37!L18
Austria,AUT,1,2018,reading,484.393,2.6975,data/pisa/2025/annex_tables/mrq53f.xlsx,Table I.B1.2a.37,Table I.B1.2a.37!N18
Austria,AUT,1,2022,reading,480.406,2.6683,data/pisa/2025/annex_tables/mrq53f.xlsx,Table I.B1.2a.37,Table I.B1.2a.37!P18
Austria,AUT,1,2025,reading,467.212,2.5548,data/pisa/2025/annex_tables/mrq53f.xlsx,Table I.B1.2a.37,Table I.B1.2a.37!R18
Azerbaijan,AZE,0,2006,reading,352.892,3.1243,data/pisa/2025/annex_tables/mrq53f.xlsx,Table I.B1.2a.37,Table I.B1.2a.37!F19
Azerbaijan,AZE,0,2009,reading,361.515,3.3292,data/pisa/2025/annex_tables/mrq53f.xlsx,Table I.B1.2a.37,Table I.B1.2a.37!H19
Azerbaijan,AZE,0,2025,reading,373.571,2.8365,data/pisa/2025/annex_tables/mrq53f.xlsx,Table I.B1.2a.37,Table I.B1.2a.37!R19
Belgium,BEL,1,2000,reading,507.126,3.5579,data/pisa/2025/annex_tables/mrq53f.xlsx,Table I.B1.2a.37,Table I.B1.2a.37!B20
Belgium,BEL,1,2003,reading,506.987,2.5817,data/pisa/2025/annex_tables/mrq53f.xlsx,Table I.B1.2a.37,Table I.B1.2a.37!D20
Belgium,BEL,1,2006,reading,500.901,3.0413,data/pisa/2025/annex_tables/mrq53f.xlsx,Table I.B1.2a.37,Table I.B1.2a.37!F20
Belgium,BEL,1,2009,reading,505.946,2.3498,data/pisa/2025/annex_tables/mrq53f.xlsx,Table I.B1.2a.37,Table I.B1.2a.37!H20
Belgium,BEL,1,2012,reading,508.618,2.2541,data/pisa/2025/annex_tables/mrq53f.xlsx,Table I.B1.2a.37,Table I.B1.2a.37!J20
Belgium,BEL,1,2015,reading,498.524,2.4157,data/pisa/2025/annex_tables/mrq53f.xlsx,Table I.B1.2a.37,Table I.B1.2a.37!L20
Belgium,BEL,1,2018,reading,492.864,2.322,data/pisa/2025/annex_tables/mrq53f.xlsx,Table I.B1.2a.37,Table I.B1.2a.37!N20
Belgium,BEL,1,2022,reading,478.853,2.5236,data/pisa/2025/annex_tables/mrq53f.xlsx,Table I.B1.2a.37,Table I.B1.2a.37!P20
Belgium,BEL,1,2025,reading,466.328,3.0358,data/pisa/2025/annex_tables/mrq53f.xlsx,Table I.B1.2a.37,Table I.B1.2a.37!R20
Brazil,BRA,0,2000,reading,396.029,3.0992,data/pisa/2025/annex_tables/mrq53f.xlsx,Table I.B1.2a.37,Table I.B1.2a.37!B21
Brazil,BRA,0,2003,reading,402.796,4.5791,data/pisa/2025/annex_tables/mrq53f.xlsx,Table I.B1.2a.37,Table I.B1.2a.37!D21
Brazil,BRA,0,2006,reading,392.885,3.7432,data/pisa/2025/annex_tables/mrq53f.xlsx,Table I.B1.2a.37,Table I.B1.2a.37!F21
Brazil,BRA,0,2009,reading,411.755,2.7278,data/pisa/2025/annex_tables/mrq53f.xlsx,Table I.B1.2a.37,Table I.B1.2a.37!H21
Brazil,BRA,0,2012,reading,406.533,2.0304,data/pisa/2025/annex_tables/mrq53f.xlsx,Table I.B1.2a.37,Table I.B1.2a.37!J21
Brazil,BRA,0,2015,reading,407.349,2.7502,data/pisa/2025/annex_tables/mrq53f.xlsx,Table I.B1.2a.37,Table I.B1.2a.37!L21
Brazil,BRA,0,2018,reading,412.873,2.111,data/pisa/2025/annex_tables/mrq53f.xlsx,Table I.B1.2a.37,Table I.B1.2a.37!N21
Brazil,BRA,0,2022,reading,410.357,2.088,data/pisa/2025/annex_tables/mrq53f.xlsx,Table I.B1.2a.37,Table I.B1.2a.37!P21
Brazil,BRA,0,2025,reading,408.008,2.0145,data/pisa/2025/annex_tables/mrq53f.xlsx,Table I.B1.2a.37,Table I.B1.2a.37!R21
Brunei Darussalam,BRN,0,2018,reading,408.07,0.8978,data/pisa/2025/annex_tables/mrq53f.xlsx,Table I.B1.2a.37,Table I.B1.2a.37!N22
Brunei Darussalam,BRN,0,2022,reading,429.232,1.1592,data/pisa/2025/annex_tables/mrq53f.xlsx,Table I.B1.2a.37,Table I.B1.2a.37!P22
Brunei Darussalam,BRN,0,2025,reading,425.681,0.92,data/pisa/2025/annex_tables/mrq53f.xlsx,Table I.B1.2a.37,Table I.B1.2a.37!R22
B-S-J-Z (China),QCI,0,2018,reading,555.236,2.7452,data/pisa/2025/annex_tables/mrq53f.xlsx,Table I.B1.2a.37,Table I.B1.2a.37!N23
B-S-J-Z (China),QCI,0,2025,reading,526.518,1.9851,data/pisa/2025/annex_tables/mrq53f.xlsx,Table I.B1.2a.37,Table I.B1.2a.37!R23
Bulgaria,BGR,0,2000,reading,430.403,4.887,data/pisa/2025/annex_tables/mrq53f.xlsx,Table I.B1.2a.37,Table I.B1.2a.37!B24
Bulgaria,BGR,0,2006,reading,401.935,6.9083,data/pisa/2025/annex_tables/mrq53f.xlsx,Table I.B1.2a.37,Table I.B1.2a.37!F24
Bulgaria,BGR,0,2009,reading,429.081,6.6813,data/pisa/2025/annex_tables/mrq53f.xlsx,Table I.B1.2a.37,Table I.B1.2a.37!H24
Bulgaria,BGR,0,2012,reading,436.126,6.0226,data/pisa/2025/annex_tables/mrq53f.xlsx,Table I.B1.2a.37,Table I.B1.2a.37!J24
Bulgaria,BGR,0,2015,reading,431.718,4.9977,data/pisa/2025/annex_tables/mrq53f.xlsx,Table I.B1.2a.37,Table I.B1.2a.37!L24
Bulgaria,BGR,0,2018,reading,419.844,3.9126,data/pisa/2025/annex_tables/mrq53f.xlsx,Table I.B1.2a.37,Table I.B1.2a.37!N24
Bulgaria,BGR,0,2022,reading,404.304,3.3958,data/pisa/2025/annex_tables/mrq53f.xlsx,Table I.B1.2a.37,Table I.B1.2a.37!P24
Bulgaria,BGR,0,2025,reading,386.645,3.9461,data/pisa/2025/annex_tables/mrq53f.xlsx,Table I.B1.2a.37,Table I.B1.2a.37!R24
Cambodia,KHM,0,2018,reading,321.034,2.0664,data/pisa/2025/annex_tables/mrq53f.xlsx,Table I.B1.2a.37,Table I.B1.2a.37!N25
Cambodia,KHM,0,2022,reading,328.843,2.0813,data/pisa/2025/annex_tables/mrq53f.xlsx,Table I.B1.2a.37,Table I.B1.2a.37!P25
Cambodia,KHM,0,2025,reading,347.226,1.5005,data/pisa/2025/annex_tables/mrq53f.xlsx,Table I.B1.2a.37,Table I.B1.2a.37!R25
Canada,CAN,1,2000,reading,534.313,1.5587,data/pisa/2025/annex_tables/mrq53f.xlsx,Table I.B1.2a.37,Table I.B1.2a.37!B26
Canada,CAN,1,2003,reading,527.914,1.7467,data/pisa/2025/annex_tables/mrq53f.xlsx,Table I.B1.2a.37,Table I.B1.2a.37!D26
Canada,CAN,1,2006,reading,527.011,2.4387,data/pisa/2025/annex_tables/mrq53f.xlsx,Table I.B1.2a.37,Table I.B1.2a.37!F26
Canada,CAN,1,2009,reading,524.242,1.4832,data/pisa/2025/annex_tables/mrq53f.xlsx,Table I.B1.2a.37,Table I.B1.2a.37!H26
Canada,CAN,1,2012,reading,523.124,1.9264,data/pisa/2025/annex_tables/mrq53f.xlsx,Table I.B1.2a.37,Table I.B1.2a.37!J26
Canada,CAN,1,2015,reading,526.668,2.3009,data/pisa/2025/annex_tables/mrq53f.xlsx,Table I.B1.2a.37,Table I.B1.2a.37!L26
Canada,CAN,1,2018,reading,520.086,1.7997,data/pisa/2025/annex_tables/mrq53f.xlsx,Table I.B1.2a.37,Table I.B1.2a.37!N26
Canada,CAN,1,2022,reading,507.133,1.9656,data/pisa/2025/annex_tables/mrq53f.xlsx,Table I.B1.2a.37,Table I.B1.2a.37!P26
Canada,CAN,1,2025,reading,489.826,1.7808,data/pisa/2025/annex_tables/mrq53f.xlsx,Table I.B1.2a.37,Table I.B1.2a.37!R26
Chile,CHL,1,2000,reading,409.557,3.5857,data/pisa/2025/annex_tables/mrq53f.xlsx,Table I.B1.2a.37,Table I.B1.2a.37!B27
Chile,CHL,1,2006,reading,442.091,4.9927,data/pisa/2025/annex_tables/mrq53f.xlsx,Table I.B1.2a.37,Table I.B1.2a.37!F27
Chile,CHL,1,2009,reading,449.37,3.1255,data/pisa/2025/annex_tables/mrq53f.xlsx,Table I.B1.2a.37,Table I.B1.2a.37!H27
Chile,CHL,1,2012,reading,441.398,2.9021,data/pisa/2025/annex_tables/mrq53f.xlsx,Table I.B1.2a.37,Table I.B1.2a.37!J27
Chile,CHL,1,2015,reading,458.571,2.5849,data/pisa/2025/annex_tables/mrq53f.xlsx,Table I.B1.2a.37,Table I.B1.2a.37!L27
Chile,CHL,1,2018,reading,452.273,2.6438,data/pisa/2025/annex_tables/mrq53f.xlsx,Table I.B1.2a.37,Table I.B1.2a.37!N27
Chile,CHL,1,2022,reading,447.979,2.6326,data/pisa/2025/annex_tables/mrq53f.xlsx,Table I.B1.2a.37,Table I.B1.2a.37!P27
Chile,CHL,1,2025,reading,435.656,2.7595,data/pisa/2025/annex_tables/mrq53f.xlsx,Table I.B1.2a.37,Table I.B1.2a.37!R27
Colombia,COL,1,2006,reading,385.308,5.0829,data/pisa/2025/annex_tables/mrq53f.xlsx,Table I.B1.2a.37,Table I.B1.2a.37!F28
Colombia,COL,1,2009,reading,413.182,3.7426,data/pisa/2025/annex_tables/mrq53f.xlsx,Table I.B1.2a.37,Table I.B1.2a.37!H28
Colombia,COL,1,2012,reading,403.403,3.4456,data/pisa/2025/annex_tables/mrq53f.xlsx,Table I.B1.2a.37,Table I.B1.2a.37!J28
Colombia,COL,1,2015,reading,424.905,2.9447,data/pisa/2025/annex_tables/mrq53f.xlsx,Table I.B1.2a.37,Table I.B1.2a.37!L28
Colombia,COL,1,2018,reading,412.295,3.2513,data/pisa/2025/annex_tables/mrq53f.xlsx,Table I.B1.2a.37,Table I.B1.2a.37!N28
Colombia,COL,1,2022,reading,408.665,3.751,data/pisa/2025/annex_tables/mrq53f.xlsx,Table I.B1.2a.37,Table I.B1.2a.37!P28
Colombia,COL,1,2025,reading,399.267,3.3084,data/pisa/2025/annex_tables/mrq53f.xlsx,Table I.B1.2a.37,Table I.B1.2a.37!R28
Costa Rica,CRI,1,2009,reading,442.581,3.17,data/pisa/2025/annex_tables/mrq53f.xlsx,Table I.B1.2a.37,Table I.B1.2a.37!H29
Costa Rica,CRI,1,2012,reading,440.548,3.5037,data/pisa/2025/annex_tables/mrq53f.xlsx,Table I.B1.2a.37,Table I.B1.2a.37!J29
Costa Rica,CRI,1,2015,reading,427.488,2.635,data/pisa/2025/annex_tables/mrq53f.xlsx,Table I.B1.2a.37,Table I.B1.2a.37!L29
Costa Rica,CRI,1,2018,reading,426.498,3.4203,data/pisa/2025/annex_tables/mrq53f.xlsx,Table I.B1.2a.37,Table I.B1.2a.37!N29
Costa Rica,CRI,1,2022,reading,415.233,2.6598,data/pisa/2025/annex_tables/mrq53f.xlsx,Table I.B1.2a.37,Table I.B1.2a.37!P29
Costa Rica,CRI,1,2025,reading,416.035,2.7556,data/pisa/2025/annex_tables/mrq53f.xlsx,Table I.B1.2a.37,Table I.B1.2a.37!R29
Croatia,HRV,0,2006,reading,477.364,2.8056,data/pisa/2025/annex_tables/mrq53f.xlsx,Table I.B1.2a.37,Table I.B1.2a.37!F30
Croatia,HRV,0,2009,reading,475.749,2.8707,data/pisa/2025/annex_tables/mrq53f.xlsx,Table I.B1.2a.37,Table I.B1.2a.37!H30
Croatia,HRV,0,2012,reading,484.565,3.3064,data/pisa/2025/annex_tables/mrq53f.xlsx,Table I.B1.2a.37,Table I.B1.2a.37!J30
Croatia,HRV,0,2015,reading,486.863,2.6768,data/pisa/2025/annex_tables/mrq53f.xlsx,Table I.B1.2a.37,Table I.B1.2a.37!L30
Croatia,HRV,0,2018,reading,478.989,2.6685,data/pisa/2025/annex_tables/mrq53f.xlsx,Table I.B1.2a.37,Table I.B1.2a.37!N30
Croatia,HRV,0,2022,reading,475.499,2.4424,data/pisa/2025/annex_tables/mrq53f.xlsx,Table I.B1.2a.37,Table I.B1.2a.37!P30
Croatia,HRV,0,2025,reading,453.387,1.7813,data/pisa/2025/annex_tables/mrq53f.xlsx,Table I.B1.2a.37,Table I.B1.2a.37!R30
Cyprus,CYP,0,2012,reading,448.953,1.1837,data/pisa/2025/annex_tables/mrq53f.xlsx,Table I.B1.2a.37,Table I.B1.2a.37!J31
Cyprus,CYP,0,2015,reading,442.831,1.6587,data/pisa/2025/annex_tables/mrq53f.xlsx,Table I.B1.2a.37,Table I.B1.2a.37!L31
Cyprus,CYP,0,2018,reading,424.358,1.3684,data/pisa/2025/annex_tables/mrq53f.xlsx,Table I.B1.2a.37,Table I.B1.2a.37!N31
Cyprus,CYP,0,2022,reading,381.076,1.1642,data/pisa/2025/annex_tables/mrq53f.xlsx,Table I.B1.2a.37,Table I.B1.2a.37!P31
Cyprus,CYP,0,2025,reading,379.429,1.2794,data/pisa/2025/annex_tables/mrq53f.xlsx,Table I.B1.2a.37,Table I.B1.2a.37!R31
Czechia,CZE,1,2000,reading,491.577,2.3698,data/pisa/2025/annex_tables/mrq53f.xlsx,Table I.B1.2a.37,Table I.B1.2a.37!B32
Czechia,CZE,1,2003,reading,488.542,3.4632,data/pisa/2025/annex_tables/mrq53f.xlsx,Table I.B1.2a.37,Table I.B1.2a.37!D32
Czechia,CZE,1,2006,reading,482.715,4.1815,data/pisa/2025/annex_tables/mrq53f.xlsx,Table I.B1.2a.37,Table I.B1.2a.37!F32
Czechia,CZE,1,2009,reading,478.187,2.8921,data/pisa/2025/annex_tables/mrq53f.xlsx,Table I.B1.2a.37,Table I.B1.2a.37!H32
Czechia,CZE,1,2012,reading,492.89,2.8707,data/pisa/2025/annex_tables/mrq53f.xlsx,Table I.B1.2a.37,Table I.B1.2a.37!J32
Czechia,CZE,1,2015,reading,487.25,2.5997,data/pisa/2025/annex_tables/mrq53f.xlsx,Table I.B1.2a.37,Table I.B1.2a.37!L32
Czechia,CZE,1,2018,reading,490.219,2.5479,data/pisa/2025/annex_tables/mrq53f.xlsx,Table I.B1.2a.37,Table I.B1.2a.37!N32
Czechia,CZE,1,2022,reading,488.604,2.2462,data/pisa/2025/annex_tables/mrq53f.xlsx,Table I.B1.2a.37,Table I.B1.2a.37!P32
Czechia,CZE,1,2025,reading,468.357,2.676,data/pisa/2025/annex_tables/mrq53f.xlsx,Table I.B1.2a.37,Table I.B1.2a.37!R32
Denmark,DNK,1,2000,reading,496.871,2.3528,data/pisa/2025/annex_tables/mrq53f.xlsx,Table I.B1.2a.37,Table I.B1.2a.37!B33
Denmark,DNK,1,2003,reading,492.323,2.8175,data/pisa/2025/annex_tables/mrq53f.xlsx,Table I.B1.2a.37,Table I.B1.2a.37!D33
Denmark,DNK,1,2006,reading,494.483,3.1782,data/pisa/2025/annex_tables/mrq53f.xlsx,Table I.B1.2a.37,Table I.B1.2a.37!F33
Denmark,DNK,1,2009,reading,494.916,2.0739,data/pisa/2025/annex_tables/mrq53f.xlsx,Table I.B1.2a.37,Table I.B1.2a.37!H33
Denmark,DNK,1,2012,reading,496.131,2.6478,data/pisa/2025/annex_tables/mrq53f.xlsx,Table I.B1.2a.37,Table I.B1.2a.37!J33
Denmark,DNK,1,2015,reading,499.815,2.5446,data/pisa/2025/annex_tables/mrq53f.xlsx,Table I.B1.2a.37,Table I.B1.2a.37!L33
Denmark,DNK,1,2018,reading,501.13,1.7955,data/pisa/2025/annex_tables/mrq53f.xlsx,Table I.B1.2a.37,Table I.B1.2a.37!N33
Denmark,DNK,1,2022,reading,488.801,2.5783,data/pisa/2025/annex_tables/mrq53f.xlsx,Table I.B1.2a.37,Table I.B1.2a.37!P33
Denmark,DNK,1,2025,reading,460.009,2.373,data/pisa/2025/annex_tables/mrq53f.xlsx,Table I.B1.2a.37,Table I.B1.2a.37!R33
Dominican Republic,DOM,0,2015,reading,357.738,3.0535,data/pisa/2025/annex_tables/mrq53f.xlsx,Table I.B1.2a.37,Table I.B1.2a.37!L34
Dominican Republic,DOM,0,2018,reading,341.626,2.8637,data/pisa/2025/annex_tables/mrq53f.xlsx,Table I.B1.2a.37,Table I.B1.2a.37!N34
Dominican Republic,DOM,0,2022,reading,351.312,2.4408,data/pisa/2025/annex_tables/mrq53f.xlsx,Table I.B1.2a.37,Table I.B1.2a.37!P34
Dominican Republic,DOM,0,2025,reading,345.542,2.5101,data/pisa/2025/annex_tables/mrq53f.xlsx,Table I.B1.2a.37,Table I.B1.2a.37!R34
Dushanbe (Tajikistan),QDT,0,2025,reading,368.084,1.1615,data/pisa/2025/annex_tables/mrq53f.xlsx,Table I.B1.2a.37,Table I.B1.2a.37!R35
Ecuador,ECU,0,2018,reading,408.902,3.3957,data/pisa/2025/annex_tables/mrq53f.xlsx,Table I.B1.2a.37,Table I.B1.2a.37!N36
Ecuador,ECU,0,2025,reading,384.998,2.2963,data/pisa/2025/annex_tables/mrq53f.xlsx,Table I.B1.2a.37,Table I.B1.2a.37!R36
El Salvador,SLV,0,2022,reading,364.904,2.804,data/pisa/2025/annex_tables/mrq53f.xlsx,Table I.B1.2a.37,Table I.B1.2a.37!P37
El Salvador,SLV,0,2025,reading,366.432,2.283,data/pisa/2025/annex_tables/mrq53f.xlsx,Table I.B1.2a.37,Table I.B1.2a.37!R37
Estonia,EST,1,2006,reading,500.75,2.9269,data/pisa/2025/annex_tables/mrq53f.xlsx,Table I.B1.2a.37,Table I.B1.2a.37!F38
Estonia,EST,1,2009,reading,500.962,2.6355,data/pisa/2025/annex_tables/mrq53f.xlsx,Table I.B1.2a.37,Table I.B1.2a.37!H38
Estonia,EST,1,2012,reading,516.294,2.0316,data/pisa/2025/annex_tables/mrq53f.xlsx,Table I.B1.2a.37,Table I.B1.2a.37!J38
Estonia,EST,1,2015,reading,519.143,2.2177,data/pisa/2025/annex_tables/mrq53f.xlsx,Table I.B1.2a.37,Table I.B1.2a.37!L38
Estonia,EST,1,2018,reading,523.017,1.8422,data/pisa/2025/annex_tables/mrq53f.xlsx,Table I.B1.2a.37,Table I.B1.2a.37!N38
Estonia,EST,1,2022,reading,511.03,2.3606,data/pisa/2025/annex_tables/mrq53f.xlsx,Table I.B1.2a.37,Table I.B1.2a.37!P38
Estonia,EST,1,2025,reading,499.244,2.5339,data/pisa/2025/annex_tables/mrq53f.xlsx,Table I.B1.2a.37,Table I.B1.2a.37!R38
Finland,FIN,1,2000,reading,546.469,2.5782,data/pisa/2025/annex_tables/mrq53f.xlsx,Table I.B1.2a.37,Table I.B1.2a.37!B39
Finland,FIN,1,2003,reading,543.463,1.6416,data/pisa/2025/annex_tables/mrq53f.xlsx,Table I.B1.2a.37,Table I.B1.2a.37!D39
Finland,FIN,1,2006,reading,546.868,2.1472,data/pisa/2025/annex_tables/mrq53f.xlsx,Table I.B1.2a.37,Table I.B1.2a.37!F39
Finland,FIN,1,2009,reading,535.878,2.2538,data/pisa/2025/annex_tables/mrq53f.xlsx,Table I.B1.2a.37,Table I.B1.2a.37!H39
Finland,FIN,1,2012,reading,524.022,2.3817,data/pisa/2025/annex_tables/mrq53f.xlsx,Table I.B1.2a.37,Table I.B1.2a.37!J39
Finland,FIN,1,2015,reading,526.425,2.5466,data/pisa/2025/annex_tables/mrq53f.xlsx,Table I.B1.2a.37,Table I.B1.2a.37!L39
Finland,FIN,1,2018,reading,520.079,2.3071,data/pisa/2025/annex_tables/mrq53f.xlsx,Table I.B1.2a.37,Table I.B1.2a.37!N39
Finland,FIN,1,2022,reading,490.218,2.2554,data/pisa/2025/annex_tables/mrq53f.xlsx,Table I.B1.2a.37,Table I.B1.2a.37!P39
Finland,FIN,1,2025,reading,474.297,2.1202,data/pisa/2025/annex_tables/mrq53f.xlsx,Table I.B1.2a.37,Table I.B1.2a.37!R39
France,FRA,1,2000,reading,504.742,2.7279,data/pisa/2025/annex_tables/mrq53f.xlsx,Table I.B1.2a.37,Table I.B1.2a.37!B40
France,FRA,1,2003,reading,496.189,2.6778,data/pisa/2025/annex_tables/mrq53f.xlsx,Table I.B1.2a.37,Table I.B1.2a.37!D40
France,FRA,1,2006,reading,487.706,4.0644,data/pisa/2025/annex_tables/mrq53f.xlsx,Table I.B1.2a.37,Table I.B1.2a.37!F40
France,FRA,1,2009,reading,495.617,3.4419,data/pisa/2025/annex_tables/mrq53f.xlsx,Table I.B1.2a.37,Table I.B1.2a.37!H40
France,FRA,1,2012,reading,505.481,2.8264,data/pisa/2025/annex_tables/mrq53f.xlsx,Table I.B1.2a.37,Table I.B1.2a.37!J40
France,FRA,1,2015,reading,499.306,2.507,data/pisa/2025/annex_tables/mrq53f.xlsx,Table I.B1.2a.37,Table I.B1.2a.37!L40
France,FRA,1,2018,reading,492.606,2.321,data/pisa/2025/annex_tables/mrq53f.xlsx,Table I.B1.2a.37,Table I.B1.2a.37!N40
France,FRA,1,2022,reading,473.852,3.0745,data/pisa/2025/annex_tables/mrq53f.xlsx,Table I.B1.2a.37,Table I.B1.2a.37!P40
France,FRA,1,2025,reading,456.335,3.2442,data/pisa/2025/annex_tables/mrq53f.xlsx,Table I.B1.2a.37,Table I.B1.2a.37!R40
Georgia,GEO,0,2009,reading,374.26,2.8863,data/pisa/2025/annex_tables/mrq53f.xlsx,Table I.B1.2a.37,Table I.B1.2a.37!H41
Georgia,GEO,0,2015,reading,401.288,2.9577,data/pisa/2025/annex_tables/mrq53f.xlsx,Table I.B1.2a.37,Table I.B1.2a.37!L41
Georgia,GEO,0,2018,reading,379.753,2.1613,data/pisa/2025/annex_tables/mrq53f.xlsx,Table I.B1.2a.37,Table I.B1.2a.37!N41
Georgia,GEO,0,2022,reading,373.858,2.2879,data/pisa/2025/annex_tables/mrq53f.xlsx,Table I.B1.2a.37,Table I.B1.2a.37!P41
Georgia,GEO,0,2025,reading,384.179,2.4848,data/pisa/2025/annex_tables/mrq53f.xlsx,Table I.B1.2a.37,Table I.B1.2a.37!R41
Germany,DEU,1,2000,reading,483.991,2.4651,data/pisa/2025/annex_tables/mrq53f.xlsx,Table I.B1.2a.37,Table I.B1.2a.37!B42
Germany,DEU,1,2003,reading,491.358,3.3864,data/pisa/2025/annex_tables/mrq53f.xlsx,Table I.B1.2a.37,Table I.B1.2a.37!D42
Germany,DEU,1,2006,reading,494.944,4.4101,data/pisa/2025/annex_tables/mrq53f.xlsx,Table I.B1.2a.37,Table I.B1.2a.37!F42
Germany,DEU,1,2009,reading,497.305,2.6558,data/pisa/2025/annex_tables/mrq53f.xlsx,Table I.B1.2a.37,Table I.B1.2a.37!H42
Germany,DEU,1,2012,reading,507.677,2.816,data/pisa/2025/annex_tables/mrq53f.xlsx,Table I.B1.2a.37,Table I.B1.2a.37!J42
Germany,DEU,1,2015,reading,509.104,3.0185,data/pisa/2025/annex_tables/mrq53f.xlsx,Table I.B1.2a.37,Table I.B1.2a.37!L42
Germany,DEU,1,2018,reading,498.279,3.0254,data/pisa/2025/annex_tables/mrq53f.xlsx,Table I.B1.2a.37,Table I.B1.2a.37!N42
Germany,DEU,1,2022,reading,479.794,3.6091,data/pisa/2025/annex_tables/mrq53f.xlsx,Table I.B1.2a.37,Table I.B1.2a.37!P42
Germany,DEU,1,2025,reading,465.282,3.5622,data/pisa/2025/annex_tables/mrq53f.xlsx,Table I.B1.2a.37,Table I.B1.2a.37!R42
Greece,GRC,1,2000,reading,473.799,4.9702,data/pisa/2025/annex_tables/mrq53f.xlsx,Table I.B1.2a.37,Table I.B1.2a.37!B43
Greece,GRC,1,2003,reading,472.267,4.1006,data/pisa/2025/annex_tables/mrq53f.xlsx,Table I.B1.2a.37,Table I.B1.2a.37!D43
Greece,GRC,1,2006,reading,459.711,4.044,data/pisa/2025/annex_tables/mrq53f.xlsx,Table I.B1.2a.37,Table I.B1.2a.37!F43
Greece,GRC,1,2009,reading,482.776,4.3222,data/pisa/2025/annex_tables/mrq53f.xlsx,Table I.B1.2a.37,Table I.B1.2a.37!H43
Greece,GRC,1,2012,reading,477.197,3.2675,data/pisa/2025/annex_tables/mrq53f.xlsx,Table I.B1.2a.37,Table I.B1.2a.37!J43
Greece,GRC,1,2015,reading,467.04,4.3387,data/pisa/2025/annex_tables/mrq53f.xlsx,Table I.B1.2a.37,Table I.B1.2a.37!L43
Greece,GRC,1,2018,reading,457.414,3.621,data/pisa/2025/annex_tables/mrq53f.xlsx,Table I.B1.2a.37,Table I.B1.2a.37!N43
Greece,GRC,1,2022,reading,438.441,2.8336,data/pisa/2025/annex_tables/mrq53f.xlsx,Table I.B1.2a.37,Table I.B1.2a.37!P43
Greece,GRC,1,2025,reading,422.663,3.1907,data/pisa/2025/annex_tables/mrq53f.xlsx,Table I.B1.2a.37,Table I.B1.2a.37!R43
Guatemala,GTM,0,2018,reading,368.769,3.504,data/pisa/2025/annex_tables/mrq53f.xlsx,Table I.B1.2a.37,Table I.B1.2a.37!N44
Guatemala,GTM,0,2022,reading,374.122,2.4376,data/pisa/2025/annex_tables/mrq53f.xlsx,Table I.B1.2a.37,Table I.B1.2a.37!P44
Guatemala,GTM,0,2025,reading,337.081,2.4981,data/pisa/2025/annex_tables/mrq53f.xlsx,Table I.B1.2a.37,Table I.B1.2a.37!R44
Hong Kong (China),HKG,0,2000,reading,525.456,2.9279,data/pisa/2025/annex_tables/mrq53f.xlsx,Table I.B1.2a.37,Table I.B1.2a.37!B45
Hong Kong (China),HKG,0,2003,reading,509.535,3.6866,data/pisa/2025/annex_tables/mrq53f.xlsx,Table I.B1.2a.37,Table I.B1.2a.37!D45
Hong Kong (China),HKG,0,2006,reading,536.066,2.4227,data/pisa/2025/annex_tables/mrq53f.xlsx,Table I.B1.2a.37,Table I.B1.2a.37!F45
Hong Kong (China),HKG,0,2009,reading,533.151,2.1174,data/pisa/2025/annex_tables/mrq53f.xlsx,Table I.B1.2a.37,Table I.B1.2a.37!H45
Hong Kong (China),HKG,0,2012,reading,544.6,2.7882,data/pisa/2025/annex_tables/mrq53f.xlsx,Table I.B1.2a.37,Table I.B1.2a.37!J45
Hong Kong (China),HKG,0,2015,reading,526.675,2.6885,data/pisa/2025/annex_tables/mrq53f.xlsx,Table I.B1.2a.37,Table I.B1.2a.37!L45
Hong Kong (China),HKG,0,2018,reading,524.283,2.7317,data/pisa/2025/annex_tables/mrq53f.xlsx,Table I.B1.2a.37,Table I.B1.2a.37!N45
Hong Kong (China),HKG,0,2022,reading,499.701,2.8485,data/pisa/2025/annex_tables/mrq53f.xlsx,Table I.B1.2a.37,Table I.B1.2a.37!P45
Hong Kong (China),HKG,0,2025,reading,480.121,3.1987,data/pisa/2025/annex_tables/mrq53f.xlsx,Table I.B1.2a.37,Table I.B1.2a.37!R45
Hungary,HUN,1,2000,reading,479.967,3.9538,data/pisa/2025/annex_tables/mrq53f.xlsx,Table I.B1.2a.37,Table I.B1.2a.37!B46
Hungary,HUN,1,2003,reading,481.87,2.469,data/pisa/2025/annex_tables/mrq53f.xlsx,Table I.B1.2a.37,Table I.B1.2a.37!D46
Hungary,HUN,1,2006,reading,482.375,3.2814,data/pisa/2025/annex_tables/mrq53f.xlsx,Table I.B1.2a.37,Table I.B1.2a.37!F46
Hungary,HUN,1,2009,reading,494.179,3.1748,data/pisa/2025/annex_tables/mrq53f.xlsx,Table I.B1.2a.37,Table I.B1.2a.37!H46
Hungary,HUN,1,2012,reading,488.461,3.1571,data/pisa/2025/annex_tables/mrq53f.xlsx,Table I.B1.2a.37,Table I.B1.2a.37!J46
Hungary,HUN,1,2015,reading,469.523,2.6591,data/pisa/2025/annex_tables/mrq53f.xlsx,Table I.B1.2a.37,Table I.B1.2a.37!L46
Hungary,HUN,1,2018,reading,475.987,2.251,data/pisa/2025/annex_tables/mrq53f.xlsx,Table I.B1.2a.37,Table I.B1.2a.37!N46
Hungary,HUN,1,2022,reading,472.975,2.828,data/pisa/2025/annex_tables/mrq53f.xlsx,Table I.B1.2a.37,Table I.B1.2a.37!P46
Hungary,HUN,1,2025,reading,452.306,2.3375,data/pisa/2025/annex_tables/mrq53f.xlsx,Table I.B1.2a.37,Table I.B1.2a.37!R46
Iceland,ISL,1,2000,reading,506.93,1.4541,data/pisa/2025/annex_tables/mrq53f.xlsx,Table I.B1.2a.37,Table I.B1.2a.37!B47
Iceland,ISL,1,2003,reading,491.747,1.558,data/pisa/2025/annex_tables/mrq53f.xlsx,Table I.B1.2a.37,Table I.B1.2a.37!D47
Iceland,ISL,1,2006,reading,484.445,1.9452,data/pisa/2025/annex_tables/mrq53f.xlsx,Table I.B1.2a.37,Table I.B1.2a.37!F47
Iceland,ISL,1,2009,reading,500.283,1.4094,data/pisa/2025/annex_tables/mrq53f.xlsx,Table I.B1.2a.37,Table I.B1.2a.37!H47
Iceland,ISL,1,2012,reading,482.522,1.8011,data/pisa/2025/annex_tables/mrq53f.xlsx,Table I.B1.2a.37,Table I.B1.2a.37!J47
Iceland,ISL,1,2015,reading,481.526,1.985,data/pisa/2025/annex_tables/mrq53f.xlsx,Table I.B1.2a.37,Table I.B1.2a.37!L47
Iceland,ISL,1,2018,reading,473.974,1.7415,data/pisa/2025/annex_tables/mrq53f.xlsx,Table I.B1.2a.37,Table I.B1.2a.37!N47
Iceland,ISL,1,2022,reading,435.923,2.0676,data/pisa/2025/annex_tables/mrq53f.xlsx,Table I.B1.2a.37,Table I.B1.2a.37!P47
Iceland,ISL,1,2025,reading,422.285,1.6164,data/pisa/2025/annex_tables/mrq53f.xlsx,Table I.B1.2a.37,Table I.B1.2a.37!R47
Indonesia,IDN,0,2000,reading,370.615,3.9865,data/pisa/2025/annex_tables/mrq53f.xlsx,Table I.B1.2a.37,Table I.B1.2a.37!B48
Indonesia,IDN,0,2003,reading,381.59,3.3842,data/pisa/2025/annex_tables/mrq53f.xlsx,Table I.B1.2a.37,Table I.B1.2a.37!D48
Indonesia,IDN,0,2006,reading,392.933,5.9221,data/pisa/2025/annex_tables/mrq53f.xlsx,Table I.B1.2a.37,Table I.B1.2a.37!F48
Indonesia,IDN,0,2009,reading,401.705,3.7352,data/pisa/2025/annex_tables/mrq53f.xlsx,Table I.B1.2a.37,Table I.B1.2a.37!H48
Indonesia,IDN,0,2012,reading,396.12,4.2067,data/pisa/2025/annex_tables/mrq53f.xlsx,Table I.B1.2a.37,Table I.B1.2a.37!J48
Indonesia,IDN,0,2015,reading,397.259,2.8658,data/pisa/2025/annex_tables/mrq53f.xlsx,Table I.B1.2a.37,Table I.B1.2a.37!L48
Indonesia,IDN,0,2018,reading,370.965,2.5591,data/pisa/2025/annex_tables/mrq53f.xlsx,Table I.B1.2a.37,Table I.B1.2a.37!N48
Indonesia,IDN,0,2022,reading,358.57,2.9066,data/pisa/2025/annex_tables/mrq53f.xlsx,Table I.B1.2a.37,Table I.B1.2a.37!P48
Indonesia,IDN,0,2025,reading,365.205,2.4528,data/pisa/2025/annex_tables/mrq53f.xlsx,Table I.B1.2a.37,Table I.B1.2a.37!R48
Ireland,IRL,1,2000,reading,526.669,3.2373,data/pisa/2025/annex_tables/mrq53f.xlsx,Table I.B1.2a.37,Table I.B1.2a.37!B49
Ireland,IRL,1,2003,reading,515.48,2.6254,data/pisa/2025/annex_tables/mrq53f.xlsx,Table I.B1.2a.37,Table I.B1.2a.37!D49
Ireland,IRL,1,2006,reading,517.313,3.5361,data/pisa/2025/annex_tables/mrq53f.xlsx,Table I.B1.2a.37,Table I.B1.2a.37!F49
Ireland,IRL,1,2009,reading,495.639,2.9719,data/pisa/2025/annex_tables/mrq53f.xlsx,Table I.B1.2a.37,Table I.B1.2a.37!H49
Ireland,IRL,1,2012,reading,523.173,2.5504,data/pisa/2025/annex_tables/mrq53f.xlsx,Table I.B1.2a.37,Table I.B1.2a.37!J49
Ireland,IRL,1,2015,reading,520.815,2.4661,data/pisa/2025/annex_tables/mrq53f.xlsx,Table I.B1.2a.37,Table I.B1.2a.37!L49
Ireland,IRL,1,2018,reading,518.078,2.2445,data/pisa/2025/annex_tables/mrq53f.xlsx,Table I.B1.2a.37,Table I.B1.2a.37!N49
Ireland,IRL,1,2022,reading,516.01,2.3326,data/pisa/2025/annex_tables/mrq53f.xlsx,Table I.B1.2a.37,Table I.B1.2a.37!P49
Ireland,IRL,1,2025,reading,500.447,2.0345,data/pisa/2025/annex_tables/mrq53f.xlsx,Table I.B1.2a.37,Table I.B1.2a.37!R49
Israel,ISR,1,2000,reading,452.172,8.4672,data/pisa/2025/annex_tables/mrq53f.xlsx,Table I.B1.2a.37,Table I.B1.2a.37!B50
Israel,ISR,1,2006,reading,438.672,4.5814,data/pisa/2025/annex_tables/mrq53f.xlsx,Table I.B1.2a.37,Table I.B1.2a.37!F50
Israel,ISR,1,2009,reading,473.99,3.6337,data/pisa/2025/annex_tables/mrq53f.xlsx,Table I.B1.2a.37,Table I.B1.2a.37!H50
Israel,ISR,1,2012,reading,485.803,5.0068,data/pisa/2025/annex_tables/mrq53f.xlsx,Table I.B1.2a.37,Table I.B1.2a.37!J50
Israel,ISR,1,2015,reading,478.961,3.7766,data/pisa/2025/annex_tables/mrq53f.xlsx,Table I.B1.2a.37,Table I.B1.2a.37!L50
Israel,ISR,1,2018,reading,470.415,3.671,data/pisa/2025/annex_tables/mrq53f.xlsx,Table I.B1.2a.37,Table I.B1.2a.37!N50
Israel,ISR,1,2022,reading,473.833,3.4873,data/pisa/2025/annex_tables/mrq53f.xlsx,Table I.B1.2a.37,Table I.B1.2a.37!P50
Israel,ISR,1,2025,reading,435.838,3.5239,data/pisa/2025/annex_tables/mrq53f.xlsx,Table I.B1.2a.37,Table I.B1.2a.37!R50
Italy,ITA,1,2000,reading,487.47,2.913,data/pisa/2025/annex_tables/mrq53f.xlsx,Table I.B1.2a.37,Table I.B1.2a.37!B51
Italy,ITA,1,2003,reading,475.662,3.0441,data/pisa/2025/annex_tables/mrq53f.xlsx,Table I.B1.2a.37,Table I.B1.2a.37!D51
Italy,ITA,1,2006,reading,468.523,2.4256,data/pisa/2025/annex_tables/mrq53f.xlsx,Table I.B1.2a.37,Table I.B1.2a.37!F51
Italy,ITA,1,2009,reading,486.051,1.5722,data/pisa/2025/annex_tables/mrq53f.xlsx,Table I.B1.2a.37,Table I.B1.2a.37!H51
Italy,ITA,1,2012,reading,489.754,1.9715,data/pisa/2025/annex_tables/mrq53f.xlsx,Table I.B1.2a.37,Table I.B1.2a.37!J51
Italy,ITA,1,2015,reading,484.758,2.6814,data/pisa/2025/annex_tables/mrq53f.xlsx,Table I.B1.2a.37,Table I.B1.2a.37!L51
Italy,ITA,1,2018,reading,476.285,2.4389,data/pisa/2025/annex_tables/mrq53f.xlsx,Table I.B1.2a.37,Table I.B1.2a.37!N51
Italy,ITA,1,2022,reading,481.598,2.6802,data/pisa/2025/annex_tables/mrq53f.xlsx,Table I.B1.2a.37,Table I.B1.2a.37!P51
Italy,ITA,1,2025,reading,474.29,2.5983,data/pisa/2025/annex_tables/mrq53f.xlsx,Table I.B1.2a.37,Table I.B1.2a.37!R51
Japan,JPN,1,2000,reading,522.235,5.2099,data/pisa/2025/annex_tables/mrq53f.xlsx,Table I.B1.2a.37,Table I.B1.2a.37!B52
Japan,JPN,1,2003,reading,498.105,3.924,data/pisa/2025/annex_tables/mrq53f.xlsx,Table I.B1.2a.37,Table I.B1.2a.37!D52
Japan,JPN,1,2006,reading,497.957,3.6496,data/pisa/2025/annex_tables/mrq53f.xlsx,Table I.B1.2a.37,Table I.B1.2a.37!F52
Japan,JPN,1,2009,reading,519.858,3.4656,data/pisa/2025/annex_tables/mrq53f.xlsx,Table I.B1.2a.37,Table I.B1.2a.37!H52
Japan,JPN,1,2012,reading,538.051,3.673,data/pisa/2025/annex_tables/mrq53f.xlsx,Table I.B1.2a.37,Table I.B1.2a.37!J52
Japan,JPN,1,2015,reading,515.958,3.1972,data/pisa/2025/annex_tables/mrq53f.xlsx,Table I.B1.2a.37,Table I.B1.2a.37!L52
Japan,JPN,1,2018,reading,503.856,2.671,data/pisa/2025/annex_tables/mrq53f.xlsx,Table I.B1.2a.37,Table I.B1.2a.37!N52
Japan,JPN,1,2022,reading,515.855,3.1769,data/pisa/2025/annex_tables/mrq53f.xlsx,Table I.B1.2a.37,Table I.B1.2a.37!P52
Japan,JPN,1,2025,reading,502.715,3.7778,data/pisa/2025/annex_tables/mrq53f.xlsx,Table I.B1.2a.37,Table I.B1.2a.37!R52
Jordan,JOR,0,2022,reading,342.166,2.4013,data/pisa/2025/annex_tables/mrq53f.xlsx,Table I.B1.2a.37,Table I.B1.2a.37!P53
Jordan,JOR,0,2025,reading,362.598,2.0884,data/pisa/2025/annex_tables/mrq53f.xlsx,Table I.B1.2a.37,Table I.B1.2a.37!R53
Kazakhstan,KAZ,0,2009,reading,390.41,3.0724,data/pisa/2025/annex_tables/mrq53f.xlsx,Table I.B1.2a.37,Table I.B1.2a.37!H54
Kazakhstan,KAZ,0,2012,reading,392.736,2.69,data/pisa/2025/annex_tables/mrq53f.xlsx,Table I.B1.2a.37,Table I.B1.2a.37!J54
Kazakhstan,KAZ,0,2018,reading,386.909,1.4605,data/pisa/2025/annex_tables/mrq53f.xlsx,Table I.B1.2a.37,Table I.B1.2a.37!N54
Kazakhstan,KAZ,0,2022,reading,386.285,1.6634,data/pisa/2025/annex_tables/mrq53f.xlsx,Table I.B1.2a.37,Table I.B1.2a.37!P54
Kazakhstan,KAZ,0,2025,reading,384.798,1.5188,data/pisa/2025/annex_tables/mrq53f.xlsx,Table I.B1.2a.37,Table I.B1.2a.37!R54
Kenya,KEN,0,2025,reading,320.214,2.6531,data/pisa/2025/annex_tables/mrq53f.xlsx,Table I.B1.2a.37,Table I.B1.2a.37!R55
Korea,KOR,1,2000,reading,524.754,2.4162,data/pisa/2025/annex_tables/mrq53f.xlsx,Table I.B1.2a.37,Table I.B1.2a.37!B56
Korea,KOR,1,2003,reading,534.091,3.0925,data/pisa/2025/annex_tables/mrq53f.xlsx,Table I.B1.2a.37,Table I.B1.2a.37!D56
Korea,KOR,1,2006,reading,556.022,3.813,data/pisa/2025/annex_tables/mrq53f.xlsx,Table I.B1.2a.37,Table I.B1.2a.37!F56
Korea,KOR,1,2009,reading,539.267,3.4606,data/pisa/2025/annex_tables/mrq53f.xlsx,Table I.B1.2a.37,Table I.B1.2a.37!H56
Korea,KOR,1,2012,reading,535.79,3.9414,data/pisa/2025/annex_tables/mrq53f.xlsx,Table I.B1.2a.37,Table I.B1.2a.37!J56
Korea,KOR,1,2015,reading,517.437,3.5047,data/pisa/2025/annex_tables/mrq53f.xlsx,Table I.B1.2a.37,Table I.B1.2a.37!L56
Korea,KOR,1,2018,reading,514.052,2.9405,data/pisa/2025/annex_tables/mrq53f.xlsx,Table I.B1.2a.37,Table I.B1.2a.37!N56
Korea,KOR,1,2022,reading,515.415,3.6323,data/pisa/2025/annex_tables/mrq53f.xlsx,Table I.B1.2a.37,Table I.B1.2a.37!P56
Korea,KOR,1,2025,reading,500.561,3.4458,data/pisa/2025/annex_tables/mrq53f.xlsx,Table I.B1.2a.37,Table I.B1.2a.37!R56
Kosovo,XKX,0,2015,reading,347.126,1.569,data/pisa/2025/annex_tables/mrq53f.xlsx,Table I.B1.2a.37,Table I.B1.2a.37!L57
Kosovo,XKX,0,2018,reading,353.065,1.1403,data/pisa/2025/annex_tables/mrq53f.xlsx,Table I.B1.2a.37,Table I.B1.2a.37!N57
Kosovo,XKX,0,2022,reading,342.194,1.0595,data/pisa/2025/annex_tables/mrq53f.xlsx,Table I.B1.2a.37,Table I.B1.2a.37!P57
Kosovo,XKX,0,2025,reading,340.464,1.2916,data/pisa/2025/annex_tables/mrq53f.xlsx,Table I.B1.2a.37,Table I.B1.2a.37!R57
Kurdistan Region (Iraq),QKI,0,2025,reading,311.53,2.0251,data/pisa/2025/annex_tables/mrq53f.xlsx,Table I.B1.2a.37,Table I.B1.2a.37!R58
Kyrgyzstan,KGZ,0,2006,reading,284.707,3.4787,data/pisa/2025/annex_tables/mrq53f.xlsx,Table I.B1.2a.37,Table I.B1.2a.37!F59
Kyrgyzstan,KGZ,0,2009,reading,314.02,3.1907,data/pisa/2025/annex_tables/mrq53f.xlsx,Table I.B1.2a.37,Table I.B1.2a.37!H59
Kyrgyzstan,KGZ,0,2025,reading,344.398,2.3921,data/pisa/2025/annex_tables/mrq53f.xlsx,Table I.B1.2a.37,Table I.B1.2a.37!R59
Latvia,LVA,1,2000,reading,458.071,5.2705,data/pisa/2025/annex_tables/mrq53f.xlsx,Table I.B1.2a.37,Table I.B1.2a.37!B60
Latvia,LVA,1,2003,reading,490.563,3.6692,data/pisa/2025/annex_tables/mrq53f.xlsx,Table I.B1.2a.37,Table I.B1.2a.37!D60
Latvia,LVA,1,2006,reading,479.492,3.7307,data/pisa/2025/annex_tables/mrq53f.xlsx,Table I.B1.2a.37,Table I.B1.2a.37!F60
Latvia,LVA,1,2009,reading,483.96,2.957,data/pisa/2025/annex_tables/mrq53f.xlsx,Table I.B1.2a.37,Table I.B1.2a.37!H60
Latvia,LVA,1,2012,reading,488.694,2.3856,data/pisa/2025/annex_tables/mrq53f.xlsx,Table I.B1.2a.37,Table I.B1.2a.37!J60
Latvia,LVA,1,2015,reading,487.758,1.802,data/pisa/2025/annex_tables/mrq53f.xlsx,Table I.B1.2a.37,Table I.B1.2a.37!L60
Latvia,LVA,1,2018,reading,478.699,1.6169,data/pisa/2025/annex_tables/mrq53f.xlsx,Table I.B1.2a.37,Table I.B1.2a.37!N60
Latvia,LVA,1,2022,reading,474.569,2.46,data/pisa/2025/annex_tables/mrq53f.xlsx,Table I.B1.2a.37,Table I.B1.2a.37!P60
Latvia,LVA,1,2025,reading,429.679,2.0282,data/pisa/2025/annex_tables/mrq53f.xlsx,Table I.B1.2a.37,Table I.B1.2a.37!R60
Lebanon,LBN,0,2015,reading,346.549,4.4136,data/pisa/2025/annex_tables/mrq53f.xlsx,Table I.B1.2a.37,Table I.B1.2a.37!L61
Lebanon,LBN,0,2018,reading,353.355,4.318,data/pisa/2025/annex_tables/mrq53f.xlsx,Table I.B1.2a.37,Table I.B1.2a.37!N61
Lebanon,LBN,0,2025,reading,330.903,3.3391,data/pisa/2025/annex_tables/mrq53f.xlsx,Table I.B1.2a.37,Table I.B1.2a.37!R61
Lithuania,LTU,1,2006,reading,470.071,2.9832,data/pisa/2025/annex_tables/mrq53f.xlsx,Table I.B1.2a.37,Table I.B1.2a.37!F62
Lithuania,LTU,1,2009,reading,468.443,2.3911,data/pisa/2025/annex_tables/mrq53f.xlsx,Table I.B1.2a.37,Table I.B1.2a.37!H62
Lithuania,LTU,1,2012,reading,477.307,2.4812,data/pisa/2025/annex_tables/mrq53f.xlsx,Table I.B1.2a.37,Table I.B1.2a.37!J62
Lithuania,LTU,1,2015,reading,472.407,2.7359,data/pisa/2025/annex_tables/mrq53f.xlsx,Table I.B1.2a.37,Table I.B1.2a.37!L62
Lithuania,LTU,1,2018,reading,475.873,1.5183,data/pisa/2025/annex_tables/mrq53f.xlsx,Table I.B1.2a.37,Table I.B1.2a.37!N62
Lithuania,LTU,1,2022,reading,471.834,2.2097,data/pisa/2025/annex_tables/mrq53f.xlsx,Table I.B1.2a.37,Table I.B1.2a.37!P62
Lithuania,LTU,1,2025,reading,464.054,1.9142,data/pisa/2025/annex_tables/mrq53f.xlsx,Table I.B1.2a.37,Table I.B1.2a.37!R62
Luxembourg,LUX,1,2000,reading,441.246,1.5941,data/pisa/2025/annex_tables/mrq53f.xlsx,Table I.B1.2a.37,Table I.B1.2a.37!B63
Luxembourg,LUX,1,2003,reading,479.423,1.4843,data/pisa/2025/annex_tables/mrq53f.xlsx,Table I.B1.2a.37,Table I.B1.2a.37!D63
Luxembourg,LUX,1,2006,reading,479.367,1.2819,data/pisa/2025/annex_tables/mrq53f.xlsx,Table I.B1.2a.37,Table I.B1.2a.37!F63
Luxembourg,LUX,1,2009,reading,472.173,1.2534,data/pisa/2025/annex_tables/mrq53f.xlsx,Table I.B1.2a.37,Table I.B1.2a.37!H63
Luxembourg,LUX,1,2012,reading,487.807,1.5418,data/pisa/2025/annex_tables/mrq53f.xlsx,Table I.B1.2a.37,Table I.B1.2a.37!J63
Luxembourg,LUX,1,2015,reading,481.439,1.4414,data/pisa/2025/annex_tables/mrq53f.xlsx,Table I.B1.2a.37,Table I.B1.2a.37!L63
Luxembourg,LUX,1,2018,reading,469.985,1.1259,data/pisa/2025/annex_tables/mrq53f.xlsx,Table I.B1.2a.37,Table I.B1.2a.37!N63
Luxembourg,LUX,1,2025,reading,443.232,1.0539,data/pisa/2025/annex_tables/mrq53f.xlsx,Table I.B1.2a.37,Table I.B1.2a.37!R63
Macao (China),MAC,0,2003,reading,497.64,2.1604,data/pisa/2025/annex_tables/mrq53f.xlsx,Table I.B1.2a.37,Table I.B1.2a.37!D64
Macao (China),MAC,0,2006,reading,492.288,1.0991,data/pisa/2025/annex_tables/mrq53f.xlsx,Table I.B1.2a.37,Table I.B1.2a.37!F64
Macao (China),MAC,0,2009,reading,486.635,0.8918,data/pisa/2025/annex_tables/mrq53f.xlsx,Table I.B1.2a.37,Table I.B1.2a.37!H64
Macao (China),MAC,0,2012,reading,508.949,0.9062,data/pisa/2025/annex_tables/mrq53f.xlsx,Table I.B1.2a.37,Table I.B1.2a.37!J64
Macao (China),MAC,0,2015,reading,508.691,1.2507,data/pisa/2025/annex_tables/mrq53f.xlsx,Table I.B1.2a.37,Table I.B1.2a.37!L64
Macao (China),MAC,0,2018,reading,525.116,1.2272,data/pisa/2025/annex_tables/mrq53f.xlsx,Table I.B1.2a.37,Table I.B1.2a.37!N64
Macao (China),MAC,0,2022,reading,510.405,1.346,data/pisa/2025/annex_tables/mrq53f.xlsx,Table I.B1.2a.37,Table I.B1.2a.37!P64
Macao (China),MAC,0,2025,reading,501.054,1.1555,data/pisa/2025/annex_tables/mrq53f.xlsx,Table I.B1.2a.37,Table I.B1.2a.37!R64
Malaysia,MYS,0,2009,reading,413.812,2.8555,data/pisa/2025/annex_tables/mrq53f.xlsx,Table I.B1.2a.37,Table I.B1.2a.37!H65
Malaysia,MYS,0,2012,reading,398.196,3.3312,data/pisa/2025/annex_tables/mrq53f.xlsx,Table I.B1.2a.37,Table I.B1.2a.37!J65
Malaysia,MYS,0,2018,reading,414.98,2.8678,data/pisa/2025/annex_tables/mrq53f.xlsx,Table I.B1.2a.37,Table I.B1.2a.37!N65
Malaysia,MYS,0,2022,reading,388.088,2.7478,data/pisa/2025/annex_tables/mrq53f.xlsx,Table I.B1.2a.37,Table I.B1.2a.37!P65
Malaysia,MYS,0,2025,reading,392.772,2.1576,data/pisa/2025/annex_tables/mrq53f.xlsx,Table I.B1.2a.37,Table I.B1.2a.37!R65
Malta,MLT,0,2009,reading,442.052,1.5846,data/pisa/2025/annex_tables/mrq53f.xlsx,Table I.B1.2a.37,Table I.B1.2a.37!H66
Malta,MLT,0,2015,reading,446.666,1.7788,data/pisa/2025/annex_tables/mrq53f.xlsx,Table I.B1.2a.37,Table I.B1.2a.37!L66
Malta,MLT,0,2018,reading,448.235,1.7299,data/pisa/2025/annex_tables/mrq53f.xlsx,Table I.B1.2a.37,Table I.B1.2a.37!N66
Malta,MLT,0,2022,reading,445.299,1.9032,data/pisa/2025/annex_tables/mrq53f.xlsx,Table I.B1.2a.37,Table I.B1.2a.37!P66
Malta,MLT,0,2025,reading,414.626,1.6079,data/pisa/2025/annex_tables/mrq53f.xlsx,Table I.B1.2a.37,Table I.B1.2a.37!R66
Mauritius,MUS,0,2009,reading,406.572,1.0866,data/pisa/2025/annex_tables/mrq53f.xlsx,Table I.B1.2a.37,Table I.B1.2a.37!H67
Mauritius,MUS,0,2025,reading,405.333,3.502,data/pisa/2025/annex_tables/mrq53f.xlsx,Table I.B1.2a.37,Table I.B1.2a.37!R67
Mexico,MEX,1,2000,reading,421.961,3.3146,data/pisa/2025/annex_tables/mrq53f.xlsx,Table I.B1.2a.37,Table I.B1.2a.37!B68
Mexico,MEX,1,2003,reading,399.722,4.0923,data/pisa/2025/annex_tables/mrq53f.xlsx,Table I.B1.2a.37,Table I.B1.2a.37!D68
Mexico,MEX,1,2006,reading,410.496,3.0594,data/pisa/2025/annex_tables/mrq53f.xlsx,Table I.B1.2a.37,Table I.B1.2a.37!F68
Mexico,MEX,1,2009,reading,425.265,1.9532,data/pisa/2025/annex_tables/mrq53f.xlsx,Table I.B1.2a.37,Table I.B1.2a.37!H68
Mexico,MEX,1,2012,reading,423.554,1.5142,data/pisa/2025/annex_tables/mrq53f.xlsx,Table I.B1.2a.37,Table I.B1.2a.37!J68
Mexico,MEX,1,2015,reading,423.276,2.5836,data/pisa/2025/annex_tables/mrq53f.xlsx,Table I.B1.2a.37,Table I.B1.2a.37!L68
Mexico,MEX,1,2018,reading,420.469,2.7463,data/pisa/2025/annex_tables/mrq53f.xlsx,Table I.B1.2a.37,Table I.B1.2a.37!N68
Mexico,MEX,1,2022,reading,415.359,2.924,data/pisa/2025/annex_tables/mrq53f.xlsx,Table I.B1.2a.37,Table I.B1.2a.37!P68
Mexico,MEX,1,2025,reading,407.938,2.1598,data/pisa/2025/annex_tables/mrq53f.xlsx,Table I.B1.2a.37,Table I.B1.2a.37!R68
Moldova,MDA,0,2009,reading,388.078,2.8341,data/pisa/2025/annex_tables/mrq53f.xlsx,Table I.B1.2a.37,Table I.B1.2a.37!H69
Moldova,MDA,0,2015,reading,416.229,2.5175,data/pisa/2025/annex_tables/mrq53f.xlsx,Table I.B1.2a.37,Table I.B1.2a.37!L69
Moldova,MDA,0,2018,reading,423.993,2.4447,data/pisa/2025/annex_tables/mrq53f.xlsx,Table I.B1.2a.37,Table I.B1.2a.37!N69
Moldova,MDA,0,2022,reading,410.935,2.5107,data/pisa/2025/annex_tables/mrq53f.xlsx,Table I.B1.2a.37,Table I.B1.2a.37!P69
Moldova,MDA,0,2025,reading,403.701,2.898,data/pisa/2025/annex_tables/mrq53f.xlsx,Table I.B1.2a.37,Table I.B1.2a.37!R69
Mongolia,MNG,0,2022,reading,378.42,2.2542,data/pisa/2025/annex_tables/mrq53f.xlsx,Table I.B1.2a.37,Table I.B1.2a.37!P70
Mongolia,MNG,0,2025,reading,374.253,1.7494,data/pisa/2025/annex_tables/mrq53f.xlsx,Table I.B1.2a.37,Table I.B1.2a.37!R70
Montenegro,MNE,0,2006,reading,391.975,1.2153,data/pisa/2025/annex_tables/mrq53f.xlsx,Table I.B1.2a.37,Table I.B1.2a.37!F71
Montenegro,MNE,0,2009,reading,407.548,1.7165,data/pisa/2025/annex_tables/mrq53f.xlsx,Table I.B1.2a.37,Table I.B1.2a.37!H71
Montenegro,MNE,0,2012,reading,422.111,1.1838,data/pisa/2025/annex_tables/mrq53f.xlsx,Table I.B1.2a.37,Table I.B1.2a.37!J71
Montenegro,MNE,0,2015,reading,426.884,1.5789,data/pisa/2025/annex_tables/mrq53f.xlsx,Table I.B1.2a.37,Table I.B1.2a.37!L71
Montenegro,MNE,0,2018,reading,421.058,1.0549,data/pisa/2025/annex_tables/mrq53f.xlsx,Table I.B1.2a.37,Table I.B1.2a.37!N71
Montenegro,MNE,0,2022,reading,405.02,1.35,data/pisa/2025/annex_tables/mrq53f.xlsx,Table I.B1.2a.37,Table I.B1.2a.37!P71
Montenegro,MNE,0,2025,reading,418.371,1.2157,data/pisa/2025/annex_tables/mrq53f.xlsx,Table I.B1.2a.37,Table I.B1.2a.37!R71
Morocco,MAR,0,2018,reading,359.388,3.1261,data/pisa/2025/annex_tables/mrq53f.xlsx,Table I.B1.2a.37,Table I.B1.2a.37!N72
Morocco,MAR,0,2022,reading,339.365,3.9738,data/pisa/2025/annex_tables/mrq53f.xlsx,Table I.B1.2a.37,Table I.B1.2a.37!P72
Morocco,MAR,0,2025,reading,321.127,3.4834,data/pisa/2025/annex_tables/mrq53f.xlsx,Table I.B1.2a.37,Table I.B1.2a.37!R72
Netherlands,NLD,1,2003,reading,513.119,2.8543,data/pisa/2025/annex_tables/mrq53f.xlsx,Table I.B1.2a.37,Table I.B1.2a.37!D73
Netherlands,NLD,1,2006,reading,506.747,2.9247,data/pisa/2025/annex_tables/mrq53f.xlsx,Table I.B1.2a.37,Table I.B1.2a.37!F73
Netherlands,NLD,1,2009,reading,508.404,5.1496,data/pisa/2025/annex_tables/mrq53f.xlsx,Table I.B1.2a.37,Table I.B1.2a.37!H73
Netherlands,NLD,1,2012,reading,511.23,3.4692,data/pisa/2025/annex_tables/mrq53f.xlsx,Table I.B1.2a.37,Table I.B1.2a.37!J73
Netherlands,NLD,1,2015,reading,502.959,2.4117,data/pisa/2025/annex_tables/mrq53f.xlsx,Table I.B1.2a.37,Table I.B1.2a.37!L73
Netherlands,NLD,1,2018,reading,484.784,2.6509,data/pisa/2025/annex_tables/mrq53f.xlsx,Table I.B1.2a.37,Table I.B1.2a.37!N73
Netherlands,NLD,1,2022,reading,459.243,4.2822,data/pisa/2025/annex_tables/mrq53f.xlsx,Table I.B1.2a.37,Table I.B1.2a.37!P73
Netherlands,NLD,1,2025,reading,441.345,2.8949,data/pisa/2025/annex_tables/mrq53f.xlsx,Table I.B1.2a.37,Table I.B1.2a.37!R73
New Zealand,NZL,1,2000,reading,528.8,2.7841,data/pisa/2025/annex_tables/mrq53f.xlsx,Table I.B1.2a.37,Table I.B1.2a.37!B74
New Zealand,NZL,1,2003,reading,521.552,2.4592,data/pisa/2025/annex_tables/mrq53f.xlsx,Table I.B1.2a.37,Table I.B1.2a.37!D74
New Zealand,NZL,1,2006,reading,521.033,2.991,data/pisa/2025/annex_tables/mrq53f.xlsx,Table I.B1.2a.37,Table I.B1.2a.37!F74
New Zealand,NZL,1,2009,reading,520.88,2.3533,data/pisa/2025/annex_tables/mrq53f.xlsx,Table I.B1.2a.37,Table I.B1.2a.37!H74
New Zealand,NZL,1,2012,reading,512.187,2.3982,data/pisa/2025/annex_tables/mrq53f.xlsx,Table I.B1.2a.37,Table I.B1.2a.37!J74
New Zealand,NZL,1,2015,reading,509.271,2.4047,data/pisa/2025/annex_tables/mrq53f.xlsx,Table I.B1.2a.37,Table I.B1.2a.37!L74
New Zealand,NZL,1,2018,reading,505.727,2.0431,data/pisa/2025/annex_tables/mrq53f.xlsx,Table I.B1.2a.37,Table I.B1.2a.37!N74
New Zealand,NZL,1,2022,reading,500.853,2.1174,data/pisa/2025/annex_tables/mrq53f.xlsx,Table I.B1.2a.37,Table I.B1.2a.37!P74
New Zealand,NZL,1,2025,reading,497.044,2.4204,data/pisa/2025/annex_tables/mrq53f.xlsx,Table I.B1.2a.37,Table I.B1.2a.37!R74
North Macedonia,MKD,0,2000,reading,372.509,1.9343,data/pisa/2025/annex_tables/mrq53f.xlsx,Table I.B1.2a.37,Table I.B1.2a.37!B75
North Macedonia,MKD,0,2015,reading,351.742,1.4082,data/pisa/2025/annex_tables/mrq53f.xlsx,Table I.B1.2a.37,Table I.B1.2a.37!L75
North Macedonia,MKD,0,2018,reading,392.668,1.1041,data/pisa/2025/annex_tables/mrq53f.xlsx,Table I.B1.2a.37,Table I.B1.2a.37!N75
North Macedonia,MKD,0,2022,reading,358.522,0.8145,data/pisa/2025/annex_tables/mrq53f.xlsx,Table I.B1.2a.37,Table I.B1.2a.37!P75
North Macedonia,MKD,0,2025,reading,357.444,0.9933,data/pisa/2025/annex_tables/mrq53f.xlsx,Table I.B1.2a.37,Table I.B1.2a.37!R75
Norway,NOR,1,2000,reading,505.281,2.8019,data/pisa/2025/annex_tables/mrq53f.xlsx,Table I.B1.2a.37,Table I.B1.2a.37!B76
Norway,NOR,1,2003,reading,499.74,2.7759,data/pisa/2025/annex_tables/mrq53f.xlsx,Table I.B1.2a.37,Table I.B1.2a.37!D76
Norway,NOR,1,2006,reading,484.293,3.182,data/pisa/2025/annex_tables/mrq53f.xlsx,Table I.B1.2a.37,Table I.B1.2a.37!F76
Norway,NOR,1,2009,reading,503.23,2.5808,data/pisa/2025/annex_tables/mrq53f.xlsx,Table I.B1.2a.37,Table I.B1.2a.37!H76
Norway,NOR,1,2012,reading,503.937,3.2152,data/pisa/2025/annex_tables/mrq53f.xlsx,Table I.B1.2a.37,Table I.B1.2a.37!J76
Norway,NOR,1,2015,reading,513.191,2.5093,data/pisa/2025/annex_tables/mrq53f.xlsx,Table I.B1.2a.37,Table I.B1.2a.37!L76
Norway,NOR,1,2018,reading,499.451,2.1719,data/pisa/2025/annex_tables/mrq53f.xlsx,Table I.B1.2a.37,Table I.B1.2a.37!N76
Norway,NOR,1,2022,reading,476.524,2.5421,data/pisa/2025/annex_tables/mrq53f.xlsx,Table I.B1.2a.37,Table I.B1.2a.37!P76
Norway,NOR,1,2025,reading,452.801,2.0869,data/pisa/2025/annex_tables/mrq53f.xlsx,Table I.B1.2a.37,Table I.B1.2a.37!R76
Palestinian Authority,PSE,0,2022,reading,355.694,2.3581,data/pisa/2025/annex_tables/mrq53f.xlsx,Table I.B1.2a.37,Table I.B1.2a.37!P77
Palestinian Authority,PSE,0,2025,reading,349.876,1.8665,data/pisa/2025/annex_tables/mrq53f.xlsx,Table I.B1.2a.37,Table I.B1.2a.37!R77
Paraguay,PRY,0,2018,reading,369.684,3.6771,data/pisa/2025/annex_tables/mrq53f.xlsx,Table I.B1.2a.37,Table I.B1.2a.37!N78
Paraguay,PRY,0,2022,reading,373.156,2.445,data/pisa/2025/annex_tables/mrq53f.xlsx,Table I.B1.2a.37,Table I.B1.2a.37!P78
Paraguay,PRY,0,2025,reading,352.216,2.0279,data/pisa/2025/annex_tables/mrq53f.xlsx,Table I.B1.2a.37,Table I.B1.2a.37!R78
Peru,PER,0,2000,reading,327.085,4.4154,data/pisa/2025/annex_tables/mrq53f.xlsx,Table I.B1.2a.37,Table I.B1.2a.37!B79
Peru,PER,0,2009,reading,369.696,3.9514,data/pisa/2025/annex_tables/mrq53f.xlsx,Table I.B1.2a.37,Table I.B1.2a.37!H79
Peru,PER,0,2012,reading,384.151,4.3443,data/pisa/2025/annex_tables/mrq53f.xlsx,Table I.B1.2a.37,Table I.B1.2a.37!J79
Peru,PER,0,2015,reading,397.541,2.887,data/pisa/2025/annex_tables/mrq53f.xlsx,Table I.B1.2a.37,Table I.B1.2a.37!L79
Peru,PER,0,2018,reading,400.514,2.9627,data/pisa/2025/annex_tables/mrq53f.xlsx,Table I.B1.2a.37,Table I.B1.2a.37!N79
Peru,PER,0,2022,reading,408.248,2.7278,data/pisa/2025/annex_tables/mrq53f.xlsx,Table I.B1.2a.37,Table I.B1.2a.37!P79
Peru,PER,0,2025,reading,390.137,2.9089,data/pisa/2025/annex_tables/mrq53f.xlsx,Table I.B1.2a.37,Table I.B1.2a.37!R79
Philippines,PHL,0,2018,reading,339.692,3.2896,data/pisa/2025/annex_tables/mrq53f.xlsx,Table I.B1.2a.37,Table I.B1.2a.37!N80
Philippines,PHL,0,2022,reading,346.547,3.4002,data/pisa/2025/annex_tables/mrq53f.xlsx,Table I.B1.2a.37,Table I.B1.2a.37!P80
Philippines,PHL,0,2025,reading,366.919,2.371,data/pisa/2025/annex_tables/mrq53f.xlsx,Table I.B1.2a.37,Table I.B1.2a.37!R80
Poland,POL,1,2000,reading,479.122,4.4556,data/pisa/2025/annex_tables/mrq53f.xlsx,Table I.B1.2a.37,Table I.B1.2a.37!B81
Poland,POL,1,2003,reading,496.605,2.8751,data/pisa/2025/annex_tables/mrq53f.xlsx,Table I.B1.2a.37,Table I.B1.2a.37!D81
Poland,POL,1,2006,reading,507.64,2.7948,data/pisa/2025/annex_tables/mrq53f.xlsx,Table I.B1.2a.37,Table I.B1.2a.37!F81
Poland,POL,1,2009,reading,500.478,2.6048,data/pisa/2025/annex_tables/mrq53f.xlsx,Table I.B1.2a.37,Table I.B1.2a.37!H81
Poland,POL,1,2012,reading,518.187,3.1364,data/pisa/2025/annex_tables/mrq53f.xlsx,Table I.B1.2a.37,Table I.B1.2a.37!J81
Poland,POL,1,2015,reading,505.697,2.4848,data/pisa/2025/annex_tables/mrq53f.xlsx,Table I.B1.2a.37,Table I.B1.2a.37!L81
Poland,POL,1,2018,reading,511.856,2.7025,data/pisa/2025/annex_tables/mrq53f.xlsx,Table I.B1.2a.37,Table I.B1.2a.37!N81
Poland,POL,1,2022,reading,488.714,2.7401,data/pisa/2025/annex_tables/mrq53f.xlsx,Table I.B1.2a.37,Table I.B1.2a.37!P81
Poland,POL,1,2025,reading,481.537,2.8471,data/pisa/2025/annex_tables/mrq53f.xlsx,Table I.B1.2a.37,Table I.B1.2a.37!R81
Portugal,PRT,1,2000,reading,470.155,4.5177,data/pisa/2025/annex_tables/mrq53f.xlsx,Table I.B1.2a.37,Table I.B1.2a.37!B82
Portugal,PRT,1,2003,reading,477.569,3.7323,data/pisa/2025/annex_tables/mrq53f.xlsx,Table I.B1.2a.37,Table I.B1.2a.37!D82
Portugal,PRT,1,2006,reading,472.304,3.5606,data/pisa/2025/annex_tables/mrq53f.xlsx,Table I.B1.2a.37,Table I.B1.2a.37!F82
Portugal,PRT,1,2009,reading,489.335,3.0669,data/pisa/2025/annex_tables/mrq53f.xlsx,Table I.B1.2a.37,Table I.B1.2a.37!H82
Portugal,PRT,1,2012,reading,487.758,3.7511,data/pisa/2025/annex_tables/mrq53f.xlsx,Table I.B1.2a.37,Table I.B1.2a.37!J82
Portugal,PRT,1,2015,reading,498.129,2.6936,data/pisa/2025/annex_tables/mrq53f.xlsx,Table I.B1.2a.37,Table I.B1.2a.37!L82
Portugal,PRT,1,2018,reading,491.801,2.4289,data/pisa/2025/annex_tables/mrq53f.xlsx,Table I.B1.2a.37,Table I.B1.2a.37!N82
Portugal,PRT,1,2022,reading,476.589,2.6632,data/pisa/2025/annex_tables/mrq53f.xlsx,Table I.B1.2a.37,Table I.B1.2a.37!P82
Portugal,PRT,1,2025,reading,462.027,3.2281,data/pisa/2025/annex_tables/mrq53f.xlsx,Table I.B1.2a.37,Table I.B1.2a.37!R82
Qatar,QAT,0,2006,reading,312.213,1.1963,data/pisa/2025/annex_tables/mrq53f.xlsx,Table I.B1.2a.37,Table I.B1.2a.37!F83
Qatar,QAT,0,2009,reading,371.716,0.7645,data/pisa/2025/annex_tables/mrq53f.xlsx,Table I.B1.2a.37,Table I.B1.2a.37!H83
Qatar,QAT,0,2012,reading,387.504,0.8237,data/pisa/2025/annex_tables/mrq53f.xlsx,Table I.B1.2a.37,Table I.B1.2a.37!J83
Qatar,QAT,0,2015,reading,401.887,1.0191,data/pisa/2025/annex_tables/mrq53f.xlsx,Table I.B1.2a.37,Table I.B1.2a.37!L83
Qatar,QAT,0,2018,reading,407.092,0.7688,data/pisa/2025/annex_tables/mrq53f.xlsx,Table I.B1.2a.37,Table I.B1.2a.37!N83
Qatar,QAT,0,2022,reading,419.304,1.4479,data/pisa/2025/annex_tables/mrq53f.xlsx,Table I.B1.2a.37,Table I.B1.2a.37!P83
Qatar,QAT,0,2025,reading,418.028,1.3535,data/pisa/2025/annex_tables/mrq53f.xlsx,Table I.B1.2a.37,Table I.B1.2a.37!R83
Romania,ROU,0,2000,reading,427.932,3.4672,data/pisa/2025/annex_tables/mrq53f.xlsx,Table I.B1.2a.37,Table I.B1.2a.37!B84
Romania,ROU,0,2006,reading,395.932,4.6927,data/pisa/2025/annex_tables/mrq53f.xlsx,Table I.B1.2a.37,Table I.B1.2a.37!F84
Romania,ROU,0,2009,reading,424.458,4.0946,data/pisa/2025/annex_tables/mrq53f.xlsx,Table I.B1.2a.37,Table I.B1.2a.37!H84
Romania,ROU,0,2012,reading,437.599,3.9777,data/pisa/2025/annex_tables/mrq53f.xlsx,Table I.B1.2a.37,Table I.B1.2a.37!J84
Romania,ROU,0,2015,reading,433.617,4.0675,data/pisa/2025/annex_tables/mrq53f.xlsx,Table I.B1.2a.37,Table I.B1.2a.37!L84
Romania,ROU,0,2018,reading,427.703,5.1404,data/pisa/2025/annex_tables/mrq53f.xlsx,Table I.B1.2a.37,Table I.B1.2a.37!N84
Romania,ROU,0,2022,reading,428.496,3.98,data/pisa/2025/annex_tables/mrq53f.xlsx,Table I.B1.2a.37,Table I.B1.2a.37!P84
Romania,ROU,0,2025,reading,412.949,3.9783,data/pisa/2025/annex_tables/mrq53f.xlsx,Table I.B1.2a.37,Table I.B1.2a.37!R84
Rwanda,RWA,0,2025,reading,300.944,2.015,data/pisa/2025/annex_tables/mrq53f.xlsx,Table I.B1.2a.37,Table I.B1.2a.37!R85
Saudi Arabia,SAU,0,2018,reading,399.152,2.9595,data/pisa/2025/annex_tables/mrq53f.xlsx,Table I.B1.2a.37,Table I.B1.2a.37!N86
Saudi Arabia,SAU,0,2022,reading,382.551,1.9893,data/pisa/2025/annex_tables/mrq53f.xlsx,Table I.B1.2a.37,Table I.B1.2a.37!P86
Saudi Arabia,SAU,0,2025,reading,387.284,2.381,data/pisa/2025/annex_tables/mrq53f.xlsx,Table I.B1.2a.37,Table I.B1.2a.37!R86
Serbia,SRB,0,2006,reading,401.028,3.4627,data/pisa/2025/annex_tables/mrq53f.xlsx,Table I.B1.2a.37,Table I.B1.2a.37!F87
Serbia,SRB,0,2009,reading,442.017,2.4333,data/pisa/2025/annex_tables/mrq53f.xlsx,Table I.B1.2a.37,Table I.B1.2a.37!H87
Serbia,SRB,0,2012,reading,446.13,3.4388,data/pisa/2025/annex_tables/mrq53f.xlsx,Table I.B1.2a.37,Table I.B1.2a.37!J87
Serbia,SRB,0,2018,reading,439.466,3.2736,data/pisa/2025/annex_tables/mrq53f.xlsx,Table I.B1.2a.37,Table I.B1.2a.37!N87
Serbia,SRB,0,2022,reading,440.355,2.7859,data/pisa/2025/annex_tables/mrq53f.xlsx,Table I.B1.2a.37,Table I.B1.2a.37!P87
Serbia,SRB,0,2025,reading,414.599,3.3727,data/pisa/2025/annex_tables/mrq53f.xlsx,Table I.B1.2a.37,Table I.B1.2a.37!R87
Singapore,SGP,0,2009,reading,525.897,1.056,data/pisa/2025/annex_tables/mrq53f.xlsx,Table I.B1.2a.37,Table I.B1.2a.37!H88
Singapore,SGP,0,2012,reading,542.216,1.3695,data/pisa/2025/annex_tables/mrq53f.xlsx,Table I.B1.2a.37,Table I.B1.2a.37!J88
Singapore,SGP,0,2015,reading,535.1,1.635,data/pisa/2025/annex_tables/mrq53f.xlsx,Table I.B1.2a.37,Table I.B1.2a.37!L88
Singapore,SGP,0,2018,reading,549.465,1.5872,data/pisa/2025/annex_tables/mrq53f.xlsx,Table I.B1.2a.37,Table I.B1.2a.37!N88
Singapore,SGP,0,2022,reading,542.553,1.8722,data/pisa/2025/annex_tables/mrq53f.xlsx,Table I.B1.2a.37,Table I.B1.2a.37!P88
Singapore,SGP,0,2025,reading,534.9,1.9405,data/pisa/2025/annex_tables/mrq53f.xlsx,Table I.B1.2a.37,Table I.B1.2a.37!R88
Slovak Republic,SVK,1,2003,reading,469.159,3.1224,data/pisa/2025/annex_tables/mrq53f.xlsx,Table I.B1.2a.37,Table I.B1.2a.37!D89
Slovak Republic,SVK,1,2006,reading,466.35,3.0556,data/pisa/2025/annex_tables/mrq53f.xlsx,Table I.B1.2a.37,Table I.B1.2a.37!F89
Slovak Republic,SVK,1,2009,reading,477.443,2.5436,data/pisa/2025/annex_tables/mrq53f.xlsx,Table I.B1.2a.37,Table I.B1.2a.37!H89
Slovak Republic,SVK,1,2012,reading,462.767,4.171,data/pisa/2025/annex_tables/mrq53f.xlsx,Table I.B1.2a.37,Table I.B1.2a.37!J89
Slovak Republic,SVK,1,2015,reading,452.514,2.8282,data/pisa/2025/annex_tables/mrq53f.xlsx,Table I.B1.2a.37,Table I.B1.2a.37!L89
Slovak Republic,SVK,1,2018,reading,457.984,2.2341,data/pisa/2025/annex_tables/mrq53f.xlsx,Table I.B1.2a.37,Table I.B1.2a.37!N89
Slovak Republic,SVK,1,2022,reading,446.861,3.1031,data/pisa/2025/annex_tables/mrq53f.xlsx,Table I.B1.2a.37,Table I.B1.2a.37!P89
Slovak Republic,SVK,1,2025,reading,447.967,2.5611,data/pisa/2025/annex_tables/mrq53f.xlsx,Table I.B1.2a.37,Table I.B1.2a.37!R89
Slovenia,SVN,1,2006,reading,494.409,0.9866,data/pisa/2025/annex_tables/mrq53f.xlsx,Table I.B1.2a.37,Table I.B1.2a.37!F90
Slovenia,SVN,1,2009,reading,483.082,1.032,data/pisa/2025/annex_tables/mrq53f.xlsx,Table I.B1.2a.37,Table I.B1.2a.37!H90
Slovenia,SVN,1,2012,reading,481.316,1.2182,data/pisa/2025/annex_tables/mrq53f.xlsx,Table I.B1.2a.37,Table I.B1.2a.37!J90
Slovenia,SVN,1,2015,reading,505.216,1.4729,data/pisa/2025/annex_tables/mrq53f.xlsx,Table I.B1.2a.37,Table I.B1.2a.37!L90
Slovenia,SVN,1,2018,reading,495.346,1.2323,data/pisa/2025/annex_tables/mrq53f.xlsx,Table I.B1.2a.37,Table I.B1.2a.37!N90
Slovenia,SVN,1,2022,reading,468.536,1.6444,data/pisa/2025/annex_tables/mrq53f.xlsx,Table I.B1.2a.37,Table I.B1.2a.37!P90
Slovenia,SVN,1,2025,reading,444.748,1.294,data/pisa/2025/annex_tables/mrq53f.xlsx,Table I.B1.2a.37,Table I.B1.2a.37!R90
Spain,ESP,1,2000,reading,492.553,2.7085,data/pisa/2025/annex_tables/mrq53f.xlsx,Table I.B1.2a.37,Table I.B1.2a.37!B91
Spain,ESP,1,2003,reading,480.538,2.6013,data/pisa/2025/annex_tables/mrq53f.xlsx,Table I.B1.2a.37,Table I.B1.2a.37!D91
Spain,ESP,1,2006,reading,460.83,2.2336,data/pisa/2025/annex_tables/mrq53f.xlsx,Table I.B1.2a.37,Table I.B1.2a.37!F91
Spain,ESP,1,2009,reading,481.042,2.0201,data/pisa/2025/annex_tables/mrq53f.xlsx,Table I.B1.2a.37,Table I.B1.2a.37!H91
Spain,ESP,1,2012,reading,487.939,1.909,data/pisa/2025/annex_tables/mrq53f.xlsx,Table I.B1.2a.37,Table I.B1.2a.37!J91
Spain,ESP,1,2015,reading,495.576,2.3638,data/pisa/2025/annex_tables/mrq53f.xlsx,Table I.B1.2a.37,Table I.B1.2a.37!L91
Spain,ESP,1,2022,reading,474.307,1.6536,data/pisa/2025/annex_tables/mrq53f.xlsx,Table I.B1.2a.37,Table I.B1.2a.37!P91
Spain,ESP,1,2025,reading,451.356,1.938,data/pisa/2025/annex_tables/mrq53f.xlsx,Table I.B1.2a.37,Table I.B1.2a.37!R91
Sweden,SWE,1,2000,reading,516.331,2.2037,data/pisa/2025/annex_tables/mrq53f.xlsx,Table I.B1.2a.37,Table I.B1.2a.37!B92
Sweden,SWE,1,2003,reading,514.267,2.421,data/pisa/2025/annex_tables/mrq53f.xlsx,Table I.B1.2a.37,Table I.B1.2a.37!D92
Sweden,SWE,1,2006,reading,507.313,3.4357,data/pisa/2025/annex_tables/mrq53f.xlsx,Table I.B1.2a.37,Table I.B1.2a.37!F92
Sweden,SWE,1,2009,reading,497.449,2.8797,data/pisa/2025/annex_tables/mrq53f.xlsx,Table I.B1.2a.37,Table I.B1.2a.37!H92
Sweden,SWE,1,2012,reading,483.335,3.0027,data/pisa/2025/annex_tables/mrq53f.xlsx,Table I.B1.2a.37,Table I.B1.2a.37!J92
Sweden,SWE,1,2015,reading,500.156,3.4834,data/pisa/2025/annex_tables/mrq53f.xlsx,Table I.B1.2a.37,Table I.B1.2a.37!L92
Sweden,SWE,1,2018,reading,505.785,3.0248,data/pisa/2025/annex_tables/mrq53f.xlsx,Table I.B1.2a.37,Table I.B1.2a.37!N92
Sweden,SWE,1,2022,reading,486.975,2.4899,data/pisa/2025/annex_tables/mrq53f.xlsx,Table I.B1.2a.37,Table I.B1.2a.37!P92
Sweden,SWE,1,2025,reading,466.436,3.1495,data/pisa/2025/annex_tables/mrq53f.xlsx,Table I.B1.2a.37,Table I.B1.2a.37!R92
Switzerland,CHE,1,2000,reading,494.372,4.2468,data/pisa/2025/annex_tables/mrq53f.xlsx,Table I.B1.2a.37,Table I.B1.2a.37!B93
Switzerland,CHE,1,2003,reading,499.121,3.2813,data/pisa/2025/annex_tables/mrq53f.xlsx,Table I.B1.2a.37,Table I.B1.2a.37!D93
Switzerland,CHE,1,2006,reading,499.278,3.0613,data/pisa/2025/annex_tables/mrq53f.xlsx,Table I.B1.2a.37,Table I.B1.2a.37!F93
Switzerland,CHE,1,2009,reading,500.5,2.4436,data/pisa/2025/annex_tables/mrq53f.xlsx,Table I.B1.2a.37,Table I.B1.2a.37!H93
Switzerland,CHE,1,2012,reading,509.04,2.5654,data/pisa/2025/annex_tables/mrq53f.xlsx,Table I.B1.2a.37,Table I.B1.2a.37!J93
Switzerland,CHE,1,2015,reading,492.198,3.031,data/pisa/2025/annex_tables/mrq53f.xlsx,Table I.B1.2a.37,Table I.B1.2a.37!L93
Switzerland,CHE,1,2018,reading,483.929,3.1243,data/pisa/2025/annex_tables/mrq53f.xlsx,Table I.B1.2a.37,Table I.B1.2a.37!N93
Switzerland,CHE,1,2022,reading,483.332,2.2584,data/pisa/2025/annex_tables/mrq53f.xlsx,Table I.B1.2a.37,Table I.B1.2a.37!P93
Switzerland,CHE,1,2025,reading,470.053,2.9209,data/pisa/2025/annex_tables/mrq53f.xlsx,Table I.B1.2a.37,Table I.B1.2a.37!R93
Chinese Taipei,TWN,0,2006,reading,496.235,3.3758,data/pisa/2025/annex_tables/mrq53f.xlsx,Table I.B1.2a.37,Table I.B1.2a.37!F94
Chinese Taipei,TWN,0,2009,reading,495.24,2.5961,data/pisa/2025/annex_tables/mrq53f.xlsx,Table I.B1.2a.37,Table I.B1.2a.37!H94
Chinese Taipei,TWN,0,2012,reading,523.119,3.0292,data/pisa/2025/annex_tables/mrq53f.xlsx,Table I.B1.2a.37,Table I.B1.2a.37!J94
Chinese Taipei,TWN,0,2015,reading,497.099,2.4967,data/pisa/2025/annex_tables/mrq53f.xlsx,Table I.B1.2a.37,Table I.B1.2a.37!L94
Chinese Taipei,TWN,0,2018,reading,502.601,2.8384,data/pisa/2025/annex_tables/mrq53f.xlsx,Table I.B1.2a.37,Table I.B1.2a.37!N94
Chinese Taipei,TWN,0,2022,reading,515.167,3.2513,data/pisa/2025/annex_tables/mrq53f.xlsx,Table I.B1.2a.37,Table I.B1.2a.37!P94
Chinese Taipei,TWN,0,2025,reading,507.788,2.9451,data/pisa/2025/annex_tables/mrq53f.xlsx,Table I.B1.2a.37,Table I.B1.2a.37!R94
Thailand,THA,0,2000,reading,430.684,3.2377,data/pisa/2025/annex_tables/mrq53f.xlsx,Table I.B1.2a.37,Table I.B1.2a.37!B95
Thailand,THA,0,2003,reading,419.915,2.8072,data/pisa/2025/annex_tables/mrq53f.xlsx,Table I.B1.2a.37,Table I.B1.2a.37!D95
Thailand,THA,0,2006,reading,416.752,2.5928,data/pisa/2025/annex_tables/mrq53f.xlsx,Table I.B1.2a.37,Table I.B1.2a.37!F95
Thailand,THA,0,2009,reading,421.374,2.6404,data/pisa/2025/annex_tables/mrq53f.xlsx,Table I.B1.2a.37,Table I.B1.2a.37!H95
Thailand,THA,0,2012,reading,441.22,3.0835,data/pisa/2025/annex_tables/mrq53f.xlsx,Table I.B1.2a.37,Table I.B1.2a.37!J95
Thailand,THA,0,2015,reading,409.13,3.3489,data/pisa/2025/annex_tables/mrq53f.xlsx,Table I.B1.2a.37,Table I.B1.2a.37!L95
Thailand,THA,0,2018,reading,392.889,3.2316,data/pisa/2025/annex_tables/mrq53f.xlsx,Table I.B1.2a.37,Table I.B1.2a.37!N95
Thailand,THA,0,2022,reading,378.663,2.8203,data/pisa/2025/annex_tables/mrq53f.xlsx,Table I.B1.2a.37,Table I.B1.2a.37!P95
Thailand,THA,0,2025,reading,391.83,3.0112,data/pisa/2025/annex_tables/mrq53f.xlsx,Table I.B1.2a.37,Table I.B1.2a.37!R95
Türkiye,TUR,1,2003,reading,440.971,5.7875,data/pisa/2025/annex_tables/mrq53f.xlsx,Table I.B1.2a.37,Table I.B1.2a.37!D96
Türkiye,TUR,1,2006,reading,447.141,4.2055,data/pisa/2025/annex_tables/mrq53f.xlsx,Table I.B1.2a.37,Table I.B1.2a.37!F96
Türkiye,TUR,1,2009,reading,464.194,3.5208,data/pisa/2025/annex_tables/mrq53f.xlsx,Table I.B1.2a.37,Table I.B1.2a.37!H96
Türkiye,TUR,1,2012,reading,475.491,4.2146,data/pisa/2025/annex_tables/mrq53f.xlsx,Table I.B1.2a.37,Table I.B1.2a.37!J96
Türkiye,TUR,1,2015,reading,428.335,3.9641,data/pisa/2025/annex_tables/mrq53f.xlsx,Table I.B1.2a.37,Table I.B1.2a.37!L96
Türkiye,TUR,1,2018,reading,465.632,2.1712,data/pisa/2025/annex_tables/mrq53f.xlsx,Table I.B1.2a.37,Table I.B1.2a.37!N96
Türkiye,TUR,1,2022,reading,456.084,1.8522,data/pisa/2025/annex_tables/mrq53f.xlsx,Table I.B1.2a.37,Table I.B1.2a.37!P96
Türkiye,TUR,1,2025,reading,472.095,2.3063,data/pisa/2025/annex_tables/mrq53f.xlsx,Table I.B1.2a.37,Table I.B1.2a.37!R96
Ukrainian regions (17 of 27),QUA,0,2022,reading,426.714,4.0932,data/pisa/2025/annex_tables/mrq53f.xlsx,Table I.B1.2a.37,Table I.B1.2a.37!P97
Ukrainian regions (17 of 27),QUA,0,2025,reading,418.423,2.4956,data/pisa/2025/annex_tables/mrq53f.xlsx,Table I.B1.2a.37,Table I.B1.2a.37!R97
United Arab Emirates,ARE,0,2009,reading,431.416,2.8612,data/pisa/2025/annex_tables/mrq53f.xlsx,Table I.B1.2a.37,Table I.B1.2a.37!H98
United Arab Emirates,ARE,0,2012,reading,441.704,2.4962,data/pisa/2025/annex_tables/mrq53f.xlsx,Table I.B1.2a.37,Table I.B1.2a.37!J98
United Arab Emirates,ARE,0,2015,reading,433.542,2.8706,data/pisa/2025/annex_tables/mrq53f.xlsx,Table I.B1.2a.37,Table I.B1.2a.37!L98
United Arab Emirates,ARE,0,2018,reading,431.782,2.3022,data/pisa/2025/annex_tables/mrq53f.xlsx,Table I.B1.2a.37,Table I.B1.2a.37!N98
United Arab Emirates,ARE,0,2022,reading,417.35,1.3356,data/pisa/2025/annex_tables/mrq53f.xlsx,Table I.B1.2a.37,Table I.B1.2a.37!P98
United Arab Emirates,ARE,0,2025,reading,432.811,1.6169,data/pisa/2025/annex_tables/mrq53f.xlsx,Table I.B1.2a.37,Table I.B1.2a.37!R98
United Kingdom,GBR,1,2006,reading,495.084,2.2552,data/pisa/2025/annex_tables/mrq53f.xlsx,Table I.B1.2a.37,Table I.B1.2a.37!F99
United Kingdom,GBR,1,2009,reading,494.182,2.2805,data/pisa/2025/annex_tables/mrq53f.xlsx,Table I.B1.2a.37,Table I.B1.2a.37!H99
United Kingdom,GBR,1,2012,reading,499.323,3.5,data/pisa/2025/annex_tables/mrq53f.xlsx,Table I.B1.2a.37,Table I.B1.2a.37!J99
United Kingdom,GBR,1,2015,reading,497.972,2.7694,data/pisa/2025/annex_tables/mrq53f.xlsx,Table I.B1.2a.37,Table I.B1.2a.37!L99
United Kingdom,GBR,1,2018,reading,503.928,2.5826,data/pisa/2025/annex_tables/mrq53f.xlsx,Table I.B1.2a.37,Table I.B1.2a.37!N99
United Kingdom,GBR,1,2022,reading,494.405,2.3713,data/pisa/2025/annex_tables/mrq53f.xlsx,Table I.B1.2a.37,Table I.B1.2a.37!P99
United Kingdom,GBR,1,2025,reading,494.231,2.0214,data/pisa/2025/annex_tables/mrq53f.xlsx,Table I.B1.2a.37,Table I.B1.2a.37!R99
United States,USA,1,2000,reading,504.42,7.0454,data/pisa/2025/annex_tables/mrq53f.xlsx,Table I.B1.2a.37,Table I.B1.2a.37!B100
United States,USA,1,2003,reading,495.186,3.2215,data/pisa/2025/annex_tables/mrq53f.xlsx,Table I.B1.2a.37,Table I.B1.2a.37!D100
United States,USA,1,2009,reading,499.827,3.654,data/pisa/2025/annex_tables/mrq53f.xlsx,Table I.B1.2a.37,Table I.B1.2a.37!H100
United States,USA,1,2012,reading,497.582,3.7439,data/pisa/2025/annex_tables/mrq53f.xlsx,Table I.B1.2a.37,Table I.B1.2a.37!J100
United States,USA,1,2015,reading,496.935,3.4075,data/pisa/2025/annex_tables/mrq53f.xlsx,Table I.B1.2a.37,Table I.B1.2a.37!L100
United States,USA,1,2018,reading,505.353,3.5687,data/pisa/2025/annex_tables/mrq53f.xlsx,Table I.B1.2a.37,Table I.B1.2a.37!N100
United States,USA,1,2022,reading,503.938,4.3262,data/pisa/2025/annex_tables/mrq53f.xlsx,Table I.B1.2a.37,Table I.B1.2a.37!P100
United States,USA,1,2025,reading,489.519,5.8368,data/pisa/2025/annex_tables/mrq53f.xlsx,Table I.B1.2a.37,Table I.B1.2a.37!R100
Uruguay,URY,0,2003,reading,434.15,3.4326,data/pisa/2025/annex_tables/mrq53f.xlsx,Table I.B1.2a.37,Table I.B1.2a.37!D101
Uruguay,URY,0,2006,reading,412.517,3.4341,data/pisa/2025/annex_tables/mrq53f.xlsx,Table I.B1.2a.37,Table I.B1.2a.37!F101
Uruguay,URY,0,2009,reading,425.813,2.6044,data/pisa/2025/annex_tables/mrq53f.xlsx,Table I.B1.2a.37,Table I.B1.2a.37!H101
Uruguay,URY,0,2012,reading,411.349,3.1551,data/pisa/2025/annex_tables/mrq53f.xlsx,Table I.B1.2a.37,Table I.B1.2a.37!J101
Uruguay,URY,0,2015,reading,436.572,2.5499,data/pisa/2025/annex_tables/mrq53f.xlsx,Table I.B1.2a.37,Table I.B1.2a.37!L101
Uruguay,URY,0,2018,reading,427.118,2.762,data/pisa/2025/annex_tables/mrq53f.xlsx,Table I.B1.2a.37,Table I.B1.2a.37!N101
Uruguay,URY,0,2022,reading,430.36,2.4051,data/pisa/2025/annex_tables/mrq53f.xlsx,Table I.B1.2a.37,Table I.B1.2a.37!P101
Uruguay,URY,0,2025,reading,423.213,2.0477,data/pisa/2025/annex_tables/mrq53f.xlsx,Table I.B1.2a.37,Table I.B1.2a.37!R101
Uzbekistan,UZB,0,2022,reading,335.505,2.0032,data/pisa/2025/annex_tables/mrq53f.xlsx,Table I.B1.2a.37,Table I.B1.2a.37!P102
Viet Nam,VNM,0,2025,reading,391.537,3.6586,data/pisa/2025/annex_tables/mrq53f.xlsx,Table I.B1.2a.37,Table I.B1.2a.37!R103
Zambia,ZMB,0,2018,reading,275.214,3.8527,data/pisa/2025/annex_tables/mrq53f.xlsx,Table I.B1.2a.37,Table I.B1.2a.37!N104
Zambia,ZMB,0,2025,reading,324.878,8.1965,data/pisa/2025/annex_tables/mrq53f.xlsx,Table I.B1.2a.37,Table I.B1.2a.37!R104
Albania,ALB,0,2000,reading,348.85,3.2907,data/pisa/2025/annex_tables/mrq53f.xlsx,Table I.B1.2a.37,Table I.B1.2a.37!B106
Albania,ALB,0,2009,reading,384.817,4.0361,data/pisa/2025/annex_tables/mrq53f.xlsx,Table I.B1.2a.37,Table I.B1.2a.37!H106
Albania,ALB,0,2012,reading,393.964,3.1958,data/pisa/2025/annex_tables/mrq53f.xlsx,Table I.B1.2a.37,Table I.B1.2a.37!J106
Albania,ALB,0,2015,reading,405.259,4.1302,data/pisa/2025/annex_tables/mrq53f.xlsx,Table I.B1.2a.37,Table I.B1.2a.37!L106
Albania,ALB,0,2018,reading,405.429,1.9223,data/pisa/2025/annex_tables/mrq53f.xlsx,Table I.B1.2a.37,Table I.B1.2a.37!N106
Albania,ALB,0,2022,reading,358.435,1.9347,data/pisa/2025/annex_tables/mrq53f.xlsx,Table I.B1.2a.37,Table I.B1.2a.37!P106
Albania,ALB,0,2025,reading,407.641,2.5698,data/pisa/2025/annex_tables/mrq53f.xlsx,Table I.B1.2a.37,Table I.B1.2a.37!R106
OECD average,OECD,,2012,math,488.164,0.4652,data/pisa/2025/annex_tables/mrq53f.xlsx,Table I.B1.2a.38,Table I.B1.2a.38!H10
OECD average,OECD,,2015,math,484.879,0.4181,data/pisa/2025/annex_tables/mrq53f.xlsx,Table I.B1.2a.38,Table I.B1.2a.38!J10
OECD average,OECD,,2025,math,463.021,0.4248,data/pisa/2025/annex_tables/mrq53f.xlsx,Table I.B1.2a.38,Table I.B1.2a.38!P10
OECD average-23,OECD_A23,,2003,math,502.125,0.6069,data/pisa/2025/annex_tables/mrq53f.xlsx,Table I.B1.2a.38,Table I.B1.2a.38!B11
OECD average-23,OECD_A23,,2006,math,501.065,0.5955,data/pisa/2025/annex_tables/mrq53f.xlsx,Table I.B1.2a.38,Table I.B1.2a.38!D11
OECD average-23,OECD_A23,,2009,math,501.669,0.5784,data/pisa/2025/annex_tables/mrq53f.xlsx,Table I.B1.2a.38,Table I.B1.2a.38!F11
OECD average-23,OECD_A23,,2012,math,498.675,0.5639,data/pisa/2025/annex_tables/mrq53f.xlsx,Table I.B1.2a.38,Table I.B1.2a.38!H11
OECD average-23,OECD_A23,,2015,math,495.519,0.5337,data/pisa/2025/annex_tables/mrq53f.xlsx,Table I.B1.2a.38,Table I.B1.2a.38!J11
OECD average-23,OECD_A23,,2018,math,496.35,0.5039,data/pisa/2025/annex_tables/mrq53f.xlsx,Table I.B1.2a.38,Table I.B1.2a.38!L11
OECD average-23,OECD_A23,,2022,math,480.29,0.4884,data/pisa/2025/annex_tables/mrq53f.xlsx,Table I.B1.2a.38,Table I.B1.2a.38!N11
OECD average-23,OECD_A23,,2025,math,469.383,0.5482,data/pisa/2025/annex_tables/mrq53f.xlsx,Table I.B1.2a.38,Table I.B1.2a.38!P11
OECD average-35,OECD_A35,,2006,math,490.718,0.5209,data/pisa/2025/annex_tables/mrq53f.xlsx,Table I.B1.2a.38,Table I.B1.2a.38!D12
OECD average-35,OECD_A35,,2012,math,490.545,0.4936,data/pisa/2025/annex_tables/mrq53f.xlsx,Table I.B1.2a.38,Table I.B1.2a.38!H12
OECD average-35,OECD_A35,,2015,math,487.244,0.4427,data/pisa/2025/annex_tables/mrq53f.xlsx,Table I.B1.2a.38,Table I.B1.2a.38!J12
OECD average-35,OECD_A35,,2018,math,489.68,0.4184,data/pisa/2025/annex_tables/mrq53f.xlsx,Table I.B1.2a.38,Table I.B1.2a.38!L12
OECD average-35,OECD_A35,,2022,math,474.844,0.4148,data/pisa/2025/annex_tables/mrq53f.xlsx,Table I.B1.2a.38,Table I.B1.2a.38!N12
OECD average-35,OECD_A35,,2025,math,465.489,0.4535,data/pisa/2025/annex_tables/mrq53f.xlsx,Table I.B1.2a.38,Table I.B1.2a.38!P12
Argentina,ARG,0,2006,math,381.254,6.2436,data/pisa/2025/annex_tables/mrq53f.xlsx,Table I.B1.2a.38,Table I.B1.2a.38!D15
Argentina,ARG,0,2009,math,388.068,4.0909,data/pisa/2025/annex_tables/mrq53f.xlsx,Table I.B1.2a.38,Table I.B1.2a.38!F15
Argentina,ARG,0,2012,math,388.432,3.5297,data/pisa/2025/annex_tables/mrq53f.xlsx,Table I.B1.2a.38,Table I.B1.2a.38!H15
Argentina,ARG,0,2018,math,379.454,2.7711,data/pisa/2025/annex_tables/mrq53f.xlsx,Table I.B1.2a.38,Table I.B1.2a.38!L15
Argentina,ARG,0,2022,math,377.529,2.2517,data/pisa/2025/annex_tables/mrq53f.xlsx,Table I.B1.2a.38,Table I.B1.2a.38!N15
Argentina,ARG,0,2025,math,366.814,2.6635,data/pisa/2025/annex_tables/mrq53f.xlsx,Table I.B1.2a.38,Table I.B1.2a.38!P15
Armenia,ARM,0,2025,math,375.8,1.9514,data/pisa/2025/annex_tables/mrq53f.xlsx,Table I.B1.2a.38,Table I.B1.2a.38!P16
Australia,AUS,1,2003,math,524.266,2.1484,data/pisa/2025/annex_tables/mrq53f.xlsx,Table I.B1.2a.38,Table I.B1.2a.38!B17
Australia,AUS,1,2006,math,519.908,2.2406,data/pisa/2025/annex_tables/mrq53f.xlsx,Table I.B1.2a.38,Table I.B1.2a.38!D17
Australia,AUS,1,2009,math,514.34,2.5283,data/pisa/2025/annex_tables/mrq53f.xlsx,Table I.B1.2a.38,Table I.B1.2a.38!F17
Australia,AUS,1,2012,math,504.151,1.6431,data/pisa/2025/annex_tables/mrq53f.xlsx,Table I.B1.2a.38,Table I.B1.2a.38!H17
Australia,AUS,1,2015,math,493.896,1.6054,data/pisa/2025/annex_tables/mrq53f.xlsx,Table I.B1.2a.38,Table I.B1.2a.38!J17
Australia,AUS,1,2018,math,491.36,1.9398,data/pisa/2025/annex_tables/mrq53f.xlsx,Table I.B1.2a.38,Table I.B1.2a.38!L17
Australia,AUS,1,2022,math,487.084,1.7796,data/pisa/2025/annex_tables/mrq53f.xlsx,Table I.B1.2a.38,Table I.B1.2a.38!N17
Australia,AUS,1,2025,math,477.527,1.9152,data/pisa/2025/annex_tables/mrq53f.xlsx,Table I.B1.2a.38,Table I.B1.2a.38!P17
Austria,AUT,1,2003,math,505.611,3.2662,data/pisa/2025/annex_tables/mrq53f.xlsx,Table I.B1.2a.38,Table I.B1.2a.38!B18
Austria,AUT,1,2006,math,505.484,3.7378,data/pisa/2025/annex_tables/mrq53f.xlsx,Table I.B1.2a.38,Table I.B1.2a.38!D18
Austria,AUT,1,2012,math,505.541,2.6681,data/pisa/2025/annex_tables/mrq53f.xlsx,Table I.B1.2a.38,Table I.B1.2a.38!H18
Austria,AUT,1,2015,math,496.742,2.8609,data/pisa/2025/annex_tables/mrq53f.xlsx,Table I.B1.2a.38,Table I.B1.2a.38!J18
Austria,AUT,1,2018,math,498.942,2.971,data/pisa/2025/annex_tables/mrq53f.xlsx,Table I.B1.2a.38,Table I.B1.2a.38!L18
Austria,AUT,1,2022,math,487.268,2.3378,data/pisa/2025/annex_tables/mrq53f.xlsx,Table I.B1.2a.38,Table I.B1.2a.38!N18
Austria,AUT,1,2025,math,477.194,2.5758,data/pisa/2025/annex_tables/mrq53f.xlsx,Table I.B1.2a.38,Table I.B1.2a.38!P18
Azerbaijan,AZE,0,2006,math,475.995,2.2595,data/pisa/2025/annex_tables/mrq53f.xlsx,Table I.B1.2a.38,Table I.B1.2a.38!D19
Azerbaijan,AZE,0,2009,math,430.975,2.765,data/pisa/2025/annex_tables/mrq53f.xlsx,Table I.B1.2a.38,Table I.B1.2a.38!F19
Azerbaijan,AZE,0,2025,math,422.395,3.9787,data/pisa/2025/annex_tables/mrq53f.xlsx,Table I.B1.2a.38,Table I.B1.2a.38!P19
Belgium,BEL,1,2003,math,529.286,2.2861,data/pisa/2025/annex_tables/mrq53f.xlsx,Table I.B1.2a.38,Table I.B1.2a.38!B20
Belgium,BEL,1,2006,math,520.349,2.9546,data/pisa/2025/annex_tables/mrq53f.xlsx,Table I.B1.2a.38,Table I.B1.2a.38!D20
Belgium,BEL,1,2009,math,515.272,2.2543,data/pisa/2025/annex_tables/mrq53f.xlsx,Table I.B1.2a.38,Table I.B1.2a.38!F20
Belgium,BEL,1,2012,math,514.529,2.1449,data/pisa/2025/annex_tables/mrq53f.xlsx,Table I.B1.2a.38,Table I.B1.2a.38!H20
Belgium,BEL,1,2015,math,506.984,2.3503,data/pisa/2025/annex_tables/mrq53f.xlsx,Table I.B1.2a.38,Table I.B1.2a.38!J20
Belgium,BEL,1,2018,math,508.07,2.2627,data/pisa/2025/annex_tables/mrq53f.xlsx,Table I.B1.2a.38,Table I.B1.2a.38!L20
Belgium,BEL,1,2022,math,489.487,2.2029,data/pisa/2025/annex_tables/mrq53f.xlsx,Table I.B1.2a.38,Table I.B1.2a.38!N20
Belgium,BEL,1,2025,math,479.686,2.8086,data/pisa/2025/annex_tables/mrq53f.xlsx,Table I.B1.2a.38,Table I.B1.2a.38!P20
Brazil,BRA,0,2003,math,356.016,4.8323,data/pisa/2025/annex_tables/mrq53f.xlsx,Table I.B1.2a.38,Table I.B1.2a.38!B21
Brazil,BRA,0,2006,math,369.515,2.9334,data/pisa/2025/annex_tables/mrq53f.xlsx,Table I.B1.2a.38,Table I.B1.2a.38!D21
Brazil,BRA,0,2009,math,385.814,2.3886,data/pisa/2025/annex_tables/mrq53f.xlsx,Table I.B1.2a.38,Table I.B1.2a.38!F21
Brazil,BRA,0,2012,math,388.509,1.9365,data/pisa/2025/annex_tables/mrq53f.xlsx,Table I.B1.2a.38,Table I.B1.2a.38!H21
Brazil,BRA,0,2015,math,377.07,2.8634,data/pisa/2025/annex_tables/mrq53f.xlsx,Table I.B1.2a.38,Table I.B1.2a.38!J21
Brazil,BRA,0,2018,math,383.569,2.0324,data/pisa/2025/annex_tables/mrq53f.xlsx,Table I.B1.2a.38,Table I.B1.2a.38!L21
Brazil,BRA,0,2022,math,378.691,1.5814,data/pisa/2025/annex_tables/mrq53f.xlsx,Table I.B1.2a.38,Table I.B1.2a.38!N21
Brazil,BRA,0,2025,math,376.768,1.748,data/pisa/2025/annex_tables/mrq53f.xlsx,Table I.B1.2a.38,Table I.B1.2a.38!P21
Brunei Darussalam,BRN,0,2018,math,430.113,1.159,data/pisa/2025/annex_tables/mrq53f.xlsx,Table I.B1.2a.38,Table I.B1.2a.38!L22
Brunei Darussalam,BRN,0,2022,math,442.093,0.926,data/pisa/2025/annex_tables/mrq53f.xlsx,Table I.B1.2a.38,Table I.B1.2a.38!N22
Brunei Darussalam,BRN,0,2025,math,435.183,0.8529,data/pisa/2025/annex_tables/mrq53f.xlsx,Table I.B1.2a.38,Table I.B1.2a.38!P22
B-S-J-Z (China),QCI,0,2018,math,591.394,2.5172,data/pisa/2025/annex_tables/mrq53f.xlsx,Table I.B1.2a.38,Table I.B1.2a.38!L23
B-S-J-Z (China),QCI,0,2025,math,612.43,2.5465,data/pisa/2025/annex_tables/mrq53f.xlsx,Table I.B1.2a.38,Table I.B1.2a.38!P23
Bulgaria,BGR,0,2006,math,413.449,6.1332,data/pisa/2025/annex_tables/mrq53f.xlsx,Table I.B1.2a.38,Table I.B1.2a.38!D24
Bulgaria,BGR,0,2009,math,428.066,5.8597,data/pisa/2025/annex_tables/mrq53f.xlsx,Table I.B1.2a.38,Table I.B1.2a.38!F24
Bulgaria,BGR,0,2012,math,438.738,3.9884,data/pisa/2025/annex_tables/mrq53f.xlsx,Table I.B1.2a.38,Table I.B1.2a.38!H24
Bulgaria,BGR,0,2015,math,441.19,3.9549,data/pisa/2025/annex_tables/mrq53f.xlsx,Table I.B1.2a.38,Table I.B1.2a.38!J24
Bulgaria,BGR,0,2018,math,436.041,3.8172,data/pisa/2025/annex_tables/mrq53f.xlsx,Table I.B1.2a.38,Table I.B1.2a.38!L24
Bulgaria,BGR,0,2022,math,417.304,3.3027,data/pisa/2025/annex_tables/mrq53f.xlsx,Table I.B1.2a.38,Table I.B1.2a.38!N24
Bulgaria,BGR,0,2025,math,405.078,4.034,data/pisa/2025/annex_tables/mrq53f.xlsx,Table I.B1.2a.38,Table I.B1.2a.38!P24
Cambodia,KHM,0,2018,math,324.687,2.6742,data/pisa/2025/annex_tables/mrq53f.xlsx,Table I.B1.2a.38,Table I.B1.2a.38!L25
Cambodia,KHM,0,2022,math,336.396,2.694,data/pisa/2025/annex_tables/mrq53f.xlsx,Table I.B1.2a.38,Table I.B1.2a.38!N25
Cambodia,KHM,0,2025,math,365.842,1.6687,data/pisa/2025/annex_tables/mrq53f.xlsx,Table I.B1.2a.38,Table I.B1.2a.38!P25
Canada,CAN,1,2003,math,532.487,1.8179,data/pisa/2025/annex_tables/mrq53f.xlsx,Table I.B1.2a.38,Table I.B1.2a.38!B26
Canada,CAN,1,2006,math,527.007,1.9669,data/pisa/2025/annex_tables/mrq53f.xlsx,Table I.B1.2a.38,Table I.B1.2a.38!D26
Canada,CAN,1,2009,math,526.805,1.6136,data/pisa/2025/annex_tables/mrq53f.xlsx,Table I.B1.2a.38,Table I.B1.2a.38!F26
Canada,CAN,1,2012,math,518.07,1.8414,data/pisa/2025/annex_tables/mrq53f.xlsx,Table I.B1.2a.38,Table I.B1.2a.38!H26
Canada,CAN,1,2015,math,515.647,2.3131,data/pisa/2025/annex_tables/mrq53f.xlsx,Table I.B1.2a.38,Table I.B1.2a.38!J26
Canada,CAN,1,2018,math,512.017,2.3575,data/pisa/2025/annex_tables/mrq53f.xlsx,Table I.B1.2a.38,Table I.B1.2a.38!L26
Canada,CAN,1,2022,math,496.948,1.5618,data/pisa/2025/annex_tables/mrq53f.xlsx,Table I.B1.2a.38,Table I.B1.2a.38!N26
Canada,CAN,1,2025,math,485.338,1.9129,data/pisa/2025/annex_tables/mrq53f.xlsx,Table I.B1.2a.38,Table I.B1.2a.38!P26
Chile,CHL,1,2006,math,411.35,4.5814,data/pisa/2025/annex_tables/mrq53f.xlsx,Table I.B1.2a.38,Table I.B1.2a.38!D27
Chile,CHL,1,2009,math,421.06,3.0594,data/pisa/2025/annex_tables/mrq53f.xlsx,Table I.B1.2a.38,Table I.B1.2a.38!F27
Chile,CHL,1,2012,math,422.632,3.0673,data/pisa/2025/annex_tables/mrq53f.xlsx,Table I.B1.2a.38,Table I.B1.2a.38!H27
Chile,CHL,1,2015,math,422.671,2.5395,data/pisa/2025/annex_tables/mrq53f.xlsx,Table I.B1.2a.38,Table I.B1.2a.38!J27
Chile,CHL,1,2018,math,417.407,2.4159,data/pisa/2025/annex_tables/mrq53f.xlsx,Table I.B1.2a.38,Table I.B1.2a.38!L27
Chile,CHL,1,2022,math,411.697,2.0779,data/pisa/2025/annex_tables/mrq53f.xlsx,Table I.B1.2a.38,Table I.B1.2a.38!N27
Chile,CHL,1,2025,math,402.645,2.1761,data/pisa/2025/annex_tables/mrq53f.xlsx,Table I.B1.2a.38,Table I.B1.2a.38!P27
Colombia,COL,1,2006,math,369.979,3.7834,data/pisa/2025/annex_tables/mrq53f.xlsx,Table I.B1.2a.38,Table I.B1.2a.38!D28
Colombia,COL,1,2009,math,380.848,3.2409,data/pisa/2025/annex_tables/mrq53f.xlsx,Table I.B1.2a.38,Table I.B1.2a.38!F28
Colombia,COL,1,2012,math,376.489,2.8867,data/pisa/2025/annex_tables/mrq53f.xlsx,Table I.B1.2a.38,Table I.B1.2a.38!H28
Colombia,COL,1,2015,math,389.644,2.2861,data/pisa/2025/annex_tables/mrq53f.xlsx,Table I.B1.2a.38,Table I.B1.2a.38!J28
Colombia,COL,1,2018,math,390.932,2.9896,data/pisa/2025/annex_tables/mrq53f.xlsx,Table I.B1.2a.38,Table I.B1.2a.38!L28
Colombia,COL,1,2022,math,382.697,3.031,data/pisa/2025/annex_tables/mrq53f.xlsx,Table I.B1.2a.38,Table I.B1.2a.38!N28
Colombia,COL,1,2025,math,380.529,2.7814,data/pisa/2025/annex_tables/mrq53f.xlsx,Table I.B1.2a.38,Table I.B1.2a.38!P28
Costa Rica,CRI,1,2009,math,409.385,2.981,data/pisa/2025/annex_tables/mrq53f.xlsx,Table I.B1.2a.38,Table I.B1.2a.38!F29
Costa Rica,CRI,1,2012,math,407.0,3.0415,data/pisa/2025/annex_tables/mrq53f.xlsx,Table I.B1.2a.38,Table I.B1.2a.38!H29
Costa Rica,CRI,1,2015,math,400.253,2.4653,data/pisa/2025/annex_tables/mrq53f.xlsx,Table I.B1.2a.38,Table I.B1.2a.38!J29
Costa Rica,CRI,1,2018,math,402.331,3.2888,data/pisa/2025/annex_tables/mrq53f.xlsx,Table I.B1.2a.38,Table I.B1.2a.38!L29
Costa Rica,CRI,1,2022,math,384.576,1.8877,data/pisa/2025/annex_tables/mrq53f.xlsx,Table I.B1.2a.38,Table I.B1.2a.38!N29
Costa Rica,CRI,1,2025,math,387.091,2.251,data/pisa/2025/annex_tables/mrq53f.xlsx,Table I.B1.2a.38,Table I.B1.2a.38!P29
Croatia,HRV,0,2006,math,467.247,2.3658,data/pisa/2025/annex_tables/mrq53f.xlsx,Table I.B1.2a.38,Table I.B1.2a.38!D30
Croatia,HRV,0,2009,math,459.939,3.0909,data/pisa/2025/annex_tables/mrq53f.xlsx,Table I.B1.2a.38,Table I.B1.2a.38!F30
Croatia,HRV,0,2012,math,471.131,3.5393,data/pisa/2025/annex_tables/mrq53f.xlsx,Table I.B1.2a.38,Table I.B1.2a.38!H30
Croatia,HRV,0,2015,math,464.04,2.7711,data/pisa/2025/annex_tables/mrq53f.xlsx,Table I.B1.2a.38,Table I.B1.2a.38!J30
Croatia,HRV,0,2018,math,464.204,2.5486,data/pisa/2025/annex_tables/mrq53f.xlsx,Table I.B1.2a.38,Table I.B1.2a.38!L30
Croatia,HRV,0,2022,math,463.105,2.3789,data/pisa/2025/annex_tables/mrq53f.xlsx,Table I.B1.2a.38,Table I.B1.2a.38!N30
Croatia,HRV,0,2025,math,455.292,1.8155,data/pisa/2025/annex_tables/mrq53f.xlsx,Table I.B1.2a.38,Table I.B1.2a.38!P30
Cyprus,CYP,0,2012,math,439.696,1.0749,data/pisa/2025/annex_tables/mrq53f.xlsx,Table I.B1.2a.38,Table I.B1.2a.38!H31
Cyprus,CYP,0,2015,math,437.129,1.7183,data/pisa/2025/annex_tables/mrq53f.xlsx,Table I.B1.2a.38,Table I.B1.2a.38!J31
Cyprus,CYP,0,2018,math,450.683,1.4102,data/pisa/2025/annex_tables/mrq53f.xlsx,Table I.B1.2a.38,Table I.B1.2a.38!L31
Cyprus,CYP,0,2022,math,418.307,1.1789,data/pisa/2025/annex_tables/mrq53f.xlsx,Table I.B1.2a.38,Table I.B1.2a.38!N31
Cyprus,CYP,0,2025,math,411.781,1.3748,data/pisa/2025/annex_tables/mrq53f.xlsx,Table I.B1.2a.38,Table I.B1.2a.38!P31
Czechia,CZE,1,2003,math,516.455,3.5456,data/pisa/2025/annex_tables/mrq53f.xlsx,Table I.B1.2a.38,Table I.B1.2a.38!B32
Czechia,CZE,1,2006,math,509.859,3.5511,data/pisa/2025/annex_tables/mrq53f.xlsx,Table I.B1.2a.38,Table I.B1.2a.38!D32
Czechia,CZE,1,2009,math,492.814,2.8301,data/pisa/2025/annex_tables/mrq53f.xlsx,Table I.B1.2a.38,Table I.B1.2a.38!F32
Czechia,CZE,1,2012,math,498.958,2.8525,data/pisa/2025/annex_tables/mrq53f.xlsx,Table I.B1.2a.38,Table I.B1.2a.38!H32
Czechia,CZE,1,2015,math,492.325,2.3961,data/pisa/2025/annex_tables/mrq53f.xlsx,Table I.B1.2a.38,Table I.B1.2a.38!J32
Czechia,CZE,1,2018,math,499.468,2.4607,data/pisa/2025/annex_tables/mrq53f.xlsx,Table I.B1.2a.38,Table I.B1.2a.38!L32
Czechia,CZE,1,2022,math,486.999,2.0936,data/pisa/2025/annex_tables/mrq53f.xlsx,Table I.B1.2a.38,Table I.B1.2a.38!N32
Czechia,CZE,1,2025,math,477.148,2.5986,data/pisa/2025/annex_tables/mrq53f.xlsx,Table I.B1.2a.38,Table I.B1.2a.38!P32
Denmark,DNK,1,2003,math,514.288,2.7437,data/pisa/2025/annex_tables/mrq53f.xlsx,Table I.B1.2a.38,Table I.B1.2a.38!B33
Denmark,DNK,1,2006,math,513.026,2.617,data/pisa/2025/annex_tables/mrq53f.xlsx,Table I.B1.2a.38,Table I.B1.2a.38!D33
Denmark,DNK,1,2009,math,503.278,2.6027,data/pisa/2025/annex_tables/mrq53f.xlsx,Table I.B1.2a.38,Table I.B1.2a.38!F33
Denmark,DNK,1,2012,math,500.027,2.2947,data/pisa/2025/annex_tables/mrq53f.xlsx,Table I.B1.2a.38,Table I.B1.2a.38!H33
Denmark,DNK,1,2015,math,511.088,2.1742,data/pisa/2025/annex_tables/mrq53f.xlsx,Table I.B1.2a.38,Table I.B1.2a.38!J33
Denmark,DNK,1,2018,math,509.398,1.735,data/pisa/2025/annex_tables/mrq53f.xlsx,Table I.B1.2a.38,Table I.B1.2a.38!L33
Denmark,DNK,1,2022,math,489.274,1.9488,data/pisa/2025/annex_tables/mrq53f.xlsx,Table I.B1.2a.38,Table I.B1.2a.38!N33
Denmark,DNK,1,2025,math,470.628,2.1088,data/pisa/2025/annex_tables/mrq53f.xlsx,Table I.B1.2a.38,Table I.B1.2a.38!P33
Dominican Republic,DOM,0,2015,math,327.702,2.6859,data/pisa/2025/annex_tables/mrq53f.xlsx,Table I.B1.2a.38,Table I.B1.2a.38!J34
Dominican Republic,DOM,0,2018,math,325.101,2.6188,data/pisa/2025/annex_tables/mrq53f.xlsx,Table I.B1.2a.38,Table I.B1.2a.38!L34
Dominican Republic,DOM,0,2022,math,339.107,1.6234,data/pisa/2025/annex_tables/mrq53f.xlsx,Table I.B1.2a.38,Table I.B1.2a.38!N34
Dominican Republic,DOM,0,2025,math,338.829,1.6928,data/pisa/2025/annex_tables/mrq53f.xlsx,Table I.B1.2a.38,Table I.B1.2a.38!P34
Dushanbe (Tajikistan),QDT,0,2025,math,382.137,0.9791,data/pisa/2025/annex_tables/mrq53f.xlsx,Table I.B1.2a.38,Table I.B1.2a.38!P35
Ecuador,ECU,0,2018,math,377.487,3.0529,data/pisa/2025/annex_tables/mrq53f.xlsx,Table I.B1.2a.38,Table I.B1.2a.38!L36
Ecuador,ECU,0,2025,math,365.839,1.7217,data/pisa/2025/annex_tables/mrq53f.xlsx,Table I.B1.2a.38,Table I.B1.2a.38!P36
El Salvador,SLV,0,2022,math,343.469,2.0024,data/pisa/2025/annex_tables/mrq53f.xlsx,Table I.B1.2a.38,Table I.B1.2a.38!N37
El Salvador,SLV,0,2025,math,346.25,1.8016,data/pisa/2025/annex_tables/mrq53f.xlsx,Table I.B1.2a.38,Table I.B1.2a.38!P37
Estonia,EST,1,2006,math,514.575,2.7452,data/pisa/2025/annex_tables/mrq53f.xlsx,Table I.B1.2a.38,Table I.B1.2a.38!D38
Estonia,EST,1,2009,math,512.104,2.5656,data/pisa/2025/annex_tables/mrq53f.xlsx,Table I.B1.2a.38,Table I.B1.2a.38!F38
Estonia,EST,1,2012,math,520.546,2.0212,data/pisa/2025/annex_tables/mrq53f.xlsx,Table I.B1.2a.38,Table I.B1.2a.38!H38
Estonia,EST,1,2015,math,519.529,2.0426,data/pisa/2025/annex_tables/mrq53f.xlsx,Table I.B1.2a.38,Table I.B1.2a.38!J38
Estonia,EST,1,2018,math,523.415,1.7436,data/pisa/2025/annex_tables/mrq53f.xlsx,Table I.B1.2a.38,Table I.B1.2a.38!L38
Estonia,EST,1,2022,math,509.947,1.9845,data/pisa/2025/annex_tables/mrq53f.xlsx,Table I.B1.2a.38,Table I.B1.2a.38!N38
Estonia,EST,1,2025,math,507.896,2.2875,data/pisa/2025/annex_tables/mrq53f.xlsx,Table I.B1.2a.38,Table I.B1.2a.38!P38
Finland,FIN,1,2003,math,544.289,1.8663,data/pisa/2025/annex_tables/mrq53f.xlsx,Table I.B1.2a.38,Table I.B1.2a.38!B39
Finland,FIN,1,2006,math,548.358,2.2956,data/pisa/2025/annex_tables/mrq53f.xlsx,Table I.B1.2a.38,Table I.B1.2a.38!D39
Finland,FIN,1,2009,math,540.504,2.1665,data/pisa/2025/annex_tables/mrq53f.xlsx,Table I.B1.2a.38,Table I.B1.2a.38!F39
Finland,FIN,1,2012,math,518.75,1.9408,data/pisa/2025/annex_tables/mrq53f.xlsx,Table I.B1.2a.38,Table I.B1.2a.38!H39
Finland,FIN,1,2015,math,511.077,2.3093,data/pisa/2025/annex_tables/mrq53f.xlsx,Table I.B1.2a.38,Table I.B1.2a.38!J39
Finland,FIN,1,2018,math,507.301,1.9679,data/pisa/2025/annex_tables/mrq53f.xlsx,Table I.B1.2a.38,Table I.B1.2a.38!L39
Finland,FIN,1,2022,math,484.139,1.8572,data/pisa/2025/annex_tables/mrq53f.xlsx,Table I.B1.2a.38,Table I.B1.2a.38!N39
Finland,FIN,1,2025,math,468.695,2.2007,data/pisa/2025/annex_tables/mrq53f.xlsx,Table I.B1.2a.38,Table I.B1.2a.38!P39
France,FRA,1,2003,math,510.799,2.5035,data/pisa/2025/annex_tables/mrq53f.xlsx,Table I.B1.2a.38,Table I.B1.2a.38!B40
France,FRA,1,2006,math,495.538,3.1708,data/pisa/2025/annex_tables/mrq53f.xlsx,Table I.B1.2a.38,Table I.B1.2a.38!D40
France,FRA,1,2009,math,496.782,3.0936,data/pisa/2025/annex_tables/mrq53f.xlsx,Table I.B1.2a.38,Table I.B1.2a.38!F40
France,FRA,1,2012,math,494.985,2.4548,data/pisa/2025/annex_tables/mrq53f.xlsx,Table I.B1.2a.38,Table I.B1.2a.38!H40
France,FRA,1,2015,math,492.92,2.0989,data/pisa/2025/annex_tables/mrq53f.xlsx,Table I.B1.2a.38,Table I.B1.2a.38!J40
France,FRA,1,2018,math,495.408,2.3202,data/pisa/2025/annex_tables/mrq53f.xlsx,Table I.B1.2a.38,Table I.B1.2a.38!L40
France,FRA,1,2022,math,473.944,2.489,data/pisa/2025/annex_tables/mrq53f.xlsx,Table I.B1.2a.38,Table I.B1.2a.38!N40
France,FRA,1,2025,math,457.655,2.9951,data/pisa/2025/annex_tables/mrq53f.xlsx,Table I.B1.2a.38,Table I.B1.2a.38!P40
Georgia,GEO,0,2009,math,379.491,2.793,data/pisa/2025/annex_tables/mrq53f.xlsx,Table I.B1.2a.38,Table I.B1.2a.38!F41
Georgia,GEO,0,2015,math,403.833,2.7819,data/pisa/2025/annex_tables/mrq53f.xlsx,Table I.B1.2a.38,Table I.B1.2a.38!J41
Georgia,GEO,0,2018,math,397.586,2.6027,data/pisa/2025/annex_tables/mrq53f.xlsx,Table I.B1.2a.38,Table I.B1.2a.38!L41
Georgia,GEO,0,2022,math,390.024,2.3736,data/pisa/2025/annex_tables/mrq53f.xlsx,Table I.B1.2a.38,Table I.B1.2a.38!N41
Georgia,GEO,0,2025,math,416.363,2.9375,data/pisa/2025/annex_tables/mrq53f.xlsx,Table I.B1.2a.38,Table I.B1.2a.38!P41
Germany,DEU,1,2003,math,502.986,3.3172,data/pisa/2025/annex_tables/mrq53f.xlsx,Table I.B1.2a.38,Table I.B1.2a.38!B42
Germany,DEU,1,2006,math,503.791,3.8682,data/pisa/2025/annex_tables/mrq53f.xlsx,Table I.B1.2a.38,Table I.B1.2a.38!D42
Germany,DEU,1,2009,math,512.778,2.8631,data/pisa/2025/annex_tables/mrq53f.xlsx,Table I.B1.2a.38,Table I.B1.2a.38!F42
Germany,DEU,1,2012,math,513.525,2.8765,data/pisa/2025/annex_tables/mrq53f.xlsx,Table I.B1.2a.38,Table I.B1.2a.38!H42
Germany,DEU,1,2015,math,505.971,2.8879,data/pisa/2025/annex_tables/mrq53f.xlsx,Table I.B1.2a.38,Table I.B1.2a.38!J42
Germany,DEU,1,2018,math,500.044,2.6471,data/pisa/2025/annex_tables/mrq53f.xlsx,Table I.B1.2a.38,Table I.B1.2a.38!L42
Germany,DEU,1,2022,math,474.826,3.0648,data/pisa/2025/annex_tables/mrq53f.xlsx,Table I.B1.2a.38,Table I.B1.2a.38!N42
Germany,DEU,1,2025,math,463.806,3.0462,data/pisa/2025/annex_tables/mrq53f.xlsx,Table I.B1.2a.38,Table I.B1.2a.38!P42
Greece,GRC,1,2003,math,444.912,3.9008,data/pisa/2025/annex_tables/mrq53f.xlsx,Table I.B1.2a.38,Table I.B1.2a.38!B43
Greece,GRC,1,2006,math,459.202,2.9682,data/pisa/2025/annex_tables/mrq53f.xlsx,Table I.B1.2a.38,Table I.B1.2a.38!D43
Greece,GRC,1,2009,math,466.096,3.8797,data/pisa/2025/annex_tables/mrq53f.xlsx,Table I.B1.2a.38,Table I.B1.2a.38!F43
Greece,GRC,1,2012,math,452.973,2.5021,data/pisa/2025/annex_tables/mrq53f.xlsx,Table I.B1.2a.38,Table I.B1.2a.38!H43
Greece,GRC,1,2015,math,453.63,3.7536,data/pisa/2025/annex_tables/mrq53f.xlsx,Table I.B1.2a.38,Table I.B1.2a.38!J43
Greece,GRC,1,2018,math,451.37,3.0912,data/pisa/2025/annex_tables/mrq53f.xlsx,Table I.B1.2a.38,Table I.B1.2a.38!L43
Greece,GRC,1,2022,math,430.146,2.335,data/pisa/2025/annex_tables/mrq53f.xlsx,Table I.B1.2a.38,Table I.B1.2a.38!N43
Greece,GRC,1,2025,math,423.852,2.9245,data/pisa/2025/annex_tables/mrq53f.xlsx,Table I.B1.2a.38,Table I.B1.2a.38!P43
Guatemala,GTM,0,2018,math,334.31,3.2495,data/pisa/2025/annex_tables/mrq53f.xlsx,Table I.B1.2a.38,Table I.B1.2a.38!L44
Guatemala,GTM,0,2022,math,344.199,2.2108,data/pisa/2025/annex_tables/mrq53f.xlsx,Table I.B1.2a.38,Table I.B1.2a.38!N44
Guatemala,GTM,0,2025,math,334.302,1.9334,data/pisa/2025/annex_tables/mrq53f.xlsx,Table I.B1.2a.38,Table I.B1.2a.38!P44
Hong Kong (China),HKG,0,2003,math,550.383,4.5353,data/pisa/2025/annex_tables/mrq53f.xlsx,Table I.B1.2a.38,Table I.B1.2a.38!B45
Hong Kong (China),HKG,0,2006,math,547.461,2.6696,data/pisa/2025/annex_tables/mrq53f.xlsx,Table I.B1.2a.38,Table I.B1.2a.38!D45
Hong Kong (China),HKG,0,2009,math,554.528,2.7282,data/pisa/2025/annex_tables/mrq53f.xlsx,Table I.B1.2a.38,Table I.B1.2a.38!F45
Hong Kong (China),HKG,0,2012,math,561.241,3.2168,data/pisa/2025/annex_tables/mrq53f.xlsx,Table I.B1.2a.38,Table I.B1.2a.38!H45
Hong Kong (China),HKG,0,2015,math,547.931,2.98,data/pisa/2025/annex_tables/mrq53f.xlsx,Table I.B1.2a.38,Table I.B1.2a.38!J45
Hong Kong (China),HKG,0,2018,math,551.154,2.9951,data/pisa/2025/annex_tables/mrq53f.xlsx,Table I.B1.2a.38,Table I.B1.2a.38!L45
Hong Kong (China),HKG,0,2022,math,540.352,2.9875,data/pisa/2025/annex_tables/mrq53f.xlsx,Table I.B1.2a.38,Table I.B1.2a.38!N45
Hong Kong (China),HKG,0,2025,math,521.708,2.91,data/pisa/2025/annex_tables/mrq53f.xlsx,Table I.B1.2a.38,Table I.B1.2a.38!P45
Hungary,HUN,1,2003,math,490.012,2.8376,data/pisa/2025/annex_tables/mrq53f.xlsx,Table I.B1.2a.38,Table I.B1.2a.38!B46
Hungary,HUN,1,2006,math,490.937,2.8852,data/pisa/2025/annex_tables/mrq53f.xlsx,Table I.B1.2a.38,Table I.B1.2a.38!D46
Hungary,HUN,1,2009,math,490.17,3.451,data/pisa/2025/annex_tables/mrq53f.xlsx,Table I.B1.2a.38,Table I.B1.2a.38!F46
Hungary,HUN,1,2012,math,477.044,3.1929,data/pisa/2025/annex_tables/mrq53f.xlsx,Table I.B1.2a.38,Table I.B1.2a.38!H46
Hungary,HUN,1,2015,math,476.831,2.527,data/pisa/2025/annex_tables/mrq53f.xlsx,Table I.B1.2a.38,Table I.B1.2a.38!J46
Hungary,HUN,1,2018,math,481.083,2.3196,data/pisa/2025/annex_tables/mrq53f.xlsx,Table I.B1.2a.38,Table I.B1.2a.38!L46
Hungary,HUN,1,2022,math,472.776,2.5141,data/pisa/2025/annex_tables/mrq53f.xlsx,Table I.B1.2a.38,Table I.B1.2a.38!N46
Hungary,HUN,1,2025,math,459.489,2.5084,data/pisa/2025/annex_tables/mrq53f.xlsx,Table I.B1.2a.38,Table I.B1.2a.38!P46
Iceland,ISL,1,2003,math,515.109,1.4234,data/pisa/2025/annex_tables/mrq53f.xlsx,Table I.B1.2a.38,Table I.B1.2a.38!B47
Iceland,ISL,1,2006,math,505.545,1.8067,data/pisa/2025/annex_tables/mrq53f.xlsx,Table I.B1.2a.38,Table I.B1.2a.38!D47
Iceland,ISL,1,2009,math,506.669,1.3898,data/pisa/2025/annex_tables/mrq53f.xlsx,Table I.B1.2a.38,Table I.B1.2a.38!F47
Iceland,ISL,1,2012,math,492.796,1.7024,data/pisa/2025/annex_tables/mrq53f.xlsx,Table I.B1.2a.38,Table I.B1.2a.38!H47
Iceland,ISL,1,2015,math,488.033,1.9887,data/pisa/2025/annex_tables/mrq53f.xlsx,Table I.B1.2a.38,Table I.B1.2a.38!J47
Iceland,ISL,1,2018,math,495.187,1.9531,data/pisa/2025/annex_tables/mrq53f.xlsx,Table I.B1.2a.38,Table I.B1.2a.38!L47
Iceland,ISL,1,2022,math,458.914,1.581,data/pisa/2025/annex_tables/mrq53f.xlsx,Table I.B1.2a.38,Table I.B1.2a.38!N47
Iceland,ISL,1,2025,math,449.73,1.4679,data/pisa/2025/annex_tables/mrq53f.xlsx,Table I.B1.2a.38,Table I.B1.2a.38!P47
Indonesia,IDN,0,2003,math,360.159,3.9086,data/pisa/2025/annex_tables/mrq53f.xlsx,Table I.B1.2a.38,Table I.B1.2a.38!B48
Indonesia,IDN,0,2006,math,391.007,5.6261,data/pisa/2025/annex_tables/mrq53f.xlsx,Table I.B1.2a.38,Table I.B1.2a.38!D48
Indonesia,IDN,0,2009,math,371.301,3.7208,data/pisa/2025/annex_tables/mrq53f.xlsx,Table I.B1.2a.38,Table I.B1.2a.38!F48
Indonesia,IDN,0,2012,math,375.114,4.0363,data/pisa/2025/annex_tables/mrq53f.xlsx,Table I.B1.2a.38,Table I.B1.2a.38!H48
Indonesia,IDN,0,2015,math,386.11,3.0845,data/pisa/2025/annex_tables/mrq53f.xlsx,Table I.B1.2a.38,Table I.B1.2a.38!J48
Indonesia,IDN,0,2018,math,378.668,3.1196,data/pisa/2025/annex_tables/mrq53f.xlsx,Table I.B1.2a.38,Table I.B1.2a.38!L48
Indonesia,IDN,0,2022,math,365.525,2.3512,data/pisa/2025/annex_tables/mrq53f.xlsx,Table I.B1.2a.38,Table I.B1.2a.38!N48
Indonesia,IDN,0,2025,math,363.902,2.1008,data/pisa/2025/annex_tables/mrq53f.xlsx,Table I.B1.2a.38,Table I.B1.2a.38!P48
Ireland,IRL,1,2003,math,502.837,2.4481,data/pisa/2025/annex_tables/mrq53f.xlsx,Table I.B1.2a.38,Table I.B1.2a.38!B49
Ireland,IRL,1,2006,math,501.472,2.7852,data/pisa/2025/annex_tables/mrq53f.xlsx,Table I.B1.2a.38,Table I.B1.2a.38!D49
Ireland,IRL,1,2009,math,487.136,2.5441,data/pisa/2025/annex_tables/mrq53f.xlsx,Table I.B1.2a.38,Table I.B1.2a.38!F49
Ireland,IRL,1,2012,math,501.497,2.2476,data/pisa/2025/annex_tables/mrq53f.xlsx,Table I.B1.2a.38,Table I.B1.2a.38!H49
Ireland,IRL,1,2015,math,503.722,2.0531,data/pisa/2025/annex_tables/mrq53f.xlsx,Table I.B1.2a.38,Table I.B1.2a.38!J49
Ireland,IRL,1,2018,math,499.633,2.1986,data/pisa/2025/annex_tables/mrq53f.xlsx,Table I.B1.2a.38,Table I.B1.2a.38!L49
Ireland,IRL,1,2022,math,491.648,2.0223,data/pisa/2025/annex_tables/mrq53f.xlsx,Table I.B1.2a.38,Table I.B1.2a.38!N49
Ireland,IRL,1,2025,math,479.875,1.8344,data/pisa/2025/annex_tables/mrq53f.xlsx,Table I.B1.2a.38,Table I.B1.2a.38!P49
Israel,ISR,1,2006,math,441.859,4.3457,data/pisa/2025/annex_tables/mrq53f.xlsx,Table I.B1.2a.38,Table I.B1.2a.38!D50
Israel,ISR,1,2009,math,446.864,3.2782,data/pisa/2025/annex_tables/mrq53f.xlsx,Table I.B1.2a.38,Table I.B1.2a.38!F50
Israel,ISR,1,2012,math,466.481,4.6821,data/pisa/2025/annex_tables/mrq53f.xlsx,Table I.B1.2a.38,Table I.B1.2a.38!H50
Israel,ISR,1,2015,math,469.669,3.6292,data/pisa/2025/annex_tables/mrq53f.xlsx,Table I.B1.2a.38,Table I.B1.2a.38!J50
Israel,ISR,1,2018,math,463.035,3.4986,data/pisa/2025/annex_tables/mrq53f.xlsx,Table I.B1.2a.38,Table I.B1.2a.38!L50
Israel,ISR,1,2022,math,457.897,3.2692,data/pisa/2025/annex_tables/mrq53f.xlsx,Table I.B1.2a.38,Table I.B1.2a.38!N50
Israel,ISR,1,2025,math,433.375,3.1041,data/pisa/2025/annex_tables/mrq53f.xlsx,Table I.B1.2a.38,Table I.B1.2a.38!P50
Italy,ITA,1,2003,math,465.664,3.075,data/pisa/2025/annex_tables/mrq53f.xlsx,Table I.B1.2a.38,Table I.B1.2a.38!B51
Italy,ITA,1,2006,math,461.689,2.2825,data/pisa/2025/annex_tables/mrq53f.xlsx,Table I.B1.2a.38,Table I.B1.2a.38!D51
Italy,ITA,1,2009,math,482.908,1.8559,data/pisa/2025/annex_tables/mrq53f.xlsx,Table I.B1.2a.38,Table I.B1.2a.38!F51
Italy,ITA,1,2012,math,485.321,2.0252,data/pisa/2025/annex_tables/mrq53f.xlsx,Table I.B1.2a.38,Table I.B1.2a.38!H51
Italy,ITA,1,2015,math,489.729,2.8454,data/pisa/2025/annex_tables/mrq53f.xlsx,Table I.B1.2a.38,Table I.B1.2a.38!J51
Italy,ITA,1,2018,math,486.59,2.7801,data/pisa/2025/annex_tables/mrq53f.xlsx,Table I.B1.2a.38,Table I.B1.2a.38!L51
Italy,ITA,1,2022,math,471.259,3.0934,data/pisa/2025/annex_tables/mrq53f.xlsx,Table I.B1.2a.38,Table I.B1.2a.38!N51
Italy,ITA,1,2025,math,467.763,2.8457,data/pisa/2025/annex_tables/mrq53f.xlsx,Table I.B1.2a.38,Table I.B1.2a.38!P51
Japan,JPN,1,2003,math,534.137,4.0157,data/pisa/2025/annex_tables/mrq53f.xlsx,Table I.B1.2a.38,Table I.B1.2a.38!B52
Japan,JPN,1,2006,math,523.103,3.3415,data/pisa/2025/annex_tables/mrq53f.xlsx,Table I.B1.2a.38,Table I.B1.2a.38!D52
Japan,JPN,1,2009,math,528.993,3.3282,data/pisa/2025/annex_tables/mrq53f.xlsx,Table I.B1.2a.38,Table I.B1.2a.38!F52
Japan,JPN,1,2012,math,536.407,3.5872,data/pisa/2025/annex_tables/mrq53f.xlsx,Table I.B1.2a.38,Table I.B1.2a.38!H52
Japan,JPN,1,2015,math,532.44,3.0,data/pisa/2025/annex_tables/mrq53f.xlsx,Table I.B1.2a.38,Table I.B1.2a.38!J52
Japan,JPN,1,2018,math,526.973,2.4715,data/pisa/2025/annex_tables/mrq53f.xlsx,Table I.B1.2a.38,Table I.B1.2a.38!L52
Japan,JPN,1,2022,math,535.579,2.9338,data/pisa/2025/annex_tables/mrq53f.xlsx,Table I.B1.2a.38,Table I.B1.2a.38!N52
Japan,JPN,1,2025,math,525.376,4.2041,data/pisa/2025/annex_tables/mrq53f.xlsx,Table I.B1.2a.38,Table I.B1.2a.38!P52
Jordan,JOR,0,2006,math,384.036,3.3043,data/pisa/2025/annex_tables/mrq53f.xlsx,Table I.B1.2a.38,Table I.B1.2a.38!D53
Jordan,JOR,0,2009,math,386.664,3.7119,data/pisa/2025/annex_tables/mrq53f.xlsx,Table I.B1.2a.38,Table I.B1.2a.38!F53
Jordan,JOR,0,2012,math,385.596,3.1162,data/pisa/2025/annex_tables/mrq53f.xlsx,Table I.B1.2a.38,Table I.B1.2a.38!H53
Jordan,JOR,0,2015,math,380.259,2.6518,data/pisa/2025/annex_tables/mrq53f.xlsx,Table I.B1.2a.38,Table I.B1.2a.38!J53
Jordan,JOR,0,2018,math,399.762,3.3122,data/pisa/2025/annex_tables/mrq53f.xlsx,Table I.B1.2a.38,Table I.B1.2a.38!L53
Jordan,JOR,0,2022,math,361.228,2.0331,data/pisa/2025/annex_tables/mrq53f.xlsx,Table I.B1.2a.38,Table I.B1.2a.38!N53
Jordan,JOR,0,2025,math,387.561,2.1912,data/pisa/2025/annex_tables/mrq53f.xlsx,Table I.B1.2a.38,Table I.B1.2a.38!P53
Kazakhstan,KAZ,0,2009,math,404.885,3.0379,data/pisa/2025/annex_tables/mrq53f.xlsx,Table I.B1.2a.38,Table I.B1.2a.38!F54
Kazakhstan,KAZ,0,2012,math,431.798,3.0256,data/pisa/2025/annex_tables/mrq53f.xlsx,Table I.B1.2a.38,Table I.B1.2a.38!H54
Kazakhstan,KAZ,0,2018,math,423.146,1.9128,data/pisa/2025/annex_tables/mrq53f.xlsx,Table I.B1.2a.38,Table I.B1.2a.38!L54
Kazakhstan,KAZ,0,2022,math,425.439,1.6882,data/pisa/2025/annex_tables/mrq53f.xlsx,Table I.B1.2a.38,Table I.B1.2a.38!N54
Kazakhstan,KAZ,0,2025,math,413.715,1.7478,data/pisa/2025/annex_tables/mrq53f.xlsx,Table I.B1.2a.38,Table I.B1.2a.38!P54
Kenya,KEN,0,2025,math,325.935,2.6948,data/pisa/2025/annex_tables/mrq53f.xlsx,Table I.B1.2a.38,Table I.B1.2a.38!P55
Korea,KOR,1,2003,math,542.227,3.2383,data/pisa/2025/annex_tables/mrq53f.xlsx,Table I.B1.2a.38,Table I.B1.2a.38!B56
Korea,KOR,1,2006,math,547.458,3.7612,data/pisa/2025/annex_tables/mrq53f.xlsx,Table I.B1.2a.38,Table I.B1.2a.38!D56
Korea,KOR,1,2009,math,546.229,4.0154,data/pisa/2025/annex_tables/mrq53f.xlsx,Table I.B1.2a.38,Table I.B1.2a.38!F56
Korea,KOR,1,2012,math,553.767,4.5792,data/pisa/2025/annex_tables/mrq53f.xlsx,Table I.B1.2a.38,Table I.B1.2a.38!H56
Korea,KOR,1,2015,math,524.106,3.7123,data/pisa/2025/annex_tables/mrq53f.xlsx,Table I.B1.2a.38,Table I.B1.2a.38!J56
Korea,KOR,1,2018,math,525.933,3.1214,data/pisa/2025/annex_tables/mrq53f.xlsx,Table I.B1.2a.38,Table I.B1.2a.38!L56
Korea,KOR,1,2022,math,527.303,3.8628,data/pisa/2025/annex_tables/mrq53f.xlsx,Table I.B1.2a.38,Table I.B1.2a.38!N56
Korea,KOR,1,2025,math,522.298,3.9581,data/pisa/2025/annex_tables/mrq53f.xlsx,Table I.B1.2a.38,Table I.B1.2a.38!P56
Kosovo,XKX,0,2015,math,361.534,1.6253,data/pisa/2025/annex_tables/mrq53f.xlsx,Table I.B1.2a.38,Table I.B1.2a.38!J57
Kosovo,XKX,0,2018,math,365.885,1.4914,data/pisa/2025/annex_tables/mrq53f.xlsx,Table I.B1.2a.38,Table I.B1.2a.38!L57
Kosovo,XKX,0,2022,math,354.962,1.0184,data/pisa/2025/annex_tables/mrq53f.xlsx,Table I.B1.2a.38,Table I.B1.2a.38!N57
Kosovo,XKX,0,2025,math,350.439,1.3285,data/pisa/2025/annex_tables/mrq53f.xlsx,Table I.B1.2a.38,Table I.B1.2a.38!P57
Kurdistan Region (Iraq),QKI,0,2025,math,338.757,1.7731,data/pisa/2025/annex_tables/mrq53f.xlsx,Table I.B1.2a.38,Table I.B1.2a.38!P58
Kyrgyzstan,KGZ,0,2006,math,310.584,3.4095,data/pisa/2025/annex_tables/mrq53f.xlsx,Table I.B1.2a.38,Table I.B1.2a.38!D59
Kyrgyzstan,KGZ,0,2009,math,331.156,2.8734,data/pisa/2025/annex_tables/mrq53f.xlsx,Table I.B1.2a.38,Table I.B1.2a.38!F59
Kyrgyzstan,KGZ,0,2025,math,363.806,1.9784,data/pisa/2025/annex_tables/mrq53f.xlsx,Table I.B1.2a.38,Table I.B1.2a.38!P59
Latvia,LVA,1,2003,math,483.375,3.6874,data/pisa/2025/annex_tables/mrq53f.xlsx,Table I.B1.2a.38,Table I.B1.2a.38!B60
Latvia,LVA,1,2006,math,486.166,3.0271,data/pisa/2025/annex_tables/mrq53f.xlsx,Table I.B1.2a.38,Table I.B1.2a.38!D60
Latvia,LVA,1,2009,math,481.954,3.0672,data/pisa/2025/annex_tables/mrq53f.xlsx,Table I.B1.2a.38,Table I.B1.2a.38!F60
Latvia,LVA,1,2012,math,490.571,2.7522,data/pisa/2025/annex_tables/mrq53f.xlsx,Table I.B1.2a.38,Table I.B1.2a.38!H60
Latvia,LVA,1,2015,math,482.305,1.8687,data/pisa/2025/annex_tables/mrq53f.xlsx,Table I.B1.2a.38,Table I.B1.2a.38!J60
Latvia,LVA,1,2018,math,496.126,1.9628,data/pisa/2025/annex_tables/mrq53f.xlsx,Table I.B1.2a.38,Table I.B1.2a.38!L60
Latvia,LVA,1,2022,math,483.159,2.0319,data/pisa/2025/annex_tables/mrq53f.xlsx,Table I.B1.2a.38,Table I.B1.2a.38!N60
Latvia,LVA,1,2025,math,460.493,1.7023,data/pisa/2025/annex_tables/mrq53f.xlsx,Table I.B1.2a.38,Table I.B1.2a.38!P60
Lebanon,LBN,0,2015,math,396.25,3.692,data/pisa/2025/annex_tables/mrq53f.xlsx,Table I.B1.2a.38,Table I.B1.2a.38!J61
Lebanon,LBN,0,2018,math,393.45,4.0494,data/pisa/2025/annex_tables/mrq53f.xlsx,Table I.B1.2a.38,Table I.B1.2a.38!L61
Lebanon,LBN,0,2025,math,377.138,3.0242,data/pisa/2025/annex_tables/mrq53f.xlsx,Table I.B1.2a.38,Table I.B1.2a.38!P61
Lithuania,LTU,1,2006,math,486.421,2.9253,data/pisa/2025/annex_tables/mrq53f.xlsx,Table I.B1.2a.38,Table I.B1.2a.38!D62
Lithuania,LTU,1,2009,math,476.602,2.6167,data/pisa/2025/annex_tables/mrq53f.xlsx,Table I.B1.2a.38,Table I.B1.2a.38!F62
Lithuania,LTU,1,2012,math,478.823,2.641,data/pisa/2025/annex_tables/mrq53f.xlsx,Table I.B1.2a.38,Table I.B1.2a.38!H62
Lithuania,LTU,1,2015,math,478.383,2.3293,data/pisa/2025/annex_tables/mrq53f.xlsx,Table I.B1.2a.38,Table I.B1.2a.38!J62
Lithuania,LTU,1,2018,math,481.191,1.9533,data/pisa/2025/annex_tables/mrq53f.xlsx,Table I.B1.2a.38,Table I.B1.2a.38!L62
Lithuania,LTU,1,2022,math,475.147,1.8418,data/pisa/2025/annex_tables/mrq53f.xlsx,Table I.B1.2a.38,Table I.B1.2a.38!N62
Lithuania,LTU,1,2025,math,470.491,1.8743,data/pisa/2025/annex_tables/mrq53f.xlsx,Table I.B1.2a.38,Table I.B1.2a.38!P62
Luxembourg,LUX,1,2003,math,493.209,0.9716,data/pisa/2025/annex_tables/mrq53f.xlsx,Table I.B1.2a.38,Table I.B1.2a.38!B63
Luxembourg,LUX,1,2006,math,490.002,1.0656,data/pisa/2025/annex_tables/mrq53f.xlsx,Table I.B1.2a.38,Table I.B1.2a.38!D63
Luxembourg,LUX,1,2009,math,489.067,1.1794,data/pisa/2025/annex_tables/mrq53f.xlsx,Table I.B1.2a.38,Table I.B1.2a.38!F63
Luxembourg,LUX,1,2012,math,489.845,1.0946,data/pisa/2025/annex_tables/mrq53f.xlsx,Table I.B1.2a.38,Table I.B1.2a.38!H63
Luxembourg,LUX,1,2015,math,485.771,1.2678,data/pisa/2025/annex_tables/mrq53f.xlsx,Table I.B1.2a.38,Table I.B1.2a.38!J63
Luxembourg,LUX,1,2018,math,483.421,1.0976,data/pisa/2025/annex_tables/mrq53f.xlsx,Table I.B1.2a.38,Table I.B1.2a.38!L63
Luxembourg,LUX,1,2025,math,458.143,0.8803,data/pisa/2025/annex_tables/mrq53f.xlsx,Table I.B1.2a.38,Table I.B1.2a.38!P63
Macao (China),MAC,0,2003,math,527.27,2.8852,data/pisa/2025/annex_tables/mrq53f.xlsx,Table I.B1.2a.38,Table I.B1.2a.38!B64
Macao (China),MAC,0,2006,math,525.003,1.3036,data/pisa/2025/annex_tables/mrq53f.xlsx,Table I.B1.2a.38,Table I.B1.2a.38!D64
Macao (China),MAC,0,2009,math,525.283,0.9151,data/pisa/2025/annex_tables/mrq53f.xlsx,Table I.B1.2a.38,Table I.B1.2a.38!F64
Macao (China),MAC,0,2012,math,538.134,0.9647,data/pisa/2025/annex_tables/mrq53f.xlsx,Table I.B1.2a.38,Table I.B1.2a.38!H64
Macao (China),MAC,0,2015,math,543.808,1.1077,data/pisa/2025/annex_tables/mrq53f.xlsx,Table I.B1.2a.38,Table I.B1.2a.38!J64
Macao (China),MAC,0,2018,math,557.67,1.5349,data/pisa/2025/annex_tables/mrq53f.xlsx,Table I.B1.2a.38,Table I.B1.2a.38!L64
Macao (China),MAC,0,2022,math,551.923,1.0981,data/pisa/2025/annex_tables/mrq53f.xlsx,Table I.B1.2a.38,Table I.B1.2a.38!N64
Macao (China),MAC,0,2025,math,549.302,1.1472,data/pisa/2025/annex_tables/mrq53f.xlsx,Table I.B1.2a.38,Table I.B1.2a.38!P64
Malaysia,MYS,0,2009,math,404.258,2.7132,data/pisa/2025/annex_tables/mrq53f.xlsx,Table I.B1.2a.38,Table I.B1.2a.38!F65
Malaysia,MYS,0,2012,math,420.513,3.1795,data/pisa/2025/annex_tables/mrq53f.xlsx,Table I.B1.2a.38,Table I.B1.2a.38!H65
Malaysia,MYS,0,2018,math,440.208,2.877,data/pisa/2025/annex_tables/mrq53f.xlsx,Table I.B1.2a.38,Table I.B1.2a.38!L65
Malaysia,MYS,0,2022,math,408.687,2.3965,data/pisa/2025/annex_tables/mrq53f.xlsx,Table I.B1.2a.38,Table I.B1.2a.38!N65
Malaysia,MYS,0,2025,math,397.423,2.1981,data/pisa/2025/annex_tables/mrq53f.xlsx,Table I.B1.2a.38,Table I.B1.2a.38!P65
Malta,MLT,0,2009,math,462.876,1.4306,data/pisa/2025/annex_tables/mrq53f.xlsx,Table I.B1.2a.38,Table I.B1.2a.38!F66
Malta,MLT,0,2015,math,478.645,1.7158,data/pisa/2025/annex_tables/mrq53f.xlsx,Table I.B1.2a.38,Table I.B1.2a.38!J66
Malta,MLT,0,2018,math,471.724,1.9021,data/pisa/2025/annex_tables/mrq53f.xlsx,Table I.B1.2a.38,Table I.B1.2a.38!L66
Malta,MLT,0,2022,math,466.016,1.579,data/pisa/2025/annex_tables/mrq53f.xlsx,Table I.B1.2a.38,Table I.B1.2a.38!N66
Malta,MLT,0,2025,math,439.083,1.7834,data/pisa/2025/annex_tables/mrq53f.xlsx,Table I.B1.2a.38,Table I.B1.2a.38!P66
Mauritius,MUS,0,2009,math,419.997,0.9679,data/pisa/2025/annex_tables/mrq53f.xlsx,Table I.B1.2a.38,Table I.B1.2a.38!F67
Mauritius,MUS,0,2025,math,406.855,3.6682,data/pisa/2025/annex_tables/mrq53f.xlsx,Table I.B1.2a.38,Table I.B1.2a.38!P67
Mexico,MEX,1,2003,math,385.218,3.6433,data/pisa/2025/annex_tables/mrq53f.xlsx,Table I.B1.2a.38,Table I.B1.2a.38!B68
Mexico,MEX,1,2006,math,405.655,2.926,data/pisa/2025/annex_tables/mrq53f.xlsx,Table I.B1.2a.38,Table I.B1.2a.38!D68
Mexico,MEX,1,2009,math,418.509,1.8259,data/pisa/2025/annex_tables/mrq53f.xlsx,Table I.B1.2a.38,Table I.B1.2a.38!F68
Mexico,MEX,1,2012,math,413.281,1.3528,data/pisa/2025/annex_tables/mrq53f.xlsx,Table I.B1.2a.38,Table I.B1.2a.38!H68
Mexico,MEX,1,2015,math,408.023,2.2409,data/pisa/2025/annex_tables/mrq53f.xlsx,Table I.B1.2a.38,Table I.B1.2a.38!J68
Mexico,MEX,1,2018,math,408.801,2.4932,data/pisa/2025/annex_tables/mrq53f.xlsx,Table I.B1.2a.38,Table I.B1.2a.38!L68
Mexico,MEX,1,2022,math,395.03,2.2706,data/pisa/2025/annex_tables/mrq53f.xlsx,Table I.B1.2a.38,Table I.B1.2a.38!N68
Mexico,MEX,1,2025,math,387.587,1.8582,data/pisa/2025/annex_tables/mrq53f.xlsx,Table I.B1.2a.38,Table I.B1.2a.38!P68
Moldova,MDA,0,2009,math,397.492,3.1282,data/pisa/2025/annex_tables/mrq53f.xlsx,Table I.B1.2a.38,Table I.B1.2a.38!F69
Moldova,MDA,0,2015,math,419.664,2.4655,data/pisa/2025/annex_tables/mrq53f.xlsx,Table I.B1.2a.38,Table I.B1.2a.38!J69
Moldova,MDA,0,2018,math,420.604,2.435,data/pisa/2025/annex_tables/mrq53f.xlsx,Table I.B1.2a.38,Table I.B1.2a.38!L69
Moldova,MDA,0,2022,math,414.198,2.3074,data/pisa/2025/annex_tables/mrq53f.xlsx,Table I.B1.2a.38,Table I.B1.2a.38!N69
Moldova,MDA,0,2025,math,410.13,2.557,data/pisa/2025/annex_tables/mrq53f.xlsx,Table I.B1.2a.38,Table I.B1.2a.38!P69
Mongolia,MNG,0,2022,math,424.593,2.5736,data/pisa/2025/annex_tables/mrq53f.xlsx,Table I.B1.2a.38,Table I.B1.2a.38!N70
Mongolia,MNG,0,2025,math,418.642,2.2945,data/pisa/2025/annex_tables/mrq53f.xlsx,Table I.B1.2a.38,Table I.B1.2a.38!P70
Montenegro,MNE,0,2006,math,399.308,1.3662,data/pisa/2025/annex_tables/mrq53f.xlsx,Table I.B1.2a.38,Table I.B1.2a.38!D71
Montenegro,MNE,0,2009,math,402.515,2.0316,data/pisa/2025/annex_tables/mrq53f.xlsx,Table I.B1.2a.38,Table I.B1.2a.38!F71
Montenegro,MNE,0,2012,math,409.627,1.0542,data/pisa/2025/annex_tables/mrq53f.xlsx,Table I.B1.2a.38,Table I.B1.2a.38!H71
Montenegro,MNE,0,2015,math,417.934,1.4624,data/pisa/2025/annex_tables/mrq53f.xlsx,Table I.B1.2a.38,Table I.B1.2a.38!J71
Montenegro,MNE,0,2018,math,429.612,1.2433,data/pisa/2025/annex_tables/mrq53f.xlsx,Table I.B1.2a.38,Table I.B1.2a.38!L71
Montenegro,MNE,0,2022,math,405.601,1.1159,data/pisa/2025/annex_tables/mrq53f.xlsx,Table I.B1.2a.38,Table I.B1.2a.38!N71
Montenegro,MNE,0,2025,math,411.058,1.117,data/pisa/2025/annex_tables/mrq53f.xlsx,Table I.B1.2a.38,Table I.B1.2a.38!P71
Morocco,MAR,0,2018,math,367.727,3.3316,data/pisa/2025/annex_tables/mrq53f.xlsx,Table I.B1.2a.38,Table I.B1.2a.38!L72
Morocco,MAR,0,2022,math,364.766,3.3503,data/pisa/2025/annex_tables/mrq53f.xlsx,Table I.B1.2a.38,Table I.B1.2a.38!N72
Morocco,MAR,0,2025,math,354.755,2.9552,data/pisa/2025/annex_tables/mrq53f.xlsx,Table I.B1.2a.38,Table I.B1.2a.38!P72
Netherlands,NLD,1,2003,math,537.823,3.1302,data/pisa/2025/annex_tables/mrq53f.xlsx,Table I.B1.2a.38,Table I.B1.2a.38!B73
Netherlands,NLD,1,2006,math,530.654,2.5857,data/pisa/2025/annex_tables/mrq53f.xlsx,Table I.B1.2a.38,Table I.B1.2a.38!D73
Netherlands,NLD,1,2009,math,525.836,4.7454,data/pisa/2025/annex_tables/mrq53f.xlsx,Table I.B1.2a.38,Table I.B1.2a.38!F73
Netherlands,NLD,1,2012,math,522.972,3.472,data/pisa/2025/annex_tables/mrq53f.xlsx,Table I.B1.2a.38,Table I.B1.2a.38!H73
Netherlands,NLD,1,2015,math,512.253,2.2116,data/pisa/2025/annex_tables/mrq53f.xlsx,Table I.B1.2a.38,Table I.B1.2a.38!J73
Netherlands,NLD,1,2018,math,519.231,2.6323,data/pisa/2025/annex_tables/mrq53f.xlsx,Table I.B1.2a.38,Table I.B1.2a.38!L73
Netherlands,NLD,1,2022,math,492.676,3.766,data/pisa/2025/annex_tables/mrq53f.xlsx,Table I.B1.2a.38,Table I.B1.2a.38!N73
Netherlands,NLD,1,2025,math,483.27,2.8883,data/pisa/2025/annex_tables/mrq53f.xlsx,Table I.B1.2a.38,Table I.B1.2a.38!P73
New Zealand,NZL,1,2003,math,523.487,2.2569,data/pisa/2025/annex_tables/mrq53f.xlsx,Table I.B1.2a.38,Table I.B1.2a.38!B74
New Zealand,NZL,1,2006,math,521.989,2.3896,data/pisa/2025/annex_tables/mrq53f.xlsx,Table I.B1.2a.38,Table I.B1.2a.38!D74
New Zealand,NZL,1,2009,math,519.301,2.312,data/pisa/2025/annex_tables/mrq53f.xlsx,Table I.B1.2a.38,Table I.B1.2a.38!F74
New Zealand,NZL,1,2012,math,499.75,2.2054,data/pisa/2025/annex_tables/mrq53f.xlsx,Table I.B1.2a.38,Table I.B1.2a.38!H74
New Zealand,NZL,1,2015,math,495.223,2.2654,data/pisa/2025/annex_tables/mrq53f.xlsx,Table I.B1.2a.38,Table I.B1.2a.38!J74
New Zealand,NZL,1,2018,math,494.49,1.7059,data/pisa/2025/annex_tables/mrq53f.xlsx,Table I.B1.2a.38,Table I.B1.2a.38!L74
New Zealand,NZL,1,2022,math,479.074,1.987,data/pisa/2025/annex_tables/mrq53f.xlsx,Table I.B1.2a.38,Table I.B1.2a.38!N74
New Zealand,NZL,1,2025,math,479.619,2.1652,data/pisa/2025/annex_tables/mrq53f.xlsx,Table I.B1.2a.38,Table I.B1.2a.38!P74
North Macedonia,MKD,0,2015,math,371.311,1.2831,data/pisa/2025/annex_tables/mrq53f.xlsx,Table I.B1.2a.38,Table I.B1.2a.38!J75
North Macedonia,MKD,0,2018,math,394.447,1.5608,data/pisa/2025/annex_tables/mrq53f.xlsx,Table I.B1.2a.38,Table I.B1.2a.38!L75
North Macedonia,MKD,0,2022,math,388.576,0.869,data/pisa/2025/annex_tables/mrq53f.xlsx,Table I.B1.2a.38,Table I.B1.2a.38!N75
North Macedonia,MKD,0,2025,math,379.792,0.9708,data/pisa/2025/annex_tables/mrq53f.xlsx,Table I.B1.2a.38,Table I.B1.2a.38!P75
Norway,NOR,1,2003,math,495.185,2.3764,data/pisa/2025/annex_tables/mrq53f.xlsx,Table I.B1.2a.38,Table I.B1.2a.38!B76
Norway,NOR,1,2006,math,489.846,2.6408,data/pisa/2025/annex_tables/mrq53f.xlsx,Table I.B1.2a.38,Table I.B1.2a.38!D76
Norway,NOR,1,2009,math,497.956,2.3973,data/pisa/2025/annex_tables/mrq53f.xlsx,Table I.B1.2a.38,Table I.B1.2a.38!F76
Norway,NOR,1,2012,math,489.373,2.7339,data/pisa/2025/annex_tables/mrq53f.xlsx,Table I.B1.2a.38,Table I.B1.2a.38!H76
Norway,NOR,1,2015,math,501.73,2.2316,data/pisa/2025/annex_tables/mrq53f.xlsx,Table I.B1.2a.38,Table I.B1.2a.38!J76
Norway,NOR,1,2018,math,500.964,2.219,data/pisa/2025/annex_tables/mrq53f.xlsx,Table I.B1.2a.38,Table I.B1.2a.38!L76
Norway,NOR,1,2022,math,468.45,2.0624,data/pisa/2025/annex_tables/mrq53f.xlsx,Table I.B1.2a.38,Table I.B1.2a.38!N76
Norway,NOR,1,2025,math,451.78,2.0202,data/pisa/2025/annex_tables/mrq53f.xlsx,Table I.B1.2a.38,Table I.B1.2a.38!P76
Palestinian Authority,PSE,0,2022,math,372.102,2.5133,data/pisa/2025/annex_tables/mrq53f.xlsx,Table I.B1.2a.38,Table I.B1.2a.38!N77
Palestinian Authority,PSE,0,2025,math,354.337,1.7755,data/pisa/2025/annex_tables/mrq53f.xlsx,Table I.B1.2a.38,Table I.B1.2a.38!P77
Paraguay,PRY,0,2018,math,326.182,2.9074,data/pisa/2025/annex_tables/mrq53f.xlsx,Table I.B1.2a.38,Table I.B1.2a.38!L78
Paraguay,PRY,0,2022,math,337.54,2.158,data/pisa/2025/annex_tables/mrq53f.xlsx,Table I.B1.2a.38,Table I.B1.2a.38!N78
Paraguay,PRY,0,2025,math,333.731,1.5878,data/pisa/2025/annex_tables/mrq53f.xlsx,Table I.B1.2a.38,Table I.B1.2a.38!P78
Peru,PER,0,2009,math,365.107,3.9982,data/pisa/2025/annex_tables/mrq53f.xlsx,Table I.B1.2a.38,Table I.B1.2a.38!F79
Peru,PER,0,2012,math,368.103,3.6902,data/pisa/2025/annex_tables/mrq53f.xlsx,Table I.B1.2a.38,Table I.B1.2a.38!H79
Peru,PER,0,2015,math,386.561,2.7142,data/pisa/2025/annex_tables/mrq53f.xlsx,Table I.B1.2a.38,Table I.B1.2a.38!J79
Peru,PER,0,2018,math,399.838,2.6067,data/pisa/2025/annex_tables/mrq53f.xlsx,Table I.B1.2a.38,Table I.B1.2a.38!L79
Peru,PER,0,2022,math,391.236,2.341,data/pisa/2025/annex_tables/mrq53f.xlsx,Table I.B1.2a.38,Table I.B1.2a.38!N79
Peru,PER,0,2025,math,382.439,2.4483,data/pisa/2025/annex_tables/mrq53f.xlsx,Table I.B1.2a.38,Table I.B1.2a.38!P79
Philippines,PHL,0,2018,math,352.567,3.4656,data/pisa/2025/annex_tables/mrq53f.xlsx,Table I.B1.2a.38,Table I.B1.2a.38!L80
Philippines,PHL,0,2022,math,354.72,2.58,data/pisa/2025/annex_tables/mrq53f.xlsx,Table I.B1.2a.38,Table I.B1.2a.38!N80
Philippines,PHL,0,2025,math,370.631,1.6985,data/pisa/2025/annex_tables/mrq53f.xlsx,Table I.B1.2a.38,Table I.B1.2a.38!P80
Poland,POL,1,2003,math,490.239,2.5041,data/pisa/2025/annex_tables/mrq53f.xlsx,Table I.B1.2a.38,Table I.B1.2a.38!B81
Poland,POL,1,2006,math,495.429,2.4417,data/pisa/2025/annex_tables/mrq53f.xlsx,Table I.B1.2a.38,Table I.B1.2a.38!D81
Poland,POL,1,2009,math,494.803,2.8382,data/pisa/2025/annex_tables/mrq53f.xlsx,Table I.B1.2a.38,Table I.B1.2a.38!F81
Poland,POL,1,2012,math,517.501,3.6173,data/pisa/2025/annex_tables/mrq53f.xlsx,Table I.B1.2a.38,Table I.B1.2a.38!H81
Poland,POL,1,2015,math,504.469,2.3898,data/pisa/2025/annex_tables/mrq53f.xlsx,Table I.B1.2a.38,Table I.B1.2a.38!J81
Poland,POL,1,2018,math,515.648,2.6021,data/pisa/2025/annex_tables/mrq53f.xlsx,Table I.B1.2a.38,Table I.B1.2a.38!L81
Poland,POL,1,2022,math,488.96,2.2749,data/pisa/2025/annex_tables/mrq53f.xlsx,Table I.B1.2a.38,Table I.B1.2a.38!N81
Poland,POL,1,2025,math,484.121,2.7584,data/pisa/2025/annex_tables/mrq53f.xlsx,Table I.B1.2a.38,Table I.B1.2a.38!P81
Portugal,PRT,1,2003,math,466.017,3.4046,data/pisa/2025/annex_tables/mrq53f.xlsx,Table I.B1.2a.38,Table I.B1.2a.38!B82
Portugal,PRT,1,2006,math,466.161,3.0685,data/pisa/2025/annex_tables/mrq53f.xlsx,Table I.B1.2a.38,Table I.B1.2a.38!D82
Portugal,PRT,1,2009,math,486.888,2.9149,data/pisa/2025/annex_tables/mrq53f.xlsx,Table I.B1.2a.38,Table I.B1.2a.38!F82
Portugal,PRT,1,2012,math,487.063,3.8125,data/pisa/2025/annex_tables/mrq53f.xlsx,Table I.B1.2a.38,Table I.B1.2a.38!H82
Portugal,PRT,1,2015,math,491.627,2.4909,data/pisa/2025/annex_tables/mrq53f.xlsx,Table I.B1.2a.38,Table I.B1.2a.38!J82
Portugal,PRT,1,2018,math,492.487,2.6846,data/pisa/2025/annex_tables/mrq53f.xlsx,Table I.B1.2a.38,Table I.B1.2a.38!L82
Portugal,PRT,1,2022,math,471.911,2.3506,data/pisa/2025/annex_tables/mrq53f.xlsx,Table I.B1.2a.38,Table I.B1.2a.38!N82
Portugal,PRT,1,2025,math,459.943,3.4548,data/pisa/2025/annex_tables/mrq53f.xlsx,Table I.B1.2a.38,Table I.B1.2a.38!P82
Qatar,QAT,0,2006,math,317.956,1.0229,data/pisa/2025/annex_tables/mrq53f.xlsx,Table I.B1.2a.38,Table I.B1.2a.38!D83
Qatar,QAT,0,2009,math,368.112,0.7039,data/pisa/2025/annex_tables/mrq53f.xlsx,Table I.B1.2a.38,Table I.B1.2a.38!F83
Qatar,QAT,0,2012,math,376.448,0.7557,data/pisa/2025/annex_tables/mrq53f.xlsx,Table I.B1.2a.38,Table I.B1.2a.38!H83
Qatar,QAT,0,2015,math,402.401,1.2735,data/pisa/2025/annex_tables/mrq53f.xlsx,Table I.B1.2a.38,Table I.B1.2a.38!J83
Qatar,QAT,0,2018,math,414.229,1.2323,data/pisa/2025/annex_tables/mrq53f.xlsx,Table I.B1.2a.38,Table I.B1.2a.38!L83
Qatar,QAT,0,2022,math,414.106,1.1391,data/pisa/2025/annex_tables/mrq53f.xlsx,Table I.B1.2a.38,Table I.B1.2a.38!N83
Qatar,QAT,0,2025,math,416.162,1.3472,data/pisa/2025/annex_tables/mrq53f.xlsx,Table I.B1.2a.38,Table I.B1.2a.38!P83
Romania,ROU,0,2006,math,414.796,4.2088,data/pisa/2025/annex_tables/mrq53f.xlsx,Table I.B1.2a.38,Table I.B1.2a.38!D84
Romania,ROU,0,2009,math,427.079,3.4056,data/pisa/2025/annex_tables/mrq53f.xlsx,Table I.B1.2a.38,Table I.B1.2a.38!F84
Romania,ROU,0,2012,math,444.554,3.7606,data/pisa/2025/annex_tables/mrq53f.xlsx,Table I.B1.2a.38,Table I.B1.2a.38!H84
Romania,ROU,0,2015,math,443.954,3.785,data/pisa/2025/annex_tables/mrq53f.xlsx,Table I.B1.2a.38,Table I.B1.2a.38!J84
Romania,ROU,0,2018,math,429.917,4.9038,data/pisa/2025/annex_tables/mrq53f.xlsx,Table I.B1.2a.38,Table I.B1.2a.38!L84
Romania,ROU,0,2022,math,427.76,3.9984,data/pisa/2025/annex_tables/mrq53f.xlsx,Table I.B1.2a.38,Table I.B1.2a.38!N84
Romania,ROU,0,2025,math,419.124,4.5329,data/pisa/2025/annex_tables/mrq53f.xlsx,Table I.B1.2a.38,Table I.B1.2a.38!P84
Rwanda,RWA,0,2025,math,311.648,3.0251,data/pisa/2025/annex_tables/mrq53f.xlsx,Table I.B1.2a.38,Table I.B1.2a.38!P85
Saudi Arabia,SAU,0,2018,math,373.239,2.9893,data/pisa/2025/annex_tables/mrq53f.xlsx,Table I.B1.2a.38,Table I.B1.2a.38!L86
Saudi Arabia,SAU,0,2022,math,388.782,1.7582,data/pisa/2025/annex_tables/mrq53f.xlsx,Table I.B1.2a.38,Table I.B1.2a.38!N86
Saudi Arabia,SAU,0,2025,math,389.886,2.4,data/pisa/2025/annex_tables/mrq53f.xlsx,Table I.B1.2a.38,Table I.B1.2a.38!P86
Serbia,SRB,0,2006,math,435.375,3.5103,data/pisa/2025/annex_tables/mrq53f.xlsx,Table I.B1.2a.38,Table I.B1.2a.38!D87
Serbia,SRB,0,2009,math,442.382,2.9231,data/pisa/2025/annex_tables/mrq53f.xlsx,Table I.B1.2a.38,Table I.B1.2a.38!F87
Serbia,SRB,0,2012,math,448.859,3.3886,data/pisa/2025/annex_tables/mrq53f.xlsx,Table I.B1.2a.38,Table I.B1.2a.38!H87
Serbia,SRB,0,2018,math,448.283,3.1579,data/pisa/2025/annex_tables/mrq53f.xlsx,Table I.B1.2a.38,Table I.B1.2a.38!L87
Serbia,SRB,0,2022,math,439.877,2.9741,data/pisa/2025/annex_tables/mrq53f.xlsx,Table I.B1.2a.38,Table I.B1.2a.38!N87
Serbia,SRB,0,2025,math,416.735,2.9969,data/pisa/2025/annex_tables/mrq53f.xlsx,Table I.B1.2a.38,Table I.B1.2a.38!P87
Singapore,SGP,0,2009,math,562.019,1.4399,data/pisa/2025/annex_tables/mrq53f.xlsx,Table I.B1.2a.38,Table I.B1.2a.38!F88
Singapore,SGP,0,2012,math,573.468,1.3226,data/pisa/2025/annex_tables/mrq53f.xlsx,Table I.B1.2a.38,Table I.B1.2a.38!H88
Singapore,SGP,0,2015,math,564.19,1.4663,data/pisa/2025/annex_tables/mrq53f.xlsx,Table I.B1.2a.38,Table I.B1.2a.38!J88
Singapore,SGP,0,2018,math,569.008,1.603,data/pisa/2025/annex_tables/mrq53f.xlsx,Table I.B1.2a.38,Table I.B1.2a.38!L88
Singapore,SGP,0,2022,math,574.664,1.2328,data/pisa/2025/annex_tables/mrq53f.xlsx,Table I.B1.2a.38,Table I.B1.2a.38!N88
Singapore,SGP,0,2025,math,562.897,1.5716,data/pisa/2025/annex_tables/mrq53f.xlsx,Table I.B1.2a.38,Table I.B1.2a.38!P88
Slovak Republic,SVK,1,2003,math,498.183,3.3475,data/pisa/2025/annex_tables/mrq53f.xlsx,Table I.B1.2a.38,Table I.B1.2a.38!B89
Slovak Republic,SVK,1,2006,math,492.106,2.8235,data/pisa/2025/annex_tables/mrq53f.xlsx,Table I.B1.2a.38,Table I.B1.2a.38!D89
Slovak Republic,SVK,1,2009,math,496.683,3.0825,data/pisa/2025/annex_tables/mrq53f.xlsx,Table I.B1.2a.38,Table I.B1.2a.38!F89
Slovak Republic,SVK,1,2012,math,481.645,3.4261,data/pisa/2025/annex_tables/mrq53f.xlsx,Table I.B1.2a.38,Table I.B1.2a.38!H89
Slovak Republic,SVK,1,2015,math,475.23,2.6584,data/pisa/2025/annex_tables/mrq53f.xlsx,Table I.B1.2a.38,Table I.B1.2a.38!J89
Slovak Republic,SVK,1,2018,math,486.165,2.5556,data/pisa/2025/annex_tables/mrq53f.xlsx,Table I.B1.2a.38,Table I.B1.2a.38!L89
Slovak Republic,SVK,1,2022,math,463.995,2.8929,data/pisa/2025/annex_tables/mrq53f.xlsx,Table I.B1.2a.38,Table I.B1.2a.38!N89
Slovak Republic,SVK,1,2025,math,469.098,2.4458,data/pisa/2025/annex_tables/mrq53f.xlsx,Table I.B1.2a.38,Table I.B1.2a.38!P89
Slovenia,SVN,1,2006,math,504.456,1.0428,data/pisa/2025/annex_tables/mrq53f.xlsx,Table I.B1.2a.38,Table I.B1.2a.38!D90
Slovenia,SVN,1,2009,math,501.472,1.2251,data/pisa/2025/annex_tables/mrq53f.xlsx,Table I.B1.2a.38,Table I.B1.2a.38!F90
Slovenia,SVN,1,2012,math,501.127,1.233,data/pisa/2025/annex_tables/mrq53f.xlsx,Table I.B1.2a.38,Table I.B1.2a.38!H90
Slovenia,SVN,1,2015,math,509.92,1.2563,data/pisa/2025/annex_tables/mrq53f.xlsx,Table I.B1.2a.38,Table I.B1.2a.38!J90
Slovenia,SVN,1,2018,math,508.898,1.3639,data/pisa/2025/annex_tables/mrq53f.xlsx,Table I.B1.2a.38,Table I.B1.2a.38!L90
Slovenia,SVN,1,2022,math,484.529,1.2441,data/pisa/2025/annex_tables/mrq53f.xlsx,Table I.B1.2a.38,Table I.B1.2a.38!N90
Slovenia,SVN,1,2025,math,459.836,1.1858,data/pisa/2025/annex_tables/mrq53f.xlsx,Table I.B1.2a.38,Table I.B1.2a.38!P90
Spain,ESP,1,2003,math,485.108,2.4093,data/pisa/2025/annex_tables/mrq53f.xlsx,Table I.B1.2a.38,Table I.B1.2a.38!B91
Spain,ESP,1,2006,math,479.958,2.3344,data/pisa/2025/annex_tables/mrq53f.xlsx,Table I.B1.2a.38,Table I.B1.2a.38!D91
Spain,ESP,1,2009,math,483.493,2.1085,data/pisa/2025/annex_tables/mrq53f.xlsx,Table I.B1.2a.38,Table I.B1.2a.38!F91
Spain,ESP,1,2012,math,484.319,1.8961,data/pisa/2025/annex_tables/mrq53f.xlsx,Table I.B1.2a.38,Table I.B1.2a.38!H91
Spain,ESP,1,2015,math,485.843,2.1512,data/pisa/2025/annex_tables/mrq53f.xlsx,Table I.B1.2a.38,Table I.B1.2a.38!J91
Spain,ESP,1,2022,math,473.14,1.5044,data/pisa/2025/annex_tables/mrq53f.xlsx,Table I.B1.2a.38,Table I.B1.2a.38!N91
Spain,ESP,1,2025,math,457.449,1.6868,data/pisa/2025/annex_tables/mrq53f.xlsx,Table I.B1.2a.38,Table I.B1.2a.38!P91
Sweden,SWE,1,2003,math,509.046,2.5588,data/pisa/2025/annex_tables/mrq53f.xlsx,Table I.B1.2a.38,Table I.B1.2a.38!B92
Sweden,SWE,1,2006,math,502.356,2.4077,data/pisa/2025/annex_tables/mrq53f.xlsx,Table I.B1.2a.38,Table I.B1.2a.38!D92
Sweden,SWE,1,2009,math,494.238,2.8989,data/pisa/2025/annex_tables/mrq53f.xlsx,Table I.B1.2a.38,Table I.B1.2a.38!F92
Sweden,SWE,1,2012,math,478.261,2.2555,data/pisa/2025/annex_tables/mrq53f.xlsx,Table I.B1.2a.38,Table I.B1.2a.38!H92
Sweden,SWE,1,2015,math,493.918,3.1723,data/pisa/2025/annex_tables/mrq53f.xlsx,Table I.B1.2a.38,Table I.B1.2a.38!J92
Sweden,SWE,1,2018,math,502.388,2.6543,data/pisa/2025/annex_tables/mrq53f.xlsx,Table I.B1.2a.38,Table I.B1.2a.38!L92
Sweden,SWE,1,2022,math,481.766,2.0631,data/pisa/2025/annex_tables/mrq53f.xlsx,Table I.B1.2a.38,Table I.B1.2a.38!N92
Sweden,SWE,1,2025,math,464.251,2.5087,data/pisa/2025/annex_tables/mrq53f.xlsx,Table I.B1.2a.38,Table I.B1.2a.38!P92
Switzerland,CHE,1,2003,math,526.553,3.383,data/pisa/2025/annex_tables/mrq53f.xlsx,Table I.B1.2a.38,Table I.B1.2a.38!B93
Switzerland,CHE,1,2006,math,529.656,3.1534,data/pisa/2025/annex_tables/mrq53f.xlsx,Table I.B1.2a.38,Table I.B1.2a.38!D93
Switzerland,CHE,1,2009,math,533.961,3.2977,data/pisa/2025/annex_tables/mrq53f.xlsx,Table I.B1.2a.38,Table I.B1.2a.38!F93
Switzerland,CHE,1,2012,math,530.931,3.0406,data/pisa/2025/annex_tables/mrq53f.xlsx,Table I.B1.2a.38,Table I.B1.2a.38!H93
Switzerland,CHE,1,2015,math,521.251,2.9203,data/pisa/2025/annex_tables/mrq53f.xlsx,Table I.B1.2a.38,Table I.B1.2a.38!J93
Switzerland,CHE,1,2018,math,515.315,2.908,data/pisa/2025/annex_tables/mrq53f.xlsx,Table I.B1.2a.38,Table I.B1.2a.38!L93
Switzerland,CHE,1,2022,math,507.991,2.1437,data/pisa/2025/annex_tables/mrq53f.xlsx,Table I.B1.2a.38,Table I.B1.2a.38!N93
Switzerland,CHE,1,2025,math,499.147,2.5929,data/pisa/2025/annex_tables/mrq53f.xlsx,Table I.B1.2a.38,Table I.B1.2a.38!P93
Chinese Taipei,TWN,0,2006,math,549.357,4.1027,data/pisa/2025/annex_tables/mrq53f.xlsx,Table I.B1.2a.38,Table I.B1.2a.38!D94
Chinese Taipei,TWN,0,2009,math,543.182,3.3954,data/pisa/2025/annex_tables/mrq53f.xlsx,Table I.B1.2a.38,Table I.B1.2a.38!F94
Chinese Taipei,TWN,0,2012,math,559.825,3.2976,data/pisa/2025/annex_tables/mrq53f.xlsx,Table I.B1.2a.38,Table I.B1.2a.38!H94
Chinese Taipei,TWN,0,2015,math,542.321,3.0304,data/pisa/2025/annex_tables/mrq53f.xlsx,Table I.B1.2a.38,Table I.B1.2a.38!J94
Chinese Taipei,TWN,0,2018,math,531.144,2.8914,data/pisa/2025/annex_tables/mrq53f.xlsx,Table I.B1.2a.38,Table I.B1.2a.38!L94
Chinese Taipei,TWN,0,2022,math,547.094,3.7776,data/pisa/2025/annex_tables/mrq53f.xlsx,Table I.B1.2a.38,Table I.B1.2a.38!N94
Chinese Taipei,TWN,0,2025,math,546.189,3.1154,data/pisa/2025/annex_tables/mrq53f.xlsx,Table I.B1.2a.38,Table I.B1.2a.38!P94
Thailand,THA,0,2003,math,416.978,2.9983,data/pisa/2025/annex_tables/mrq53f.xlsx,Table I.B1.2a.38,Table I.B1.2a.38!B95
Thailand,THA,0,2006,math,417.073,2.3358,data/pisa/2025/annex_tables/mrq53f.xlsx,Table I.B1.2a.38,Table I.B1.2a.38!D95
Thailand,THA,0,2009,math,418.584,3.2283,data/pisa/2025/annex_tables/mrq53f.xlsx,Table I.B1.2a.38,Table I.B1.2a.38!F95
Thailand,THA,0,2012,math,426.737,3.4481,data/pisa/2025/annex_tables/mrq53f.xlsx,Table I.B1.2a.38,Table I.B1.2a.38!H95
Thailand,THA,0,2015,math,415.464,3.0343,data/pisa/2025/annex_tables/mrq53f.xlsx,Table I.B1.2a.38,Table I.B1.2a.38!J95
Thailand,THA,0,2018,math,418.556,3.4457,data/pisa/2025/annex_tables/mrq53f.xlsx,Table I.B1.2a.38,Table I.B1.2a.38!L95
Thailand,THA,0,2022,math,393.945,2.676,data/pisa/2025/annex_tables/mrq53f.xlsx,Table I.B1.2a.38,Table I.B1.2a.38!N95
Thailand,THA,0,2025,math,406.765,2.8783,data/pisa/2025/annex_tables/mrq53f.xlsx,Table I.B1.2a.38,Table I.B1.2a.38!P95
Türkiye,TUR,1,2003,math,423.419,6.7362,data/pisa/2025/annex_tables/mrq53f.xlsx,Table I.B1.2a.38,Table I.B1.2a.38!B96
Türkiye,TUR,1,2006,math,423.941,4.9011,data/pisa/2025/annex_tables/mrq53f.xlsx,Table I.B1.2a.38,Table I.B1.2a.38!D96
Türkiye,TUR,1,2009,math,445.451,4.4413,data/pisa/2025/annex_tables/mrq53f.xlsx,Table I.B1.2a.38,Table I.B1.2a.38!F96
Türkiye,TUR,1,2012,math,447.984,4.8297,data/pisa/2025/annex_tables/mrq53f.xlsx,Table I.B1.2a.38,Table I.B1.2a.38!H96
Türkiye,TUR,1,2015,math,420.454,4.1289,data/pisa/2025/annex_tables/mrq53f.xlsx,Table I.B1.2a.38,Table I.B1.2a.38!J96
Türkiye,TUR,1,2018,math,453.508,2.2604,data/pisa/2025/annex_tables/mrq53f.xlsx,Table I.B1.2a.38,Table I.B1.2a.38!L96
Türkiye,TUR,1,2022,math,453.152,1.5882,data/pisa/2025/annex_tables/mrq53f.xlsx,Table I.B1.2a.38,Table I.B1.2a.38!N96
Türkiye,TUR,1,2025,math,461.547,2.3974,data/pisa/2025/annex_tables/mrq53f.xlsx,Table I.B1.2a.38,Table I.B1.2a.38!P96
Ukrainian regions (17 of 27),QUA,0,2022,math,440.099,4.1293,data/pisa/2025/annex_tables/mrq53f.xlsx,Table I.B1.2a.38,Table I.B1.2a.38!N97
Ukrainian regions (17 of 27),QUA,0,2025,math,430.992,2.5563,data/pisa/2025/annex_tables/mrq53f.xlsx,Table I.B1.2a.38,Table I.B1.2a.38!P97
United Arab Emirates,ARE,0,2009,math,421.15,2.4618,data/pisa/2025/annex_tables/mrq53f.xlsx,Table I.B1.2a.38,Table I.B1.2a.38!F98
United Arab Emirates,ARE,0,2012,math,434.007,2.4256,data/pisa/2025/annex_tables/mrq53f.xlsx,Table I.B1.2a.38,Table I.B1.2a.38!H98
United Arab Emirates,ARE,0,2015,math,427.483,2.4077,data/pisa/2025/annex_tables/mrq53f.xlsx,Table I.B1.2a.38,Table I.B1.2a.38!J98
United Arab Emirates,ARE,0,2018,math,434.947,2.1444,data/pisa/2025/annex_tables/mrq53f.xlsx,Table I.B1.2a.38,Table I.B1.2a.38!L98
United Arab Emirates,ARE,0,2022,math,431.11,0.9493,data/pisa/2025/annex_tables/mrq53f.xlsx,Table I.B1.2a.38,Table I.B1.2a.38!N98
United Arab Emirates,ARE,0,2025,math,452.589,2.1588,data/pisa/2025/annex_tables/mrq53f.xlsx,Table I.B1.2a.38,Table I.B1.2a.38!P98
United Kingdom,GBR,1,2006,math,495.444,2.1427,data/pisa/2025/annex_tables/mrq53f.xlsx,Table I.B1.2a.38,Table I.B1.2a.38!D99
United Kingdom,GBR,1,2009,math,492.414,2.4204,data/pisa/2025/annex_tables/mrq53f.xlsx,Table I.B1.2a.38,Table I.B1.2a.38!F99
United Kingdom,GBR,1,2012,math,493.934,3.2965,data/pisa/2025/annex_tables/mrq53f.xlsx,Table I.B1.2a.38,Table I.B1.2a.38!H99
United Kingdom,GBR,1,2015,math,492.479,2.4965,data/pisa/2025/annex_tables/mrq53f.xlsx,Table I.B1.2a.38,Table I.B1.2a.38!J99
United Kingdom,GBR,1,2018,math,501.77,2.5644,data/pisa/2025/annex_tables/mrq53f.xlsx,Table I.B1.2a.38,Table I.B1.2a.38!L99
United Kingdom,GBR,1,2022,math,488.975,2.218,data/pisa/2025/annex_tables/mrq53f.xlsx,Table I.B1.2a.38,Table I.B1.2a.38!N99
United Kingdom,GBR,1,2025,math,487.574,2.1993,data/pisa/2025/annex_tables/mrq53f.xlsx,Table I.B1.2a.38,Table I.B1.2a.38!P99
United States,USA,1,2003,math,482.883,2.949,data/pisa/2025/annex_tables/mrq53f.xlsx,Table I.B1.2a.38,Table I.B1.2a.38!B100
United States,USA,1,2006,math,474.352,4.0205,data/pisa/2025/annex_tables/mrq53f.xlsx,Table I.B1.2a.38,Table I.B1.2a.38!D100
United States,USA,1,2009,math,487.397,3.5741,data/pisa/2025/annex_tables/mrq53f.xlsx,Table I.B1.2a.38,Table I.B1.2a.38!F100
United States,USA,1,2012,math,481.367,3.5971,data/pisa/2025/annex_tables/mrq53f.xlsx,Table I.B1.2a.38,Table I.B1.2a.38!H100
United States,USA,1,2015,math,469.628,3.1664,data/pisa/2025/annex_tables/mrq53f.xlsx,Table I.B1.2a.38,Table I.B1.2a.38!J100
United States,USA,1,2018,math,478.245,3.2354,data/pisa/2025/annex_tables/mrq53f.xlsx,Table I.B1.2a.38,Table I.B1.2a.38!L100
United States,USA,1,2022,math,464.888,4.0067,data/pisa/2025/annex_tables/mrq53f.xlsx,Table I.B1.2a.38,Table I.B1.2a.38!N100
United States,USA,1,2025,math,462.848,5.3968,data/pisa/2025/annex_tables/mrq53f.xlsx,Table I.B1.2a.38,Table I.B1.2a.38!P100
Uruguay,URY,0,2003,math,422.2,3.2854,data/pisa/2025/annex_tables/mrq53f.xlsx,Table I.B1.2a.38,Table I.B1.2a.38!B101
Uruguay,URY,0,2006,math,426.799,2.6051,data/pisa/2025/annex_tables/mrq53f.xlsx,Table I.B1.2a.38,Table I.B1.2a.38!D101
Uruguay,URY,0,2009,math,426.724,2.5875,data/pisa/2025/annex_tables/mrq53f.xlsx,Table I.B1.2a.38,Table I.B1.2a.38!F101
Uruguay,URY,0,2012,math,409.292,2.7638,data/pisa/2025/annex_tables/mrq53f.xlsx,Table I.B1.2a.38,Table I.B1.2a.38!H101
Uruguay,URY,0,2015,math,417.992,2.496,data/pisa/2025/annex_tables/mrq53f.xlsx,Table I.B1.2a.38,Table I.B1.2a.38!J101
Uruguay,URY,0,2018,math,417.662,2.6324,data/pisa/2025/annex_tables/mrq53f.xlsx,Table I.B1.2a.38,Table I.B1.2a.38!L101
Uruguay,URY,0,2022,math,408.712,2.0239,data/pisa/2025/annex_tables/mrq53f.xlsx,Table I.B1.2a.38,Table I.B1.2a.38!N101
Uruguay,URY,0,2025,math,404.879,1.9452,data/pisa/2025/annex_tables/mrq53f.xlsx,Table I.B1.2a.38,Table I.B1.2a.38!P101
Uzbekistan,UZB,0,2022,math,363.935,2.019,data/pisa/2025/annex_tables/mrq53f.xlsx,Table I.B1.2a.38,Table I.B1.2a.38!N102
Viet Nam,VNM,0,2025,math,443.186,4.2426,data/pisa/2025/annex_tables/mrq53f.xlsx,Table I.B1.2a.38,Table I.B1.2a.38!P103
Zambia,ZMB,0,2018,math,258.472,3.8826,data/pisa/2025/annex_tables/mrq53f.xlsx,Table I.B1.2a.38,Table I.B1.2a.38!L104
Zambia,ZMB,0,2025,math,313.633,9.2748,data/pisa/2025/annex_tables/mrq53f.xlsx,Table I.B1.2a.38,Table I.B1.2a.38!P104
Albania,ALB,0,2009,math,377.461,3.9798,data/pisa/2025/annex_tables/mrq53f.xlsx,Table I.B1.2a.38,Table I.B1.2a.38!F106
Albania,ALB,0,2012,math,394.329,2.0016,data/pisa/2025/annex_tables/mrq53f.xlsx,Table I.B1.2a.38,Table I.B1.2a.38!H106
Albania,ALB,0,2015,math,413.157,3.4479,data/pisa/2025/annex_tables/mrq53f.xlsx,Table I.B1.2a.38,Table I.B1.2a.38!J106
Albania,ALB,0,2018,math,437.222,2.421,data/pisa/2025/annex_tables/mrq53f.xlsx,Table I.B1.2a.38,Table I.B1.2a.38!L106
Albania,ALB,0,2022,math,368.222,2.0863,data/pisa/2025/annex_tables/mrq53f.xlsx,Table I.B1.2a.38,Table I.B1.2a.38!N106
Albania,ALB,0,2025,math,432.817,2.8952,data/pisa/2025/annex_tables/mrq53f.xlsx,Table I.B1.2a.38,Table I.B1.2a.38!P106
OECD average,OECD,,2025,cps2025,500.0,0.4012,data/pisa/2025/annex_tables/mrq53f.xlsx,Table I.B1.2a.4,Table I.B1.2a.4!B10
OECD total,OECD_TOT,,2025,cps2025,499.41,1.4002,data/pisa/2025/annex_tables/mrq53f.xlsx,Table I.B1.2a.4,Table I.B1.2a.4!B13
Albania,ALB,0,2025,cps2025,436.987,2.6287,data/pisa/2025/annex_tables/mrq53f.xlsx,Table I.B1.2a.4,Table I.B1.2a.4!B14
Argentina,ARG,0,2025,cps2025,403.34,3.3028,data/pisa/2025/annex_tables/mrq53f.xlsx,Table I.B1.2a.4,Table I.B1.2a.4!B15
Armenia,ARM,0,2025,cps2025,354.366,2.7196,data/pisa/2025/annex_tables/mrq53f.xlsx,Table I.B1.2a.4,Table I.B1.2a.4!B16
Australia,AUS,1,2025,cps2025,531.76,1.7351,data/pisa/2025/annex_tables/mrq53f.xlsx,Table I.B1.2a.4,Table I.B1.2a.4!B17
Austria,AUT,1,2025,cps2025,509.454,2.5715,data/pisa/2025/annex_tables/mrq53f.xlsx,Table I.B1.2a.4,Table I.B1.2a.4!B18
Azerbaijan,AZE,0,2025,cps2025,387.832,3.5039,data/pisa/2025/annex_tables/mrq53f.xlsx,Table I.B1.2a.4,Table I.B1.2a.4!B19
Belgium,BEL,1,2025,cps2025,508.149,2.5399,data/pisa/2025/annex_tables/mrq53f.xlsx,Table I.B1.2a.4,Table I.B1.2a.4!B20
Brazil,BRA,0,2025,cps2025,405.55,1.9837,data/pisa/2025/annex_tables/mrq53f.xlsx,Table I.B1.2a.4,Table I.B1.2a.4!B21
Brunei Darussalam,BRN,0,2025,cps2025,496.336,0.8181,data/pisa/2025/annex_tables/mrq53f.xlsx,Table I.B1.2a.4,Table I.B1.2a.4!B22
B-S-J-Z (China),QCI,0,2025,cps2025,560.305,1.6165,data/pisa/2025/annex_tables/mrq53f.xlsx,Table I.B1.2a.4,Table I.B1.2a.4!B23
Bulgaria,BGR,0,2025,cps2025,425.307,4.0649,data/pisa/2025/annex_tables/mrq53f.xlsx,Table I.B1.2a.4,Table I.B1.2a.4!B24
Canada,CAN,1,2025,cps2025,524.878,1.5732,data/pisa/2025/annex_tables/mrq53f.xlsx,Table I.B1.2a.4,Table I.B1.2a.4!B26
Chile,CHL,1,2025,cps2025,466.232,2.7039,data/pisa/2025/annex_tables/mrq53f.xlsx,Table I.B1.2a.4,Table I.B1.2a.4!B27
Colombia,COL,1,2025,cps2025,431.789,3.879,data/pisa/2025/annex_tables/mrq53f.xlsx,Table I.B1.2a.4,Table I.B1.2a.4!B28
Costa Rica,CRI,1,2025,cps2025,451.916,2.3684,data/pisa/2025/annex_tables/mrq53f.xlsx,Table I.B1.2a.4,Table I.B1.2a.4!B29
Croatia,HRV,0,2025,cps2025,463.784,1.9554,data/pisa/2025/annex_tables/mrq53f.xlsx,Table I.B1.2a.4,Table I.B1.2a.4!B30
Cyprus,CYP,0,2025,cps2025,427.151,1.8977,data/pisa/2025/annex_tables/mrq53f.xlsx,Table I.B1.2a.4,Table I.B1.2a.4!B31
Czechia,CZE,1,2025,cps2025,516.528,2.3415,data/pisa/2025/annex_tables/mrq53f.xlsx,Table I.B1.2a.4,Table I.B1.2a.4!B32
Denmark,DNK,1,2025,cps2025,505.879,2.3213,data/pisa/2025/annex_tables/mrq53f.xlsx,Table I.B1.2a.4,Table I.B1.2a.4!B33
Dominican Republic,DOM,0,2025,cps2025,378.766,2.8491,data/pisa/2025/annex_tables/mrq53f.xlsx,Table I.B1.2a.4,Table I.B1.2a.4!B34
Ecuador,ECU,0,2025,cps2025,421.908,2.4378,data/pisa/2025/annex_tables/mrq53f.xlsx,Table I.B1.2a.4,Table I.B1.2a.4!B36
El Salvador,SLV,0,2025,cps2025,401.347,2.5091,data/pisa/2025/annex_tables/mrq53f.xlsx,Table I.B1.2a.4,Table I.B1.2a.4!B37
Estonia,EST,1,2025,cps2025,540.676,1.7657,data/pisa/2025/annex_tables/mrq53f.xlsx,Table I.B1.2a.4,Table I.B1.2a.4!B38
Finland,FIN,1,2025,cps2025,506.649,2.1344,data/pisa/2025/annex_tables/mrq53f.xlsx,Table I.B1.2a.4,Table I.B1.2a.4!B39
France,FRA,1,2025,cps2025,497.49,2.9254,data/pisa/2025/annex_tables/mrq53f.xlsx,Table I.B1.2a.4,Table I.B1.2a.4!B40
Georgia,GEO,0,2025,cps2025,413.337,2.7898,data/pisa/2025/annex_tables/mrq53f.xlsx,Table I.B1.2a.4,Table I.B1.2a.4!B41
Germany,DEU,1,2025,cps2025,497.538,2.7638,data/pisa/2025/annex_tables/mrq53f.xlsx,Table I.B1.2a.4,Table I.B1.2a.4!B42
Greece,GRC,1,2025,cps2025,461.01,2.9802,data/pisa/2025/annex_tables/mrq53f.xlsx,Table I.B1.2a.4,Table I.B1.2a.4!B43
Guatemala,GTM,0,2025,cps2025,369.062,3.2928,data/pisa/2025/annex_tables/mrq53f.xlsx,Table I.B1.2a.4,Table I.B1.2a.4!B44
Hong Kong (China),HKG,0,2025,cps2025,545.487,2.3685,data/pisa/2025/annex_tables/mrq53f.xlsx,Table I.B1.2a.4,Table I.B1.2a.4!B45
Hungary,HUN,1,2025,cps2025,495.034,2.486,data/pisa/2025/annex_tables/mrq53f.xlsx,Table I.B1.2a.4,Table I.B1.2a.4!B46
Iceland,ISL,1,2025,cps2025,489.771,1.8519,data/pisa/2025/annex_tables/mrq53f.xlsx,Table I.B1.2a.4,Table I.B1.2a.4!B47
Indonesia,IDN,0,2025,cps2025,426.86,2.6028,data/pisa/2025/annex_tables/mrq53f.xlsx,Table I.B1.2a.4,Table I.B1.2a.4!B48
Ireland,IRL,1,2025,cps2025,511.429,1.6055,data/pisa/2025/annex_tables/mrq53f.xlsx,Table I.B1.2a.4,Table I.B1.2a.4!B49
Israel,ISR,1,2025,cps2025,443.765,3.3138,data/pisa/2025/annex_tables/mrq53f.xlsx,Table I.B1.2a.4,Table I.B1.2a.4!B50
Italy,ITA,1,2025,cps2025,490.026,2.2026,data/pisa/2025/annex_tables/mrq53f.xlsx,Table I.B1.2a.4,Table I.B1.2a.4!B51
Japan,JPN,1,2025,cps2025,557.32,3.1667,data/pisa/2025/annex_tables/mrq53f.xlsx,Table I.B1.2a.4,Table I.B1.2a.4!B52
Jordan,JOR,0,2025,cps2025,407.793,2.2902,data/pisa/2025/annex_tables/mrq53f.xlsx,Table I.B1.2a.4,Table I.B1.2a.4!B53
Kazakhstan,KAZ,0,2025,cps2025,448.855,1.4029,data/pisa/2025/annex_tables/mrq53f.xlsx,Table I.B1.2a.4,Table I.B1.2a.4!B54
Kenya,KEN,0,2025,cps2025,277.891,3.5763,data/pisa/2025/annex_tables/mrq53f.xlsx,Table I.B1.2a.4,Table I.B1.2a.4!B55
Korea,KOR,1,2025,cps2025,537.652,2.9343,data/pisa/2025/annex_tables/mrq53f.xlsx,Table I.B1.2a.4,Table I.B1.2a.4!B56
Kosovo,XKX,0,2025,cps2025,358.933,1.8395,data/pisa/2025/annex_tables/mrq53f.xlsx,Table I.B1.2a.4,Table I.B1.2a.4!B57
Kyrgyzstan,KGZ,0,2025,cps2025,387.83,2.3068,data/pisa/2025/annex_tables/mrq53f.xlsx,Table I.B1.2a.4,Table I.B1.2a.4!B59
Latvia,LVA,1,2025,cps2025,506.806,1.7836,data/pisa/2025/annex_tables/mrq53f.xlsx,Table I.B1.2a.4,Table I.B1.2a.4!B60
Lebanon,LBN,0,2025,cps2025,358.172,3.9906,data/pisa/2025/annex_tables/mrq53f.xlsx,Table I.B1.2a.4,Table I.B1.2a.4!B61
Lithuania,LTU,1,2025,cps2025,511.782,1.6539,data/pisa/2025/annex_tables/mrq53f.xlsx,Table I.B1.2a.4,Table I.B1.2a.4!B62
Luxembourg,LUX,1,2025,cps2025,505.643,1.2519,data/pisa/2025/annex_tables/mrq53f.xlsx,Table I.B1.2a.4,Table I.B1.2a.4!B63
Macao (China),MAC,0,2025,cps2025,571.902,1.01,data/pisa/2025/annex_tables/mrq53f.xlsx,Table I.B1.2a.4,Table I.B1.2a.4!B64
Malaysia,MYS,0,2025,cps2025,484.118,1.7764,data/pisa/2025/annex_tables/mrq53f.xlsx,Table I.B1.2a.4,Table I.B1.2a.4!B65
Malta,MLT,0,2025,cps2025,462.578,2.1917,data/pisa/2025/annex_tables/mrq53f.xlsx,Table I.B1.2a.4,Table I.B1.2a.4!B66
Mexico,MEX,1,2025,cps2025,452.951,2.0128,data/pisa/2025/annex_tables/mrq53f.xlsx,Table I.B1.2a.4,Table I.B1.2a.4!B68
Moldova,MDA,0,2025,cps2025,452.268,2.4327,data/pisa/2025/annex_tables/mrq53f.xlsx,Table I.B1.2a.4,Table I.B1.2a.4!B69
Mongolia,MNG,0,2025,cps2025,442.997,2.07,data/pisa/2025/annex_tables/mrq53f.xlsx,Table I.B1.2a.4,Table I.B1.2a.4!B70
Montenegro,MNE,0,2025,cps2025,423.133,1.5012,data/pisa/2025/annex_tables/mrq53f.xlsx,Table I.B1.2a.4,Table I.B1.2a.4!B71
Morocco,MAR,0,2025,cps2025,373.875,3.6383,data/pisa/2025/annex_tables/mrq53f.xlsx,Table I.B1.2a.4,Table I.B1.2a.4!B72
Netherlands,NLD,1,2025,cps2025,506.13,2.4887,data/pisa/2025/annex_tables/mrq53f.xlsx,Table I.B1.2a.4,Table I.B1.2a.4!B73
New Zealand,NZL,1,2025,cps2025,530.854,1.6284,data/pisa/2025/annex_tables/mrq53f.xlsx,Table I.B1.2a.4,Table I.B1.2a.4!B74
North Macedonia,MKD,0,2025,cps2025,389.093,1.436,data/pisa/2025/annex_tables/mrq53f.xlsx,Table I.B1.2a.4,Table I.B1.2a.4!B75
Norway,NOR,1,2025,cps2025,491.058,2.0218,data/pisa/2025/annex_tables/mrq53f.xlsx,Table I.B1.2a.4,Table I.B1.2a.4!B76
Palestinian Authority,PSE,0,2025,cps2025,393.452,2.4525,data/pisa/2025/annex_tables/mrq53f.xlsx,Table I.B1.2a.4,Table I.B1.2a.4!B77
Paraguay,PRY,0,2025,cps2025,352.491,2.522,data/pisa/2025/annex_tables/mrq53f.xlsx,Table I.B1.2a.4,Table I.B1.2a.4!B78
Peru,PER,0,2025,cps2025,436.318,2.7206,data/pisa/2025/annex_tables/mrq53f.xlsx,Table I.B1.2a.4,Table I.B1.2a.4!B79
Philippines,PHL,0,2025,cps2025,434.448,1.9642,data/pisa/2025/annex_tables/mrq53f.xlsx,Table I.B1.2a.4,Table I.B1.2a.4!B80
Poland,POL,1,2025,cps2025,506.678,2.8995,data/pisa/2025/annex_tables/mrq53f.xlsx,Table I.B1.2a.4,Table I.B1.2a.4!B81
Portugal,PRT,1,2025,cps2025,500.569,2.9193,data/pisa/2025/annex_tables/mrq53f.xlsx,Table I.B1.2a.4,Table I.B1.2a.4!B82
Qatar,QAT,0,2025,cps2025,452.186,1.5627,data/pisa/2025/annex_tables/mrq53f.xlsx,Table I.B1.2a.4,Table I.B1.2a.4!B83
Romania,ROU,0,2025,cps2025,442.152,4.1911,data/pisa/2025/annex_tables/mrq53f.xlsx,Table I.B1.2a.4,Table I.B1.2a.4!B84
Saudi Arabia,SAU,0,2025,cps2025,425.806,2.8238,data/pisa/2025/annex_tables/mrq53f.xlsx,Table I.B1.2a.4,Table I.B1.2a.4!B86
Serbia,SRB,0,2025,cps2025,437.488,3.2466,data/pisa/2025/annex_tables/mrq53f.xlsx,Table I.B1.2a.4,Table I.B1.2a.4!B87
Singapore,SGP,0,2025,cps2025,563.468,1.4226,data/pisa/2025/annex_tables/mrq53f.xlsx,Table I.B1.2a.4,Table I.B1.2a.4!B88
Slovak Republic,SVK,1,2025,cps2025,496.829,2.2919,data/pisa/2025/annex_tables/mrq53f.xlsx,Table I.B1.2a.4,Table I.B1.2a.4!B89
Slovenia,SVN,1,2025,cps2025,485.882,1.361,data/pisa/2025/annex_tables/mrq53f.xlsx,Table I.B1.2a.4,Table I.B1.2a.4!B90
Spain,ESP,1,2025,cps2025,498.791,1.8617,data/pisa/2025/annex_tables/mrq53f.xlsx,Table I.B1.2a.4,Table I.B1.2a.4!B91
Sweden,SWE,1,2025,cps2025,502.624,2.2417,data/pisa/2025/annex_tables/mrq53f.xlsx,Table I.B1.2a.4,Table I.B1.2a.4!B92
Switzerland,CHE,1,2025,cps2025,519.809,2.2686,data/pisa/2025/annex_tables/mrq53f.xlsx,Table I.B1.2a.4,Table I.B1.2a.4!B93
Chinese Taipei,TWN,0,2025,cps2025,550.898,2.3913,data/pisa/2025/annex_tables/mrq53f.xlsx,Table I.B1.2a.4,Table I.B1.2a.4!B94
Thailand,THA,0,2025,cps2025,476.105,2.5265,data/pisa/2025/annex_tables/mrq53f.xlsx,Table I.B1.2a.4,Table I.B1.2a.4!B95
Türkiye,TUR,1,2025,cps2025,472.856,1.9424,data/pisa/2025/annex_tables/mrq53f.xlsx,Table I.B1.2a.4,Table I.B1.2a.4!B96
Ukrainian regions (17 of 27),QUA,0,2025,cps2025,477.538,2.2185,data/pisa/2025/annex_tables/mrq53f.xlsx,Table I.B1.2a.4,Table I.B1.2a.4!B97
United Arab Emirates,ARE,0,2025,cps2025,475.553,1.5218,data/pisa/2025/annex_tables/mrq53f.xlsx,Table I.B1.2a.4,Table I.B1.2a.4!B98
United Kingdom,GBR,1,2025,cps2025,522.57,1.9471,data/pisa/2025/annex_tables/mrq53f.xlsx,Table I.B1.2a.4,Table I.B1.2a.4!B99
United States,USA,1,2025,cps2025,513.223,5.0905,data/pisa/2025/annex_tables/mrq53f.xlsx,Table I.B1.2a.4,Table I.B1.2a.4!B100
Uruguay,URY,0,2025,cps2025,461.866,1.9603,data/pisa/2025/annex_tables/mrq53f.xlsx,Table I.B1.2a.4,Table I.B1.2a.4!B101
Uzbekistan,UZB,0,2025,cps2025,402.366,1.8516,data/pisa/2025/annex_tables/mrq53f.xlsx,Table I.B1.2a.4,Table I.B1.2a.4!B102
Viet Nam,VNM,0,2025,cps2025,461.387,2.9733,data/pisa/2025/annex_tables/mrq53f.xlsx,Table I.B1.2a.4,Table I.B1.2a.4!B103
