block,cell_id,off_criteria,n_off,c1,c2,c3,c4,adjust,outcome,n_donors,loo_top_gap_2025,loo_top_new_top,pre,pre_rmspe,post_rmspe,ratio,gap_2015,gap_2018,gap_2022,gap_2025,post_gap_mean,p_gap,p_ratio,rank_gap,rank_ratio,donors_json,top_donor,top_w,levels_pre_rmspe,convex_hull_ok,contamination,note,floor,missing_policy,baseline_gap_2025,flip_sign,delta_vs_baseline
A_ladder,S0,none,0,True,L1,on,True,,math,5,31.6,JPN=1.00,2003 2006 2009 2012,9.44,33.91,3.59,-8.7,30.2,32.8,50.4,26.2,0.167,0.333,1/6,2/6,"{""CHE"": 0.726, ""JPN"": 0.274, ""BEL"": 0.0, ""FRA"": 0.0, ""ISL"": 0.0}",CHE,0.726,66.3,False,"{""treated_classes"": [], ""ambiguous"": [], ""unscreened"": [], ""paper2015"": [], ""asterisk"": [], ""non_oecd"": [], ""below_tur_libdem13"": [], ""libdem_missing"": []}",,,,50.4,False,0.0
A_ladder,S0,none,0,True,L1,on,True,,reading,5,53.3,FRA=0.78,2003 2006 2009 2012,2.61,24.53,9.41,-28.7,19.8,4.9,34.1,7.6,0.333,0.167,2/6,1/6,"{""JPN"": 0.79, ""ISL"": 0.106, ""CHE"": 0.104, ""FRA"": 0.0, ""BEL"": 0.0}",JPN,0.79,36.5,False,"{""treated_classes"": [], ""ambiguous"": [], ""unscreened"": [], ""paper2015"": [], ""asterisk"": [], ""non_oecd"": [], ""below_tur_libdem13"": [], ""libdem_missing"": []}",,,,34.1,False,0.0
A_ladder,S0,none,0,True,L1,on,True,,science,8,29.6,COL=1.00,2006 2009 2012,10.94,32.61,2.98,-20.8,31.3,21.4,48.8,20.2,0.222,0.889,2/9,8/9,"{""JPN"": 1.0, ""COL"": 0.0, ""LTU"": 0.0, ""ISL"": 0.0, ""FRA"": 0.0, ""EST"": 0.0, ""BEL"": 0.0, ""CHE"": 0.0}",JPN,1.0,11.4,True,"{""treated_classes"": [], ""ambiguous"": [], ""unscreened"": [], ""paper2015"": [], ""asterisk"": [], ""non_oecd"": [], ""below_tur_libdem13"": [], ""libdem_missing"": []}",,,,48.8,False,0.0
A_ladder,S1,C1,1,False,L1,on,True,,math,5,31.6,JPN=1.00,2003 2006 2009 2012,9.44,33.91,3.59,-8.7,30.2,32.8,50.4,26.2,0.167,0.333,1/6,2/6,"{""CHE"": 0.726, ""JPN"": 0.274, ""BEL"": 0.0, ""FRA"": 0.0, ""ISL"": 0.0}",CHE,0.726,66.3,False,"{""treated_classes"": [], ""ambiguous"": [], ""unscreened"": [], ""paper2015"": [], ""asterisk"": [], ""non_oecd"": [], ""below_tur_libdem13"": [], ""libdem_missing"": []}",,,,50.4,False,0.0
A_ladder,S1,C1,1,False,L1,on,True,,reading,5,53.3,FRA=0.78,2003 2006 2009 2012,2.61,24.53,9.41,-28.7,19.8,4.9,34.1,7.6,0.333,0.167,2/6,1/6,"{""JPN"": 0.79, ""ISL"": 0.106, ""CHE"": 0.104, ""FRA"": 0.0, ""BEL"": 0.0}",JPN,0.79,36.5,False,"{""treated_classes"": [], ""ambiguous"": [], ""unscreened"": [], ""paper2015"": [], ""asterisk"": [], ""non_oecd"": [], ""below_tur_libdem13"": [], ""libdem_missing"": []}",,,,34.1,False,0.0
A_ladder,S1,C1,1,False,L1,on,True,,science,11,48.8,JPN=1.00,2006 2009 2012,2.49,41.07,16.5,-68.4,-27.1,-32.7,-16.4,-36.1,1.0,0.667,12/12,8/12,"{""QAT"": 1.0, ""EST"": 0.0, ""JPN"": 0.0, ""BGR"": 0.0, ""LTU"": 0.0, ""BEL"": 0.0, ""CHE"": 0.0, ""COL"": 0.0, ""FRA"": 0.0, ""ISL"": 0.0, ""TWN"": 0.0}",QAT,1.0,5.8,True,"{""treated_classes"": [], ""ambiguous"": [], ""unscreened"": [], ""paper2015"": [], ""asterisk"": [], ""non_oecd"": [""BGR"", ""QAT"", ""TWN""], ""below_tur_libdem13"": [""QAT""], ""libdem_missing"": []}",,,,48.8,True,-65.2
A_ladder,S2,C2,1,True,L3,on,True,,math,16,40.5,MEX=0.55,2003 2006 2009 2012,1.4,25.12,17.98,-28.3,7.2,21.9,34.5,8.8,0.353,0.471,6/17,8/17,"{""ITA"": 0.833, ""MEX"": 0.167, ""POL"": 0.0, ""DEU"": 0.0, ""ISL"": 0.0, ""BEL"": 0.0, ""JPN"": 0.0, ""KOR"": 0.0, ""GRC"": 0.0, ""CHE"": 0.0, ""HUN"": 0.0, ""SVK"": 0.0, ""FIN"": 0.0, ""CZE"": 0.0, ""FRA"": 0.0, ""SWE"": 0.0}",ITA,0.833,3.9,True,"{""treated_classes"": [""CZE"", ""GRC"", ""HUN"", ""ITA"", ""KOR"", ""MEX"", ""POL"", ""SVK""], ""ambiguous"": [""DEU"", ""FIN"", ""SWE""], ""unscreened"": [], ""paper2015"": [], ""asterisk"": [], ""non_oecd"": [], ""below_tur_libdem13"": [], ""libdem_missing"": []}",kirlenme: tedavi/otokratikleşen sınıf donörde (8: CZE GRC HUN ITA KOR MEX POL SVK); ambiguous sınıf (DEU FIN SWE),,,50.4,False,-15.9
A_ladder,S2,C2,1,True,L3,on,True,,reading,16,22.9,MEX=0.68,2003 2006 2009 2012,0.65,21.66,33.07,-33.2,11.8,-1.6,25.2,0.6,0.471,0.471,8/17,8/17,"{""JPN"": 0.579, ""MEX"": 0.369, ""POL"": 0.053, ""GRC"": 0.0, ""ISL"": 0.0, ""ITA"": 0.0, ""SVK"": 0.0, ""FRA"": 0.0, ""BEL"": 0.0, ""CZE"": 0.0, ""HUN"": 0.0, ""SWE"": 0.0, ""KOR"": 0.0, ""DEU"": 0.0, ""FIN"": 0.0, ""CHE"": 0.0}",JPN,0.579,1.8,True,"{""treated_classes"": [""CZE"", ""GRC"", ""HUN"", ""ITA"", ""KOR"", ""MEX"", ""POL"", ""SVK""], ""ambiguous"": [""DEU"", ""FIN"", ""SWE""], ""unscreened"": [], ""paper2015"": [], ""asterisk"": [], ""non_oecd"": [], ""below_tur_libdem13"": [], ""libdem_missing"": []}",kirlenme: tedavi/otokratikleşen sınıf donörde (8: CZE GRC HUN ITA KOR MEX POL SVK); ambiguous sınıf (DEU FIN SWE),,,34.1,False,-8.9
A_ladder,S2,C2,1,True,L3,on,True,,science,22,50.2,ITA=1.00,2006 2009 2012,7.95,38.32,4.82,-10.7,24.0,38.8,60.7,28.2,0.13,0.913,3/23,21/23,"{""POL"": 0.772, ""KOR"": 0.228, ""COL"": 0.0, ""ISL"": 0.0, ""ITA"": 0.0, ""CHL"": 0.0, ""SVK"": 0.0, ""MEX"": 0.0, ""CHE"": 0.0, ""JPN"": 0.0, ""DEU"": 0.0, ""FRA"": 0.0, ""HUN"": 0.0, ""BEL"": 0.0, ""CZE"": 0.0, ""EST"": 0.0, ""FIN"": 0.0, ""GRC"": 0.0, ""ISR"": 0.0, ""LTU"": 0.0, ""SVN"": 0.0, ""SWE"": 0.0}",POL,0.772,9.3,True,"{""treated_classes"": [""CZE"", ""GRC"", ""HUN"", ""ITA"", ""KOR"", ""MEX"", ""POL"", ""SVK"", ""SVN""], ""ambiguous"": [""CHL"", ""DEU"", ""FIN"", ""ISR"", ""SWE""], ""unscreened"": [], ""paper2015"": [], ""asterisk"": [], ""non_oecd"": [], ""below_tur_libdem13"": [], ""libdem_missing"": []}",kirlenme: tedavi/otokratikleşen sınıf donörde (9: CZE GRC HUN ITA KOR MEX POL SVK SVN); ambiguous sınıf (CHL DEU FIN ISR SWE),,,48.8,False,11.9
A_ladder,S3,C3,1,True,L1,off,True,,math,5,31.6,JPN=1.00,2003 2006 2009 2012,9.44,33.91,3.59,-8.7,30.2,32.8,50.4,26.2,0.167,0.333,1/6,2/6,"{""CHE"": 0.726, ""JPN"": 0.274, ""BEL"": 0.0, ""FRA"": 0.0, ""ISL"": 0.0}",CHE,0.726,66.3,False,"{""treated_classes"": [], ""ambiguous"": [], ""unscreened"": [], ""paper2015"": [], ""asterisk"": [], ""non_oecd"": [], ""below_tur_libdem13"": [], ""libdem_missing"": []}",,,,50.4,False,0.0
A_ladder,S3,C3,1,True,L1,off,True,,reading,5,53.3,FRA=0.78,2003 2006 2009 2012,2.61,24.53,9.41,-28.7,19.8,4.9,34.1,7.6,0.333,0.167,2/6,1/6,"{""JPN"": 0.79, ""ISL"": 0.106, ""CHE"": 0.104, ""FRA"": 0.0, ""BEL"": 0.0}",JPN,0.79,36.5,False,"{""treated_classes"": [], ""ambiguous"": [], ""unscreened"": [], ""paper2015"": [], ""asterisk"": [], ""non_oecd"": [], ""below_tur_libdem13"": [], ""libdem_missing"": []}",,,,34.1,False,0.0
A_ladder,S3,C3,1,True,L1,off,True,,science,8,29.6,COL=1.00,2006 2009 2012,10.94,32.61,2.98,-20.8,31.3,21.4,48.8,20.2,0.222,0.889,2/9,8/9,"{""JPN"": 1.0, ""COL"": 0.0, ""LTU"": 0.0, ""ISL"": 0.0, ""FRA"": 0.0, ""EST"": 0.0, ""BEL"": 0.0, ""CHE"": 0.0}",JPN,1.0,11.4,True,"{""treated_classes"": [], ""ambiguous"": [], ""unscreened"": [], ""paper2015"": [], ""asterisk"": [], ""non_oecd"": [], ""below_tur_libdem13"": [], ""libdem_missing"": []}",,,,48.8,False,0.0
A_ladder,S4,C4,1,True,L1,on,False,,math,12,38.3,JPN=0.70,2003 2006 2009 2012,9.44,33.91,3.59,-8.7,30.2,32.8,50.4,26.2,0.077,0.769,1/13,10/13,"{""CHE"": 0.726, ""JPN"": 0.274, ""FRA"": 0.0, ""NOR"": 0.0, ""BEL"": 0.0, ""LVA"": 0.0, ""IRL"": 0.0, ""ISL"": 0.0, ""CAN"": 0.0, ""NZL"": 0.0, ""DNK"": 0.0, ""AUS"": 0.0}",CHE,0.726,51.5,False,"{""treated_classes"": [], ""ambiguous"": [], ""unscreened"": [], ""paper2015"": [], ""asterisk"": [""AUS:2022"", ""CAN:2022"", ""CAN:2025"", ""DNK:2022"", ""IRL:2022"", ""LVA:2022"", ""NOR:2025"", ""NZL:2022"", ""NZL:2025""], ""non_oecd"": [], ""below_tur_libdem13"": [], ""libdem_missing"": []}",yıldızlı ülke-döngü havuzda (AUS:2022 CAN:2022 CAN:2025 DNK:2022 IRL:2022 LVA:2022 NOR:2025 NZL:2022 NZL:2025),,,50.4,False,0.0
A_ladder,S4,C4,1,True,L1,on,False,,reading,12,53.3,FRA=0.77,2003 2006 2009 2012,2.41,23.58,9.78,-31.4,15.2,-0.6,31.7,3.7,0.462,0.538,6/13,7/13,"{""JPN"": 0.783, ""DNK"": 0.198, ""ISL"": 0.019, ""NZL"": 0.0, ""CAN"": 0.0, ""CHE"": 0.0, ""AUS"": 0.0, ""BEL"": 0.0, ""FRA"": 0.0, ""IRL"": 0.0, ""LVA"": 0.0, ""NOR"": 0.0}",JPN,0.783,31.9,False,"{""treated_classes"": [], ""ambiguous"": [], ""unscreened"": [], ""paper2015"": [], ""asterisk"": [""AUS:2022"", ""CAN:2022"", ""CAN:2025"", ""DNK:2022"", ""IRL:2022"", ""LVA:2022"", ""NOR:2025"", ""NZL:2022"", ""NZL:2025""], ""non_oecd"": [], ""below_tur_libdem13"": [], ""libdem_missing"": []}",yıldızlı ülke-döngü havuzda (AUS:2022 CAN:2022 CAN:2025 DNK:2022 IRL:2022 LVA:2022 NOR:2025 NZL:2022 NZL:2025),,,34.1,False,-2.4
A_ladder,S4,C4,1,True,L1,on,False,,science,15,34.1,COL=0.85,2006 2009 2012,10.94,32.61,2.98,-20.8,31.3,21.4,48.8,20.2,0.125,0.938,2/16,15/16,"{""JPN"": 1.0, ""EST"": 0.0, ""IRL"": 0.0, ""CAN"": 0.0, ""BEL"": 0.0, ""LVA"": 0.0, ""LTU"": 0.0, ""FRA"": 0.0, ""DNK"": 0.0, ""AUS"": 0.0, ""COL"": 0.0, ""NOR"": 0.0, ""CHE"": 0.0, ""ISL"": 0.0, ""NZL"": 0.0}",JPN,1.0,11.4,True,"{""treated_classes"": [], ""ambiguous"": [], ""unscreened"": [], ""paper2015"": [], ""asterisk"": [""AUS:2022"", ""CAN:2022"", ""CAN:2025"", ""DNK:2022"", ""IRL:2022"", ""LVA:2022"", ""NOR:2025"", ""NZL:2022"", ""NZL:2025""], ""non_oecd"": [], ""below_tur_libdem13"": [], ""libdem_missing"": []}",yıldızlı ülke-döngü havuzda (AUS:2022 CAN:2022 CAN:2025 DNK:2022 IRL:2022 LVA:2022 NOR:2025 NZL:2022 NZL:2025),,,48.8,False,0.0
A_ladder,S12,C1+C2,2,False,L3,on,True,,math,20,26.4,BRA=0.74,2003 2006 2009 2012,0.75,22.41,29.77,-26.5,6.8,18.7,30.1,7.3,0.286,0.429,6/21,9/21,"{""ITA"": 0.705, ""BRA"": 0.295, ""JPN"": 0.0, ""FRA"": 0.0, ""ISL"": 0.0, ""DEU"": 0.0, ""SVK"": 0.0, ""MAC"": 0.0, ""BEL"": 0.0, ""THA"": 0.0, ""MEX"": 0.0, ""POL"": 0.0, ""GRC"": 0.0, ""KOR"": 0.0, ""CHE"": 0.0, ""FIN"": 0.0, ""HUN"": 0.0, ""URY"": 0.0, ""CZE"": 0.0, ""SWE"": 0.0}",ITA,0.705,52.9,True,"{""treated_classes"": [""BRA"", ""CZE"", ""GRC"", ""HUN"", ""ITA"", ""KOR"", ""MEX"", ""POL"", ""SVK"", ""THA""], ""ambiguous"": [""DEU"", ""FIN"", ""SWE"", ""URY""], ""unscreened"": [""MAC""], ""paper2015"": [], ""asterisk"": [], ""non_oecd"": [""BRA"", ""MAC"", ""THA"", ""URY""], ""below_tur_libdem13"": [], ""libdem_missing"": [""MAC""]}",kirlenme: tedavi/otokratikleşen sınıf donörde (10: BRA CZE GRC HUN ITA KOR MEX POL SVK THA); taramasız ülke (1); ambiguous sınıf (DEU FIN SWE URY),,,50.4,False,-20.3
A_ladder,S12,C1+C2,2,False,L3,on,True,,reading,20,31.3,MEX=0.65,2003 2006 2009 2012,0.65,21.66,33.07,-33.2,11.8,-1.6,25.2,0.6,0.429,0.571,9/21,12/21,"{""JPN"": 0.579, ""MEX"": 0.369, ""POL"": 0.053, ""KOR"": 0.0, ""FIN"": 0.0, ""DEU"": 0.0, ""CHE"": 0.0, ""HUN"": 0.0, ""THA"": 0.0, ""MAC"": 0.0, ""ITA"": 0.0, ""BEL"": 0.0, ""BRA"": 0.0, ""CZE"": 0.0, ""FRA"": 0.0, ""GRC"": 0.0, ""ISL"": 0.0, ""SVK"": 0.0, ""SWE"": 0.0, ""URY"": 0.0}",JPN,0.579,1.5,True,"{""treated_classes"": [""BRA"", ""CZE"", ""GRC"", ""HUN"", ""ITA"", ""KOR"", ""MEX"", ""POL"", ""SVK"", ""THA""], ""ambiguous"": [""DEU"", ""FIN"", ""SWE"", ""URY""], ""unscreened"": [""MAC""], ""paper2015"": [], ""asterisk"": [], ""non_oecd"": [""BRA"", ""MAC"", ""THA"", ""URY""], ""below_tur_libdem13"": [], ""libdem_missing"": [""MAC""]}",kirlenme: tedavi/otokratikleşen sınıf donörde (10: BRA CZE GRC HUN ITA KOR MEX POL SVK THA); taramasız ülke (1); ambiguous sınıf (DEU FIN SWE URY),,,34.1,False,-8.9
A_ladder,S12,C1+C2,2,False,L3,on,True,,science,31,60.7,POL=0.77,2006 2009 2012,2.43,37.69,15.51,-64.8,-24.0,-28.0,-11.3,-32.0,0.969,0.906,31/32,29/32,"{""QAT"": 0.936, ""POL"": 0.064, ""SVK"": 0.0, ""ISL"": 0.0, ""URY"": 0.0, ""SWE"": 0.0, ""HUN"": 0.0, ""FIN"": 0.0, ""BRA"": 0.0, ""COL"": 0.0, ""CHL"": 0.0, ""GRC"": 0.0, ""KOR"": 0.0, ""CHE"": 0.0, ""MEX"": 0.0, ""BEL"": 0.0, ""THA"": 0.0, ""ISR"": 0.0, ""ITA"": 0.0, ""JPN"": 0.0, ""EST"": 0.0, ""BGR"": 0.0, ""MAC"": 0.0, ""DEU"": 0.0, ""LTU"": 0.0, ""MNE"": 0.0, ""HRV"": 0.0, ""CZE"": 0.0, ""SVN"": 0.0, ""TWN"": 0.0, ""FRA"": 0.0}",QAT,0.936,4.6,True,"{""treated_classes"": [""BRA"", ""CZE"", ""GRC"", ""HRV"", ""HUN"", ""ITA"", ""KOR"", ""MEX"", ""MNE"", ""POL"", ""SVK"", ""SVN"", ""THA""], ""ambiguous"": [""CHL"", ""DEU"", ""FIN"", ""ISR"", ""SWE"", ""URY""], ""unscreened"": [""MAC""], ""paper2015"": [], ""asterisk"": [], ""non_oecd"": [""BGR"", ""BRA"", ""HRV"", ""MAC"", ""MNE"", ""QAT"", ""THA"", ""TWN"", ""URY""], ""below_tur_libdem13"": [""QAT""], ""libdem_missing"": [""MAC""]}",kirlenme: tedavi/otokratikleşen sınıf donörde (13: BRA CZE GRC HRV HUN ITA KOR MEX MNE POL SVK SVN THA); taramasız ülke (1); ambiguous sınıf (CHL DEU FIN ISR SWE URY),,,48.8,True,-60.1
A_ladder,S13,C1+C3,2,False,L1,off,True,,math,5,31.6,JPN=1.00,2003 2006 2009 2012,9.44,33.91,3.59,-8.7,30.2,32.8,50.4,26.2,0.167,0.333,1/6,2/6,"{""CHE"": 0.726, ""JPN"": 0.274, ""BEL"": 0.0, ""FRA"": 0.0, ""ISL"": 0.0}",CHE,0.726,66.3,False,"{""treated_classes"": [], ""ambiguous"": [], ""unscreened"": [], ""paper2015"": [], ""asterisk"": [], ""non_oecd"": [], ""below_tur_libdem13"": [], ""libdem_missing"": []}",,,,50.4,False,0.0
A_ladder,S13,C1+C3,2,False,L1,off,True,,reading,5,53.3,FRA=0.78,2003 2006 2009 2012,2.61,24.53,9.41,-28.7,19.8,4.9,34.1,7.6,0.333,0.167,2/6,1/6,"{""JPN"": 0.79, ""ISL"": 0.106, ""CHE"": 0.104, ""FRA"": 0.0, ""BEL"": 0.0}",JPN,0.79,36.5,False,"{""treated_classes"": [], ""ambiguous"": [], ""unscreened"": [], ""paper2015"": [], ""asterisk"": [], ""non_oecd"": [], ""below_tur_libdem13"": [], ""libdem_missing"": []}",,,,34.1,False,0.0
A_ladder,S13,C1+C3,2,False,L1,off,True,,science,11,48.8,JPN=1.00,2006 2009 2012,2.49,41.07,16.5,-68.4,-27.1,-32.7,-16.4,-36.1,1.0,0.667,12/12,8/12,"{""QAT"": 1.0, ""EST"": 0.0, ""JPN"": 0.0, ""BGR"": 0.0, ""LTU"": 0.0, ""BEL"": 0.0, ""CHE"": 0.0, ""COL"": 0.0, ""FRA"": 0.0, ""ISL"": 0.0, ""TWN"": 0.0}",QAT,1.0,5.8,True,"{""treated_classes"": [], ""ambiguous"": [], ""unscreened"": [], ""paper2015"": [], ""asterisk"": [], ""non_oecd"": [""BGR"", ""QAT"", ""TWN""], ""below_tur_libdem13"": [""QAT""], ""libdem_missing"": []}",,,,48.8,True,-65.2
A_ladder,S14,C1+C4,2,False,L1,on,False,,math,12,38.3,JPN=0.70,2003 2006 2009 2012,9.44,33.91,3.59,-8.7,30.2,32.8,50.4,26.2,0.077,0.769,1/13,10/13,"{""CHE"": 0.726, ""JPN"": 0.274, ""FRA"": 0.0, ""NOR"": 0.0, ""BEL"": 0.0, ""LVA"": 0.0, ""IRL"": 0.0, ""ISL"": 0.0, ""CAN"": 0.0, ""NZL"": 0.0, ""DNK"": 0.0, ""AUS"": 0.0}",CHE,0.726,51.5,False,"{""treated_classes"": [], ""ambiguous"": [], ""unscreened"": [], ""paper2015"": [], ""asterisk"": [""AUS:2022"", ""CAN:2022"", ""CAN:2025"", ""DNK:2022"", ""IRL:2022"", ""LVA:2022"", ""NOR:2025"", ""NZL:2022"", ""NZL:2025""], ""non_oecd"": [], ""below_tur_libdem13"": [], ""libdem_missing"": []}",yıldızlı ülke-döngü havuzda (AUS:2022 CAN:2022 CAN:2025 DNK:2022 IRL:2022 LVA:2022 NOR:2025 NZL:2022 NZL:2025),,,50.4,False,0.0
A_ladder,S14,C1+C4,2,False,L1,on,False,,reading,12,53.3,FRA=0.77,2003 2006 2009 2012,2.41,23.58,9.78,-31.4,15.2,-0.6,31.7,3.7,0.462,0.538,6/13,7/13,"{""JPN"": 0.783, ""DNK"": 0.198, ""ISL"": 0.019, ""NZL"": 0.0, ""CAN"": 0.0, ""CHE"": 0.0, ""AUS"": 0.0, ""BEL"": 0.0, ""FRA"": 0.0, ""IRL"": 0.0, ""LVA"": 0.0, ""NOR"": 0.0}",JPN,0.783,31.9,False,"{""treated_classes"": [], ""ambiguous"": [], ""unscreened"": [], ""paper2015"": [], ""asterisk"": [""AUS:2022"", ""CAN:2022"", ""CAN:2025"", ""DNK:2022"", ""IRL:2022"", ""LVA:2022"", ""NOR:2025"", ""NZL:2022"", ""NZL:2025""], ""non_oecd"": [], ""below_tur_libdem13"": [], ""libdem_missing"": []}",yıldızlı ülke-döngü havuzda (AUS:2022 CAN:2022 CAN:2025 DNK:2022 IRL:2022 LVA:2022 NOR:2025 NZL:2022 NZL:2025),,,34.1,False,-2.4
A_ladder,S14,C1+C4,2,False,L1,on,False,,science,18,48.8,JPN=1.00,2006 2009 2012,2.49,41.07,16.5,-68.4,-27.1,-32.7,-16.4,-36.1,1.0,0.789,19/19,15/19,"{""QAT"": 1.0, ""EST"": 0.0, ""IRL"": 0.0, ""TWN"": 0.0, ""LVA"": 0.0, ""BGR"": 0.0, ""JPN"": 0.0, ""LTU"": 0.0, ""BEL"": 0.0, ""FRA"": 0.0, ""CAN"": 0.0, ""COL"": 0.0, ""AUS"": 0.0, ""CHE"": 0.0, ""DNK"": 0.0, ""ISL"": 0.0, ""NOR"": 0.0, ""NZL"": 0.0}",QAT,1.0,5.8,True,"{""treated_classes"": [], ""ambiguous"": [], ""unscreened"": [], ""paper2015"": [], ""asterisk"": [""AUS:2022"", ""CAN:2022"", ""CAN:2025"", ""DNK:2022"", ""IRL:2022"", ""LVA:2022"", ""NOR:2025"", ""NZL:2022"", ""NZL:2025""], ""non_oecd"": [""BGR"", ""QAT"", ""TWN""], ""below_tur_libdem13"": [""QAT""], ""libdem_missing"": []}",yıldızlı ülke-döngü havuzda (AUS:2022 CAN:2022 CAN:2025 DNK:2022 IRL:2022 LVA:2022 NOR:2025 NZL:2022 NZL:2025),,,48.8,True,-65.2
A_ladder,S23,C2+C3,2,True,L3,off,True,,math,16,40.5,MEX=0.55,2003 2006 2009 2012,1.4,25.12,17.98,-28.3,7.2,21.9,34.5,8.8,0.353,0.471,6/17,8/17,"{""ITA"": 0.833, ""MEX"": 0.167, ""POL"": 0.0, ""DEU"": 0.0, ""ISL"": 0.0, ""BEL"": 0.0, ""JPN"": 0.0, ""KOR"": 0.0, ""GRC"": 0.0, ""CHE"": 0.0, ""HUN"": 0.0, ""SVK"": 0.0, ""FIN"": 0.0, ""CZE"": 0.0, ""FRA"": 0.0, ""SWE"": 0.0}",ITA,0.833,3.9,True,"{""treated_classes"": [""CZE"", ""GRC"", ""HUN"", ""ITA"", ""KOR"", ""MEX"", ""POL"", ""SVK""], ""ambiguous"": [""DEU"", ""FIN"", ""SWE""], ""unscreened"": [], ""paper2015"": [], ""asterisk"": [], ""non_oecd"": [], ""below_tur_libdem13"": [], ""libdem_missing"": []}",kirlenme: tedavi/otokratikleşen sınıf donörde (8: CZE GRC HUN ITA KOR MEX POL SVK); ambiguous sınıf (DEU FIN SWE),,,50.4,False,-15.9
A_ladder,S23,C2+C3,2,True,L3,off,True,,reading,16,22.9,MEX=0.68,2003 2006 2009 2012,0.65,21.66,33.07,-33.2,11.8,-1.6,25.2,0.6,0.471,0.471,8/17,8/17,"{""JPN"": 0.579, ""MEX"": 0.369, ""POL"": 0.053, ""GRC"": 0.0, ""ISL"": 0.0, ""ITA"": 0.0, ""SVK"": 0.0, ""FRA"": 0.0, ""BEL"": 0.0, ""CZE"": 0.0, ""HUN"": 0.0, ""SWE"": 0.0, ""KOR"": 0.0, ""DEU"": 0.0, ""FIN"": 0.0, ""CHE"": 0.0}",JPN,0.579,1.8,True,"{""treated_classes"": [""CZE"", ""GRC"", ""HUN"", ""ITA"", ""KOR"", ""MEX"", ""POL"", ""SVK""], ""ambiguous"": [""DEU"", ""FIN"", ""SWE""], ""unscreened"": [], ""paper2015"": [], ""asterisk"": [], ""non_oecd"": [], ""below_tur_libdem13"": [], ""libdem_missing"": []}",kirlenme: tedavi/otokratikleşen sınıf donörde (8: CZE GRC HUN ITA KOR MEX POL SVK); ambiguous sınıf (DEU FIN SWE),,,34.1,False,-8.9
A_ladder,S23,C2+C3,2,True,L3,off,True,,science,22,50.2,ITA=1.00,2006 2009 2012,7.95,38.32,4.82,-10.7,24.0,38.8,60.7,28.2,0.13,0.913,3/23,21/23,"{""POL"": 0.772, ""KOR"": 0.228, ""COL"": 0.0, ""ISL"": 0.0, ""ITA"": 0.0, ""CHL"": 0.0, ""SVK"": 0.0, ""MEX"": 0.0, ""CHE"": 0.0, ""JPN"": 0.0, ""DEU"": 0.0, ""FRA"": 0.0, ""HUN"": 0.0, ""BEL"": 0.0, ""CZE"": 0.0, ""EST"": 0.0, ""FIN"": 0.0, ""GRC"": 0.0, ""ISR"": 0.0, ""LTU"": 0.0, ""SVN"": 0.0, ""SWE"": 0.0}",POL,0.772,9.3,True,"{""treated_classes"": [""CZE"", ""GRC"", ""HUN"", ""ITA"", ""KOR"", ""MEX"", ""POL"", ""SVK"", ""SVN""], ""ambiguous"": [""CHL"", ""DEU"", ""FIN"", ""ISR"", ""SWE""], ""unscreened"": [], ""paper2015"": [], ""asterisk"": [], ""non_oecd"": [], ""below_tur_libdem13"": [], ""libdem_missing"": []}",kirlenme: tedavi/otokratikleşen sınıf donörde (9: CZE GRC HUN ITA KOR MEX POL SVK SVN); ambiguous sınıf (CHL DEU FIN ISR SWE),,,48.8,False,11.9
A_ladder,S24,C2+C4,2,True,L3,on,False,,math,26,34.5,ITA=0.83,2003 2006 2009 2012,1.33,28.33,21.29,-29.5,2.4,22.7,42.6,9.6,0.148,0.519,4/27,14/27,"{""PRT"": 0.941, ""POL"": 0.033, ""ITA"": 0.026, ""MEX"": 0.0, ""DEU"": 0.0, ""FIN"": 0.0, ""NZL"": 0.0, ""USA"": 0.0, ""SVK"": 0.0, ""GRC"": 0.0, ""SWE"": 0.0, ""ISL"": 0.0, ""HUN"": 0.0, ""JPN"": 0.0, ""NOR"": 0.0, ""AUS"": 0.0, ""KOR"": 0.0, ""LVA"": 0.0, ""CAN"": 0.0, ""CHE"": 0.0, ""IRL"": 0.0, ""CZE"": 0.0, ""BEL"": 0.0, ""DNK"": 0.0, ""NLD"": 0.0, ""FRA"": 0.0}",PRT,0.941,66.9,True,"{""treated_classes"": [""CZE"", ""GRC"", ""HUN"", ""ITA"", ""KOR"", ""MEX"", ""POL"", ""SVK"", ""USA""], ""ambiguous"": [""DEU"", ""FIN"", ""NLD"", ""PRT"", ""SWE""], ""unscreened"": [], ""paper2015"": [], ""asterisk"": [""AUS:2022"", ""CAN:2022"", ""CAN:2025"", ""DNK:2022"", ""IRL:2022"", ""LVA:2022"", ""NLD:2018"", ""NLD:2022"", ""NLD:2025"", ""NOR:2025"", ""NZL:2022"", ""NZL:2025"", ""PRT:2018"", ""USA:2018"", ""USA:2022"", ""USA:2025""], ""non_oecd"": [], ""below_tur_libdem13"": [], ""libdem_missing"": []}",kirlenme: tedavi/otokratikleşen sınıf donörde (9: CZE GRC HUN ITA KOR MEX POL SVK USA); yıldızlı ülke-döngü havuzda (AUS:2022 CAN:2022 CAN:2025 DNK:2022 IRL:2022 LVA:2022 NLD:2018 NLD:2022 NLD:2025 NOR:2025 NZL:2022 NZL:2025 PRT:2018 USA:2018 USA:2022 USA:2025); ambiguous sınıf (DEU FIN NLD PRT SWE),,,50.4,False,-7.8
A_ladder,S24,C2+C4,2,True,L3,on,False,,reading,25,22.9,MEX=0.68,2003 2006 2009 2012,0.65,21.66,33.07,-33.2,11.8,-1.6,25.2,0.6,0.462,0.615,12/26,16/26,"{""JPN"": 0.579, ""MEX"": 0.369, ""POL"": 0.053, ""IRL"": 0.0, ""KOR"": 0.0, ""DNK"": 0.0, ""CZE"": 0.0, ""CHE"": 0.0, ""FIN"": 0.0, ""NLD"": 0.0, ""FRA"": 0.0, ""CAN"": 0.0, ""SWE"": 0.0, ""DEU"": 0.0, ""NZL"": 0.0, ""BEL"": 0.0, ""PRT"": 0.0, ""HUN"": 0.0, ""ITA"": 0.0, ""AUS"": 0.0, ""GRC"": 0.0, ""ISL"": 0.0, ""LVA"": 0.0, ""NOR"": 0.0, ""SVK"": 0.0}",JPN,0.579,1.8,True,"{""treated_classes"": [""CZE"", ""GRC"", ""HUN"", ""ITA"", ""KOR"", ""MEX"", ""POL"", ""SVK""], ""ambiguous"": [""DEU"", ""FIN"", ""NLD"", ""PRT"", ""SWE""], ""unscreened"": [], ""paper2015"": [], ""asterisk"": [""AUS:2022"", ""CAN:2022"", ""CAN:2025"", ""DNK:2022"", ""IRL:2022"", ""LVA:2022"", ""NLD:2018"", ""NLD:2022"", ""NLD:2025"", ""NOR:2025"", ""NZL:2022"", ""NZL:2025"", ""PRT:2018""], ""non_oecd"": [], ""below_tur_libdem13"": [], ""libdem_missing"": []}",kirlenme: tedavi/otokratikleşen sınıf donörde (8: CZE GRC HUN ITA KOR MEX POL SVK); yıldızlı ülke-döngü havuzda (AUS:2022 CAN:2022 CAN:2025 DNK:2022 IRL:2022 LVA:2022 NLD:2018 NLD:2022 NLD:2025 NOR:2025 NZL:2022 NZL:2025 PRT:2018); ambiguous sınıf (DEU FIN NLD PRT SWE),,,34.1,False,-8.9
A_ladder,S24,C2+C4,2,True,L3,on,False,,science,33,50.2,ITA=1.00,2006 2009 2012,7.76,37.69,4.86,-19.2,19.2,37.5,59.5,24.2,0.059,0.941,2/34,32/34,"{""POL"": 0.726, ""PRT"": 0.274, ""KOR"": 0.0, ""NOR"": 0.0, ""COL"": 0.0, ""USA"": 0.0, ""ISL"": 0.0, ""ITA"": 0.0, ""CHL"": 0.0, ""SVK"": 0.0, ""NZL"": 0.0, ""MEX"": 0.0, ""CHE"": 0.0, ""JPN"": 0.0, ""DNK"": 0.0, ""DEU"": 0.0, ""FRA"": 0.0, ""AUS"": 0.0, ""BEL"": 0.0, ""CAN"": 0.0, ""CZE"": 0.0, ""EST"": 0.0, ""FIN"": 0.0, ""GBR"": 0.0, ""GRC"": 0.0, ""HUN"": 0.0, ""IRL"": 0.0, ""ISR"": 0.0, ""LTU"": 0.0, ""LVA"": 0.0, ""NLD"": 0.0, ""SVN"": 0.0, ""SWE"": 0.0}",POL,0.726,54.0,True,"{""treated_classes"": [""CZE"", ""GBR"", ""GRC"", ""HUN"", ""ITA"", ""KOR"", ""MEX"", ""POL"", ""SVK"", ""SVN"", ""USA""], ""ambiguous"": [""CHL"", ""DEU"", ""FIN"", ""ISR"", ""NLD"", ""PRT"", ""SWE""], ""unscreened"": [], ""paper2015"": [], ""asterisk"": [""AUS:2022"", ""CAN:2022"", ""CAN:2025"", ""DNK:2022"", ""GBR:2022"", ""IRL:2022"", ""LVA:2022"", ""NLD:2018"", ""NLD:2022"", ""NLD:2025"", ""NOR:2025"", ""NZL:2022"", ""NZL:2025"", ""PRT:2018"", ""USA:2018"", ""USA:2022"", ""USA:2025""], ""non_oecd"": [], ""below_tur_libdem13"": [], ""libdem_missing"": []}",kirlenme: tedavi/otokratikleşen sınıf donörde (11: CZE GBR GRC HUN ITA KOR MEX POL SVK SVN USA); yıldızlı ülke-döngü havuzda (AUS:2022 CAN:2022 CAN:2025 DNK:2022 GBR:2022 IRL:2022 LVA:2022 NLD:2018 NLD:2022 NLD:2025 NOR:2025 NZL:2022 NZL:2025 PRT:2018 USA:2018 USA:2022 USA:2025); ambiguous sınıf (CHL DEU FIN ISR NLD PRT SWE),,,48.8,False,10.7
A_ladder,S34,C3+C4,2,True,L1,off,False,,math,12,38.3,JPN=0.70,2003 2006 2009 2012,9.44,33.91,3.59,-8.7,30.2,32.8,50.4,26.2,0.077,0.769,1/13,10/13,"{""CHE"": 0.726, ""JPN"": 0.274, ""FRA"": 0.0, ""NOR"": 0.0, ""BEL"": 0.0, ""LVA"": 0.0, ""IRL"": 0.0, ""ISL"": 0.0, ""CAN"": 0.0, ""NZL"": 0.0, ""DNK"": 0.0, ""AUS"": 0.0}",CHE,0.726,51.5,False,"{""treated_classes"": [], ""ambiguous"": [], ""unscreened"": [], ""paper2015"": [], ""asterisk"": [""AUS:2022"", ""CAN:2022"", ""CAN:2025"", ""DNK:2022"", ""IRL:2022"", ""LVA:2022"", ""NOR:2025"", ""NZL:2022"", ""NZL:2025""], ""non_oecd"": [], ""below_tur_libdem13"": [], ""libdem_missing"": []}",yıldızlı ülke-döngü havuzda (AUS:2022 CAN:2022 CAN:2025 DNK:2022 IRL:2022 LVA:2022 NOR:2025 NZL:2022 NZL:2025),,,50.4,False,0.0
A_ladder,S34,C3+C4,2,True,L1,off,False,,reading,12,53.3,FRA=0.77,2003 2006 2009 2012,2.41,23.58,9.78,-31.4,15.2,-0.6,31.7,3.7,0.462,0.538,6/13,7/13,"{""JPN"": 0.783, ""DNK"": 0.198, ""ISL"": 0.019, ""NZL"": 0.0, ""CAN"": 0.0, ""CHE"": 0.0, ""AUS"": 0.0, ""BEL"": 0.0, ""FRA"": 0.0, ""IRL"": 0.0, ""LVA"": 0.0, ""NOR"": 0.0}",JPN,0.783,31.9,False,"{""treated_classes"": [], ""ambiguous"": [], ""unscreened"": [], ""paper2015"": [], ""asterisk"": [""AUS:2022"", ""CAN:2022"", ""CAN:2025"", ""DNK:2022"", ""IRL:2022"", ""LVA:2022"", ""NOR:2025"", ""NZL:2022"", ""NZL:2025""], ""non_oecd"": [], ""below_tur_libdem13"": [], ""libdem_missing"": []}",yıldızlı ülke-döngü havuzda (AUS:2022 CAN:2022 CAN:2025 DNK:2022 IRL:2022 LVA:2022 NOR:2025 NZL:2022 NZL:2025),,,34.1,False,-2.4
A_ladder,S34,C3+C4,2,True,L1,off,False,,science,15,34.1,COL=0.85,2006 2009 2012,10.94,32.61,2.98,-20.8,31.3,21.4,48.8,20.2,0.125,0.938,2/16,15/16,"{""JPN"": 1.0, ""EST"": 0.0, ""IRL"": 0.0, ""CAN"": 0.0, ""BEL"": 0.0, ""LVA"": 0.0, ""LTU"": 0.0, ""FRA"": 0.0, ""DNK"": 0.0, ""AUS"": 0.0, ""COL"": 0.0, ""NOR"": 0.0, ""CHE"": 0.0, ""ISL"": 0.0, ""NZL"": 0.0}",JPN,1.0,11.4,True,"{""treated_classes"": [], ""ambiguous"": [], ""unscreened"": [], ""paper2015"": [], ""asterisk"": [""AUS:2022"", ""CAN:2022"", ""CAN:2025"", ""DNK:2022"", ""IRL:2022"", ""LVA:2022"", ""NOR:2025"", ""NZL:2022"", ""NZL:2025""], ""non_oecd"": [], ""below_tur_libdem13"": [], ""libdem_missing"": []}",yıldızlı ülke-döngü havuzda (AUS:2022 CAN:2022 CAN:2025 DNK:2022 IRL:2022 LVA:2022 NOR:2025 NZL:2022 NZL:2025),,,48.8,False,0.0
A_ladder,S123,C1+C2+C3,3,False,L3,off,True,,math,21,26.4,BRA=0.74,2003 2006 2009 2012,0.75,22.41,29.77,-26.5,6.8,18.7,30.1,7.3,0.318,0.409,7/22,9/22,"{""ITA"": 0.705, ""BRA"": 0.295, ""IDN"": 0.0, ""FIN"": 0.0, ""GRC"": 0.0, ""KOR"": 0.0, ""MEX"": 0.0, ""URY"": 0.0, ""SVK"": 0.0, ""POL"": 0.0, ""THA"": 0.0, ""CZE"": 0.0, ""DEU"": 0.0, ""JPN"": 0.0, ""MAC"": 0.0, ""CHE"": 0.0, ""ISL"": 0.0, ""FRA"": 0.0, ""SWE"": 0.0, ""BEL"": 0.0, ""HUN"": 0.0}",ITA,0.705,47.7,True,"{""treated_classes"": [""BRA"", ""CZE"", ""GRC"", ""HUN"", ""IDN"", ""ITA"", ""KOR"", ""MEX"", ""POL"", ""SVK"", ""THA""], ""ambiguous"": [""DEU"", ""FIN"", ""SWE"", ""URY""], ""unscreened"": [""MAC""], ""paper2015"": [""IDN""], ""asterisk"": [], ""non_oecd"": [""BRA"", ""IDN"", ""MAC"", ""THA"", ""URY""], ""below_tur_libdem13"": [], ""libdem_missing"": [""MAC""]}",kirlenme: tedavi/otokratikleşen sınıf donörde (11: BRA CZE GRC HUN IDN ITA KOR MEX POL SVK THA); taramasız ülke (1); 2015 kâğıt ülkeleri havuzda (IDN) — mod etkisi kontrol grubuna bulaşır; ambiguous sınıf (DEU FIN SWE URY),,,50.4,False,-20.3
A_ladder,S123,C1+C2+C3,3,False,L3,off,True,,reading,21,31.3,MEX=0.65,2003 2006 2009 2012,0.65,21.66,33.07,-33.2,11.8,-1.6,25.2,0.6,0.409,0.545,9/22,12/22,"{""JPN"": 0.579, ""MEX"": 0.369, ""POL"": 0.053, ""KOR"": 0.0, ""IDN"": 0.0, ""FIN"": 0.0, ""DEU"": 0.0, ""CHE"": 0.0, ""HUN"": 0.0, ""BEL"": 0.0, ""BRA"": 0.0, ""CZE"": 0.0, ""FRA"": 0.0, ""GRC"": 0.0, ""ISL"": 0.0, ""ITA"": 0.0, ""MAC"": 0.0, ""SVK"": 0.0, ""SWE"": 0.0, ""THA"": 0.0, ""URY"": 0.0}",JPN,0.579,1.5,True,"{""treated_classes"": [""BRA"", ""CZE"", ""GRC"", ""HUN"", ""IDN"", ""ITA"", ""KOR"", ""MEX"", ""POL"", ""SVK"", ""THA""], ""ambiguous"": [""DEU"", ""FIN"", ""SWE"", ""URY""], ""unscreened"": [""MAC""], ""paper2015"": [""IDN""], ""asterisk"": [], ""non_oecd"": [""BRA"", ""IDN"", ""MAC"", ""THA"", ""URY""], ""below_tur_libdem13"": [], ""libdem_missing"": [""MAC""]}",kirlenme: tedavi/otokratikleşen sınıf donörde (11: BRA CZE GRC HUN IDN ITA KOR MEX POL SVK THA); taramasız ülke (1); 2015 kâğıt ülkeleri havuzda (IDN) — mod etkisi kontrol grubuna bulaşır; ambiguous sınıf (DEU FIN SWE URY),,,34.1,False,-8.9
A_ladder,S123,C1+C2+C3,3,False,L3,off,True,,science,33,60.7,POL=0.77,2006 2009 2012,2.43,37.69,15.51,-64.8,-24.0,-28.0,-11.3,-32.0,0.971,0.912,33/34,31/34,"{""QAT"": 0.936, ""POL"": 0.064, ""MNE"": 0.0, ""MAC"": 0.0, ""ISR"": 0.0, ""DEU"": 0.0, ""THA"": 0.0, ""EST"": 0.0, ""HRV"": 0.0, ""BGR"": 0.0, ""JPN"": 0.0, ""CZE"": 0.0, ""SVN"": 0.0, ""LTU"": 0.0, ""FIN"": 0.0, ""HUN"": 0.0, ""TWN"": 0.0, ""GRC"": 0.0, ""CHE"": 0.0, ""ROU"": 0.0, ""BEL"": 0.0, ""SVK"": 0.0, ""ITA"": 0.0, ""ISL"": 0.0, ""MEX"": 0.0, ""KOR"": 0.0, ""BRA"": 0.0, ""COL"": 0.0, ""URY"": 0.0, ""SWE"": 0.0, ""FRA"": 0.0, ""CHL"": 0.0, ""IDN"": 0.0}",QAT,0.936,4.6,True,"{""treated_classes"": [""BRA"", ""CZE"", ""GRC"", ""HRV"", ""HUN"", ""IDN"", ""ITA"", ""KOR"", ""MEX"", ""MNE"", ""POL"", ""ROU"", ""SVK"", ""SVN"", ""THA""], ""ambiguous"": [""CHL"", ""DEU"", ""FIN"", ""ISR"", ""SWE"", ""URY""], ""unscreened"": [""MAC""], ""paper2015"": [""IDN"", ""ROU""], ""asterisk"": [], ""non_oecd"": [""BGR"", ""BRA"", ""HRV"", ""IDN"", ""MAC"", ""MNE"", ""QAT"", ""ROU"", ""THA"", ""TWN"", ""URY""], ""below_tur_libdem13"": [""QAT""], ""libdem_missing"": [""MAC""]}",kirlenme: tedavi/otokratikleşen sınıf donörde (15: BRA CZE GRC HRV HUN IDN ITA KOR MEX MNE POL ROU SVK SVN THA); taramasız ülke (1); 2015 kâğıt ülkeleri havuzda (IDN ROU) — mod etkisi kontrol grubuna bulaşır; ambiguous sınıf (CHL DEU FIN ISR SWE URY),,,48.8,True,-60.1
A_ladder,S124,C1+C2+C4,3,False,L3,on,False,,math,31,40.8,PRT=0.86,2003 2006 2009 2012,0.75,22.41,29.77,-26.5,6.8,18.7,30.1,7.3,0.219,0.531,7/32,17/32,"{""ITA"": 0.705, ""BRA"": 0.295, ""FIN"": 0.0, ""MEX"": 0.0, ""GRC"": 0.0, ""URY"": 0.0, ""IRL"": 0.0, ""CZE"": 0.0, ""DNK"": 0.0, ""NZL"": 0.0, ""SWE"": 0.0, ""KOR"": 0.0, ""HUN"": 0.0, ""LVA"": 0.0, ""AUS"": 0.0, ""POL"": 0.0, ""PRT"": 0.0, ""DEU"": 0.0, ""HKG"": 0.0, ""JPN"": 0.0, ""USA"": 0.0, ""CHE"": 0.0, ""THA"": 0.0, ""MAC"": 0.0, ""NOR"": 0.0, ""CAN"": 0.0, ""FRA"": 0.0, ""ISL"": 0.0, ""SVK"": 0.0, ""BEL"": 0.0, ""NLD"": 0.0}",ITA,0.705,60.2,True,"{""treated_classes"": [""BRA"", ""CZE"", ""GRC"", ""HKG"", ""HUN"", ""ITA"", ""KOR"", ""MEX"", ""POL"", ""SVK"", ""THA"", ""USA""], ""ambiguous"": [""DEU"", ""FIN"", ""NLD"", ""PRT"", ""SWE"", ""URY""], ""unscreened"": [""MAC""], ""paper2015"": [], ""asterisk"": [""AUS:2022"", ""CAN:2022"", ""CAN:2025"", ""DNK:2022"", ""HKG:2018"", ""HKG:2022"", ""IRL:2022"", ""LVA:2022"", ""NLD:2018"", ""NLD:2022"", ""NLD:2025"", ""NOR:2025"", ""NZL:2022"", ""NZL:2025"", ""PRT:2018"", ""USA:2018"", ""USA:2022"", ""USA:2025""], ""non_oecd"": [""BRA"", ""HKG"", ""MAC"", ""THA"", ""URY""], ""below_tur_libdem13"": [], ""libdem_missing"": [""MAC""]}",kirlenme: tedavi/otokratikleşen sınıf donörde (12: BRA CZE GRC HKG HUN ITA KOR MEX POL SVK THA USA); taramasız ülke (1); yıldızlı ülke-döngü havuzda (AUS:2022 CAN:2022 CAN:2025 DNK:2022 HKG:2018 HKG:2022 IRL:2022 LVA:2022 NLD:2018 NLD:2022 NLD:2025 NOR:2025 NZL:2022 NZL:2025 PRT:2018 USA:2018 USA:2022 USA:2025); ambiguous sınıf (DEU FIN NLD PRT SWE URY),,,50.4,False,-20.3
A_ladder,S124,C1+C2+C4,3,False,L3,on,False,,reading,30,33.1,MEX=0.61,2003 2006 2009 2012,0.04,22.69,628.15,-32.2,13.3,1.0,29.1,2.8,0.387,0.613,12/31,19/31,"{""JPN"": 0.583, ""MEX"": 0.308, ""HKG"": 0.109, ""DNK"": 0.0, ""DEU"": 0.0, ""NOR"": 0.0, ""POL"": 0.0, ""ISL"": 0.0, ""PRT"": 0.0, ""THA"": 0.0, ""URY"": 0.0, ""SWE"": 0.0, ""KOR"": 0.0, ""GRC"": 0.0, ""HUN"": 0.0, ""BEL"": 0.0, ""SVK"": 0.0, ""AUS"": 0.0, ""BRA"": 0.0, ""CAN"": 0.0, ""CHE"": 0.0, ""CZE"": 0.0, ""FIN"": 0.0, ""FRA"": 0.0, ""IRL"": 0.0, ""ITA"": 0.0, ""LVA"": 0.0, ""MAC"": 0.0, ""NLD"": 0.0, ""NZL"": 0.0}",JPN,0.583,1.5,True,"{""treated_classes"": [""BRA"", ""CZE"", ""GRC"", ""HKG"", ""HUN"", ""ITA"", ""KOR"", ""MEX"", ""POL"", ""SVK"", ""THA""], ""ambiguous"": [""DEU"", ""FIN"", ""NLD"", ""PRT"", ""SWE"", ""URY""], ""unscreened"": [""MAC""], ""paper2015"": [], ""asterisk"": [""AUS:2022"", ""CAN:2022"", ""CAN:2025"", ""DNK:2022"", ""HKG:2018"", ""HKG:2022"", ""IRL:2022"", ""LVA:2022"", ""NLD:2018"", ""NLD:2022"", ""NLD:2025"", ""NOR:2025"", ""NZL:2022"", ""NZL:2025"", ""PRT:2018""], ""non_oecd"": [""BRA"", ""HKG"", ""MAC"", ""THA"", ""URY""], ""below_tur_libdem13"": [], ""libdem_missing"": [""MAC""]}",kirlenme: tedavi/otokratikleşen sınıf donörde (11: BRA CZE GRC HKG HUN ITA KOR MEX POL SVK THA); taramasız ülke (1); yıldızlı ülke-döngü havuzda (AUS:2022 CAN:2022 CAN:2025 DNK:2022 HKG:2018 HKG:2022 IRL:2022 LVA:2022 NLD:2018 NLD:2022 NLD:2025 NOR:2025 NZL:2022 NZL:2025 PRT:2018); ambiguous sınıf (DEU FIN NLD PRT SWE URY),,,34.1,False,-5.0
A_ladder,S124,C1+C2+C4,3,False,L3,on,False,,science,43,59.5,POL=0.73,2006 2009 2012,2.43,37.69,15.51,-64.8,-24.0,-28.0,-11.3,-32.0,0.955,0.932,42/44,41/44,"{""QAT"": 0.936, ""POL"": 0.064, ""THA"": 0.0, ""IRL"": 0.0, ""EST"": 0.0, ""ISR"": 0.0, ""MAC"": 0.0, ""JPN"": 0.0, ""HKG"": 0.0, ""BGR"": 0.0, ""MNE"": 0.0, ""USA"": 0.0, ""LTU"": 0.0, ""FRA"": 0.0, ""LVA"": 0.0, ""TWN"": 0.0, ""GBR"": 0.0, ""SVN"": 0.0, ""CZE"": 0.0, ""MEX"": 0.0, ""DNK"": 0.0, ""COL"": 0.0, ""ITA"": 0.0, ""SVK"": 0.0, ""SWE"": 0.0, ""NZL"": 0.0, ""ISL"": 0.0, ""BRA"": 0.0, ""URY"": 0.0, ""CAN"": 0.0, ""HUN"": 0.0, ""FIN"": 0.0, ""NLD"": 0.0, ""KOR"": 0.0, ""AUS"": 0.0, ""DEU"": 0.0, ""CHE"": 0.0, ""HRV"": 0.0, ""PRT"": 0.0, ""NOR"": 0.0, ""CHL"": 0.0, ""BEL"": 0.0, ""GRC"": 0.0}",QAT,0.936,44.2,True,"{""treated_classes"": [""BRA"", ""CZE"", ""GBR"", ""GRC"", ""HKG"", ""HRV"", ""HUN"", ""ITA"", ""KOR"", ""MEX"", ""MNE"", ""POL"", ""SVK"", ""SVN"", ""THA"", ""USA""], ""ambiguous"": [""CHL"", ""DEU"", ""FIN"", ""ISR"", ""NLD"", ""PRT"", ""SWE"", ""URY""], ""unscreened"": [""MAC""], ""paper2015"": [], ""asterisk"": [""AUS:2022"", ""CAN:2022"", ""CAN:2025"", ""DNK:2022"", ""GBR:2022"", ""HKG:2018"", ""HKG:2022"", ""IRL:2022"", ""LVA:2022"", ""NLD:2018"", ""NLD:2022"", ""NLD:2025"", ""NOR:2025"", ""NZL:2022"", ""NZL:2025"", ""PRT:2018"", ""USA:2018"", ""USA:2022"", ""USA:2025""], ""non_oecd"": [""BGR"", ""BRA"", ""HKG"", ""HRV"", ""MAC"", ""MNE"", ""QAT"", ""THA"", ""TWN"", ""URY""], ""below_tur_libdem13"": [""QAT""], ""libdem_missing"": [""MAC""]}",kirlenme: tedavi/otokratikleşen sınıf donörde (16: BRA CZE GBR GRC HKG HRV HUN ITA KOR MEX MNE POL SVK SVN THA USA); taramasız ülke (1); yıldızlı ülke-döngü havuzda (AUS:2022 CAN:2022 CAN:2025 DNK:2022 GBR:2022 HKG:2018 HKG:2022 IRL:2022 LVA:2022 NLD:2018 NLD:2022 NLD:2025 NOR:2025 NZL:2022 NZL:2025 PRT:2018 USA:2018 USA:2022 USA:2025); ambiguous sınıf (CHL DEU FIN ISR NLD PRT SWE URY),,,48.8,True,-60.1
A_ladder,S134,C1+C3+C4,3,False,L1,off,False,,math,12,38.3,JPN=0.70,2003 2006 2009 2012,9.44,33.91,3.59,-8.7,30.2,32.8,50.4,26.2,0.077,0.769,1/13,10/13,"{""CHE"": 0.726, ""JPN"": 0.274, ""FRA"": 0.0, ""NOR"": 0.0, ""BEL"": 0.0, ""LVA"": 0.0, ""IRL"": 0.0, ""ISL"": 0.0, ""CAN"": 0.0, ""NZL"": 0.0, ""DNK"": 0.0, ""AUS"": 0.0}",CHE,0.726,51.5,False,"{""treated_classes"": [], ""ambiguous"": [], ""unscreened"": [], ""paper2015"": [], ""asterisk"": [""AUS:2022"", ""CAN:2022"", ""CAN:2025"", ""DNK:2022"", ""IRL:2022"", ""LVA:2022"", ""NOR:2025"", ""NZL:2022"", ""NZL:2025""], ""non_oecd"": [], ""below_tur_libdem13"": [], ""libdem_missing"": []}",yıldızlı ülke-döngü havuzda (AUS:2022 CAN:2022 CAN:2025 DNK:2022 IRL:2022 LVA:2022 NOR:2025 NZL:2022 NZL:2025),,,50.4,False,0.0
A_ladder,S134,C1+C3+C4,3,False,L1,off,False,,reading,12,53.3,FRA=0.77,2003 2006 2009 2012,2.41,23.58,9.78,-31.4,15.2,-0.6,31.7,3.7,0.462,0.538,6/13,7/13,"{""JPN"": 0.783, ""DNK"": 0.198, ""ISL"": 0.019, ""NZL"": 0.0, ""CAN"": 0.0, ""CHE"": 0.0, ""AUS"": 0.0, ""BEL"": 0.0, ""FRA"": 0.0, ""IRL"": 0.0, ""LVA"": 0.0, ""NOR"": 0.0}",JPN,0.783,31.9,False,"{""treated_classes"": [], ""ambiguous"": [], ""unscreened"": [], ""paper2015"": [], ""asterisk"": [""AUS:2022"", ""CAN:2022"", ""CAN:2025"", ""DNK:2022"", ""IRL:2022"", ""LVA:2022"", ""NOR:2025"", ""NZL:2022"", ""NZL:2025""], ""non_oecd"": [], ""below_tur_libdem13"": [], ""libdem_missing"": []}",yıldızlı ülke-döngü havuzda (AUS:2022 CAN:2022 CAN:2025 DNK:2022 IRL:2022 LVA:2022 NOR:2025 NZL:2022 NZL:2025),,,34.1,False,-2.4
A_ladder,S134,C1+C3+C4,3,False,L1,off,False,,science,18,48.8,JPN=1.00,2006 2009 2012,2.49,41.07,16.5,-68.4,-27.1,-32.7,-16.4,-36.1,1.0,0.789,19/19,15/19,"{""QAT"": 1.0, ""EST"": 0.0, ""IRL"": 0.0, ""TWN"": 0.0, ""LVA"": 0.0, ""BGR"": 0.0, ""JPN"": 0.0, ""LTU"": 0.0, ""BEL"": 0.0, ""FRA"": 0.0, ""CAN"": 0.0, ""COL"": 0.0, ""AUS"": 0.0, ""CHE"": 0.0, ""DNK"": 0.0, ""ISL"": 0.0, ""NOR"": 0.0, ""NZL"": 0.0}",QAT,1.0,5.8,True,"{""treated_classes"": [], ""ambiguous"": [], ""unscreened"": [], ""paper2015"": [], ""asterisk"": [""AUS:2022"", ""CAN:2022"", ""CAN:2025"", ""DNK:2022"", ""IRL:2022"", ""LVA:2022"", ""NOR:2025"", ""NZL:2022"", ""NZL:2025""], ""non_oecd"": [""BGR"", ""QAT"", ""TWN""], ""below_tur_libdem13"": [""QAT""], ""libdem_missing"": []}",yıldızlı ülke-döngü havuzda (AUS:2022 CAN:2022 CAN:2025 DNK:2022 IRL:2022 LVA:2022 NOR:2025 NZL:2022 NZL:2025),,,48.8,True,-65.2
A_ladder,S234,C2+C3+C4,3,True,L3,off,False,,math,26,34.5,ITA=0.83,2003 2006 2009 2012,1.33,28.33,21.29,-29.5,2.4,22.7,42.6,9.6,0.148,0.519,4/27,14/27,"{""PRT"": 0.941, ""POL"": 0.033, ""ITA"": 0.026, ""MEX"": 0.0, ""DEU"": 0.0, ""FIN"": 0.0, ""NZL"": 0.0, ""USA"": 0.0, ""SVK"": 0.0, ""GRC"": 0.0, ""SWE"": 0.0, ""ISL"": 0.0, ""HUN"": 0.0, ""JPN"": 0.0, ""NOR"": 0.0, ""AUS"": 0.0, ""KOR"": 0.0, ""LVA"": 0.0, ""CAN"": 0.0, ""CHE"": 0.0, ""IRL"": 0.0, ""CZE"": 0.0, ""BEL"": 0.0, ""DNK"": 0.0, ""NLD"": 0.0, ""FRA"": 0.0}",PRT,0.941,66.9,True,"{""treated_classes"": [""CZE"", ""GRC"", ""HUN"", ""ITA"", ""KOR"", ""MEX"", ""POL"", ""SVK"", ""USA""], ""ambiguous"": [""DEU"", ""FIN"", ""NLD"", ""PRT"", ""SWE""], ""unscreened"": [], ""paper2015"": [], ""asterisk"": [""AUS:2022"", ""CAN:2022"", ""CAN:2025"", ""DNK:2022"", ""IRL:2022"", ""LVA:2022"", ""NLD:2018"", ""NLD:2022"", ""NLD:2025"", ""NOR:2025"", ""NZL:2022"", ""NZL:2025"", ""PRT:2018"", ""USA:2018"", ""USA:2022"", ""USA:2025""], ""non_oecd"": [], ""below_tur_libdem13"": [], ""libdem_missing"": []}",kirlenme: tedavi/otokratikleşen sınıf donörde (9: CZE GRC HUN ITA KOR MEX POL SVK USA); yıldızlı ülke-döngü havuzda (AUS:2022 CAN:2022 CAN:2025 DNK:2022 IRL:2022 LVA:2022 NLD:2018 NLD:2022 NLD:2025 NOR:2025 NZL:2022 NZL:2025 PRT:2018 USA:2018 USA:2022 USA:2025); ambiguous sınıf (DEU FIN NLD PRT SWE),,,50.4,False,-7.8
A_ladder,S234,C2+C3+C4,3,True,L3,off,False,,reading,25,22.9,MEX=0.68,2003 2006 2009 2012,0.65,21.66,33.07,-33.2,11.8,-1.6,25.2,0.6,0.462,0.615,12/26,16/26,"{""JPN"": 0.579, ""MEX"": 0.369, ""POL"": 0.053, ""IRL"": 0.0, ""KOR"": 0.0, ""DNK"": 0.0, ""CZE"": 0.0, ""CHE"": 0.0, ""FIN"": 0.0, ""NLD"": 0.0, ""FRA"": 0.0, ""CAN"": 0.0, ""SWE"": 0.0, ""DEU"": 0.0, ""NZL"": 0.0, ""BEL"": 0.0, ""PRT"": 0.0, ""HUN"": 0.0, ""ITA"": 0.0, ""AUS"": 0.0, ""GRC"": 0.0, ""ISL"": 0.0, ""LVA"": 0.0, ""NOR"": 0.0, ""SVK"": 0.0}",JPN,0.579,1.8,True,"{""treated_classes"": [""CZE"", ""GRC"", ""HUN"", ""ITA"", ""KOR"", ""MEX"", ""POL"", ""SVK""], ""ambiguous"": [""DEU"", ""FIN"", ""NLD"", ""PRT"", ""SWE""], ""unscreened"": [], ""paper2015"": [], ""asterisk"": [""AUS:2022"", ""CAN:2022"", ""CAN:2025"", ""DNK:2022"", ""IRL:2022"", ""LVA:2022"", ""NLD:2018"", ""NLD:2022"", ""NLD:2025"", ""NOR:2025"", ""NZL:2022"", ""NZL:2025"", ""PRT:2018""], ""non_oecd"": [], ""below_tur_libdem13"": [], ""libdem_missing"": []}",kirlenme: tedavi/otokratikleşen sınıf donörde (8: CZE GRC HUN ITA KOR MEX POL SVK); yıldızlı ülke-döngü havuzda (AUS:2022 CAN:2022 CAN:2025 DNK:2022 IRL:2022 LVA:2022 NLD:2018 NLD:2022 NLD:2025 NOR:2025 NZL:2022 NZL:2025 PRT:2018); ambiguous sınıf (DEU FIN NLD PRT SWE),,,34.1,False,-8.9
A_ladder,S234,C2+C3+C4,3,True,L3,off,False,,science,33,50.2,ITA=1.00,2006 2009 2012,7.76,37.69,4.86,-19.2,19.2,37.5,59.5,24.2,0.059,0.941,2/34,32/34,"{""POL"": 0.726, ""PRT"": 0.274, ""KOR"": 0.0, ""NOR"": 0.0, ""COL"": 0.0, ""USA"": 0.0, ""ISL"": 0.0, ""ITA"": 0.0, ""CHL"": 0.0, ""SVK"": 0.0, ""NZL"": 0.0, ""MEX"": 0.0, ""CHE"": 0.0, ""JPN"": 0.0, ""DNK"": 0.0, ""DEU"": 0.0, ""FRA"": 0.0, ""AUS"": 0.0, ""BEL"": 0.0, ""CAN"": 0.0, ""CZE"": 0.0, ""EST"": 0.0, ""FIN"": 0.0, ""GBR"": 0.0, ""GRC"": 0.0, ""HUN"": 0.0, ""IRL"": 0.0, ""ISR"": 0.0, ""LTU"": 0.0, ""LVA"": 0.0, ""NLD"": 0.0, ""SVN"": 0.0, ""SWE"": 0.0}",POL,0.726,54.0,True,"{""treated_classes"": [""CZE"", ""GBR"", ""GRC"", ""HUN"", ""ITA"", ""KOR"", ""MEX"", ""POL"", ""SVK"", ""SVN"", ""USA""], ""ambiguous"": [""CHL"", ""DEU"", ""FIN"", ""ISR"", ""NLD"", ""PRT"", ""SWE""], ""unscreened"": [], ""paper2015"": [], ""asterisk"": [""AUS:2022"", ""CAN:2022"", ""CAN:2025"", ""DNK:2022"", ""GBR:2022"", ""IRL:2022"", ""LVA:2022"", ""NLD:2018"", ""NLD:2022"", ""NLD:2025"", ""NOR:2025"", ""NZL:2022"", ""NZL:2025"", ""PRT:2018"", ""USA:2018"", ""USA:2022"", ""USA:2025""], ""non_oecd"": [], ""below_tur_libdem13"": [], ""libdem_missing"": []}",kirlenme: tedavi/otokratikleşen sınıf donörde (11: CZE GBR GRC HUN ITA KOR MEX POL SVK SVN USA); yıldızlı ülke-döngü havuzda (AUS:2022 CAN:2022 CAN:2025 DNK:2022 GBR:2022 IRL:2022 LVA:2022 NLD:2018 NLD:2022 NLD:2025 NOR:2025 NZL:2022 NZL:2025 PRT:2018 USA:2018 USA:2022 USA:2025); ambiguous sınıf (CHL DEU FIN ISR NLD PRT SWE),,,48.8,False,10.7
A_ladder,S1234,C1+C2+C3+C4,4,False,L3,off,False,,math,32,40.8,PRT=0.86,2003 2006 2009 2012,0.75,22.41,29.77,-26.5,6.8,18.7,30.1,7.3,0.242,0.515,8/33,17/33,"{""ITA"": 0.705, ""BRA"": 0.295, ""IDN"": 0.0, ""FIN"": 0.0, ""MEX"": 0.0, ""GRC"": 0.0, ""URY"": 0.0, ""IRL"": 0.0, ""KOR"": 0.0, ""DNK"": 0.0, ""NZL"": 0.0, ""LVA"": 0.0, ""CZE"": 0.0, ""AUS"": 0.0, ""HUN"": 0.0, ""SWE"": 0.0, ""POL"": 0.0, ""USA"": 0.0, ""JPN"": 0.0, ""PRT"": 0.0, ""FRA"": 0.0, ""NOR"": 0.0, ""HKG"": 0.0, ""ISL"": 0.0, ""SVK"": 0.0, ""DEU"": 0.0, ""MAC"": 0.0, ""BEL"": 0.0, ""CAN"": 0.0, ""THA"": 0.0, ""NLD"": 0.0, ""CHE"": 0.0}",ITA,0.705,1.0,True,"{""treated_classes"": [""BRA"", ""CZE"", ""GRC"", ""HKG"", ""HUN"", ""IDN"", ""ITA"", ""KOR"", ""MEX"", ""POL"", ""SVK"", ""THA"", ""USA""], ""ambiguous"": [""DEU"", ""FIN"", ""NLD"", ""PRT"", ""SWE"", ""URY""], ""unscreened"": [""MAC""], ""paper2015"": [""IDN""], ""asterisk"": [""AUS:2022"", ""CAN:2022"", ""CAN:2025"", ""DNK:2022"", ""HKG:2018"", ""HKG:2022"", ""IRL:2022"", ""LVA:2022"", ""NLD:2018"", ""NLD:2022"", ""NLD:2025"", ""NOR:2025"", ""NZL:2022"", ""NZL:2025"", ""PRT:2018"", ""USA:2018"", ""USA:2022"", ""USA:2025""], ""non_oecd"": [""BRA"", ""HKG"", ""IDN"", ""MAC"", ""THA"", ""URY""], ""below_tur_libdem13"": [], ""libdem_missing"": [""MAC""]}",kirlenme: tedavi/otokratikleşen sınıf donörde (13: BRA CZE GRC HKG HUN IDN ITA KOR MEX POL SVK THA USA); taramasız ülke (1); 2015 kâğıt ülkeleri havuzda (IDN) — mod etkisi kontrol grubuna bulaşır; yıldızlı ülke-döngü havuzda (AUS:2022 CAN:2022 CAN:2025 DNK:2022 HKG:2018 HKG:2022 IRL:2022 LVA:2022 NLD:2018 NLD:2022 NLD:2025 NOR:2025 NZL:2022 NZL:2025 PRT:2018 USA:2018 USA:2022 USA:2025); ambiguous sınıf (DEU FIN NLD PRT SWE URY),,,50.4,False,-20.3
A_ladder,S1234,C1+C2+C3+C4,4,False,L3,off,False,,reading,31,33.1,MEX=0.61,2003 2006 2009 2012,0.04,22.69,628.15,-32.2,13.3,1.0,29.1,2.8,0.375,0.594,12/32,19/32,"{""JPN"": 0.583, ""MEX"": 0.308, ""HKG"": 0.109, ""LVA"": 0.0, ""IRL"": 0.0, ""CAN"": 0.0, ""BRA"": 0.0, ""SVK"": 0.0, ""THA"": 0.0, ""FRA"": 0.0, ""ITA"": 0.0, ""HUN"": 0.0, ""KOR"": 0.0, ""NOR"": 0.0, ""CHE"": 0.0, ""GRC"": 0.0, ""AUS"": 0.0, ""BEL"": 0.0, ""CZE"": 0.0, ""DEU"": 0.0, ""DNK"": 0.0, ""FIN"": 0.0, ""IDN"": 0.0, ""ISL"": 0.0, ""MAC"": 0.0, ""NLD"": 0.0, ""NZL"": 0.0, ""POL"": 0.0, ""PRT"": 0.0, ""SWE"": 0.0, ""URY"": 0.0}",JPN,0.583,1.5,True,"{""treated_classes"": [""BRA"", ""CZE"", ""GRC"", ""HKG"", ""HUN"", ""IDN"", ""ITA"", ""KOR"", ""MEX"", ""POL"", ""SVK"", ""THA""], ""ambiguous"": [""DEU"", ""FIN"", ""NLD"", ""PRT"", ""SWE"", ""URY""], ""unscreened"": [""MAC""], ""paper2015"": [""IDN""], ""asterisk"": [""AUS:2022"", ""CAN:2022"", ""CAN:2025"", ""DNK:2022"", ""HKG:2018"", ""HKG:2022"", ""IRL:2022"", ""LVA:2022"", ""NLD:2018"", ""NLD:2022"", ""NLD:2025"", ""NOR:2025"", ""NZL:2022"", ""NZL:2025"", ""PRT:2018""], ""non_oecd"": [""BRA"", ""HKG"", ""IDN"", ""MAC"", ""THA"", ""URY""], ""below_tur_libdem13"": [], ""libdem_missing"": [""MAC""]}",kirlenme: tedavi/otokratikleşen sınıf donörde (12: BRA CZE GRC HKG HUN IDN ITA KOR MEX POL SVK THA); taramasız ülke (1); 2015 kâğıt ülkeleri havuzda (IDN) — mod etkisi kontrol grubuna bulaşır; yıldızlı ülke-döngü havuzda (AUS:2022 CAN:2022 CAN:2025 DNK:2022 HKG:2018 HKG:2022 IRL:2022 LVA:2022 NLD:2018 NLD:2022 NLD:2025 NOR:2025 NZL:2022 NZL:2025 PRT:2018); ambiguous sınıf (DEU FIN NLD PRT SWE URY),,,34.1,False,-5.0
A_ladder,S1234,C1+C2+C3+C4,4,False,L3,off,False,,science,45,59.5,POL=0.73,2006 2009 2012,2.43,37.69,15.51,-64.8,-24.0,-28.0,-11.3,-32.0,0.957,0.935,44/46,43/46,"{""QAT"": 0.936, ""POL"": 0.064, ""SVK"": 0.0, ""ISL"": 0.0, ""NZL"": 0.0, ""URY"": 0.0, ""HUN"": 0.0, ""FIN"": 0.0, ""SWE"": 0.0, ""NOR"": 0.0, ""PRT"": 0.0, ""BRA"": 0.0, ""AUS"": 0.0, ""USA"": 0.0, ""CHL"": 0.0, ""CAN"": 0.0, ""GRC"": 0.0, ""COL"": 0.0, ""DNK"": 0.0, ""BEL"": 0.0, ""MEX"": 0.0, ""THA"": 0.0, ""ROU"": 0.0, ""ISR"": 0.0, ""ITA"": 0.0, ""IRL"": 0.0, ""JPN"": 0.0, ""LVA"": 0.0, ""BGR"": 0.0, ""EST"": 0.0, ""KOR"": 0.0, ""HKG"": 0.0, ""MAC"": 0.0, ""LTU"": 0.0, ""DEU"": 0.0, ""FRA"": 0.0, ""IDN"": 0.0, ""TWN"": 0.0, ""SVN"": 0.0, ""NLD"": 0.0, ""CZE"": 0.0, ""GBR"": 0.0, ""HRV"": 0.0, ""MNE"": 0.0, ""CHE"": 0.0}",QAT,0.936,40.8,True,"{""treated_classes"": [""BRA"", ""CZE"", ""GBR"", ""GRC"", ""HKG"", ""HRV"", ""HUN"", ""IDN"", ""ITA"", ""KOR"", ""MEX"", ""MNE"", ""POL"", ""ROU"", ""SVK"", ""SVN"", ""THA"", ""USA""], ""ambiguous"": [""CHL"", ""DEU"", ""FIN"", ""ISR"", ""NLD"", ""PRT"", ""SWE"", ""URY""], ""unscreened"": [""MAC""], ""paper2015"": [""IDN"", ""ROU""], ""asterisk"": [""AUS:2022"", ""CAN:2022"", ""CAN:2025"", ""DNK:2022"", ""GBR:2022"", ""HKG:2018"", ""HKG:2022"", ""IRL:2022"", ""LVA:2022"", ""NLD:2018"", ""NLD:2022"", ""NLD:2025"", ""NOR:2025"", ""NZL:2022"", ""NZL:2025"", ""PRT:2018"", ""USA:2018"", ""USA:2022"", ""USA:2025""], ""non_oecd"": [""BGR"", ""BRA"", ""HKG"", ""HRV"", ""IDN"", ""MAC"", ""MNE"", ""QAT"", ""ROU"", ""THA"", ""TWN"", ""URY""], ""below_tur_libdem13"": [""QAT""], ""libdem_missing"": [""MAC""]}",kirlenme: tedavi/otokratikleşen sınıf donörde (18: BRA CZE GBR GRC HKG HRV HUN IDN ITA KOR MEX MNE POL ROU SVK SVN THA USA); taramasız ülke (1); 2015 kâğıt ülkeleri havuzda (IDN ROU) — mod etkisi kontrol grubuna bulaşır; yıldızlı ülke-döngü havuzda (AUS:2022 CAN:2022 CAN:2025 DNK:2022 GBR:2022 HKG:2018 HKG:2022 IRL:2022 LVA:2022 NLD:2018 NLD:2022 NLD:2025 NOR:2025 NZL:2022 NZL:2025 PRT:2018 USA:2018 USA:2022 USA:2025); ambiguous sınıf (CHL DEU FIN ISR NLD PRT SWE URY),,,48.8,True,-60.1
B_screen_ladder,B-L0,C2=L0,1,True,L0,on,True,,math,5,31.6,JPN=1.00,2003 2006 2009 2012,9.44,33.91,3.59,-8.7,30.2,32.8,50.4,26.2,0.167,0.333,1/6,2/6,"{""CHE"": 0.726, ""JPN"": 0.274, ""BEL"": 0.0, ""FRA"": 0.0, ""ISL"": 0.0}",CHE,0.726,66.3,False,"{""treated_classes"": [], ""ambiguous"": [], ""unscreened"": [], ""paper2015"": [], ""asterisk"": [], ""non_oecd"": [], ""below_tur_libdem13"": [], ""libdem_missing"": []}",,,,50.4,False,0.0
B_screen_ladder,B-L0,C2=L0,1,True,L0,on,True,,reading,5,53.3,FRA=0.78,2003 2006 2009 2012,2.61,24.53,9.41,-28.7,19.8,4.9,34.1,7.6,0.333,0.167,2/6,1/6,"{""JPN"": 0.79, ""ISL"": 0.106, ""CHE"": 0.104, ""FRA"": 0.0, ""BEL"": 0.0}",JPN,0.79,36.5,False,"{""treated_classes"": [], ""ambiguous"": [], ""unscreened"": [], ""paper2015"": [], ""asterisk"": [], ""non_oecd"": [], ""below_tur_libdem13"": [], ""libdem_missing"": []}",,,,34.1,False,0.0
B_screen_ladder,B-L0,C2=L0,1,True,L0,on,True,,science,7,51.2,LTU=1.00,2006 2009 2012,10.94,32.61,2.98,-20.8,31.3,21.4,48.8,20.2,0.125,0.875,1/8,7/8,"{""JPN"": 1.0, ""ISL"": 0.0, ""BEL"": 0.0, ""CHE"": 0.0, ""EST"": 0.0, ""FRA"": 0.0, ""LTU"": 0.0}",JPN,1.0,46.2,False,"{""treated_classes"": [], ""ambiguous"": [], ""unscreened"": [], ""paper2015"": [], ""asterisk"": [], ""non_oecd"": [], ""below_tur_libdem13"": [], ""libdem_missing"": []}",,,,48.8,False,0.0
B_screen_ladder,B-L1,C2=L1,0,True,L1,on,True,,math,5,31.6,JPN=1.00,2003 2006 2009 2012,9.44,33.91,3.59,-8.7,30.2,32.8,50.4,26.2,0.167,0.333,1/6,2/6,"{""CHE"": 0.726, ""JPN"": 0.274, ""BEL"": 0.0, ""FRA"": 0.0, ""ISL"": 0.0}",CHE,0.726,66.3,False,"{""treated_classes"": [], ""ambiguous"": [], ""unscreened"": [], ""paper2015"": [], ""asterisk"": [], ""non_oecd"": [], ""below_tur_libdem13"": [], ""libdem_missing"": []}",,,,50.4,False,0.0
B_screen_ladder,B-L1,C2=L1,0,True,L1,on,True,,reading,5,53.3,FRA=0.78,2003 2006 2009 2012,2.61,24.53,9.41,-28.7,19.8,4.9,34.1,7.6,0.333,0.167,2/6,1/6,"{""JPN"": 0.79, ""ISL"": 0.106, ""CHE"": 0.104, ""FRA"": 0.0, ""BEL"": 0.0}",JPN,0.79,36.5,False,"{""treated_classes"": [], ""ambiguous"": [], ""unscreened"": [], ""paper2015"": [], ""asterisk"": [], ""non_oecd"": [], ""below_tur_libdem13"": [], ""libdem_missing"": []}",,,,34.1,False,0.0
B_screen_ladder,B-L1,C2=L1,0,True,L1,on,True,,science,8,29.6,COL=1.00,2006 2009 2012,10.94,32.61,2.98,-20.8,31.3,21.4,48.8,20.2,0.222,0.889,2/9,8/9,"{""JPN"": 1.0, ""COL"": 0.0, ""LTU"": 0.0, ""ISL"": 0.0, ""FRA"": 0.0, ""EST"": 0.0, ""BEL"": 0.0, ""CHE"": 0.0}",JPN,1.0,11.4,True,"{""treated_classes"": [], ""ambiguous"": [], ""unscreened"": [], ""paper2015"": [], ""asterisk"": [], ""non_oecd"": [], ""below_tur_libdem13"": [], ""libdem_missing"": []}",,,,48.8,False,0.0
B_screen_ladder,B-L2,C2=L2,1,True,L2,on,True,,math,8,50.4,CHE=0.73,2003 2006 2009 2012,6.67,46.14,6.92,-12.4,26.5,51.4,70.8,34.1,0.111,0.667,1/9,6/9,"{""DEU"": 1.0, ""ISL"": 0.0, ""FIN"": 0.0, ""BEL"": 0.0, ""CHE"": 0.0, ""FRA"": 0.0, ""JPN"": 0.0, ""SWE"": 0.0}",DEU,1.0,64.8,False,"{""treated_classes"": [], ""ambiguous"": [""DEU"", ""FIN"", ""SWE""], ""unscreened"": [], ""paper2015"": [], ""asterisk"": [], ""non_oecd"": [], ""below_tur_libdem13"": [], ""libdem_missing"": []}",ambiguous sınıf (DEU FIN SWE),,,50.4,False,20.4
B_screen_ladder,B-L2,C2=L2,1,True,L2,on,True,,reading,8,47.7,DEU=1.00,2003 2006 2009 2012,2.36,24.17,10.24,-29.2,19.4,3.5,33.1,6.7,0.333,0.444,3/9,4/9,"{""JPN"": 0.864, ""FIN"": 0.136, ""ISL"": 0.0, ""DEU"": 0.0, ""BEL"": 0.0, ""CHE"": 0.0, ""FRA"": 0.0, ""SWE"": 0.0}",JPN,0.864,36.5,False,"{""treated_classes"": [], ""ambiguous"": [""DEU"", ""FIN"", ""SWE""], ""unscreened"": [], ""paper2015"": [], ""asterisk"": [], ""non_oecd"": [], ""below_tur_libdem13"": [], ""libdem_missing"": []}",ambiguous sınıf (DEU FIN SWE),,,34.1,False,-1.0
B_screen_ladder,B-L2,C2=L2,1,True,L2,on,True,,science,13,41.7,COL=0.66,2006 2009 2012,10.94,32.61,2.98,-20.8,31.3,21.4,48.8,20.2,0.143,1.0,2/14,14/14,"{""JPN"": 1.0, ""ISL"": 0.0, ""COL"": 0.0, ""CHL"": 0.0, ""CHE"": 0.0, ""BEL"": 0.0, ""DEU"": 0.0, ""EST"": 0.0, ""FIN"": 0.0, ""FRA"": 0.0, ""ISR"": 0.0, ""LTU"": 0.0, ""SWE"": 0.0}",JPN,1.0,11.3,True,"{""treated_classes"": [], ""ambiguous"": [""CHL"", ""DEU"", ""FIN"", ""ISR"", ""SWE""], ""unscreened"": [], ""paper2015"": [], ""asterisk"": [], ""non_oecd"": [], ""below_tur_libdem13"": [], ""libdem_missing"": []}",ambiguous sınıf (CHL DEU FIN ISR SWE),,,48.8,False,0.0
B_screen_ladder,B-L3,C2=L3,1,True,L3,on,True,,math,16,40.5,MEX=0.55,2003 2006 2009 2012,1.4,25.12,17.98,-28.3,7.2,21.9,34.5,8.8,0.353,0.471,6/17,8/17,"{""ITA"": 0.833, ""MEX"": 0.167, ""POL"": 0.0, ""DEU"": 0.0, ""ISL"": 0.0, ""BEL"": 0.0, ""JPN"": 0.0, ""KOR"": 0.0, ""GRC"": 0.0, ""CHE"": 0.0, ""HUN"": 0.0, ""SVK"": 0.0, ""FIN"": 0.0, ""CZE"": 0.0, ""FRA"": 0.0, ""SWE"": 0.0}",ITA,0.833,3.9,True,"{""treated_classes"": [""CZE"", ""GRC"", ""HUN"", ""ITA"", ""KOR"", ""MEX"", ""POL"", ""SVK""], ""ambiguous"": [""DEU"", ""FIN"", ""SWE""], ""unscreened"": [], ""paper2015"": [], ""asterisk"": [], ""non_oecd"": [], ""below_tur_libdem13"": [], ""libdem_missing"": []}",kirlenme: tedavi/otokratikleşen sınıf donörde (8: CZE GRC HUN ITA KOR MEX POL SVK); ambiguous sınıf (DEU FIN SWE),,,50.4,False,-15.9
B_screen_ladder,B-L3,C2=L3,1,True,L3,on,True,,reading,16,22.9,MEX=0.68,2003 2006 2009 2012,0.65,21.66,33.07,-33.2,11.8,-1.6,25.2,0.6,0.471,0.471,8/17,8/17,"{""JPN"": 0.579, ""MEX"": 0.369, ""POL"": 0.053, ""GRC"": 0.0, ""ISL"": 0.0, ""ITA"": 0.0, ""SVK"": 0.0, ""FRA"": 0.0, ""BEL"": 0.0, ""CZE"": 0.0, ""HUN"": 0.0, ""SWE"": 0.0, ""KOR"": 0.0, ""DEU"": 0.0, ""FIN"": 0.0, ""CHE"": 0.0}",JPN,0.579,1.8,True,"{""treated_classes"": [""CZE"", ""GRC"", ""HUN"", ""ITA"", ""KOR"", ""MEX"", ""POL"", ""SVK""], ""ambiguous"": [""DEU"", ""FIN"", ""SWE""], ""unscreened"": [], ""paper2015"": [], ""asterisk"": [], ""non_oecd"": [], ""below_tur_libdem13"": [], ""libdem_missing"": []}",kirlenme: tedavi/otokratikleşen sınıf donörde (8: CZE GRC HUN ITA KOR MEX POL SVK); ambiguous sınıf (DEU FIN SWE),,,34.1,False,-8.9
B_screen_ladder,B-L3,C2=L3,1,True,L3,on,True,,science,22,50.2,ITA=1.00,2006 2009 2012,7.95,38.32,4.82,-10.7,24.0,38.8,60.7,28.2,0.13,0.913,3/23,21/23,"{""POL"": 0.772, ""KOR"": 0.228, ""COL"": 0.0, ""ISL"": 0.0, ""ITA"": 0.0, ""CHL"": 0.0, ""SVK"": 0.0, ""MEX"": 0.0, ""CHE"": 0.0, ""JPN"": 0.0, ""DEU"": 0.0, ""FRA"": 0.0, ""HUN"": 0.0, ""BEL"": 0.0, ""CZE"": 0.0, ""EST"": 0.0, ""FIN"": 0.0, ""GRC"": 0.0, ""ISR"": 0.0, ""LTU"": 0.0, ""SVN"": 0.0, ""SWE"": 0.0}",POL,0.772,9.3,True,"{""treated_classes"": [""CZE"", ""GRC"", ""HUN"", ""ITA"", ""KOR"", ""MEX"", ""POL"", ""SVK"", ""SVN""], ""ambiguous"": [""CHL"", ""DEU"", ""FIN"", ""ISR"", ""SWE""], ""unscreened"": [], ""paper2015"": [], ""asterisk"": [], ""non_oecd"": [], ""below_tur_libdem13"": [], ""libdem_missing"": []}",kirlenme: tedavi/otokratikleşen sınıf donörde (9: CZE GRC HUN ITA KOR MEX POL SVK SVN); ambiguous sınıf (CHL DEU FIN ISR SWE),,,48.8,False,11.9
C_mode_adjusted,C3-adj,C3=adj,1,True,L1,adj,True,donors,math,5,31.6,JPN=1.00,2003 2006 2009 2012,9.44,33.83,3.58,-7.3,30.2,32.8,50.4,26.5,0.167,0.333,1/6,2/6,"{""CHE"": 0.726, ""JPN"": 0.274, ""BEL"": 0.0, ""FRA"": 0.0, ""ISL"": 0.0}",CHE,0.726,66.3,False,"{""treated_classes"": [], ""ambiguous"": [], ""unscreened"": [], ""paper2015"": [], ""asterisk"": [], ""non_oecd"": [], ""below_tur_libdem13"": [], ""libdem_missing"": []}",,,,50.4,False,0.0
C_mode_adjusted,C3-adj,C3=adj,1,True,L1,adj,True,donors,reading,5,53.3,FRA=0.78,2003 2006 2009 2012,2.61,24.12,9.26,-27.3,19.8,4.9,34.1,7.9,0.333,0.167,2/6,1/6,"{""JPN"": 0.79, ""ISL"": 0.106, ""CHE"": 0.104, ""FRA"": 0.0, ""BEL"": 0.0}",JPN,0.79,36.5,False,"{""treated_classes"": [], ""ambiguous"": [], ""unscreened"": [], ""paper2015"": [], ""asterisk"": [], ""non_oecd"": [], ""below_tur_libdem13"": [], ""libdem_missing"": []}",,,,34.1,False,0.0
C_mode_adjusted,C3-adj,C3=adj,1,True,L1,adj,True,donors,science,8,29.6,COL=1.00,2006 2009 2012,10.94,32.96,3.01,-22.9,31.3,21.4,48.8,19.7,0.222,0.889,2/9,8/9,"{""JPN"": 1.0, ""COL"": 0.0, ""LTU"": 0.0, ""ISL"": 0.0, ""FRA"": 0.0, ""EST"": 0.0, ""BEL"": 0.0, ""CHE"": 0.0}",JPN,1.0,11.4,True,"{""treated_classes"": [], ""ambiguous"": [], ""unscreened"": [], ""paper2015"": [], ""asterisk"": [], ""non_oecd"": [], ""below_tur_libdem13"": [], ""libdem_missing"": []}",,,,48.8,False,0.0
C_mode_adjusted,C3-adj+TUR,C3=adj; TUR also adjusted (diagnostic),1,True,L1,adj,True,donors+treated,math,5,31.6,JPN=1.00,2003 2006 2009 2012,9.44,33.91,3.59,-8.7,30.2,32.8,50.4,26.2,0.167,0.333,1/6,2/6,"{""CHE"": 0.726, ""JPN"": 0.274, ""BEL"": 0.0, ""FRA"": 0.0, ""ISL"": 0.0}",CHE,0.726,66.3,False,"{""treated_classes"": [], ""ambiguous"": [], ""unscreened"": [], ""paper2015"": [], ""asterisk"": [], ""non_oecd"": [], ""below_tur_libdem13"": [], ""libdem_missing"": []}",,,,50.4,False,0.0
C_mode_adjusted,C3-adj+TUR,C3=adj; TUR also adjusted (diagnostic),1,True,L1,adj,True,donors+treated,reading,5,53.3,FRA=0.78,2003 2006 2009 2012,2.61,24.53,9.41,-28.7,19.8,4.9,34.1,7.6,0.333,0.167,2/6,1/6,"{""JPN"": 0.79, ""ISL"": 0.106, ""CHE"": 0.104, ""FRA"": 0.0, ""BEL"": 0.0}",JPN,0.79,36.5,False,"{""treated_classes"": [], ""ambiguous"": [], ""unscreened"": [], ""paper2015"": [], ""asterisk"": [], ""non_oecd"": [], ""below_tur_libdem13"": [], ""libdem_missing"": []}",,,,34.1,False,0.0
C_mode_adjusted,C3-adj+TUR,C3=adj; TUR also adjusted (diagnostic),1,True,L1,adj,True,donors+treated,science,8,29.6,COL=1.00,2006 2009 2012,10.94,32.61,2.98,-20.8,31.3,21.4,48.8,20.2,0.222,0.889,2/9,8/9,"{""JPN"": 1.0, ""COL"": 0.0, ""LTU"": 0.0, ""ISL"": 0.0, ""FRA"": 0.0, ""EST"": 0.0, ""BEL"": 0.0, ""CHE"": 0.0}",JPN,1.0,11.4,True,"{""treated_classes"": [], ""ambiguous"": [], ""unscreened"": [], ""paper2015"": [], ""asterisk"": [], ""non_oecd"": [], ""below_tur_libdem13"": [], ""libdem_missing"": []}",,,,48.8,False,0.0
A_ladder_adj_twin,S3-adj,C3=adj,1,True,L1,adj,True,donors,math,5,31.6,JPN=1.00,2003 2006 2009 2012,9.44,33.83,3.58,-7.3,30.2,32.8,50.4,26.5,0.167,0.333,1/6,2/6,"{""CHE"": 0.726, ""JPN"": 0.274, ""BEL"": 0.0, ""FRA"": 0.0, ""ISL"": 0.0}",CHE,0.726,66.3,False,"{""treated_classes"": [], ""ambiguous"": [], ""unscreened"": [], ""paper2015"": [], ""asterisk"": [], ""non_oecd"": [], ""below_tur_libdem13"": [], ""libdem_missing"": []}",,,,50.4,False,0.0
A_ladder_adj_twin,S3-adj,C3=adj,1,True,L1,adj,True,donors,reading,5,53.3,FRA=0.78,2003 2006 2009 2012,2.61,24.12,9.26,-27.3,19.8,4.9,34.1,7.9,0.333,0.167,2/6,1/6,"{""JPN"": 0.79, ""ISL"": 0.106, ""CHE"": 0.104, ""FRA"": 0.0, ""BEL"": 0.0}",JPN,0.79,36.5,False,"{""treated_classes"": [], ""ambiguous"": [], ""unscreened"": [], ""paper2015"": [], ""asterisk"": [], ""non_oecd"": [], ""below_tur_libdem13"": [], ""libdem_missing"": []}",,,,34.1,False,0.0
A_ladder_adj_twin,S3-adj,C3=adj,1,True,L1,adj,True,donors,science,8,29.6,COL=1.00,2006 2009 2012,10.94,32.96,3.01,-22.9,31.3,21.4,48.8,19.7,0.222,0.889,2/9,8/9,"{""JPN"": 1.0, ""COL"": 0.0, ""LTU"": 0.0, ""ISL"": 0.0, ""FRA"": 0.0, ""EST"": 0.0, ""BEL"": 0.0, ""CHE"": 0.0}",JPN,1.0,11.4,True,"{""treated_classes"": [], ""ambiguous"": [], ""unscreened"": [], ""paper2015"": [], ""asterisk"": [], ""non_oecd"": [], ""below_tur_libdem13"": [], ""libdem_missing"": []}",,,,48.8,False,0.0
A_ladder_adj_twin,S13-adj,C1+C3=adj,2,False,L1,adj,True,donors,math,5,31.6,JPN=1.00,2003 2006 2009 2012,9.44,33.83,3.58,-7.3,30.2,32.8,50.4,26.5,0.167,0.333,1/6,2/6,"{""CHE"": 0.726, ""JPN"": 0.274, ""BEL"": 0.0, ""FRA"": 0.0, ""ISL"": 0.0}",CHE,0.726,66.3,False,"{""treated_classes"": [], ""ambiguous"": [], ""unscreened"": [], ""paper2015"": [], ""asterisk"": [], ""non_oecd"": [], ""below_tur_libdem13"": [], ""libdem_missing"": []}",,,,50.4,False,0.0
A_ladder_adj_twin,S13-adj,C1+C3=adj,2,False,L1,adj,True,donors,reading,5,53.3,FRA=0.78,2003 2006 2009 2012,2.61,24.12,9.26,-27.3,19.8,4.9,34.1,7.9,0.333,0.167,2/6,1/6,"{""JPN"": 0.79, ""ISL"": 0.106, ""CHE"": 0.104, ""FRA"": 0.0, ""BEL"": 0.0}",JPN,0.79,36.5,False,"{""treated_classes"": [], ""ambiguous"": [], ""unscreened"": [], ""paper2015"": [], ""asterisk"": [], ""non_oecd"": [], ""below_tur_libdem13"": [], ""libdem_missing"": []}",,,,34.1,False,0.0
A_ladder_adj_twin,S13-adj,C1+C3=adj,2,False,L1,adj,True,donors,science,11,48.8,JPN=1.00,2006 2009 2012,2.49,41.96,16.86,-70.5,-27.1,-32.7,-16.4,-36.7,1.0,0.667,12/12,8/12,"{""QAT"": 1.0, ""EST"": 0.0, ""JPN"": 0.0, ""BGR"": 0.0, ""LTU"": 0.0, ""BEL"": 0.0, ""CHE"": 0.0, ""COL"": 0.0, ""FRA"": 0.0, ""ISL"": 0.0, ""TWN"": 0.0}",QAT,1.0,5.8,True,"{""treated_classes"": [], ""ambiguous"": [], ""unscreened"": [], ""paper2015"": [], ""asterisk"": [], ""non_oecd"": [""BGR"", ""QAT"", ""TWN""], ""below_tur_libdem13"": [""QAT""], ""libdem_missing"": []}",,,,48.8,True,-65.2
A_ladder_adj_twin,S23-adj,C2+C3=adj,2,True,L3,adj,True,donors,math,16,40.5,MEX=0.55,2003 2006 2009 2012,1.4,24.74,17.72,-27.0,7.2,21.9,34.5,9.2,0.353,0.471,6/17,8/17,"{""ITA"": 0.833, ""MEX"": 0.167, ""POL"": 0.0, ""DEU"": 0.0, ""ISL"": 0.0, ""BEL"": 0.0, ""JPN"": 0.0, ""KOR"": 0.0, ""GRC"": 0.0, ""CHE"": 0.0, ""HUN"": 0.0, ""SVK"": 0.0, ""FIN"": 0.0, ""CZE"": 0.0, ""FRA"": 0.0, ""SWE"": 0.0}",ITA,0.833,3.9,True,"{""treated_classes"": [""CZE"", ""GRC"", ""HUN"", ""ITA"", ""KOR"", ""MEX"", ""POL"", ""SVK""], ""ambiguous"": [""DEU"", ""FIN"", ""SWE""], ""unscreened"": [], ""paper2015"": [], ""asterisk"": [], ""non_oecd"": [], ""below_tur_libdem13"": [], ""libdem_missing"": []}",kirlenme: tedavi/otokratikleşen sınıf donörde (8: CZE GRC HUN ITA KOR MEX POL SVK); ambiguous sınıf (DEU FIN SWE),,,50.4,False,-15.9
A_ladder_adj_twin,S23-adj,C2+C3=adj,2,True,L3,adj,True,donors,reading,16,22.9,MEX=0.68,2003 2006 2009 2012,0.65,21.13,32.26,-31.8,11.8,-1.6,25.2,0.9,0.471,0.471,8/17,8/17,"{""JPN"": 0.579, ""MEX"": 0.369, ""POL"": 0.053, ""GRC"": 0.0, ""ISL"": 0.0, ""ITA"": 0.0, ""SVK"": 0.0, ""FRA"": 0.0, ""BEL"": 0.0, ""CZE"": 0.0, ""HUN"": 0.0, ""SWE"": 0.0, ""KOR"": 0.0, ""DEU"": 0.0, ""FIN"": 0.0, ""CHE"": 0.0}",JPN,0.579,1.8,True,"{""treated_classes"": [""CZE"", ""GRC"", ""HUN"", ""ITA"", ""KOR"", ""MEX"", ""POL"", ""SVK""], ""ambiguous"": [""DEU"", ""FIN"", ""SWE""], ""unscreened"": [], ""paper2015"": [], ""asterisk"": [], ""non_oecd"": [], ""below_tur_libdem13"": [], ""libdem_missing"": []}",kirlenme: tedavi/otokratikleşen sınıf donörde (8: CZE GRC HUN ITA KOR MEX POL SVK); ambiguous sınıf (DEU FIN SWE),,,34.1,False,-8.9
A_ladder_adj_twin,S23-adj,C2+C3=adj,2,True,L3,adj,True,donors,science,22,50.2,ITA=1.00,2006 2009 2012,7.95,38.49,4.84,-12.8,24.0,38.8,60.7,27.7,0.13,0.913,3/23,21/23,"{""POL"": 0.772, ""KOR"": 0.228, ""COL"": 0.0, ""ISL"": 0.0, ""ITA"": 0.0, ""CHL"": 0.0, ""SVK"": 0.0, ""MEX"": 0.0, ""CHE"": 0.0, ""JPN"": 0.0, ""DEU"": 0.0, ""FRA"": 0.0, ""HUN"": 0.0, ""BEL"": 0.0, ""CZE"": 0.0, ""EST"": 0.0, ""FIN"": 0.0, ""GRC"": 0.0, ""ISR"": 0.0, ""LTU"": 0.0, ""SVN"": 0.0, ""SWE"": 0.0}",POL,0.772,9.3,True,"{""treated_classes"": [""CZE"", ""GRC"", ""HUN"", ""ITA"", ""KOR"", ""MEX"", ""POL"", ""SVK"", ""SVN""], ""ambiguous"": [""CHL"", ""DEU"", ""FIN"", ""ISR"", ""SWE""], ""unscreened"": [], ""paper2015"": [], ""asterisk"": [], ""non_oecd"": [], ""below_tur_libdem13"": [], ""libdem_missing"": []}",kirlenme: tedavi/otokratikleşen sınıf donörde (9: CZE GRC HUN ITA KOR MEX POL SVK SVN); ambiguous sınıf (CHL DEU FIN ISR SWE),,,48.8,False,11.9
A_ladder_adj_twin,S34-adj,C3=adj+C4,2,True,L1,adj,False,donors,math,12,38.3,JPN=0.70,2003 2006 2009 2012,9.44,33.83,3.58,-7.3,30.2,32.8,50.4,26.5,0.077,0.769,1/13,10/13,"{""CHE"": 0.726, ""JPN"": 0.274, ""FRA"": 0.0, ""NOR"": 0.0, ""BEL"": 0.0, ""LVA"": 0.0, ""IRL"": 0.0, ""ISL"": 0.0, ""CAN"": 0.0, ""NZL"": 0.0, ""DNK"": 0.0, ""AUS"": 0.0}",CHE,0.726,51.5,False,"{""treated_classes"": [], ""ambiguous"": [], ""unscreened"": [], ""paper2015"": [], ""asterisk"": [""AUS:2022"", ""CAN:2022"", ""CAN:2025"", ""DNK:2022"", ""IRL:2022"", ""LVA:2022"", ""NOR:2025"", ""NZL:2022"", ""NZL:2025""], ""non_oecd"": [], ""below_tur_libdem13"": [], ""libdem_missing"": []}",yıldızlı ülke-döngü havuzda (AUS:2022 CAN:2022 CAN:2025 DNK:2022 IRL:2022 LVA:2022 NOR:2025 NZL:2022 NZL:2025),,,50.4,False,0.0
A_ladder_adj_twin,S34-adj,C3=adj+C4,2,True,L1,adj,False,donors,reading,12,53.3,FRA=0.77,2003 2006 2009 2012,2.41,23.12,9.59,-30.0,15.2,-0.6,31.7,4.1,0.462,0.538,6/13,7/13,"{""JPN"": 0.783, ""DNK"": 0.198, ""ISL"": 0.019, ""NZL"": 0.0, ""CAN"": 0.0, ""CHE"": 0.0, ""AUS"": 0.0, ""BEL"": 0.0, ""FRA"": 0.0, ""IRL"": 0.0, ""LVA"": 0.0, ""NOR"": 0.0}",JPN,0.783,31.9,False,"{""treated_classes"": [], ""ambiguous"": [], ""unscreened"": [], ""paper2015"": [], ""asterisk"": [""AUS:2022"", ""CAN:2022"", ""CAN:2025"", ""DNK:2022"", ""IRL:2022"", ""LVA:2022"", ""NOR:2025"", ""NZL:2022"", ""NZL:2025""], ""non_oecd"": [], ""below_tur_libdem13"": [], ""libdem_missing"": []}",yıldızlı ülke-döngü havuzda (AUS:2022 CAN:2022 CAN:2025 DNK:2022 IRL:2022 LVA:2022 NOR:2025 NZL:2022 NZL:2025),,,34.1,False,-2.4
A_ladder_adj_twin,S34-adj,C3=adj+C4,2,True,L1,adj,False,donors,science,15,34.1,COL=0.85,2006 2009 2012,10.94,32.96,3.01,-22.9,31.3,21.4,48.8,19.7,0.125,0.938,2/16,15/16,"{""JPN"": 1.0, ""EST"": 0.0, ""IRL"": 0.0, ""CAN"": 0.0, ""BEL"": 0.0, ""LVA"": 0.0, ""LTU"": 0.0, ""FRA"": 0.0, ""DNK"": 0.0, ""AUS"": 0.0, ""COL"": 0.0, ""NOR"": 0.0, ""CHE"": 0.0, ""ISL"": 0.0, ""NZL"": 0.0}",JPN,1.0,11.4,True,"{""treated_classes"": [], ""ambiguous"": [], ""unscreened"": [], ""paper2015"": [], ""asterisk"": [""AUS:2022"", ""CAN:2022"", ""CAN:2025"", ""DNK:2022"", ""IRL:2022"", ""LVA:2022"", ""NOR:2025"", ""NZL:2022"", ""NZL:2025""], ""non_oecd"": [], ""below_tur_libdem13"": [], ""libdem_missing"": []}",yıldızlı ülke-döngü havuzda (AUS:2022 CAN:2022 CAN:2025 DNK:2022 IRL:2022 LVA:2022 NOR:2025 NZL:2022 NZL:2025),,,48.8,False,0.0
A_ladder_adj_twin,S123-adj,C1+C2+C3=adj,3,False,L3,adj,True,donors,math,21,26.4,BRA=0.74,2003 2006 2009 2012,0.75,22.02,29.25,-25.2,6.8,18.7,30.1,7.6,0.318,0.409,7/22,9/22,"{""ITA"": 0.705, ""BRA"": 0.295, ""IDN"": 0.0, ""FIN"": 0.0, ""GRC"": 0.0, ""KOR"": 0.0, ""MEX"": 0.0, ""URY"": 0.0, ""SVK"": 0.0, ""POL"": 0.0, ""THA"": 0.0, ""CZE"": 0.0, ""DEU"": 0.0, ""JPN"": 0.0, ""MAC"": 0.0, ""CHE"": 0.0, ""ISL"": 0.0, ""FRA"": 0.0, ""SWE"": 0.0, ""BEL"": 0.0, ""HUN"": 0.0}",ITA,0.705,47.7,True,"{""treated_classes"": [""BRA"", ""CZE"", ""GRC"", ""HUN"", ""IDN"", ""ITA"", ""KOR"", ""MEX"", ""POL"", ""SVK"", ""THA""], ""ambiguous"": [""DEU"", ""FIN"", ""SWE"", ""URY""], ""unscreened"": [""MAC""], ""paper2015"": [""IDN""], ""asterisk"": [], ""non_oecd"": [""BRA"", ""IDN"", ""MAC"", ""THA"", ""URY""], ""below_tur_libdem13"": [], ""libdem_missing"": [""MAC""]}",kirlenme: tedavi/otokratikleşen sınıf donörde (11: BRA CZE GRC HUN IDN ITA KOR MEX POL SVK THA); taramasız ülke (1); 2015 kâğıt ülkeleri havuzda (IDN) — geçiş döngüsü düzeltildi; ambiguous sınıf (DEU FIN SWE URY),,,50.4,False,-20.3
A_ladder_adj_twin,S123-adj,C1+C2+C3=adj,3,False,L3,adj,True,donors,reading,21,31.3,MEX=0.65,2003 2006 2009 2012,0.65,21.13,32.26,-31.8,11.8,-1.6,25.2,0.9,0.409,0.545,9/22,12/22,"{""JPN"": 0.579, ""MEX"": 0.369, ""POL"": 0.053, ""KOR"": 0.0, ""IDN"": 0.0, ""FIN"": 0.0, ""DEU"": 0.0, ""CHE"": 0.0, ""HUN"": 0.0, ""BEL"": 0.0, ""BRA"": 0.0, ""CZE"": 0.0, ""FRA"": 0.0, ""GRC"": 0.0, ""ISL"": 0.0, ""ITA"": 0.0, ""MAC"": 0.0, ""SVK"": 0.0, ""SWE"": 0.0, ""THA"": 0.0, ""URY"": 0.0}",JPN,0.579,1.5,True,"{""treated_classes"": [""BRA"", ""CZE"", ""GRC"", ""HUN"", ""IDN"", ""ITA"", ""KOR"", ""MEX"", ""POL"", ""SVK"", ""THA""], ""ambiguous"": [""DEU"", ""FIN"", ""SWE"", ""URY""], ""unscreened"": [""MAC""], ""paper2015"": [""IDN""], ""asterisk"": [], ""non_oecd"": [""BRA"", ""IDN"", ""MAC"", ""THA"", ""URY""], ""below_tur_libdem13"": [], ""libdem_missing"": [""MAC""]}",kirlenme: tedavi/otokratikleşen sınıf donörde (11: BRA CZE GRC HUN IDN ITA KOR MEX POL SVK THA); taramasız ülke (1); 2015 kâğıt ülkeleri havuzda (IDN) — geçiş döngüsü düzeltildi; ambiguous sınıf (DEU FIN SWE URY),,,34.1,False,-8.9
A_ladder_adj_twin,S123-adj,C1+C2+C3=adj,3,False,L3,adj,True,donors,science,33,60.7,POL=0.77,2006 2009 2012,2.43,38.61,15.88,-66.9,-24.0,-28.0,-11.3,-32.5,0.971,0.882,33/34,30/34,"{""QAT"": 0.936, ""POL"": 0.064, ""MNE"": 0.0, ""MAC"": 0.0, ""ISR"": 0.0, ""DEU"": 0.0, ""THA"": 0.0, ""EST"": 0.0, ""HRV"": 0.0, ""BGR"": 0.0, ""JPN"": 0.0, ""CZE"": 0.0, ""SVN"": 0.0, ""LTU"": 0.0, ""FIN"": 0.0, ""HUN"": 0.0, ""TWN"": 0.0, ""GRC"": 0.0, ""CHE"": 0.0, ""ROU"": 0.0, ""BEL"": 0.0, ""SVK"": 0.0, ""ITA"": 0.0, ""ISL"": 0.0, ""MEX"": 0.0, ""KOR"": 0.0, ""BRA"": 0.0, ""COL"": 0.0, ""URY"": 0.0, ""SWE"": 0.0, ""FRA"": 0.0, ""CHL"": 0.0, ""IDN"": 0.0}",QAT,0.936,4.6,True,"{""treated_classes"": [""BRA"", ""CZE"", ""GRC"", ""HRV"", ""HUN"", ""IDN"", ""ITA"", ""KOR"", ""MEX"", ""MNE"", ""POL"", ""ROU"", ""SVK"", ""SVN"", ""THA""], ""ambiguous"": [""CHL"", ""DEU"", ""FIN"", ""ISR"", ""SWE"", ""URY""], ""unscreened"": [""MAC""], ""paper2015"": [""IDN"", ""ROU""], ""asterisk"": [], ""non_oecd"": [""BGR"", ""BRA"", ""HRV"", ""IDN"", ""MAC"", ""MNE"", ""QAT"", ""ROU"", ""THA"", ""TWN"", ""URY""], ""below_tur_libdem13"": [""QAT""], ""libdem_missing"": [""MAC""]}",kirlenme: tedavi/otokratikleşen sınıf donörde (15: BRA CZE GRC HRV HUN IDN ITA KOR MEX MNE POL ROU SVK SVN THA); taramasız ülke (1); 2015 kâğıt ülkeleri havuzda (IDN ROU) — geçiş döngüsü düzeltildi; ambiguous sınıf (CHL DEU FIN ISR SWE URY),,,48.8,True,-60.1
A_ladder_adj_twin,S134-adj,C1+C3=adj+C4,3,False,L1,adj,False,donors,math,12,38.3,JPN=0.70,2003 2006 2009 2012,9.44,33.83,3.58,-7.3,30.2,32.8,50.4,26.5,0.077,0.769,1/13,10/13,"{""CHE"": 0.726, ""JPN"": 0.274, ""FRA"": 0.0, ""NOR"": 0.0, ""BEL"": 0.0, ""LVA"": 0.0, ""IRL"": 0.0, ""ISL"": 0.0, ""CAN"": 0.0, ""NZL"": 0.0, ""DNK"": 0.0, ""AUS"": 0.0}",CHE,0.726,51.5,False,"{""treated_classes"": [], ""ambiguous"": [], ""unscreened"": [], ""paper2015"": [], ""asterisk"": [""AUS:2022"", ""CAN:2022"", ""CAN:2025"", ""DNK:2022"", ""IRL:2022"", ""LVA:2022"", ""NOR:2025"", ""NZL:2022"", ""NZL:2025""], ""non_oecd"": [], ""below_tur_libdem13"": [], ""libdem_missing"": []}",yıldızlı ülke-döngü havuzda (AUS:2022 CAN:2022 CAN:2025 DNK:2022 IRL:2022 LVA:2022 NOR:2025 NZL:2022 NZL:2025),,,50.4,False,0.0
A_ladder_adj_twin,S134-adj,C1+C3=adj+C4,3,False,L1,adj,False,donors,reading,12,53.3,FRA=0.77,2003 2006 2009 2012,2.41,23.12,9.59,-30.0,15.2,-0.6,31.7,4.1,0.462,0.538,6/13,7/13,"{""JPN"": 0.783, ""DNK"": 0.198, ""ISL"": 0.019, ""NZL"": 0.0, ""CAN"": 0.0, ""CHE"": 0.0, ""AUS"": 0.0, ""BEL"": 0.0, ""FRA"": 0.0, ""IRL"": 0.0, ""LVA"": 0.0, ""NOR"": 0.0}",JPN,0.783,31.9,False,"{""treated_classes"": [], ""ambiguous"": [], ""unscreened"": [], ""paper2015"": [], ""asterisk"": [""AUS:2022"", ""CAN:2022"", ""CAN:2025"", ""DNK:2022"", ""IRL:2022"", ""LVA:2022"", ""NOR:2025"", ""NZL:2022"", ""NZL:2025""], ""non_oecd"": [], ""below_tur_libdem13"": [], ""libdem_missing"": []}",yıldızlı ülke-döngü havuzda (AUS:2022 CAN:2022 CAN:2025 DNK:2022 IRL:2022 LVA:2022 NOR:2025 NZL:2022 NZL:2025),,,34.1,False,-2.4
A_ladder_adj_twin,S134-adj,C1+C3=adj+C4,3,False,L1,adj,False,donors,science,18,48.8,JPN=1.00,2006 2009 2012,2.49,41.96,16.86,-70.5,-27.1,-32.7,-16.4,-36.7,1.0,0.789,19/19,15/19,"{""QAT"": 1.0, ""EST"": 0.0, ""IRL"": 0.0, ""TWN"": 0.0, ""LVA"": 0.0, ""BGR"": 0.0, ""JPN"": 0.0, ""LTU"": 0.0, ""BEL"": 0.0, ""FRA"": 0.0, ""CAN"": 0.0, ""COL"": 0.0, ""AUS"": 0.0, ""CHE"": 0.0, ""DNK"": 0.0, ""ISL"": 0.0, ""NOR"": 0.0, ""NZL"": 0.0}",QAT,1.0,5.8,True,"{""treated_classes"": [], ""ambiguous"": [], ""unscreened"": [], ""paper2015"": [], ""asterisk"": [""AUS:2022"", ""CAN:2022"", ""CAN:2025"", ""DNK:2022"", ""IRL:2022"", ""LVA:2022"", ""NOR:2025"", ""NZL:2022"", ""NZL:2025""], ""non_oecd"": [""BGR"", ""QAT"", ""TWN""], ""below_tur_libdem13"": [""QAT""], ""libdem_missing"": []}",yıldızlı ülke-döngü havuzda (AUS:2022 CAN:2022 CAN:2025 DNK:2022 IRL:2022 LVA:2022 NOR:2025 NZL:2022 NZL:2025),,,48.8,True,-65.2
A_ladder_adj_twin,S234-adj,C2+C3=adj+C4,3,True,L3,adj,False,donors,math,26,34.5,ITA=0.83,2003 2006 2009 2012,1.33,27.98,21.03,-28.2,2.4,22.7,42.6,9.9,0.148,0.519,4/27,14/27,"{""PRT"": 0.941, ""POL"": 0.033, ""ITA"": 0.026, ""MEX"": 0.0, ""DEU"": 0.0, ""FIN"": 0.0, ""NZL"": 0.0, ""USA"": 0.0, ""SVK"": 0.0, ""GRC"": 0.0, ""SWE"": 0.0, ""ISL"": 0.0, ""HUN"": 0.0, ""JPN"": 0.0, ""NOR"": 0.0, ""AUS"": 0.0, ""KOR"": 0.0, ""LVA"": 0.0, ""CAN"": 0.0, ""CHE"": 0.0, ""IRL"": 0.0, ""CZE"": 0.0, ""BEL"": 0.0, ""DNK"": 0.0, ""NLD"": 0.0, ""FRA"": 0.0}",PRT,0.941,66.9,True,"{""treated_classes"": [""CZE"", ""GRC"", ""HUN"", ""ITA"", ""KOR"", ""MEX"", ""POL"", ""SVK"", ""USA""], ""ambiguous"": [""DEU"", ""FIN"", ""NLD"", ""PRT"", ""SWE""], ""unscreened"": [], ""paper2015"": [], ""asterisk"": [""AUS:2022"", ""CAN:2022"", ""CAN:2025"", ""DNK:2022"", ""IRL:2022"", ""LVA:2022"", ""NLD:2018"", ""NLD:2022"", ""NLD:2025"", ""NOR:2025"", ""NZL:2022"", ""NZL:2025"", ""PRT:2018"", ""USA:2018"", ""USA:2022"", ""USA:2025""], ""non_oecd"": [], ""below_tur_libdem13"": [], ""libdem_missing"": []}",kirlenme: tedavi/otokratikleşen sınıf donörde (9: CZE GRC HUN ITA KOR MEX POL SVK USA); yıldızlı ülke-döngü havuzda (AUS:2022 CAN:2022 CAN:2025 DNK:2022 IRL:2022 LVA:2022 NLD:2018 NLD:2022 NLD:2025 NOR:2025 NZL:2022 NZL:2025 PRT:2018 USA:2018 USA:2022 USA:2025); ambiguous sınıf (DEU FIN NLD PRT SWE),,,50.4,False,-7.8
A_ladder_adj_twin,S234-adj,C2+C3=adj+C4,3,True,L3,adj,False,donors,reading,25,22.9,MEX=0.68,2003 2006 2009 2012,0.65,21.13,32.26,-31.8,11.8,-1.6,25.2,0.9,0.423,0.615,11/26,16/26,"{""JPN"": 0.579, ""MEX"": 0.369, ""POL"": 0.053, ""IRL"": 0.0, ""KOR"": 0.0, ""DNK"": 0.0, ""CZE"": 0.0, ""CHE"": 0.0, ""FIN"": 0.0, ""NLD"": 0.0, ""FRA"": 0.0, ""CAN"": 0.0, ""SWE"": 0.0, ""DEU"": 0.0, ""NZL"": 0.0, ""BEL"": 0.0, ""PRT"": 0.0, ""HUN"": 0.0, ""ITA"": 0.0, ""AUS"": 0.0, ""GRC"": 0.0, ""ISL"": 0.0, ""LVA"": 0.0, ""NOR"": 0.0, ""SVK"": 0.0}",JPN,0.579,1.8,True,"{""treated_classes"": [""CZE"", ""GRC"", ""HUN"", ""ITA"", ""KOR"", ""MEX"", ""POL"", ""SVK""], ""ambiguous"": [""DEU"", ""FIN"", ""NLD"", ""PRT"", ""SWE""], ""unscreened"": [], ""paper2015"": [], ""asterisk"": [""AUS:2022"", ""CAN:2022"", ""CAN:2025"", ""DNK:2022"", ""IRL:2022"", ""LVA:2022"", ""NLD:2018"", ""NLD:2022"", ""NLD:2025"", ""NOR:2025"", ""NZL:2022"", ""NZL:2025"", ""PRT:2018""], ""non_oecd"": [], ""below_tur_libdem13"": [], ""libdem_missing"": []}",kirlenme: tedavi/otokratikleşen sınıf donörde (8: CZE GRC HUN ITA KOR MEX POL SVK); yıldızlı ülke-döngü havuzda (AUS:2022 CAN:2022 CAN:2025 DNK:2022 IRL:2022 LVA:2022 NLD:2018 NLD:2022 NLD:2025 NOR:2025 NZL:2022 NZL:2025 PRT:2018); ambiguous sınıf (DEU FIN NLD PRT SWE),,,34.1,False,-8.9
A_ladder_adj_twin,S234-adj,C2+C3=adj+C4,3,True,L3,adj,False,donors,science,33,50.2,ITA=1.00,2006 2009 2012,7.76,37.98,4.89,-21.3,19.2,37.5,59.5,23.7,0.059,0.941,2/34,32/34,"{""POL"": 0.726, ""PRT"": 0.274, ""KOR"": 0.0, ""NOR"": 0.0, ""COL"": 0.0, ""USA"": 0.0, ""ISL"": 0.0, ""ITA"": 0.0, ""CHL"": 0.0, ""SVK"": 0.0, ""NZL"": 0.0, ""MEX"": 0.0, ""CHE"": 0.0, ""JPN"": 0.0, ""DNK"": 0.0, ""DEU"": 0.0, ""FRA"": 0.0, ""AUS"": 0.0, ""BEL"": 0.0, ""CAN"": 0.0, ""CZE"": 0.0, ""EST"": 0.0, ""FIN"": 0.0, ""GBR"": 0.0, ""GRC"": 0.0, ""HUN"": 0.0, ""IRL"": 0.0, ""ISR"": 0.0, ""LTU"": 0.0, ""LVA"": 0.0, ""NLD"": 0.0, ""SVN"": 0.0, ""SWE"": 0.0}",POL,0.726,54.0,True,"{""treated_classes"": [""CZE"", ""GBR"", ""GRC"", ""HUN"", ""ITA"", ""KOR"", ""MEX"", ""POL"", ""SVK"", ""SVN"", ""USA""], ""ambiguous"": [""CHL"", ""DEU"", ""FIN"", ""ISR"", ""NLD"", ""PRT"", ""SWE""], ""unscreened"": [], ""paper2015"": [], ""asterisk"": [""AUS:2022"", ""CAN:2022"", ""CAN:2025"", ""DNK:2022"", ""GBR:2022"", ""IRL:2022"", ""LVA:2022"", ""NLD:2018"", ""NLD:2022"", ""NLD:2025"", ""NOR:2025"", ""NZL:2022"", ""NZL:2025"", ""PRT:2018"", ""USA:2018"", ""USA:2022"", ""USA:2025""], ""non_oecd"": [], ""below_tur_libdem13"": [], ""libdem_missing"": []}",kirlenme: tedavi/otokratikleşen sınıf donörde (11: CZE GBR GRC HUN ITA KOR MEX POL SVK SVN USA); yıldızlı ülke-döngü havuzda (AUS:2022 CAN:2022 CAN:2025 DNK:2022 GBR:2022 IRL:2022 LVA:2022 NLD:2018 NLD:2022 NLD:2025 NOR:2025 NZL:2022 NZL:2025 PRT:2018 USA:2018 USA:2022 USA:2025); ambiguous sınıf (CHL DEU FIN ISR NLD PRT SWE),,,48.8,False,10.7
A_ladder_adj_twin,S1234-adj,C1+C2+C3=adj+C4,4,False,L3,adj,False,donors,math,32,40.8,PRT=0.86,2003 2006 2009 2012,0.75,22.02,29.25,-25.2,6.8,18.7,30.1,7.6,0.242,0.515,8/33,17/33,"{""ITA"": 0.705, ""BRA"": 0.295, ""IDN"": 0.0, ""FIN"": 0.0, ""MEX"": 0.0, ""GRC"": 0.0, ""URY"": 0.0, ""IRL"": 0.0, ""KOR"": 0.0, ""DNK"": 0.0, ""NZL"": 0.0, ""LVA"": 0.0, ""CZE"": 0.0, ""AUS"": 0.0, ""HUN"": 0.0, ""SWE"": 0.0, ""POL"": 0.0, ""USA"": 0.0, ""JPN"": 0.0, ""PRT"": 0.0, ""FRA"": 0.0, ""NOR"": 0.0, ""HKG"": 0.0, ""ISL"": 0.0, ""SVK"": 0.0, ""DEU"": 0.0, ""MAC"": 0.0, ""BEL"": 0.0, ""CAN"": 0.0, ""THA"": 0.0, ""NLD"": 0.0, ""CHE"": 0.0}",ITA,0.705,1.0,True,"{""treated_classes"": [""BRA"", ""CZE"", ""GRC"", ""HKG"", ""HUN"", ""IDN"", ""ITA"", ""KOR"", ""MEX"", ""POL"", ""SVK"", ""THA"", ""USA""], ""ambiguous"": [""DEU"", ""FIN"", ""NLD"", ""PRT"", ""SWE"", ""URY""], ""unscreened"": [""MAC""], ""paper2015"": [""IDN""], ""asterisk"": [""AUS:2022"", ""CAN:2022"", ""CAN:2025"", ""DNK:2022"", ""HKG:2018"", ""HKG:2022"", ""IRL:2022"", ""LVA:2022"", ""NLD:2018"", ""NLD:2022"", ""NLD:2025"", ""NOR:2025"", ""NZL:2022"", ""NZL:2025"", ""PRT:2018"", ""USA:2018"", ""USA:2022"", ""USA:2025""], ""non_oecd"": [""BRA"", ""HKG"", ""IDN"", ""MAC"", ""THA"", ""URY""], ""below_tur_libdem13"": [], ""libdem_missing"": [""MAC""]}",kirlenme: tedavi/otokratikleşen sınıf donörde (13: BRA CZE GRC HKG HUN IDN ITA KOR MEX POL SVK THA USA); taramasız ülke (1); 2015 kâğıt ülkeleri havuzda (IDN) — geçiş döngüsü düzeltildi; yıldızlı ülke-döngü havuzda (AUS:2022 CAN:2022 CAN:2025 DNK:2022 HKG:2018 HKG:2022 IRL:2022 LVA:2022 NLD:2018 NLD:2022 NLD:2025 NOR:2025 NZL:2022 NZL:2025 PRT:2018 USA:2018 USA:2022 USA:2025); ambiguous sınıf (DEU FIN NLD PRT SWE URY),,,50.4,False,-20.3
A_ladder_adj_twin,S1234-adj,C1+C2+C3=adj+C4,4,False,L3,adj,False,donors,reading,31,33.1,MEX=0.61,2003 2006 2009 2012,0.04,22.2,614.57,-30.8,13.3,1.0,29.1,3.1,0.375,0.594,12/32,19/32,"{""JPN"": 0.583, ""MEX"": 0.308, ""HKG"": 0.109, ""LVA"": 0.0, ""IRL"": 0.0, ""CAN"": 0.0, ""BRA"": 0.0, ""SVK"": 0.0, ""THA"": 0.0, ""FRA"": 0.0, ""ITA"": 0.0, ""HUN"": 0.0, ""KOR"": 0.0, ""NOR"": 0.0, ""CHE"": 0.0, ""GRC"": 0.0, ""AUS"": 0.0, ""BEL"": 0.0, ""CZE"": 0.0, ""DEU"": 0.0, ""DNK"": 0.0, ""FIN"": 0.0, ""IDN"": 0.0, ""ISL"": 0.0, ""MAC"": 0.0, ""NLD"": 0.0, ""NZL"": 0.0, ""POL"": 0.0, ""PRT"": 0.0, ""SWE"": 0.0, ""URY"": 0.0}",JPN,0.583,1.5,True,"{""treated_classes"": [""BRA"", ""CZE"", ""GRC"", ""HKG"", ""HUN"", ""IDN"", ""ITA"", ""KOR"", ""MEX"", ""POL"", ""SVK"", ""THA""], ""ambiguous"": [""DEU"", ""FIN"", ""NLD"", ""PRT"", ""SWE"", ""URY""], ""unscreened"": [""MAC""], ""paper2015"": [""IDN""], ""asterisk"": [""AUS:2022"", ""CAN:2022"", ""CAN:2025"", ""DNK:2022"", ""HKG:2018"", ""HKG:2022"", ""IRL:2022"", ""LVA:2022"", ""NLD:2018"", ""NLD:2022"", ""NLD:2025"", ""NOR:2025"", ""NZL:2022"", ""NZL:2025"", ""PRT:2018""], ""non_oecd"": [""BRA"", ""HKG"", ""IDN"", ""MAC"", ""THA"", ""URY""], ""below_tur_libdem13"": [], ""libdem_missing"": [""MAC""]}",kirlenme: tedavi/otokratikleşen sınıf donörde (12: BRA CZE GRC HKG HUN IDN ITA KOR MEX POL SVK THA); taramasız ülke (1); 2015 kâğıt ülkeleri havuzda (IDN) — geçiş döngüsü düzeltildi; yıldızlı ülke-döngü havuzda (AUS:2022 CAN:2022 CAN:2025 DNK:2022 HKG:2018 HKG:2022 IRL:2022 LVA:2022 NLD:2018 NLD:2022 NLD:2025 NOR:2025 NZL:2022 NZL:2025 PRT:2018); ambiguous sınıf (DEU FIN NLD PRT SWE URY),,,34.1,False,-5.0
A_ladder_adj_twin,S1234-adj,C1+C2+C3=adj+C4,4,False,L3,adj,False,donors,science,45,59.5,POL=0.73,2006 2009 2012,2.43,38.61,15.88,-66.9,-24.0,-28.0,-11.3,-32.5,0.957,0.913,44/46,42/46,"{""QAT"": 0.936, ""POL"": 0.064, ""SVK"": 0.0, ""ISL"": 0.0, ""NZL"": 0.0, ""URY"": 0.0, ""HUN"": 0.0, ""FIN"": 0.0, ""SWE"": 0.0, ""NOR"": 0.0, ""PRT"": 0.0, ""BRA"": 0.0, ""AUS"": 0.0, ""USA"": 0.0, ""CHL"": 0.0, ""CAN"": 0.0, ""GRC"": 0.0, ""COL"": 0.0, ""DNK"": 0.0, ""BEL"": 0.0, ""MEX"": 0.0, ""THA"": 0.0, ""ROU"": 0.0, ""ISR"": 0.0, ""ITA"": 0.0, ""IRL"": 0.0, ""JPN"": 0.0, ""LVA"": 0.0, ""BGR"": 0.0, ""EST"": 0.0, ""KOR"": 0.0, ""HKG"": 0.0, ""MAC"": 0.0, ""LTU"": 0.0, ""DEU"": 0.0, ""FRA"": 0.0, ""IDN"": 0.0, ""TWN"": 0.0, ""SVN"": 0.0, ""NLD"": 0.0, ""CZE"": 0.0, ""GBR"": 0.0, ""HRV"": 0.0, ""MNE"": 0.0, ""CHE"": 0.0}",QAT,0.936,40.8,True,"{""treated_classes"": [""BRA"", ""CZE"", ""GBR"", ""GRC"", ""HKG"", ""HRV"", ""HUN"", ""IDN"", ""ITA"", ""KOR"", ""MEX"", ""MNE"", ""POL"", ""ROU"", ""SVK"", ""SVN"", ""THA"", ""USA""], ""ambiguous"": [""CHL"", ""DEU"", ""FIN"", ""ISR"", ""NLD"", ""PRT"", ""SWE"", ""URY""], ""unscreened"": [""MAC""], ""paper2015"": [""IDN"", ""ROU""], ""asterisk"": [""AUS:2022"", ""CAN:2022"", ""CAN:2025"", ""DNK:2022"", ""GBR:2022"", ""HKG:2018"", ""HKG:2022"", ""IRL:2022"", ""LVA:2022"", ""NLD:2018"", ""NLD:2022"", ""NLD:2025"", ""NOR:2025"", ""NZL:2022"", ""NZL:2025"", ""PRT:2018"", ""USA:2018"", ""USA:2022"", ""USA:2025""], ""non_oecd"": [""BGR"", ""BRA"", ""HKG"", ""HRV"", ""IDN"", ""MAC"", ""MNE"", ""QAT"", ""ROU"", ""THA"", ""TWN"", ""URY""], ""below_tur_libdem13"": [""QAT""], ""libdem_missing"": [""MAC""]}",kirlenme: tedavi/otokratikleşen sınıf donörde (18: BRA CZE GBR GRC HKG HRV HUN IDN ITA KOR MEX MNE POL ROU SVK SVN THA USA); taramasız ülke (1); 2015 kâğıt ülkeleri havuzda (IDN ROU) — geçiş döngüsü düzeltildi; yıldızlı ülke-döngü havuzda (AUS:2022 CAN:2022 CAN:2025 DNK:2022 GBR:2022 HKG:2018 HKG:2022 IRL:2022 LVA:2022 NLD:2018 NLD:2022 NLD:2025 NOR:2025 NZL:2022 NZL:2025 PRT:2018 USA:2018 USA:2022 USA:2025); ambiguous sınıf (CHL DEU FIN ISR NLD PRT SWE URY),,,48.8,True,-60.1
C_mode_adjusted,S13-adj+TUR,C1 off; C3=adj; TUR also adjusted (diagnostic),2,False,L1,adj,True,donors+treated,math,5,31.6,JPN=1.00,2003 2006 2009 2012,9.44,33.91,3.59,-8.7,30.2,32.8,50.4,26.2,0.167,0.333,1/6,2/6,"{""CHE"": 0.726, ""JPN"": 0.274, ""BEL"": 0.0, ""FRA"": 0.0, ""ISL"": 0.0}",CHE,0.726,66.3,False,"{""treated_classes"": [], ""ambiguous"": [], ""unscreened"": [], ""paper2015"": [], ""asterisk"": [], ""non_oecd"": [], ""below_tur_libdem13"": [], ""libdem_missing"": []}",,,,50.4,False,0.0
C_mode_adjusted,S13-adj+TUR,C1 off; C3=adj; TUR also adjusted (diagnostic),2,False,L1,adj,True,donors+treated,reading,5,53.3,FRA=0.78,2003 2006 2009 2012,2.61,24.53,9.41,-28.7,19.8,4.9,34.1,7.6,0.333,0.167,2/6,1/6,"{""JPN"": 0.79, ""ISL"": 0.106, ""CHE"": 0.104, ""FRA"": 0.0, ""BEL"": 0.0}",JPN,0.79,36.5,False,"{""treated_classes"": [], ""ambiguous"": [], ""unscreened"": [], ""paper2015"": [], ""asterisk"": [], ""non_oecd"": [], ""below_tur_libdem13"": [], ""libdem_missing"": []}",,,,34.1,False,0.0
C_mode_adjusted,S13-adj+TUR,C1 off; C3=adj; TUR also adjusted (diagnostic),2,False,L1,adj,True,donors+treated,science,11,48.8,JPN=1.00,2006 2009 2012,2.49,41.07,16.5,-68.4,-27.1,-32.7,-16.4,-36.1,1.0,0.667,12/12,8/12,"{""QAT"": 1.0, ""EST"": 0.0, ""JPN"": 0.0, ""BGR"": 0.0, ""LTU"": 0.0, ""BEL"": 0.0, ""CHE"": 0.0, ""COL"": 0.0, ""FRA"": 0.0, ""ISL"": 0.0, ""TWN"": 0.0}",QAT,1.0,5.8,True,"{""treated_classes"": [], ""ambiguous"": [], ""unscreened"": [], ""paper2015"": [], ""asterisk"": [], ""non_oecd"": [""BGR"", ""QAT"", ""TWN""], ""below_tur_libdem13"": [""QAT""], ""libdem_missing"": []}",,,,48.8,True,-65.2
E_level_floor_band,S0-lvl20,+libdem_2013 ≥ 0.200,0,True,L1,on,True,,math,5,31.6,JPN=1.00,2003 2006 2009 2012,9.44,33.91,3.59,-8.7,30.2,32.8,50.4,26.2,0.167,0.333,1/6,2/6,"{""CHE"": 0.726, ""JPN"": 0.274, ""BEL"": 0.0, ""FRA"": 0.0, ""ISL"": 0.0}",CHE,0.726,66.3,False,"{""treated_classes"": [], ""ambiguous"": [], ""unscreened"": [], ""paper2015"": [], ""asterisk"": [], ""non_oecd"": [], ""below_tur_libdem13"": [], ""libdem_missing"": []}",,0.2,drop,50.4,False,0.0
E_level_floor_band,S0-lvl20,+libdem_2013 ≥ 0.200,0,True,L1,on,True,,reading,5,53.3,FRA=0.78,2003 2006 2009 2012,2.61,24.53,9.41,-28.7,19.8,4.9,34.1,7.6,0.333,0.167,2/6,1/6,"{""JPN"": 0.79, ""ISL"": 0.106, ""CHE"": 0.104, ""FRA"": 0.0, ""BEL"": 0.0}",JPN,0.79,36.5,False,"{""treated_classes"": [], ""ambiguous"": [], ""unscreened"": [], ""paper2015"": [], ""asterisk"": [], ""non_oecd"": [], ""below_tur_libdem13"": [], ""libdem_missing"": []}",,0.2,drop,34.1,False,0.0
E_level_floor_band,S0-lvl20,+libdem_2013 ≥ 0.200,0,True,L1,on,True,,science,8,29.6,COL=1.00,2006 2009 2012,10.94,32.61,2.98,-20.8,31.3,21.4,48.8,20.2,0.222,0.889,2/9,8/9,"{""JPN"": 1.0, ""COL"": 0.0, ""LTU"": 0.0, ""ISL"": 0.0, ""FRA"": 0.0, ""EST"": 0.0, ""BEL"": 0.0, ""CHE"": 0.0}",JPN,1.0,11.4,True,"{""treated_classes"": [], ""ambiguous"": [], ""unscreened"": [], ""paper2015"": [], ""asterisk"": [], ""non_oecd"": [], ""below_tur_libdem13"": [], ""libdem_missing"": []}",,0.2,drop,48.8,False,0.0
E_level_floor_missing_kept,S0-lvl20+nan,+libdem_2013 ≥ 0.200; libdem yoksa kalır,0,True,L1,on,True,,math,5,31.6,JPN=1.00,2003 2006 2009 2012,9.44,33.91,3.59,-8.7,30.2,32.8,50.4,26.2,0.167,0.333,1/6,2/6,"{""CHE"": 0.726, ""JPN"": 0.274, ""BEL"": 0.0, ""FRA"": 0.0, ""ISL"": 0.0}",CHE,0.726,66.3,False,"{""treated_classes"": [], ""ambiguous"": [], ""unscreened"": [], ""paper2015"": [], ""asterisk"": [], ""non_oecd"": [], ""below_tur_libdem13"": [], ""libdem_missing"": []}",,0.2,keep,50.4,False,0.0
E_level_floor_missing_kept,S0-lvl20+nan,+libdem_2013 ≥ 0.200; libdem yoksa kalır,0,True,L1,on,True,,reading,5,53.3,FRA=0.78,2003 2006 2009 2012,2.61,24.53,9.41,-28.7,19.8,4.9,34.1,7.6,0.333,0.167,2/6,1/6,"{""JPN"": 0.79, ""ISL"": 0.106, ""CHE"": 0.104, ""FRA"": 0.0, ""BEL"": 0.0}",JPN,0.79,36.5,False,"{""treated_classes"": [], ""ambiguous"": [], ""unscreened"": [], ""paper2015"": [], ""asterisk"": [], ""non_oecd"": [], ""below_tur_libdem13"": [], ""libdem_missing"": []}",,0.2,keep,34.1,False,0.0
E_level_floor_missing_kept,S0-lvl20+nan,+libdem_2013 ≥ 0.200; libdem yoksa kalır,0,True,L1,on,True,,science,8,29.6,COL=1.00,2006 2009 2012,10.94,32.61,2.98,-20.8,31.3,21.4,48.8,20.2,0.222,0.889,2/9,8/9,"{""JPN"": 1.0, ""COL"": 0.0, ""LTU"": 0.0, ""ISL"": 0.0, ""FRA"": 0.0, ""EST"": 0.0, ""BEL"": 0.0, ""CHE"": 0.0}",JPN,1.0,11.4,True,"{""treated_classes"": [], ""ambiguous"": [], ""unscreened"": [], ""paper2015"": [], ""asterisk"": [], ""non_oecd"": [], ""below_tur_libdem13"": [], ""libdem_missing"": []}",,0.2,keep,48.8,False,0.0
E_level_floor_band,S0-lvl25,+libdem_2013 ≥ 0.250,0,True,L1,on,True,,math,5,31.6,JPN=1.00,2003 2006 2009 2012,9.44,33.91,3.59,-8.7,30.2,32.8,50.4,26.2,0.167,0.333,1/6,2/6,"{""CHE"": 0.726, ""JPN"": 0.274, ""BEL"": 0.0, ""FRA"": 0.0, ""ISL"": 0.0}",CHE,0.726,66.3,False,"{""treated_classes"": [], ""ambiguous"": [], ""unscreened"": [], ""paper2015"": [], ""asterisk"": [], ""non_oecd"": [], ""below_tur_libdem13"": [], ""libdem_missing"": []}",,0.25,drop,50.4,False,0.0
E_level_floor_band,S0-lvl25,+libdem_2013 ≥ 0.250,0,True,L1,on,True,,reading,5,53.3,FRA=0.78,2003 2006 2009 2012,2.61,24.53,9.41,-28.7,19.8,4.9,34.1,7.6,0.333,0.167,2/6,1/6,"{""JPN"": 0.79, ""ISL"": 0.106, ""CHE"": 0.104, ""FRA"": 0.0, ""BEL"": 0.0}",JPN,0.79,36.5,False,"{""treated_classes"": [], ""ambiguous"": [], ""unscreened"": [], ""paper2015"": [], ""asterisk"": [], ""non_oecd"": [], ""below_tur_libdem13"": [], ""libdem_missing"": []}",,0.25,drop,34.1,False,0.0
E_level_floor_band,S0-lvl25,+libdem_2013 ≥ 0.250,0,True,L1,on,True,,science,8,29.6,COL=1.00,2006 2009 2012,10.94,32.61,2.98,-20.8,31.3,21.4,48.8,20.2,0.222,0.889,2/9,8/9,"{""JPN"": 1.0, ""COL"": 0.0, ""LTU"": 0.0, ""ISL"": 0.0, ""FRA"": 0.0, ""EST"": 0.0, ""BEL"": 0.0, ""CHE"": 0.0}",JPN,1.0,11.4,True,"{""treated_classes"": [], ""ambiguous"": [], ""unscreened"": [], ""paper2015"": [], ""asterisk"": [], ""non_oecd"": [], ""below_tur_libdem13"": [], ""libdem_missing"": []}",,0.25,drop,48.8,False,0.0
E_level_floor_missing_kept,S0-lvl25+nan,+libdem_2013 ≥ 0.250; libdem yoksa kalır,0,True,L1,on,True,,math,5,31.6,JPN=1.00,2003 2006 2009 2012,9.44,33.91,3.59,-8.7,30.2,32.8,50.4,26.2,0.167,0.333,1/6,2/6,"{""CHE"": 0.726, ""JPN"": 0.274, ""BEL"": 0.0, ""FRA"": 0.0, ""ISL"": 0.0}",CHE,0.726,66.3,False,"{""treated_classes"": [], ""ambiguous"": [], ""unscreened"": [], ""paper2015"": [], ""asterisk"": [], ""non_oecd"": [], ""below_tur_libdem13"": [], ""libdem_missing"": []}",,0.25,keep,50.4,False,0.0
E_level_floor_missing_kept,S0-lvl25+nan,+libdem_2013 ≥ 0.250; libdem yoksa kalır,0,True,L1,on,True,,reading,5,53.3,FRA=0.78,2003 2006 2009 2012,2.61,24.53,9.41,-28.7,19.8,4.9,34.1,7.6,0.333,0.167,2/6,1/6,"{""JPN"": 0.79, ""ISL"": 0.106, ""CHE"": 0.104, ""FRA"": 0.0, ""BEL"": 0.0}",JPN,0.79,36.5,False,"{""treated_classes"": [], ""ambiguous"": [], ""unscreened"": [], ""paper2015"": [], ""asterisk"": [], ""non_oecd"": [], ""below_tur_libdem13"": [], ""libdem_missing"": []}",,0.25,keep,34.1,False,0.0
E_level_floor_missing_kept,S0-lvl25+nan,+libdem_2013 ≥ 0.250; libdem yoksa kalır,0,True,L1,on,True,,science,8,29.6,COL=1.00,2006 2009 2012,10.94,32.61,2.98,-20.8,31.3,21.4,48.8,20.2,0.222,0.889,2/9,8/9,"{""JPN"": 1.0, ""COL"": 0.0, ""LTU"": 0.0, ""ISL"": 0.0, ""FRA"": 0.0, ""EST"": 0.0, ""BEL"": 0.0, ""CHE"": 0.0}",JPN,1.0,11.4,True,"{""treated_classes"": [], ""ambiguous"": [], ""unscreened"": [], ""paper2015"": [], ""asterisk"": [], ""non_oecd"": [], ""below_tur_libdem13"": [], ""libdem_missing"": []}",,0.25,keep,48.8,False,0.0
E_level_floor,S0-lvl,+libdem_2013 ≥ 0.289,0,True,L1,on,True,,math,5,31.6,JPN=1.00,2003 2006 2009 2012,9.44,33.91,3.59,-8.7,30.2,32.8,50.4,26.2,0.167,0.333,1/6,2/6,"{""CHE"": 0.726, ""JPN"": 0.274, ""BEL"": 0.0, ""FRA"": 0.0, ""ISL"": 0.0}",CHE,0.726,66.3,False,"{""treated_classes"": [], ""ambiguous"": [], ""unscreened"": [], ""paper2015"": [], ""asterisk"": [], ""non_oecd"": [], ""below_tur_libdem13"": [], ""libdem_missing"": []}",,0.289,drop,50.4,False,0.0
E_level_floor,S0-lvl,+libdem_2013 ≥ 0.289,0,True,L1,on,True,,reading,5,53.3,FRA=0.78,2003 2006 2009 2012,2.61,24.53,9.41,-28.7,19.8,4.9,34.1,7.6,0.333,0.167,2/6,1/6,"{""JPN"": 0.79, ""ISL"": 0.106, ""CHE"": 0.104, ""FRA"": 0.0, ""BEL"": 0.0}",JPN,0.79,36.5,False,"{""treated_classes"": [], ""ambiguous"": [], ""unscreened"": [], ""paper2015"": [], ""asterisk"": [], ""non_oecd"": [], ""below_tur_libdem13"": [], ""libdem_missing"": []}",,0.289,drop,34.1,False,0.0
E_level_floor,S0-lvl,+libdem_2013 ≥ 0.289,0,True,L1,on,True,,science,8,29.6,COL=1.00,2006 2009 2012,10.94,32.61,2.98,-20.8,31.3,21.4,48.8,20.2,0.222,0.889,2/9,8/9,"{""JPN"": 1.0, ""COL"": 0.0, ""LTU"": 0.0, ""ISL"": 0.0, ""FRA"": 0.0, ""EST"": 0.0, ""BEL"": 0.0, ""CHE"": 0.0}",JPN,1.0,11.4,True,"{""treated_classes"": [], ""ambiguous"": [], ""unscreened"": [], ""paper2015"": [], ""asterisk"": [], ""non_oecd"": [], ""below_tur_libdem13"": [], ""libdem_missing"": []}",,0.289,drop,48.8,False,0.0
E_level_floor_missing_kept,S0-lvl289+nan,+libdem_2013 ≥ 0.289; libdem yoksa kalır,0,True,L1,on,True,,math,5,31.6,JPN=1.00,2003 2006 2009 2012,9.44,33.91,3.59,-8.7,30.2,32.8,50.4,26.2,0.167,0.333,1/6,2/6,"{""CHE"": 0.726, ""JPN"": 0.274, ""BEL"": 0.0, ""FRA"": 0.0, ""ISL"": 0.0}",CHE,0.726,66.3,False,"{""treated_classes"": [], ""ambiguous"": [], ""unscreened"": [], ""paper2015"": [], ""asterisk"": [], ""non_oecd"": [], ""below_tur_libdem13"": [], ""libdem_missing"": []}",,0.289,keep,50.4,False,0.0
E_level_floor_missing_kept,S0-lvl289+nan,+libdem_2013 ≥ 0.289; libdem yoksa kalır,0,True,L1,on,True,,reading,5,53.3,FRA=0.78,2003 2006 2009 2012,2.61,24.53,9.41,-28.7,19.8,4.9,34.1,7.6,0.333,0.167,2/6,1/6,"{""JPN"": 0.79, ""ISL"": 0.106, ""CHE"": 0.104, ""FRA"": 0.0, ""BEL"": 0.0}",JPN,0.79,36.5,False,"{""treated_classes"": [], ""ambiguous"": [], ""unscreened"": [], ""paper2015"": [], ""asterisk"": [], ""non_oecd"": [], ""below_tur_libdem13"": [], ""libdem_missing"": []}",,0.289,keep,34.1,False,0.0
E_level_floor_missing_kept,S0-lvl289+nan,+libdem_2013 ≥ 0.289; libdem yoksa kalır,0,True,L1,on,True,,science,8,29.6,COL=1.00,2006 2009 2012,10.94,32.61,2.98,-20.8,31.3,21.4,48.8,20.2,0.222,0.889,2/9,8/9,"{""JPN"": 1.0, ""COL"": 0.0, ""LTU"": 0.0, ""ISL"": 0.0, ""FRA"": 0.0, ""EST"": 0.0, ""BEL"": 0.0, ""CHE"": 0.0}",JPN,1.0,11.4,True,"{""treated_classes"": [], ""ambiguous"": [], ""unscreened"": [], ""paper2015"": [], ""asterisk"": [], ""non_oecd"": [], ""below_tur_libdem13"": [], ""libdem_missing"": []}",,0.289,keep,48.8,False,0.0
E_level_floor_band,S0-lvl35,+libdem_2013 ≥ 0.350,0,True,L1,on,True,,math,5,31.6,JPN=1.00,2003 2006 2009 2012,9.44,33.91,3.59,-8.7,30.2,32.8,50.4,26.2,0.167,0.333,1/6,2/6,"{""CHE"": 0.726, ""JPN"": 0.274, ""BEL"": 0.0, ""FRA"": 0.0, ""ISL"": 0.0}",CHE,0.726,66.3,False,"{""treated_classes"": [], ""ambiguous"": [], ""unscreened"": [], ""paper2015"": [], ""asterisk"": [], ""non_oecd"": [], ""below_tur_libdem13"": [], ""libdem_missing"": []}",,0.35,drop,50.4,False,0.0
E_level_floor_band,S0-lvl35,+libdem_2013 ≥ 0.350,0,True,L1,on,True,,reading,5,53.3,FRA=0.78,2003 2006 2009 2012,2.61,24.53,9.41,-28.7,19.8,4.9,34.1,7.6,0.333,0.167,2/6,1/6,"{""JPN"": 0.79, ""ISL"": 0.106, ""CHE"": 0.104, ""FRA"": 0.0, ""BEL"": 0.0}",JPN,0.79,36.5,False,"{""treated_classes"": [], ""ambiguous"": [], ""unscreened"": [], ""paper2015"": [], ""asterisk"": [], ""non_oecd"": [], ""below_tur_libdem13"": [], ""libdem_missing"": []}",,0.35,drop,34.1,False,0.0
E_level_floor_band,S0-lvl35,+libdem_2013 ≥ 0.350,0,True,L1,on,True,,science,8,29.6,COL=1.00,2006 2009 2012,10.94,32.61,2.98,-20.8,31.3,21.4,48.8,20.2,0.222,0.889,2/9,8/9,"{""JPN"": 1.0, ""COL"": 0.0, ""LTU"": 0.0, ""ISL"": 0.0, ""FRA"": 0.0, ""EST"": 0.0, ""BEL"": 0.0, ""CHE"": 0.0}",JPN,1.0,11.4,True,"{""treated_classes"": [], ""ambiguous"": [], ""unscreened"": [], ""paper2015"": [], ""asterisk"": [], ""non_oecd"": [], ""below_tur_libdem13"": [], ""libdem_missing"": []}",,0.35,drop,48.8,False,0.0
E_level_floor_missing_kept,S0-lvl35+nan,+libdem_2013 ≥ 0.350; libdem yoksa kalır,0,True,L1,on,True,,math,5,31.6,JPN=1.00,2003 2006 2009 2012,9.44,33.91,3.59,-8.7,30.2,32.8,50.4,26.2,0.167,0.333,1/6,2/6,"{""CHE"": 0.726, ""JPN"": 0.274, ""BEL"": 0.0, ""FRA"": 0.0, ""ISL"": 0.0}",CHE,0.726,66.3,False,"{""treated_classes"": [], ""ambiguous"": [], ""unscreened"": [], ""paper2015"": [], ""asterisk"": [], ""non_oecd"": [], ""below_tur_libdem13"": [], ""libdem_missing"": []}",,0.35,keep,50.4,False,0.0
E_level_floor_missing_kept,S0-lvl35+nan,+libdem_2013 ≥ 0.350; libdem yoksa kalır,0,True,L1,on,True,,reading,5,53.3,FRA=0.78,2003 2006 2009 2012,2.61,24.53,9.41,-28.7,19.8,4.9,34.1,7.6,0.333,0.167,2/6,1/6,"{""JPN"": 0.79, ""ISL"": 0.106, ""CHE"": 0.104, ""FRA"": 0.0, ""BEL"": 0.0}",JPN,0.79,36.5,False,"{""treated_classes"": [], ""ambiguous"": [], ""unscreened"": [], ""paper2015"": [], ""asterisk"": [], ""non_oecd"": [], ""below_tur_libdem13"": [], ""libdem_missing"": []}",,0.35,keep,34.1,False,0.0
E_level_floor_missing_kept,S0-lvl35+nan,+libdem_2013 ≥ 0.350; libdem yoksa kalır,0,True,L1,on,True,,science,8,29.6,COL=1.00,2006 2009 2012,10.94,32.61,2.98,-20.8,31.3,21.4,48.8,20.2,0.222,0.889,2/9,8/9,"{""JPN"": 1.0, ""COL"": 0.0, ""LTU"": 0.0, ""ISL"": 0.0, ""FRA"": 0.0, ""EST"": 0.0, ""BEL"": 0.0, ""CHE"": 0.0}",JPN,1.0,11.4,True,"{""treated_classes"": [], ""ambiguous"": [], ""unscreened"": [], ""paper2015"": [], ""asterisk"": [], ""non_oecd"": [], ""below_tur_libdem13"": [], ""libdem_missing"": []}",,0.35,keep,48.8,False,0.0
E_level_floor_band,S1-lvl20,C1; +libdem_2013 ≥ 0.200,1,False,L1,on,True,,math,5,31.6,JPN=1.00,2003 2006 2009 2012,9.44,33.91,3.59,-8.7,30.2,32.8,50.4,26.2,0.167,0.333,1/6,2/6,"{""CHE"": 0.726, ""JPN"": 0.274, ""BEL"": 0.0, ""FRA"": 0.0, ""ISL"": 0.0}",CHE,0.726,66.3,False,"{""treated_classes"": [], ""ambiguous"": [], ""unscreened"": [], ""paper2015"": [], ""asterisk"": [], ""non_oecd"": [], ""below_tur_libdem13"": [], ""libdem_missing"": []}",,0.2,drop,50.4,False,0.0
E_level_floor_band,S1-lvl20,C1; +libdem_2013 ≥ 0.200,1,False,L1,on,True,,reading,5,53.3,FRA=0.78,2003 2006 2009 2012,2.61,24.53,9.41,-28.7,19.8,4.9,34.1,7.6,0.333,0.167,2/6,1/6,"{""JPN"": 0.79, ""ISL"": 0.106, ""CHE"": 0.104, ""FRA"": 0.0, ""BEL"": 0.0}",JPN,0.79,36.5,False,"{""treated_classes"": [], ""ambiguous"": [], ""unscreened"": [], ""paper2015"": [], ""asterisk"": [], ""non_oecd"": [], ""below_tur_libdem13"": [], ""libdem_missing"": []}",,0.2,drop,34.1,False,0.0
E_level_floor_band,S1-lvl20,C1; +libdem_2013 ≥ 0.200,1,False,L1,on,True,,science,10,37.9,COL=0.78,2006 2009 2012,10.94,32.61,2.98,-20.8,31.3,21.4,48.8,20.2,0.182,0.909,2/11,10/11,"{""JPN"": 1.0, ""ISL"": 0.0, ""COL"": 0.0, ""CHE"": 0.0, ""LTU"": 0.0, ""FRA"": 0.0, ""BGR"": 0.0, ""EST"": 0.0, ""BEL"": 0.0, ""TWN"": 0.0}",JPN,1.0,11.4,True,"{""treated_classes"": [], ""ambiguous"": [], ""unscreened"": [], ""paper2015"": [], ""asterisk"": [], ""non_oecd"": [""BGR"", ""TWN""], ""below_tur_libdem13"": [], ""libdem_missing"": []}",,0.2,drop,48.8,False,0.0
E_level_floor_missing_kept,S1-lvl20+nan,C1; +libdem_2013 ≥ 0.200; libdem yoksa kalır,1,False,L1,on,True,,math,5,31.6,JPN=1.00,2003 2006 2009 2012,9.44,33.91,3.59,-8.7,30.2,32.8,50.4,26.2,0.167,0.333,1/6,2/6,"{""CHE"": 0.726, ""JPN"": 0.274, ""BEL"": 0.0, ""FRA"": 0.0, ""ISL"": 0.0}",CHE,0.726,66.3,False,"{""treated_classes"": [], ""ambiguous"": [], ""unscreened"": [], ""paper2015"": [], ""asterisk"": [], ""non_oecd"": [], ""below_tur_libdem13"": [], ""libdem_missing"": []}",,0.2,keep,50.4,False,0.0
E_level_floor_missing_kept,S1-lvl20+nan,C1; +libdem_2013 ≥ 0.200; libdem yoksa kalır,1,False,L1,on,True,,reading,5,53.3,FRA=0.78,2003 2006 2009 2012,2.61,24.53,9.41,-28.7,19.8,4.9,34.1,7.6,0.333,0.167,2/6,1/6,"{""JPN"": 0.79, ""ISL"": 0.106, ""CHE"": 0.104, ""FRA"": 0.0, ""BEL"": 0.0}",JPN,0.79,36.5,False,"{""treated_classes"": [], ""ambiguous"": [], ""unscreened"": [], ""paper2015"": [], ""asterisk"": [], ""non_oecd"": [], ""below_tur_libdem13"": [], ""libdem_missing"": []}",,0.2,keep,34.1,False,0.0
E_level_floor_missing_kept,S1-lvl20+nan,C1; +libdem_2013 ≥ 0.200; libdem yoksa kalır,1,False,L1,on,True,,science,10,37.9,COL=0.78,2006 2009 2012,10.94,32.61,2.98,-20.8,31.3,21.4,48.8,20.2,0.182,0.909,2/11,10/11,"{""JPN"": 1.0, ""ISL"": 0.0, ""COL"": 0.0, ""CHE"": 0.0, ""LTU"": 0.0, ""FRA"": 0.0, ""BGR"": 0.0, ""EST"": 0.0, ""BEL"": 0.0, ""TWN"": 0.0}",JPN,1.0,11.4,True,"{""treated_classes"": [], ""ambiguous"": [], ""unscreened"": [], ""paper2015"": [], ""asterisk"": [], ""non_oecd"": [""BGR"", ""TWN""], ""below_tur_libdem13"": [], ""libdem_missing"": []}",,0.2,keep,48.8,False,0.0
E_level_floor_band,S1-lvl25,C1; +libdem_2013 ≥ 0.250,1,False,L1,on,True,,math,5,31.6,JPN=1.00,2003 2006 2009 2012,9.44,33.91,3.59,-8.7,30.2,32.8,50.4,26.2,0.167,0.333,1/6,2/6,"{""CHE"": 0.726, ""JPN"": 0.274, ""BEL"": 0.0, ""FRA"": 0.0, ""ISL"": 0.0}",CHE,0.726,66.3,False,"{""treated_classes"": [], ""ambiguous"": [], ""unscreened"": [], ""paper2015"": [], ""asterisk"": [], ""non_oecd"": [], ""below_tur_libdem13"": [], ""libdem_missing"": []}",,0.25,drop,50.4,False,0.0
E_level_floor_band,S1-lvl25,C1; +libdem_2013 ≥ 0.250,1,False,L1,on,True,,reading,5,53.3,FRA=0.78,2003 2006 2009 2012,2.61,24.53,9.41,-28.7,19.8,4.9,34.1,7.6,0.333,0.167,2/6,1/6,"{""JPN"": 0.79, ""ISL"": 0.106, ""CHE"": 0.104, ""FRA"": 0.0, ""BEL"": 0.0}",JPN,0.79,36.5,False,"{""treated_classes"": [], ""ambiguous"": [], ""unscreened"": [], ""paper2015"": [], ""asterisk"": [], ""non_oecd"": [], ""below_tur_libdem13"": [], ""libdem_missing"": []}",,0.25,drop,34.1,False,0.0
E_level_floor_band,S1-lvl25,C1; +libdem_2013 ≥ 0.250,1,False,L1,on,True,,science,10,37.9,COL=0.78,2006 2009 2012,10.94,32.61,2.98,-20.8,31.3,21.4,48.8,20.2,0.182,0.909,2/11,10/11,"{""JPN"": 1.0, ""ISL"": 0.0, ""COL"": 0.0, ""CHE"": 0.0, ""LTU"": 0.0, ""FRA"": 0.0, ""BGR"": 0.0, ""EST"": 0.0, ""BEL"": 0.0, ""TWN"": 0.0}",JPN,1.0,11.4,True,"{""treated_classes"": [], ""ambiguous"": [], ""unscreened"": [], ""paper2015"": [], ""asterisk"": [], ""non_oecd"": [""BGR"", ""TWN""], ""below_tur_libdem13"": [], ""libdem_missing"": []}",,0.25,drop,48.8,False,0.0
E_level_floor_missing_kept,S1-lvl25+nan,C1; +libdem_2013 ≥ 0.250; libdem yoksa kalır,1,False,L1,on,True,,math,5,31.6,JPN=1.00,2003 2006 2009 2012,9.44,33.91,3.59,-8.7,30.2,32.8,50.4,26.2,0.167,0.333,1/6,2/6,"{""CHE"": 0.726, ""JPN"": 0.274, ""BEL"": 0.0, ""FRA"": 0.0, ""ISL"": 0.0}",CHE,0.726,66.3,False,"{""treated_classes"": [], ""ambiguous"": [], ""unscreened"": [], ""paper2015"": [], ""asterisk"": [], ""non_oecd"": [], ""below_tur_libdem13"": [], ""libdem_missing"": []}",,0.25,keep,50.4,False,0.0
E_level_floor_missing_kept,S1-lvl25+nan,C1; +libdem_2013 ≥ 0.250; libdem yoksa kalır,1,False,L1,on,True,,reading,5,53.3,FRA=0.78,2003 2006 2009 2012,2.61,24.53,9.41,-28.7,19.8,4.9,34.1,7.6,0.333,0.167,2/6,1/6,"{""JPN"": 0.79, ""ISL"": 0.106, ""CHE"": 0.104, ""FRA"": 0.0, ""BEL"": 0.0}",JPN,0.79,36.5,False,"{""treated_classes"": [], ""ambiguous"": [], ""unscreened"": [], ""paper2015"": [], ""asterisk"": [], ""non_oecd"": [], ""below_tur_libdem13"": [], ""libdem_missing"": []}",,0.25,keep,34.1,False,0.0
E_level_floor_missing_kept,S1-lvl25+nan,C1; +libdem_2013 ≥ 0.250; libdem yoksa kalır,1,False,L1,on,True,,science,10,37.9,COL=0.78,2006 2009 2012,10.94,32.61,2.98,-20.8,31.3,21.4,48.8,20.2,0.182,0.909,2/11,10/11,"{""JPN"": 1.0, ""ISL"": 0.0, ""COL"": 0.0, ""CHE"": 0.0, ""LTU"": 0.0, ""FRA"": 0.0, ""BGR"": 0.0, ""EST"": 0.0, ""BEL"": 0.0, ""TWN"": 0.0}",JPN,1.0,11.4,True,"{""treated_classes"": [], ""ambiguous"": [], ""unscreened"": [], ""paper2015"": [], ""asterisk"": [], ""non_oecd"": [""BGR"", ""TWN""], ""below_tur_libdem13"": [], ""libdem_missing"": []}",,0.25,keep,48.8,False,0.0
E_level_floor,S1-lvl,C1; +libdem_2013 ≥ 0.289,1,False,L1,on,True,,math,5,31.6,JPN=1.00,2003 2006 2009 2012,9.44,33.91,3.59,-8.7,30.2,32.8,50.4,26.2,0.167,0.333,1/6,2/6,"{""CHE"": 0.726, ""JPN"": 0.274, ""BEL"": 0.0, ""FRA"": 0.0, ""ISL"": 0.0}",CHE,0.726,66.3,False,"{""treated_classes"": [], ""ambiguous"": [], ""unscreened"": [], ""paper2015"": [], ""asterisk"": [], ""non_oecd"": [], ""below_tur_libdem13"": [], ""libdem_missing"": []}",,0.289,drop,50.4,False,0.0
E_level_floor,S1-lvl,C1; +libdem_2013 ≥ 0.289,1,False,L1,on,True,,reading,5,53.3,FRA=0.78,2003 2006 2009 2012,2.61,24.53,9.41,-28.7,19.8,4.9,34.1,7.6,0.333,0.167,2/6,1/6,"{""JPN"": 0.79, ""ISL"": 0.106, ""CHE"": 0.104, ""FRA"": 0.0, ""BEL"": 0.0}",JPN,0.79,36.5,False,"{""treated_classes"": [], ""ambiguous"": [], ""unscreened"": [], ""paper2015"": [], ""asterisk"": [], ""non_oecd"": [], ""below_tur_libdem13"": [], ""libdem_missing"": []}",,0.289,drop,34.1,False,0.0
E_level_floor,S1-lvl,C1; +libdem_2013 ≥ 0.289,1,False,L1,on,True,,science,10,37.9,COL=0.78,2006 2009 2012,10.94,32.61,2.98,-20.8,31.3,21.4,48.8,20.2,0.182,0.909,2/11,10/11,"{""JPN"": 1.0, ""ISL"": 0.0, ""COL"": 0.0, ""CHE"": 0.0, ""LTU"": 0.0, ""FRA"": 0.0, ""BGR"": 0.0, ""EST"": 0.0, ""BEL"": 0.0, ""TWN"": 0.0}",JPN,1.0,11.4,True,"{""treated_classes"": [], ""ambiguous"": [], ""unscreened"": [], ""paper2015"": [], ""asterisk"": [], ""non_oecd"": [""BGR"", ""TWN""], ""below_tur_libdem13"": [], ""libdem_missing"": []}",,0.289,drop,48.8,False,0.0
E_level_floor_missing_kept,S1-lvl289+nan,C1; +libdem_2013 ≥ 0.289; libdem yoksa kalır,1,False,L1,on,True,,math,5,31.6,JPN=1.00,2003 2006 2009 2012,9.44,33.91,3.59,-8.7,30.2,32.8,50.4,26.2,0.167,0.333,1/6,2/6,"{""CHE"": 0.726, ""JPN"": 0.274, ""BEL"": 0.0, ""FRA"": 0.0, ""ISL"": 0.0}",CHE,0.726,66.3,False,"{""treated_classes"": [], ""ambiguous"": [], ""unscreened"": [], ""paper2015"": [], ""asterisk"": [], ""non_oecd"": [], ""below_tur_libdem13"": [], ""libdem_missing"": []}",,0.289,keep,50.4,False,0.0
E_level_floor_missing_kept,S1-lvl289+nan,C1; +libdem_2013 ≥ 0.289; libdem yoksa kalır,1,False,L1,on,True,,reading,5,53.3,FRA=0.78,2003 2006 2009 2012,2.61,24.53,9.41,-28.7,19.8,4.9,34.1,7.6,0.333,0.167,2/6,1/6,"{""JPN"": 0.79, ""ISL"": 0.106, ""CHE"": 0.104, ""FRA"": 0.0, ""BEL"": 0.0}",JPN,0.79,36.5,False,"{""treated_classes"": [], ""ambiguous"": [], ""unscreened"": [], ""paper2015"": [], ""asterisk"": [], ""non_oecd"": [], ""below_tur_libdem13"": [], ""libdem_missing"": []}",,0.289,keep,34.1,False,0.0
E_level_floor_missing_kept,S1-lvl289+nan,C1; +libdem_2013 ≥ 0.289; libdem yoksa kalır,1,False,L1,on,True,,science,10,37.9,COL=0.78,2006 2009 2012,10.94,32.61,2.98,-20.8,31.3,21.4,48.8,20.2,0.182,0.909,2/11,10/11,"{""JPN"": 1.0, ""ISL"": 0.0, ""COL"": 0.0, ""CHE"": 0.0, ""LTU"": 0.0, ""FRA"": 0.0, ""BGR"": 0.0, ""EST"": 0.0, ""BEL"": 0.0, ""TWN"": 0.0}",JPN,1.0,11.4,True,"{""treated_classes"": [], ""ambiguous"": [], ""unscreened"": [], ""paper2015"": [], ""asterisk"": [], ""non_oecd"": [""BGR"", ""TWN""], ""below_tur_libdem13"": [], ""libdem_missing"": []}",,0.289,keep,48.8,False,0.0
E_level_floor_band,S1-lvl35,C1; +libdem_2013 ≥ 0.350,1,False,L1,on,True,,math,5,31.6,JPN=1.00,2003 2006 2009 2012,9.44,33.91,3.59,-8.7,30.2,32.8,50.4,26.2,0.167,0.333,1/6,2/6,"{""CHE"": 0.726, ""JPN"": 0.274, ""BEL"": 0.0, ""FRA"": 0.0, ""ISL"": 0.0}",CHE,0.726,66.3,False,"{""treated_classes"": [], ""ambiguous"": [], ""unscreened"": [], ""paper2015"": [], ""asterisk"": [], ""non_oecd"": [], ""below_tur_libdem13"": [], ""libdem_missing"": []}",,0.35,drop,50.4,False,0.0
E_level_floor_band,S1-lvl35,C1; +libdem_2013 ≥ 0.350,1,False,L1,on,True,,reading,5,53.3,FRA=0.78,2003 2006 2009 2012,2.61,24.53,9.41,-28.7,19.8,4.9,34.1,7.6,0.333,0.167,2/6,1/6,"{""JPN"": 0.79, ""ISL"": 0.106, ""CHE"": 0.104, ""FRA"": 0.0, ""BEL"": 0.0}",JPN,0.79,36.5,False,"{""treated_classes"": [], ""ambiguous"": [], ""unscreened"": [], ""paper2015"": [], ""asterisk"": [], ""non_oecd"": [], ""below_tur_libdem13"": [], ""libdem_missing"": []}",,0.35,drop,34.1,False,0.0
E_level_floor_band,S1-lvl35,C1; +libdem_2013 ≥ 0.350,1,False,L1,on,True,,science,10,37.9,COL=0.78,2006 2009 2012,10.94,32.61,2.98,-20.8,31.3,21.4,48.8,20.2,0.182,0.909,2/11,10/11,"{""JPN"": 1.0, ""ISL"": 0.0, ""COL"": 0.0, ""CHE"": 0.0, ""LTU"": 0.0, ""FRA"": 0.0, ""BGR"": 0.0, ""EST"": 0.0, ""BEL"": 0.0, ""TWN"": 0.0}",JPN,1.0,11.4,True,"{""treated_classes"": [], ""ambiguous"": [], ""unscreened"": [], ""paper2015"": [], ""asterisk"": [], ""non_oecd"": [""BGR"", ""TWN""], ""below_tur_libdem13"": [], ""libdem_missing"": []}",,0.35,drop,48.8,False,0.0
E_level_floor_missing_kept,S1-lvl35+nan,C1; +libdem_2013 ≥ 0.350; libdem yoksa kalır,1,False,L1,on,True,,math,5,31.6,JPN=1.00,2003 2006 2009 2012,9.44,33.91,3.59,-8.7,30.2,32.8,50.4,26.2,0.167,0.333,1/6,2/6,"{""CHE"": 0.726, ""JPN"": 0.274, ""BEL"": 0.0, ""FRA"": 0.0, ""ISL"": 0.0}",CHE,0.726,66.3,False,"{""treated_classes"": [], ""ambiguous"": [], ""unscreened"": [], ""paper2015"": [], ""asterisk"": [], ""non_oecd"": [], ""below_tur_libdem13"": [], ""libdem_missing"": []}",,0.35,keep,50.4,False,0.0
E_level_floor_missing_kept,S1-lvl35+nan,C1; +libdem_2013 ≥ 0.350; libdem yoksa kalır,1,False,L1,on,True,,reading,5,53.3,FRA=0.78,2003 2006 2009 2012,2.61,24.53,9.41,-28.7,19.8,4.9,34.1,7.6,0.333,0.167,2/6,1/6,"{""JPN"": 0.79, ""ISL"": 0.106, ""CHE"": 0.104, ""FRA"": 0.0, ""BEL"": 0.0}",JPN,0.79,36.5,False,"{""treated_classes"": [], ""ambiguous"": [], ""unscreened"": [], ""paper2015"": [], ""asterisk"": [], ""non_oecd"": [], ""below_tur_libdem13"": [], ""libdem_missing"": []}",,0.35,keep,34.1,False,0.0
E_level_floor_missing_kept,S1-lvl35+nan,C1; +libdem_2013 ≥ 0.350; libdem yoksa kalır,1,False,L1,on,True,,science,10,37.9,COL=0.78,2006 2009 2012,10.94,32.61,2.98,-20.8,31.3,21.4,48.8,20.2,0.182,0.909,2/11,10/11,"{""JPN"": 1.0, ""ISL"": 0.0, ""COL"": 0.0, ""CHE"": 0.0, ""LTU"": 0.0, ""FRA"": 0.0, ""BGR"": 0.0, ""EST"": 0.0, ""BEL"": 0.0, ""TWN"": 0.0}",JPN,1.0,11.4,True,"{""treated_classes"": [], ""ambiguous"": [], ""unscreened"": [], ""paper2015"": [], ""asterisk"": [], ""non_oecd"": [""BGR"", ""TWN""], ""below_tur_libdem13"": [], ""libdem_missing"": []}",,0.35,keep,48.8,False,0.0
E_level_floor_band,S12-lvl20,C1+C2; +libdem_2013 ≥ 0.200,2,False,L3,on,True,,math,19,26.4,BRA=0.74,2003 2006 2009 2012,0.75,22.41,29.77,-26.5,6.8,18.7,30.1,7.3,0.25,0.4,5/20,8/20,"{""ITA"": 0.705, ""BRA"": 0.295, ""FIN"": 0.0, ""GRC"": 0.0, ""MEX"": 0.0, ""CZE"": 0.0, ""URY"": 0.0, ""KOR"": 0.0, ""HUN"": 0.0, ""SWE"": 0.0, ""POL"": 0.0, ""CHE"": 0.0, ""DEU"": 0.0, ""JPN"": 0.0, ""THA"": 0.0, ""FRA"": 0.0, ""ISL"": 0.0, ""SVK"": 0.0, ""BEL"": 0.0}",ITA,0.705,1.0,True,"{""treated_classes"": [""BRA"", ""CZE"", ""GRC"", ""HUN"", ""ITA"", ""KOR"", ""MEX"", ""POL"", ""SVK"", ""THA""], ""ambiguous"": [""DEU"", ""FIN"", ""SWE"", ""URY""], ""unscreened"": [], ""paper2015"": [], ""asterisk"": [], ""non_oecd"": [""BRA"", ""THA"", ""URY""], ""below_tur_libdem13"": [], ""libdem_missing"": []}",kirlenme: tedavi/otokratikleşen sınıf donörde (10: BRA CZE GRC HUN ITA KOR MEX POL SVK THA); ambiguous sınıf (DEU FIN SWE URY),0.2,drop,50.4,False,-20.3
E_level_floor_band,S12-lvl20,C1+C2; +libdem_2013 ≥ 0.200,2,False,L3,on,True,,reading,19,31.3,MEX=0.65,2003 2006 2009 2012,0.65,21.66,33.07,-33.2,11.8,-1.6,25.2,0.6,0.6,0.5,12/20,10/20,"{""JPN"": 0.579, ""MEX"": 0.369, ""POL"": 0.053, ""URY"": 0.0, ""SWE"": 0.0, ""ISL"": 0.0, ""GRC"": 0.0, ""FIN"": 0.0, ""BRA"": 0.0, ""SVK"": 0.0, ""BEL"": 0.0, ""FRA"": 0.0, ""CZE"": 0.0, ""KOR"": 0.0, ""DEU"": 0.0, ""THA"": 0.0, ""CHE"": 0.0, ""HUN"": 0.0, ""ITA"": 0.0}",JPN,0.579,1.5,True,"{""treated_classes"": [""BRA"", ""CZE"", ""GRC"", ""HUN"", ""ITA"", ""KOR"", ""MEX"", ""POL"", ""SVK"", ""THA""], ""ambiguous"": [""DEU"", ""FIN"", ""SWE"", ""URY""], ""unscreened"": [], ""paper2015"": [], ""asterisk"": [], ""non_oecd"": [""BRA"", ""THA"", ""URY""], ""below_tur_libdem13"": [], ""libdem_missing"": []}",kirlenme: tedavi/otokratikleşen sınıf donörde (10: BRA CZE GRC HUN ITA KOR MEX POL SVK THA); ambiguous sınıf (DEU FIN SWE URY),0.2,drop,34.1,False,-8.9
E_level_floor_band,S12-lvl20,C1+C2; +libdem_2013 ≥ 0.200,2,False,L3,on,True,,science,29,49.8,ITA=0.94,2006 2009 2012,7.95,38.32,4.82,-10.7,24.0,38.8,60.7,28.2,0.1,0.967,3/30,29/30,"{""POL"": 0.772, ""KOR"": 0.228, ""BRA"": 0.0, ""COL"": 0.0, ""ISL"": 0.0, ""SVK"": 0.0, ""ITA"": 0.0, ""CHL"": 0.0, ""MEX"": 0.0, ""CHE"": 0.0, ""URY"": 0.0, ""JPN"": 0.0, ""HUN"": 0.0, ""DEU"": 0.0, ""FRA"": 0.0, ""BGR"": 0.0, ""LTU"": 0.0, ""THA"": 0.0, ""SWE"": 0.0, ""MNE"": 0.0, ""EST"": 0.0, ""CZE"": 0.0, ""SVN"": 0.0, ""TWN"": 0.0, ""HRV"": 0.0, ""BEL"": 0.0, ""ISR"": 0.0, ""FIN"": 0.0, ""GRC"": 0.0}",POL,0.772,9.1,True,"{""treated_classes"": [""BRA"", ""CZE"", ""GRC"", ""HRV"", ""HUN"", ""ITA"", ""KOR"", ""MEX"", ""MNE"", ""POL"", ""SVK"", ""SVN"", ""THA""], ""ambiguous"": [""CHL"", ""DEU"", ""FIN"", ""ISR"", ""SWE"", ""URY""], ""unscreened"": [], ""paper2015"": [], ""asterisk"": [], ""non_oecd"": [""BGR"", ""BRA"", ""HRV"", ""MNE"", ""THA"", ""TWN"", ""URY""], ""below_tur_libdem13"": [], ""libdem_missing"": []}",kirlenme: tedavi/otokratikleşen sınıf donörde (13: BRA CZE GRC HRV HUN ITA KOR MEX MNE POL SVK SVN THA); ambiguous sınıf (CHL DEU FIN ISR SWE URY),0.2,drop,48.8,False,11.9
E_level_floor_missing_kept,S12-lvl20+nan,C1+C2; +libdem_2013 ≥ 0.200; libdem yoksa kalır,2,False,L3,on,True,,math,20,26.4,BRA=0.74,2003 2006 2009 2012,0.75,22.41,29.77,-26.5,6.8,18.7,30.1,7.3,0.286,0.429,6/21,9/21,"{""ITA"": 0.705, ""BRA"": 0.295, ""JPN"": 0.0, ""FRA"": 0.0, ""ISL"": 0.0, ""DEU"": 0.0, ""SVK"": 0.0, ""MAC"": 0.0, ""BEL"": 0.0, ""THA"": 0.0, ""MEX"": 0.0, ""POL"": 0.0, ""GRC"": 0.0, ""KOR"": 0.0, ""CHE"": 0.0, ""FIN"": 0.0, ""HUN"": 0.0, ""URY"": 0.0, ""CZE"": 0.0, ""SWE"": 0.0}",ITA,0.705,52.9,True,"{""treated_classes"": [""BRA"", ""CZE"", ""GRC"", ""HUN"", ""ITA"", ""KOR"", ""MEX"", ""POL"", ""SVK"", ""THA""], ""ambiguous"": [""DEU"", ""FIN"", ""SWE"", ""URY""], ""unscreened"": [""MAC""], ""paper2015"": [], ""asterisk"": [], ""non_oecd"": [""BRA"", ""MAC"", ""THA"", ""URY""], ""below_tur_libdem13"": [], ""libdem_missing"": [""MAC""]}",kirlenme: tedavi/otokratikleşen sınıf donörde (10: BRA CZE GRC HUN ITA KOR MEX POL SVK THA); taramasız ülke (1); ambiguous sınıf (DEU FIN SWE URY),0.2,keep,50.4,False,-20.3
E_level_floor_missing_kept,S12-lvl20+nan,C1+C2; +libdem_2013 ≥ 0.200; libdem yoksa kalır,2,False,L3,on,True,,reading,20,31.3,MEX=0.65,2003 2006 2009 2012,0.65,21.66,33.07,-33.2,11.8,-1.6,25.2,0.6,0.429,0.571,9/21,12/21,"{""JPN"": 0.579, ""MEX"": 0.369, ""POL"": 0.053, ""KOR"": 0.0, ""FIN"": 0.0, ""DEU"": 0.0, ""CHE"": 0.0, ""HUN"": 0.0, ""THA"": 0.0, ""MAC"": 0.0, ""ITA"": 0.0, ""BEL"": 0.0, ""BRA"": 0.0, ""CZE"": 0.0, ""FRA"": 0.0, ""GRC"": 0.0, ""ISL"": 0.0, ""SVK"": 0.0, ""SWE"": 0.0, ""URY"": 0.0}",JPN,0.579,1.5,True,"{""treated_classes"": [""BRA"", ""CZE"", ""GRC"", ""HUN"", ""ITA"", ""KOR"", ""MEX"", ""POL"", ""SVK"", ""THA""], ""ambiguous"": [""DEU"", ""FIN"", ""SWE"", ""URY""], ""unscreened"": [""MAC""], ""paper2015"": [], ""asterisk"": [], ""non_oecd"": [""BRA"", ""MAC"", ""THA"", ""URY""], ""below_tur_libdem13"": [], ""libdem_missing"": [""MAC""]}",kirlenme: tedavi/otokratikleşen sınıf donörde (10: BRA CZE GRC HUN ITA KOR MEX POL SVK THA); taramasız ülke (1); ambiguous sınıf (DEU FIN SWE URY),0.2,keep,34.1,False,-8.9
E_level_floor_missing_kept,S12-lvl20+nan,C1+C2; +libdem_2013 ≥ 0.200; libdem yoksa kalır,2,False,L3,on,True,,science,30,49.8,ITA=0.94,2006 2009 2012,7.95,38.32,4.82,-10.7,24.0,38.8,60.7,28.2,0.129,0.968,4/31,30/31,"{""POL"": 0.772, ""KOR"": 0.228, ""BRA"": 0.0, ""COL"": 0.0, ""ISL"": 0.0, ""SVK"": 0.0, ""ITA"": 0.0, ""CHL"": 0.0, ""MEX"": 0.0, ""CHE"": 0.0, ""URY"": 0.0, ""JPN"": 0.0, ""HUN"": 0.0, ""DEU"": 0.0, ""FRA"": 0.0, ""BGR"": 0.0, ""LTU"": 0.0, ""CZE"": 0.0, ""MNE"": 0.0, ""TWN"": 0.0, ""EST"": 0.0, ""HRV"": 0.0, ""SVN"": 0.0, ""ISR"": 0.0, ""THA"": 0.0, ""MAC"": 0.0, ""FIN"": 0.0, ""BEL"": 0.0, ""SWE"": 0.0, ""GRC"": 0.0}",POL,0.772,9.1,True,"{""treated_classes"": [""BRA"", ""CZE"", ""GRC"", ""HRV"", ""HUN"", ""ITA"", ""KOR"", ""MEX"", ""MNE"", ""POL"", ""SVK"", ""SVN"", ""THA""], ""ambiguous"": [""CHL"", ""DEU"", ""FIN"", ""ISR"", ""SWE"", ""URY""], ""unscreened"": [""MAC""], ""paper2015"": [], ""asterisk"": [], ""non_oecd"": [""BGR"", ""BRA"", ""HRV"", ""MAC"", ""MNE"", ""THA"", ""TWN"", ""URY""], ""below_tur_libdem13"": [], ""libdem_missing"": [""MAC""]}",kirlenme: tedavi/otokratikleşen sınıf donörde (13: BRA CZE GRC HRV HUN ITA KOR MEX MNE POL SVK SVN THA); taramasız ülke (1); ambiguous sınıf (CHL DEU FIN ISR SWE URY),0.2,keep,48.8,False,11.9
E_level_floor_band,S12-lvl25,C1+C2; +libdem_2013 ≥ 0.250,2,False,L3,on,True,,math,19,26.4,BRA=0.74,2003 2006 2009 2012,0.75,22.41,29.77,-26.5,6.8,18.7,30.1,7.3,0.25,0.4,5/20,8/20,"{""ITA"": 0.705, ""BRA"": 0.295, ""FIN"": 0.0, ""GRC"": 0.0, ""MEX"": 0.0, ""CZE"": 0.0, ""URY"": 0.0, ""KOR"": 0.0, ""HUN"": 0.0, ""SWE"": 0.0, ""POL"": 0.0, ""CHE"": 0.0, ""DEU"": 0.0, ""JPN"": 0.0, ""THA"": 0.0, ""FRA"": 0.0, ""ISL"": 0.0, ""SVK"": 0.0, ""BEL"": 0.0}",ITA,0.705,1.0,True,"{""treated_classes"": [""BRA"", ""CZE"", ""GRC"", ""HUN"", ""ITA"", ""KOR"", ""MEX"", ""POL"", ""SVK"", ""THA""], ""ambiguous"": [""DEU"", ""FIN"", ""SWE"", ""URY""], ""unscreened"": [], ""paper2015"": [], ""asterisk"": [], ""non_oecd"": [""BRA"", ""THA"", ""URY""], ""below_tur_libdem13"": [], ""libdem_missing"": []}",kirlenme: tedavi/otokratikleşen sınıf donörde (10: BRA CZE GRC HUN ITA KOR MEX POL SVK THA); ambiguous sınıf (DEU FIN SWE URY),0.25,drop,50.4,False,-20.3
E_level_floor_band,S12-lvl25,C1+C2; +libdem_2013 ≥ 0.250,2,False,L3,on,True,,reading,19,31.3,MEX=0.65,2003 2006 2009 2012,0.65,21.66,33.07,-33.2,11.8,-1.6,25.2,0.6,0.6,0.5,12/20,10/20,"{""JPN"": 0.579, ""MEX"": 0.369, ""POL"": 0.053, ""URY"": 0.0, ""SWE"": 0.0, ""ISL"": 0.0, ""GRC"": 0.0, ""FIN"": 0.0, ""BRA"": 0.0, ""SVK"": 0.0, ""BEL"": 0.0, ""FRA"": 0.0, ""CZE"": 0.0, ""KOR"": 0.0, ""DEU"": 0.0, ""THA"": 0.0, ""CHE"": 0.0, ""HUN"": 0.0, ""ITA"": 0.0}",JPN,0.579,1.5,True,"{""treated_classes"": [""BRA"", ""CZE"", ""GRC"", ""HUN"", ""ITA"", ""KOR"", ""MEX"", ""POL"", ""SVK"", ""THA""], ""ambiguous"": [""DEU"", ""FIN"", ""SWE"", ""URY""], ""unscreened"": [], ""paper2015"": [], ""asterisk"": [], ""non_oecd"": [""BRA"", ""THA"", ""URY""], ""below_tur_libdem13"": [], ""libdem_missing"": []}",kirlenme: tedavi/otokratikleşen sınıf donörde (10: BRA CZE GRC HUN ITA KOR MEX POL SVK THA); ambiguous sınıf (DEU FIN SWE URY),0.25,drop,34.1,False,-8.9
E_level_floor_band,S12-lvl25,C1+C2; +libdem_2013 ≥ 0.250,2,False,L3,on,True,,science,29,49.8,ITA=0.94,2006 2009 2012,7.95,38.32,4.82,-10.7,24.0,38.8,60.7,28.2,0.1,0.967,3/30,29/30,"{""POL"": 0.772, ""KOR"": 0.228, ""BRA"": 0.0, ""COL"": 0.0, ""ISL"": 0.0, ""SVK"": 0.0, ""ITA"": 0.0, ""CHL"": 0.0, ""MEX"": 0.0, ""CHE"": 0.0, ""URY"": 0.0, ""JPN"": 0.0, ""HUN"": 0.0, ""DEU"": 0.0, ""FRA"": 0.0, ""BGR"": 0.0, ""LTU"": 0.0, ""THA"": 0.0, ""SWE"": 0.0, ""MNE"": 0.0, ""EST"": 0.0, ""CZE"": 0.0, ""SVN"": 0.0, ""TWN"": 0.0, ""HRV"": 0.0, ""BEL"": 0.0, ""ISR"": 0.0, ""FIN"": 0.0, ""GRC"": 0.0}",POL,0.772,9.1,True,"{""treated_classes"": [""BRA"", ""CZE"", ""GRC"", ""HRV"", ""HUN"", ""ITA"", ""KOR"", ""MEX"", ""MNE"", ""POL"", ""SVK"", ""SVN"", ""THA""], ""ambiguous"": [""CHL"", ""DEU"", ""FIN"", ""ISR"", ""SWE"", ""URY""], ""unscreened"": [], ""paper2015"": [], ""asterisk"": [], ""non_oecd"": [""BGR"", ""BRA"", ""HRV"", ""MNE"", ""THA"", ""TWN"", ""URY""], ""below_tur_libdem13"": [], ""libdem_missing"": []}",kirlenme: tedavi/otokratikleşen sınıf donörde (13: BRA CZE GRC HRV HUN ITA KOR MEX MNE POL SVK SVN THA); ambiguous sınıf (CHL DEU FIN ISR SWE URY),0.25,drop,48.8,False,11.9
E_level_floor_missing_kept,S12-lvl25+nan,C1+C2; +libdem_2013 ≥ 0.250; libdem yoksa kalır,2,False,L3,on,True,,math,20,26.4,BRA=0.74,2003 2006 2009 2012,0.75,22.41,29.77,-26.5,6.8,18.7,30.1,7.3,0.286,0.429,6/21,9/21,"{""ITA"": 0.705, ""BRA"": 0.295, ""JPN"": 0.0, ""FRA"": 0.0, ""ISL"": 0.0, ""DEU"": 0.0, ""SVK"": 0.0, ""MAC"": 0.0, ""BEL"": 0.0, ""THA"": 0.0, ""MEX"": 0.0, ""POL"": 0.0, ""GRC"": 0.0, ""KOR"": 0.0, ""CHE"": 0.0, ""FIN"": 0.0, ""HUN"": 0.0, ""URY"": 0.0, ""CZE"": 0.0, ""SWE"": 0.0}",ITA,0.705,52.9,True,"{""treated_classes"": [""BRA"", ""CZE"", ""GRC"", ""HUN"", ""ITA"", ""KOR"", ""MEX"", ""POL"", ""SVK"", ""THA""], ""ambiguous"": [""DEU"", ""FIN"", ""SWE"", ""URY""], ""unscreened"": [""MAC""], ""paper2015"": [], ""asterisk"": [], ""non_oecd"": [""BRA"", ""MAC"", ""THA"", ""URY""], ""below_tur_libdem13"": [], ""libdem_missing"": [""MAC""]}",kirlenme: tedavi/otokratikleşen sınıf donörde (10: BRA CZE GRC HUN ITA KOR MEX POL SVK THA); taramasız ülke (1); ambiguous sınıf (DEU FIN SWE URY),0.25,keep,50.4,False,-20.3
E_level_floor_missing_kept,S12-lvl25+nan,C1+C2; +libdem_2013 ≥ 0.250; libdem yoksa kalır,2,False,L3,on,True,,reading,20,31.3,MEX=0.65,2003 2006 2009 2012,0.65,21.66,33.07,-33.2,11.8,-1.6,25.2,0.6,0.429,0.571,9/21,12/21,"{""JPN"": 0.579, ""MEX"": 0.369, ""POL"": 0.053, ""KOR"": 0.0, ""FIN"": 0.0, ""DEU"": 0.0, ""CHE"": 0.0, ""HUN"": 0.0, ""THA"": 0.0, ""MAC"": 0.0, ""ITA"": 0.0, ""BEL"": 0.0, ""BRA"": 0.0, ""CZE"": 0.0, ""FRA"": 0.0, ""GRC"": 0.0, ""ISL"": 0.0, ""SVK"": 0.0, ""SWE"": 0.0, ""URY"": 0.0}",JPN,0.579,1.5,True,"{""treated_classes"": [""BRA"", ""CZE"", ""GRC"", ""HUN"", ""ITA"", ""KOR"", ""MEX"", ""POL"", ""SVK"", ""THA""], ""ambiguous"": [""DEU"", ""FIN"", ""SWE"", ""URY""], ""unscreened"": [""MAC""], ""paper2015"": [], ""asterisk"": [], ""non_oecd"": [""BRA"", ""MAC"", ""THA"", ""URY""], ""below_tur_libdem13"": [], ""libdem_missing"": [""MAC""]}",kirlenme: tedavi/otokratikleşen sınıf donörde (10: BRA CZE GRC HUN ITA KOR MEX POL SVK THA); taramasız ülke (1); ambiguous sınıf (DEU FIN SWE URY),0.25,keep,34.1,False,-8.9
E_level_floor_missing_kept,S12-lvl25+nan,C1+C2; +libdem_2013 ≥ 0.250; libdem yoksa kalır,2,False,L3,on,True,,science,30,49.8,ITA=0.94,2006 2009 2012,7.95,38.32,4.82,-10.7,24.0,38.8,60.7,28.2,0.129,0.968,4/31,30/31,"{""POL"": 0.772, ""KOR"": 0.228, ""BRA"": 0.0, ""COL"": 0.0, ""ISL"": 0.0, ""SVK"": 0.0, ""ITA"": 0.0, ""CHL"": 0.0, ""MEX"": 0.0, ""CHE"": 0.0, ""URY"": 0.0, ""JPN"": 0.0, ""HUN"": 0.0, ""DEU"": 0.0, ""FRA"": 0.0, ""BGR"": 0.0, ""LTU"": 0.0, ""CZE"": 0.0, ""MNE"": 0.0, ""TWN"": 0.0, ""EST"": 0.0, ""HRV"": 0.0, ""SVN"": 0.0, ""ISR"": 0.0, ""THA"": 0.0, ""MAC"": 0.0, ""FIN"": 0.0, ""BEL"": 0.0, ""SWE"": 0.0, ""GRC"": 0.0}",POL,0.772,9.1,True,"{""treated_classes"": [""BRA"", ""CZE"", ""GRC"", ""HRV"", ""HUN"", ""ITA"", ""KOR"", ""MEX"", ""MNE"", ""POL"", ""SVK"", ""SVN"", ""THA""], ""ambiguous"": [""CHL"", ""DEU"", ""FIN"", ""ISR"", ""SWE"", ""URY""], ""unscreened"": [""MAC""], ""paper2015"": [], ""asterisk"": [], ""non_oecd"": [""BGR"", ""BRA"", ""HRV"", ""MAC"", ""MNE"", ""THA"", ""TWN"", ""URY""], ""below_tur_libdem13"": [], ""libdem_missing"": [""MAC""]}",kirlenme: tedavi/otokratikleşen sınıf donörde (13: BRA CZE GRC HRV HUN ITA KOR MEX MNE POL SVK SVN THA); taramasız ülke (1); ambiguous sınıf (CHL DEU FIN ISR SWE URY),0.25,keep,48.8,False,11.9
E_level_floor,S12-lvl,C1+C2; +libdem_2013 ≥ 0.289,2,False,L3,on,True,,math,19,26.4,BRA=0.74,2003 2006 2009 2012,0.75,22.41,29.77,-26.5,6.8,18.7,30.1,7.3,0.25,0.4,5/20,8/20,"{""ITA"": 0.705, ""BRA"": 0.295, ""FIN"": 0.0, ""GRC"": 0.0, ""MEX"": 0.0, ""CZE"": 0.0, ""URY"": 0.0, ""KOR"": 0.0, ""HUN"": 0.0, ""SWE"": 0.0, ""POL"": 0.0, ""CHE"": 0.0, ""DEU"": 0.0, ""JPN"": 0.0, ""THA"": 0.0, ""FRA"": 0.0, ""ISL"": 0.0, ""SVK"": 0.0, ""BEL"": 0.0}",ITA,0.705,1.0,True,"{""treated_classes"": [""BRA"", ""CZE"", ""GRC"", ""HUN"", ""ITA"", ""KOR"", ""MEX"", ""POL"", ""SVK"", ""THA""], ""ambiguous"": [""DEU"", ""FIN"", ""SWE"", ""URY""], ""unscreened"": [], ""paper2015"": [], ""asterisk"": [], ""non_oecd"": [""BRA"", ""THA"", ""URY""], ""below_tur_libdem13"": [], ""libdem_missing"": []}",kirlenme: tedavi/otokratikleşen sınıf donörde (10: BRA CZE GRC HUN ITA KOR MEX POL SVK THA); ambiguous sınıf (DEU FIN SWE URY),0.289,drop,50.4,False,-20.3
E_level_floor,S12-lvl,C1+C2; +libdem_2013 ≥ 0.289,2,False,L3,on,True,,reading,19,31.3,MEX=0.65,2003 2006 2009 2012,0.65,21.66,33.07,-33.2,11.8,-1.6,25.2,0.6,0.6,0.5,12/20,10/20,"{""JPN"": 0.579, ""MEX"": 0.369, ""POL"": 0.053, ""URY"": 0.0, ""SWE"": 0.0, ""ISL"": 0.0, ""GRC"": 0.0, ""FIN"": 0.0, ""BRA"": 0.0, ""SVK"": 0.0, ""BEL"": 0.0, ""FRA"": 0.0, ""CZE"": 0.0, ""KOR"": 0.0, ""DEU"": 0.0, ""THA"": 0.0, ""CHE"": 0.0, ""HUN"": 0.0, ""ITA"": 0.0}",JPN,0.579,1.5,True,"{""treated_classes"": [""BRA"", ""CZE"", ""GRC"", ""HUN"", ""ITA"", ""KOR"", ""MEX"", ""POL"", ""SVK"", ""THA""], ""ambiguous"": [""DEU"", ""FIN"", ""SWE"", ""URY""], ""unscreened"": [], ""paper2015"": [], ""asterisk"": [], ""non_oecd"": [""BRA"", ""THA"", ""URY""], ""below_tur_libdem13"": [], ""libdem_missing"": []}",kirlenme: tedavi/otokratikleşen sınıf donörde (10: BRA CZE GRC HUN ITA KOR MEX POL SVK THA); ambiguous sınıf (DEU FIN SWE URY),0.289,drop,34.1,False,-8.9
E_level_floor,S12-lvl,C1+C2; +libdem_2013 ≥ 0.289,2,False,L3,on,True,,science,29,49.8,ITA=0.94,2006 2009 2012,7.95,38.32,4.82,-10.7,24.0,38.8,60.7,28.2,0.1,0.967,3/30,29/30,"{""POL"": 0.772, ""KOR"": 0.228, ""BRA"": 0.0, ""COL"": 0.0, ""ISL"": 0.0, ""SVK"": 0.0, ""ITA"": 0.0, ""CHL"": 0.0, ""MEX"": 0.0, ""CHE"": 0.0, ""URY"": 0.0, ""JPN"": 0.0, ""HUN"": 0.0, ""DEU"": 0.0, ""FRA"": 0.0, ""BGR"": 0.0, ""LTU"": 0.0, ""THA"": 0.0, ""SWE"": 0.0, ""MNE"": 0.0, ""EST"": 0.0, ""CZE"": 0.0, ""SVN"": 0.0, ""TWN"": 0.0, ""HRV"": 0.0, ""BEL"": 0.0, ""ISR"": 0.0, ""FIN"": 0.0, ""GRC"": 0.0}",POL,0.772,9.1,True,"{""treated_classes"": [""BRA"", ""CZE"", ""GRC"", ""HRV"", ""HUN"", ""ITA"", ""KOR"", ""MEX"", ""MNE"", ""POL"", ""SVK"", ""SVN"", ""THA""], ""ambiguous"": [""CHL"", ""DEU"", ""FIN"", ""ISR"", ""SWE"", ""URY""], ""unscreened"": [], ""paper2015"": [], ""asterisk"": [], ""non_oecd"": [""BGR"", ""BRA"", ""HRV"", ""MNE"", ""THA"", ""TWN"", ""URY""], ""below_tur_libdem13"": [], ""libdem_missing"": []}",kirlenme: tedavi/otokratikleşen sınıf donörde (13: BRA CZE GRC HRV HUN ITA KOR MEX MNE POL SVK SVN THA); ambiguous sınıf (CHL DEU FIN ISR SWE URY),0.289,drop,48.8,False,11.9
E_level_floor_missing_kept,S12-lvl289+nan,C1+C2; +libdem_2013 ≥ 0.289; libdem yoksa kalır,2,False,L3,on,True,,math,20,26.4,BRA=0.74,2003 2006 2009 2012,0.75,22.41,29.77,-26.5,6.8,18.7,30.1,7.3,0.286,0.429,6/21,9/21,"{""ITA"": 0.705, ""BRA"": 0.295, ""JPN"": 0.0, ""FRA"": 0.0, ""ISL"": 0.0, ""DEU"": 0.0, ""SVK"": 0.0, ""MAC"": 0.0, ""BEL"": 0.0, ""THA"": 0.0, ""MEX"": 0.0, ""POL"": 0.0, ""GRC"": 0.0, ""KOR"": 0.0, ""CHE"": 0.0, ""FIN"": 0.0, ""HUN"": 0.0, ""URY"": 0.0, ""CZE"": 0.0, ""SWE"": 0.0}",ITA,0.705,52.9,True,"{""treated_classes"": [""BRA"", ""CZE"", ""GRC"", ""HUN"", ""ITA"", ""KOR"", ""MEX"", ""POL"", ""SVK"", ""THA""], ""ambiguous"": [""DEU"", ""FIN"", ""SWE"", ""URY""], ""unscreened"": [""MAC""], ""paper2015"": [], ""asterisk"": [], ""non_oecd"": [""BRA"", ""MAC"", ""THA"", ""URY""], ""below_tur_libdem13"": [], ""libdem_missing"": [""MAC""]}",kirlenme: tedavi/otokratikleşen sınıf donörde (10: BRA CZE GRC HUN ITA KOR MEX POL SVK THA); taramasız ülke (1); ambiguous sınıf (DEU FIN SWE URY),0.289,keep,50.4,False,-20.3
E_level_floor_missing_kept,S12-lvl289+nan,C1+C2; +libdem_2013 ≥ 0.289; libdem yoksa kalır,2,False,L3,on,True,,reading,20,31.3,MEX=0.65,2003 2006 2009 2012,0.65,21.66,33.07,-33.2,11.8,-1.6,25.2,0.6,0.429,0.571,9/21,12/21,"{""JPN"": 0.579, ""MEX"": 0.369, ""POL"": 0.053, ""KOR"": 0.0, ""FIN"": 0.0, ""DEU"": 0.0, ""CHE"": 0.0, ""HUN"": 0.0, ""THA"": 0.0, ""MAC"": 0.0, ""ITA"": 0.0, ""BEL"": 0.0, ""BRA"": 0.0, ""CZE"": 0.0, ""FRA"": 0.0, ""GRC"": 0.0, ""ISL"": 0.0, ""SVK"": 0.0, ""SWE"": 0.0, ""URY"": 0.0}",JPN,0.579,1.5,True,"{""treated_classes"": [""BRA"", ""CZE"", ""GRC"", ""HUN"", ""ITA"", ""KOR"", ""MEX"", ""POL"", ""SVK"", ""THA""], ""ambiguous"": [""DEU"", ""FIN"", ""SWE"", ""URY""], ""unscreened"": [""MAC""], ""paper2015"": [], ""asterisk"": [], ""non_oecd"": [""BRA"", ""MAC"", ""THA"", ""URY""], ""below_tur_libdem13"": [], ""libdem_missing"": [""MAC""]}",kirlenme: tedavi/otokratikleşen sınıf donörde (10: BRA CZE GRC HUN ITA KOR MEX POL SVK THA); taramasız ülke (1); ambiguous sınıf (DEU FIN SWE URY),0.289,keep,34.1,False,-8.9
E_level_floor_missing_kept,S12-lvl289+nan,C1+C2; +libdem_2013 ≥ 0.289; libdem yoksa kalır,2,False,L3,on,True,,science,30,49.8,ITA=0.94,2006 2009 2012,7.95,38.32,4.82,-10.7,24.0,38.8,60.7,28.2,0.129,0.968,4/31,30/31,"{""POL"": 0.772, ""KOR"": 0.228, ""BRA"": 0.0, ""COL"": 0.0, ""ISL"": 0.0, ""SVK"": 0.0, ""ITA"": 0.0, ""CHL"": 0.0, ""MEX"": 0.0, ""CHE"": 0.0, ""URY"": 0.0, ""JPN"": 0.0, ""HUN"": 0.0, ""DEU"": 0.0, ""FRA"": 0.0, ""BGR"": 0.0, ""LTU"": 0.0, ""CZE"": 0.0, ""MNE"": 0.0, ""TWN"": 0.0, ""EST"": 0.0, ""HRV"": 0.0, ""SVN"": 0.0, ""ISR"": 0.0, ""THA"": 0.0, ""MAC"": 0.0, ""FIN"": 0.0, ""BEL"": 0.0, ""SWE"": 0.0, ""GRC"": 0.0}",POL,0.772,9.1,True,"{""treated_classes"": [""BRA"", ""CZE"", ""GRC"", ""HRV"", ""HUN"", ""ITA"", ""KOR"", ""MEX"", ""MNE"", ""POL"", ""SVK"", ""SVN"", ""THA""], ""ambiguous"": [""CHL"", ""DEU"", ""FIN"", ""ISR"", ""SWE"", ""URY""], ""unscreened"": [""MAC""], ""paper2015"": [], ""asterisk"": [], ""non_oecd"": [""BGR"", ""BRA"", ""HRV"", ""MAC"", ""MNE"", ""THA"", ""TWN"", ""URY""], ""below_tur_libdem13"": [], ""libdem_missing"": [""MAC""]}",kirlenme: tedavi/otokratikleşen sınıf donörde (13: BRA CZE GRC HRV HUN ITA KOR MEX MNE POL SVK SVN THA); taramasız ülke (1); ambiguous sınıf (CHL DEU FIN ISR SWE URY),0.289,keep,48.8,False,11.9
E_level_floor_band,S12-lvl35,C1+C2; +libdem_2013 ≥ 0.350,2,False,L3,on,True,,math,19,26.4,BRA=0.74,2003 2006 2009 2012,0.75,22.41,29.77,-26.5,6.8,18.7,30.1,7.3,0.25,0.4,5/20,8/20,"{""ITA"": 0.705, ""BRA"": 0.295, ""FIN"": 0.0, ""GRC"": 0.0, ""MEX"": 0.0, ""CZE"": 0.0, ""URY"": 0.0, ""KOR"": 0.0, ""HUN"": 0.0, ""SWE"": 0.0, ""POL"": 0.0, ""CHE"": 0.0, ""DEU"": 0.0, ""JPN"": 0.0, ""THA"": 0.0, ""FRA"": 0.0, ""ISL"": 0.0, ""SVK"": 0.0, ""BEL"": 0.0}",ITA,0.705,1.0,True,"{""treated_classes"": [""BRA"", ""CZE"", ""GRC"", ""HUN"", ""ITA"", ""KOR"", ""MEX"", ""POL"", ""SVK"", ""THA""], ""ambiguous"": [""DEU"", ""FIN"", ""SWE"", ""URY""], ""unscreened"": [], ""paper2015"": [], ""asterisk"": [], ""non_oecd"": [""BRA"", ""THA"", ""URY""], ""below_tur_libdem13"": [], ""libdem_missing"": []}",kirlenme: tedavi/otokratikleşen sınıf donörde (10: BRA CZE GRC HUN ITA KOR MEX POL SVK THA); ambiguous sınıf (DEU FIN SWE URY),0.35,drop,50.4,False,-20.3
E_level_floor_band,S12-lvl35,C1+C2; +libdem_2013 ≥ 0.350,2,False,L3,on,True,,reading,19,31.3,MEX=0.65,2003 2006 2009 2012,0.65,21.66,33.07,-33.2,11.8,-1.6,25.2,0.6,0.6,0.5,12/20,10/20,"{""JPN"": 0.579, ""MEX"": 0.369, ""POL"": 0.053, ""URY"": 0.0, ""SWE"": 0.0, ""ISL"": 0.0, ""GRC"": 0.0, ""FIN"": 0.0, ""BRA"": 0.0, ""SVK"": 0.0, ""BEL"": 0.0, ""FRA"": 0.0, ""CZE"": 0.0, ""KOR"": 0.0, ""DEU"": 0.0, ""THA"": 0.0, ""CHE"": 0.0, ""HUN"": 0.0, ""ITA"": 0.0}",JPN,0.579,1.5,True,"{""treated_classes"": [""BRA"", ""CZE"", ""GRC"", ""HUN"", ""ITA"", ""KOR"", ""MEX"", ""POL"", ""SVK"", ""THA""], ""ambiguous"": [""DEU"", ""FIN"", ""SWE"", ""URY""], ""unscreened"": [], ""paper2015"": [], ""asterisk"": [], ""non_oecd"": [""BRA"", ""THA"", ""URY""], ""below_tur_libdem13"": [], ""libdem_missing"": []}",kirlenme: tedavi/otokratikleşen sınıf donörde (10: BRA CZE GRC HUN ITA KOR MEX POL SVK THA); ambiguous sınıf (DEU FIN SWE URY),0.35,drop,34.1,False,-8.9
E_level_floor_band,S12-lvl35,C1+C2; +libdem_2013 ≥ 0.350,2,False,L3,on,True,,science,29,49.8,ITA=0.94,2006 2009 2012,7.95,38.32,4.82,-10.7,24.0,38.8,60.7,28.2,0.1,0.967,3/30,29/30,"{""POL"": 0.772, ""KOR"": 0.228, ""BRA"": 0.0, ""COL"": 0.0, ""ISL"": 0.0, ""SVK"": 0.0, ""ITA"": 0.0, ""CHL"": 0.0, ""MEX"": 0.0, ""CHE"": 0.0, ""URY"": 0.0, ""JPN"": 0.0, ""HUN"": 0.0, ""DEU"": 0.0, ""FRA"": 0.0, ""BGR"": 0.0, ""LTU"": 0.0, ""THA"": 0.0, ""SWE"": 0.0, ""MNE"": 0.0, ""EST"": 0.0, ""CZE"": 0.0, ""SVN"": 0.0, ""TWN"": 0.0, ""HRV"": 0.0, ""BEL"": 0.0, ""ISR"": 0.0, ""FIN"": 0.0, ""GRC"": 0.0}",POL,0.772,9.1,True,"{""treated_classes"": [""BRA"", ""CZE"", ""GRC"", ""HRV"", ""HUN"", ""ITA"", ""KOR"", ""MEX"", ""MNE"", ""POL"", ""SVK"", ""SVN"", ""THA""], ""ambiguous"": [""CHL"", ""DEU"", ""FIN"", ""ISR"", ""SWE"", ""URY""], ""unscreened"": [], ""paper2015"": [], ""asterisk"": [], ""non_oecd"": [""BGR"", ""BRA"", ""HRV"", ""MNE"", ""THA"", ""TWN"", ""URY""], ""below_tur_libdem13"": [], ""libdem_missing"": []}",kirlenme: tedavi/otokratikleşen sınıf donörde (13: BRA CZE GRC HRV HUN ITA KOR MEX MNE POL SVK SVN THA); ambiguous sınıf (CHL DEU FIN ISR SWE URY),0.35,drop,48.8,False,11.9
E_level_floor_missing_kept,S12-lvl35+nan,C1+C2; +libdem_2013 ≥ 0.350; libdem yoksa kalır,2,False,L3,on,True,,math,20,26.4,BRA=0.74,2003 2006 2009 2012,0.75,22.41,29.77,-26.5,6.8,18.7,30.1,7.3,0.286,0.429,6/21,9/21,"{""ITA"": 0.705, ""BRA"": 0.295, ""JPN"": 0.0, ""FRA"": 0.0, ""ISL"": 0.0, ""DEU"": 0.0, ""SVK"": 0.0, ""MAC"": 0.0, ""BEL"": 0.0, ""THA"": 0.0, ""MEX"": 0.0, ""POL"": 0.0, ""GRC"": 0.0, ""KOR"": 0.0, ""CHE"": 0.0, ""FIN"": 0.0, ""HUN"": 0.0, ""URY"": 0.0, ""CZE"": 0.0, ""SWE"": 0.0}",ITA,0.705,52.9,True,"{""treated_classes"": [""BRA"", ""CZE"", ""GRC"", ""HUN"", ""ITA"", ""KOR"", ""MEX"", ""POL"", ""SVK"", ""THA""], ""ambiguous"": [""DEU"", ""FIN"", ""SWE"", ""URY""], ""unscreened"": [""MAC""], ""paper2015"": [], ""asterisk"": [], ""non_oecd"": [""BRA"", ""MAC"", ""THA"", ""URY""], ""below_tur_libdem13"": [], ""libdem_missing"": [""MAC""]}",kirlenme: tedavi/otokratikleşen sınıf donörde (10: BRA CZE GRC HUN ITA KOR MEX POL SVK THA); taramasız ülke (1); ambiguous sınıf (DEU FIN SWE URY),0.35,keep,50.4,False,-20.3
E_level_floor_missing_kept,S12-lvl35+nan,C1+C2; +libdem_2013 ≥ 0.350; libdem yoksa kalır,2,False,L3,on,True,,reading,20,31.3,MEX=0.65,2003 2006 2009 2012,0.65,21.66,33.07,-33.2,11.8,-1.6,25.2,0.6,0.429,0.571,9/21,12/21,"{""JPN"": 0.579, ""MEX"": 0.369, ""POL"": 0.053, ""KOR"": 0.0, ""FIN"": 0.0, ""DEU"": 0.0, ""CHE"": 0.0, ""HUN"": 0.0, ""THA"": 0.0, ""MAC"": 0.0, ""ITA"": 0.0, ""BEL"": 0.0, ""BRA"": 0.0, ""CZE"": 0.0, ""FRA"": 0.0, ""GRC"": 0.0, ""ISL"": 0.0, ""SVK"": 0.0, ""SWE"": 0.0, ""URY"": 0.0}",JPN,0.579,1.5,True,"{""treated_classes"": [""BRA"", ""CZE"", ""GRC"", ""HUN"", ""ITA"", ""KOR"", ""MEX"", ""POL"", ""SVK"", ""THA""], ""ambiguous"": [""DEU"", ""FIN"", ""SWE"", ""URY""], ""unscreened"": [""MAC""], ""paper2015"": [], ""asterisk"": [], ""non_oecd"": [""BRA"", ""MAC"", ""THA"", ""URY""], ""below_tur_libdem13"": [], ""libdem_missing"": [""MAC""]}",kirlenme: tedavi/otokratikleşen sınıf donörde (10: BRA CZE GRC HUN ITA KOR MEX POL SVK THA); taramasız ülke (1); ambiguous sınıf (DEU FIN SWE URY),0.35,keep,34.1,False,-8.9
E_level_floor_missing_kept,S12-lvl35+nan,C1+C2; +libdem_2013 ≥ 0.350; libdem yoksa kalır,2,False,L3,on,True,,science,30,49.8,ITA=0.94,2006 2009 2012,7.95,38.32,4.82,-10.7,24.0,38.8,60.7,28.2,0.129,0.968,4/31,30/31,"{""POL"": 0.772, ""KOR"": 0.228, ""BRA"": 0.0, ""COL"": 0.0, ""ISL"": 0.0, ""SVK"": 0.0, ""ITA"": 0.0, ""CHL"": 0.0, ""MEX"": 0.0, ""CHE"": 0.0, ""URY"": 0.0, ""JPN"": 0.0, ""HUN"": 0.0, ""DEU"": 0.0, ""FRA"": 0.0, ""BGR"": 0.0, ""LTU"": 0.0, ""CZE"": 0.0, ""MNE"": 0.0, ""TWN"": 0.0, ""EST"": 0.0, ""HRV"": 0.0, ""SVN"": 0.0, ""ISR"": 0.0, ""THA"": 0.0, ""MAC"": 0.0, ""FIN"": 0.0, ""BEL"": 0.0, ""SWE"": 0.0, ""GRC"": 0.0}",POL,0.772,9.1,True,"{""treated_classes"": [""BRA"", ""CZE"", ""GRC"", ""HRV"", ""HUN"", ""ITA"", ""KOR"", ""MEX"", ""MNE"", ""POL"", ""SVK"", ""SVN"", ""THA""], ""ambiguous"": [""CHL"", ""DEU"", ""FIN"", ""ISR"", ""SWE"", ""URY""], ""unscreened"": [""MAC""], ""paper2015"": [], ""asterisk"": [], ""non_oecd"": [""BGR"", ""BRA"", ""HRV"", ""MAC"", ""MNE"", ""THA"", ""TWN"", ""URY""], ""below_tur_libdem13"": [], ""libdem_missing"": [""MAC""]}",kirlenme: tedavi/otokratikleşen sınıf donörde (13: BRA CZE GRC HRV HUN ITA KOR MEX MNE POL SVK SVN THA); taramasız ülke (1); ambiguous sınıf (CHL DEU FIN ISR SWE URY),0.35,keep,48.8,False,11.9
E_level_floor_band,S13-lvl20,C1+C3; +libdem_2013 ≥ 0.200,2,False,L1,off,True,,math,5,31.6,JPN=1.00,2003 2006 2009 2012,9.44,33.91,3.59,-8.7,30.2,32.8,50.4,26.2,0.167,0.333,1/6,2/6,"{""CHE"": 0.726, ""JPN"": 0.274, ""BEL"": 0.0, ""FRA"": 0.0, ""ISL"": 0.0}",CHE,0.726,66.3,False,"{""treated_classes"": [], ""ambiguous"": [], ""unscreened"": [], ""paper2015"": [], ""asterisk"": [], ""non_oecd"": [], ""below_tur_libdem13"": [], ""libdem_missing"": []}",,0.2,drop,50.4,False,0.0
E_level_floor_band,S13-lvl20,C1+C3; +libdem_2013 ≥ 0.200,2,False,L1,off,True,,reading,5,53.3,FRA=0.78,2003 2006 2009 2012,2.61,24.53,9.41,-28.7,19.8,4.9,34.1,7.6,0.333,0.167,2/6,1/6,"{""JPN"": 0.79, ""ISL"": 0.106, ""CHE"": 0.104, ""FRA"": 0.0, ""BEL"": 0.0}",JPN,0.79,36.5,False,"{""treated_classes"": [], ""ambiguous"": [], ""unscreened"": [], ""paper2015"": [], ""asterisk"": [], ""non_oecd"": [], ""below_tur_libdem13"": [], ""libdem_missing"": []}",,0.2,drop,34.1,False,0.0
E_level_floor_band,S13-lvl20,C1+C3; +libdem_2013 ≥ 0.200,2,False,L1,off,True,,science,10,37.9,COL=0.78,2006 2009 2012,10.94,32.61,2.98,-20.8,31.3,21.4,48.8,20.2,0.182,0.909,2/11,10/11,"{""JPN"": 1.0, ""ISL"": 0.0, ""COL"": 0.0, ""CHE"": 0.0, ""LTU"": 0.0, ""FRA"": 0.0, ""BGR"": 0.0, ""EST"": 0.0, ""BEL"": 0.0, ""TWN"": 0.0}",JPN,1.0,11.4,True,"{""treated_classes"": [], ""ambiguous"": [], ""unscreened"": [], ""paper2015"": [], ""asterisk"": [], ""non_oecd"": [""BGR"", ""TWN""], ""below_tur_libdem13"": [], ""libdem_missing"": []}",,0.2,drop,48.8,False,0.0
E_level_floor_missing_kept,S13-lvl20+nan,C1+C3; +libdem_2013 ≥ 0.200; libdem yoksa kalır,2,False,L1,off,True,,math,5,31.6,JPN=1.00,2003 2006 2009 2012,9.44,33.91,3.59,-8.7,30.2,32.8,50.4,26.2,0.167,0.333,1/6,2/6,"{""CHE"": 0.726, ""JPN"": 0.274, ""BEL"": 0.0, ""FRA"": 0.0, ""ISL"": 0.0}",CHE,0.726,66.3,False,"{""treated_classes"": [], ""ambiguous"": [], ""unscreened"": [], ""paper2015"": [], ""asterisk"": [], ""non_oecd"": [], ""below_tur_libdem13"": [], ""libdem_missing"": []}",,0.2,keep,50.4,False,0.0
E_level_floor_missing_kept,S13-lvl20+nan,C1+C3; +libdem_2013 ≥ 0.200; libdem yoksa kalır,2,False,L1,off,True,,reading,5,53.3,FRA=0.78,2003 2006 2009 2012,2.61,24.53,9.41,-28.7,19.8,4.9,34.1,7.6,0.333,0.167,2/6,1/6,"{""JPN"": 0.79, ""ISL"": 0.106, ""CHE"": 0.104, ""FRA"": 0.0, ""BEL"": 0.0}",JPN,0.79,36.5,False,"{""treated_classes"": [], ""ambiguous"": [], ""unscreened"": [], ""paper2015"": [], ""asterisk"": [], ""non_oecd"": [], ""below_tur_libdem13"": [], ""libdem_missing"": []}",,0.2,keep,34.1,False,0.0
E_level_floor_missing_kept,S13-lvl20+nan,C1+C3; +libdem_2013 ≥ 0.200; libdem yoksa kalır,2,False,L1,off,True,,science,10,37.9,COL=0.78,2006 2009 2012,10.94,32.61,2.98,-20.8,31.3,21.4,48.8,20.2,0.182,0.909,2/11,10/11,"{""JPN"": 1.0, ""ISL"": 0.0, ""COL"": 0.0, ""CHE"": 0.0, ""LTU"": 0.0, ""FRA"": 0.0, ""BGR"": 0.0, ""EST"": 0.0, ""BEL"": 0.0, ""TWN"": 0.0}",JPN,1.0,11.4,True,"{""treated_classes"": [], ""ambiguous"": [], ""unscreened"": [], ""paper2015"": [], ""asterisk"": [], ""non_oecd"": [""BGR"", ""TWN""], ""below_tur_libdem13"": [], ""libdem_missing"": []}",,0.2,keep,48.8,False,0.0
E_level_floor_band,S13-lvl25,C1+C3; +libdem_2013 ≥ 0.250,2,False,L1,off,True,,math,5,31.6,JPN=1.00,2003 2006 2009 2012,9.44,33.91,3.59,-8.7,30.2,32.8,50.4,26.2,0.167,0.333,1/6,2/6,"{""CHE"": 0.726, ""JPN"": 0.274, ""BEL"": 0.0, ""FRA"": 0.0, ""ISL"": 0.0}",CHE,0.726,66.3,False,"{""treated_classes"": [], ""ambiguous"": [], ""unscreened"": [], ""paper2015"": [], ""asterisk"": [], ""non_oecd"": [], ""below_tur_libdem13"": [], ""libdem_missing"": []}",,0.25,drop,50.4,False,0.0
E_level_floor_band,S13-lvl25,C1+C3; +libdem_2013 ≥ 0.250,2,False,L1,off,True,,reading,5,53.3,FRA=0.78,2003 2006 2009 2012,2.61,24.53,9.41,-28.7,19.8,4.9,34.1,7.6,0.333,0.167,2/6,1/6,"{""JPN"": 0.79, ""ISL"": 0.106, ""CHE"": 0.104, ""FRA"": 0.0, ""BEL"": 0.0}",JPN,0.79,36.5,False,"{""treated_classes"": [], ""ambiguous"": [], ""unscreened"": [], ""paper2015"": [], ""asterisk"": [], ""non_oecd"": [], ""below_tur_libdem13"": [], ""libdem_missing"": []}",,0.25,drop,34.1,False,0.0
E_level_floor_band,S13-lvl25,C1+C3; +libdem_2013 ≥ 0.250,2,False,L1,off,True,,science,10,37.9,COL=0.78,2006 2009 2012,10.94,32.61,2.98,-20.8,31.3,21.4,48.8,20.2,0.182,0.909,2/11,10/11,"{""JPN"": 1.0, ""ISL"": 0.0, ""COL"": 0.0, ""CHE"": 0.0, ""LTU"": 0.0, ""FRA"": 0.0, ""BGR"": 0.0, ""EST"": 0.0, ""BEL"": 0.0, ""TWN"": 0.0}",JPN,1.0,11.4,True,"{""treated_classes"": [], ""ambiguous"": [], ""unscreened"": [], ""paper2015"": [], ""asterisk"": [], ""non_oecd"": [""BGR"", ""TWN""], ""below_tur_libdem13"": [], ""libdem_missing"": []}",,0.25,drop,48.8,False,0.0
E_level_floor_missing_kept,S13-lvl25+nan,C1+C3; +libdem_2013 ≥ 0.250; libdem yoksa kalır,2,False,L1,off,True,,math,5,31.6,JPN=1.00,2003 2006 2009 2012,9.44,33.91,3.59,-8.7,30.2,32.8,50.4,26.2,0.167,0.333,1/6,2/6,"{""CHE"": 0.726, ""JPN"": 0.274, ""BEL"": 0.0, ""FRA"": 0.0, ""ISL"": 0.0}",CHE,0.726,66.3,False,"{""treated_classes"": [], ""ambiguous"": [], ""unscreened"": [], ""paper2015"": [], ""asterisk"": [], ""non_oecd"": [], ""below_tur_libdem13"": [], ""libdem_missing"": []}",,0.25,keep,50.4,False,0.0
E_level_floor_missing_kept,S13-lvl25+nan,C1+C3; +libdem_2013 ≥ 0.250; libdem yoksa kalır,2,False,L1,off,True,,reading,5,53.3,FRA=0.78,2003 2006 2009 2012,2.61,24.53,9.41,-28.7,19.8,4.9,34.1,7.6,0.333,0.167,2/6,1/6,"{""JPN"": 0.79, ""ISL"": 0.106, ""CHE"": 0.104, ""FRA"": 0.0, ""BEL"": 0.0}",JPN,0.79,36.5,False,"{""treated_classes"": [], ""ambiguous"": [], ""unscreened"": [], ""paper2015"": [], ""asterisk"": [], ""non_oecd"": [], ""below_tur_libdem13"": [], ""libdem_missing"": []}",,0.25,keep,34.1,False,0.0
E_level_floor_missing_kept,S13-lvl25+nan,C1+C3; +libdem_2013 ≥ 0.250; libdem yoksa kalır,2,False,L1,off,True,,science,10,37.9,COL=0.78,2006 2009 2012,10.94,32.61,2.98,-20.8,31.3,21.4,48.8,20.2,0.182,0.909,2/11,10/11,"{""JPN"": 1.0, ""ISL"": 0.0, ""COL"": 0.0, ""CHE"": 0.0, ""LTU"": 0.0, ""FRA"": 0.0, ""BGR"": 0.0, ""EST"": 0.0, ""BEL"": 0.0, ""TWN"": 0.0}",JPN,1.0,11.4,True,"{""treated_classes"": [], ""ambiguous"": [], ""unscreened"": [], ""paper2015"": [], ""asterisk"": [], ""non_oecd"": [""BGR"", ""TWN""], ""below_tur_libdem13"": [], ""libdem_missing"": []}",,0.25,keep,48.8,False,0.0
E_level_floor,S13-lvl,C1+C3; +libdem_2013 ≥ 0.289,2,False,L1,off,True,,math,5,31.6,JPN=1.00,2003 2006 2009 2012,9.44,33.91,3.59,-8.7,30.2,32.8,50.4,26.2,0.167,0.333,1/6,2/6,"{""CHE"": 0.726, ""JPN"": 0.274, ""BEL"": 0.0, ""FRA"": 0.0, ""ISL"": 0.0}",CHE,0.726,66.3,False,"{""treated_classes"": [], ""ambiguous"": [], ""unscreened"": [], ""paper2015"": [], ""asterisk"": [], ""non_oecd"": [], ""below_tur_libdem13"": [], ""libdem_missing"": []}",,0.289,drop,50.4,False,0.0
E_level_floor,S13-lvl,C1+C3; +libdem_2013 ≥ 0.289,2,False,L1,off,True,,reading,5,53.3,FRA=0.78,2003 2006 2009 2012,2.61,24.53,9.41,-28.7,19.8,4.9,34.1,7.6,0.333,0.167,2/6,1/6,"{""JPN"": 0.79, ""ISL"": 0.106, ""CHE"": 0.104, ""FRA"": 0.0, ""BEL"": 0.0}",JPN,0.79,36.5,False,"{""treated_classes"": [], ""ambiguous"": [], ""unscreened"": [], ""paper2015"": [], ""asterisk"": [], ""non_oecd"": [], ""below_tur_libdem13"": [], ""libdem_missing"": []}",,0.289,drop,34.1,False,0.0
E_level_floor,S13-lvl,C1+C3; +libdem_2013 ≥ 0.289,2,False,L1,off,True,,science,10,37.9,COL=0.78,2006 2009 2012,10.94,32.61,2.98,-20.8,31.3,21.4,48.8,20.2,0.182,0.909,2/11,10/11,"{""JPN"": 1.0, ""ISL"": 0.0, ""COL"": 0.0, ""CHE"": 0.0, ""LTU"": 0.0, ""FRA"": 0.0, ""BGR"": 0.0, ""EST"": 0.0, ""BEL"": 0.0, ""TWN"": 0.0}",JPN,1.0,11.4,True,"{""treated_classes"": [], ""ambiguous"": [], ""unscreened"": [], ""paper2015"": [], ""asterisk"": [], ""non_oecd"": [""BGR"", ""TWN""], ""below_tur_libdem13"": [], ""libdem_missing"": []}",,0.289,drop,48.8,False,0.0
E_level_floor_missing_kept,S13-lvl289+nan,C1+C3; +libdem_2013 ≥ 0.289; libdem yoksa kalır,2,False,L1,off,True,,math,5,31.6,JPN=1.00,2003 2006 2009 2012,9.44,33.91,3.59,-8.7,30.2,32.8,50.4,26.2,0.167,0.333,1/6,2/6,"{""CHE"": 0.726, ""JPN"": 0.274, ""BEL"": 0.0, ""FRA"": 0.0, ""ISL"": 0.0}",CHE,0.726,66.3,False,"{""treated_classes"": [], ""ambiguous"": [], ""unscreened"": [], ""paper2015"": [], ""asterisk"": [], ""non_oecd"": [], ""below_tur_libdem13"": [], ""libdem_missing"": []}",,0.289,keep,50.4,False,0.0
E_level_floor_missing_kept,S13-lvl289+nan,C1+C3; +libdem_2013 ≥ 0.289; libdem yoksa kalır,2,False,L1,off,True,,reading,5,53.3,FRA=0.78,2003 2006 2009 2012,2.61,24.53,9.41,-28.7,19.8,4.9,34.1,7.6,0.333,0.167,2/6,1/6,"{""JPN"": 0.79, ""ISL"": 0.106, ""CHE"": 0.104, ""FRA"": 0.0, ""BEL"": 0.0}",JPN,0.79,36.5,False,"{""treated_classes"": [], ""ambiguous"": [], ""unscreened"": [], ""paper2015"": [], ""asterisk"": [], ""non_oecd"": [], ""below_tur_libdem13"": [], ""libdem_missing"": []}",,0.289,keep,34.1,False,0.0
E_level_floor_missing_kept,S13-lvl289+nan,C1+C3; +libdem_2013 ≥ 0.289; libdem yoksa kalır,2,False,L1,off,True,,science,10,37.9,COL=0.78,2006 2009 2012,10.94,32.61,2.98,-20.8,31.3,21.4,48.8,20.2,0.182,0.909,2/11,10/11,"{""JPN"": 1.0, ""ISL"": 0.0, ""COL"": 0.0, ""CHE"": 0.0, ""LTU"": 0.0, ""FRA"": 0.0, ""BGR"": 0.0, ""EST"": 0.0, ""BEL"": 0.0, ""TWN"": 0.0}",JPN,1.0,11.4,True,"{""treated_classes"": [], ""ambiguous"": [], ""unscreened"": [], ""paper2015"": [], ""asterisk"": [], ""non_oecd"": [""BGR"", ""TWN""], ""below_tur_libdem13"": [], ""libdem_missing"": []}",,0.289,keep,48.8,False,0.0
E_level_floor_band,S13-lvl35,C1+C3; +libdem_2013 ≥ 0.350,2,False,L1,off,True,,math,5,31.6,JPN=1.00,2003 2006 2009 2012,9.44,33.91,3.59,-8.7,30.2,32.8,50.4,26.2,0.167,0.333,1/6,2/6,"{""CHE"": 0.726, ""JPN"": 0.274, ""BEL"": 0.0, ""FRA"": 0.0, ""ISL"": 0.0}",CHE,0.726,66.3,False,"{""treated_classes"": [], ""ambiguous"": [], ""unscreened"": [], ""paper2015"": [], ""asterisk"": [], ""non_oecd"": [], ""below_tur_libdem13"": [], ""libdem_missing"": []}",,0.35,drop,50.4,False,0.0
E_level_floor_band,S13-lvl35,C1+C3; +libdem_2013 ≥ 0.350,2,False,L1,off,True,,reading,5,53.3,FRA=0.78,2003 2006 2009 2012,2.61,24.53,9.41,-28.7,19.8,4.9,34.1,7.6,0.333,0.167,2/6,1/6,"{""JPN"": 0.79, ""ISL"": 0.106, ""CHE"": 0.104, ""FRA"": 0.0, ""BEL"": 0.0}",JPN,0.79,36.5,False,"{""treated_classes"": [], ""ambiguous"": [], ""unscreened"": [], ""paper2015"": [], ""asterisk"": [], ""non_oecd"": [], ""below_tur_libdem13"": [], ""libdem_missing"": []}",,0.35,drop,34.1,False,0.0
E_level_floor_band,S13-lvl35,C1+C3; +libdem_2013 ≥ 0.350,2,False,L1,off,True,,science,10,37.9,COL=0.78,2006 2009 2012,10.94,32.61,2.98,-20.8,31.3,21.4,48.8,20.2,0.182,0.909,2/11,10/11,"{""JPN"": 1.0, ""ISL"": 0.0, ""COL"": 0.0, ""CHE"": 0.0, ""LTU"": 0.0, ""FRA"": 0.0, ""BGR"": 0.0, ""EST"": 0.0, ""BEL"": 0.0, ""TWN"": 0.0}",JPN,1.0,11.4,True,"{""treated_classes"": [], ""ambiguous"": [], ""unscreened"": [], ""paper2015"": [], ""asterisk"": [], ""non_oecd"": [""BGR"", ""TWN""], ""below_tur_libdem13"": [], ""libdem_missing"": []}",,0.35,drop,48.8,False,0.0
E_level_floor_missing_kept,S13-lvl35+nan,C1+C3; +libdem_2013 ≥ 0.350; libdem yoksa kalır,2,False,L1,off,True,,math,5,31.6,JPN=1.00,2003 2006 2009 2012,9.44,33.91,3.59,-8.7,30.2,32.8,50.4,26.2,0.167,0.333,1/6,2/6,"{""CHE"": 0.726, ""JPN"": 0.274, ""BEL"": 0.0, ""FRA"": 0.0, ""ISL"": 0.0}",CHE,0.726,66.3,False,"{""treated_classes"": [], ""ambiguous"": [], ""unscreened"": [], ""paper2015"": [], ""asterisk"": [], ""non_oecd"": [], ""below_tur_libdem13"": [], ""libdem_missing"": []}",,0.35,keep,50.4,False,0.0
E_level_floor_missing_kept,S13-lvl35+nan,C1+C3; +libdem_2013 ≥ 0.350; libdem yoksa kalır,2,False,L1,off,True,,reading,5,53.3,FRA=0.78,2003 2006 2009 2012,2.61,24.53,9.41,-28.7,19.8,4.9,34.1,7.6,0.333,0.167,2/6,1/6,"{""JPN"": 0.79, ""ISL"": 0.106, ""CHE"": 0.104, ""FRA"": 0.0, ""BEL"": 0.0}",JPN,0.79,36.5,False,"{""treated_classes"": [], ""ambiguous"": [], ""unscreened"": [], ""paper2015"": [], ""asterisk"": [], ""non_oecd"": [], ""below_tur_libdem13"": [], ""libdem_missing"": []}",,0.35,keep,34.1,False,0.0
E_level_floor_missing_kept,S13-lvl35+nan,C1+C3; +libdem_2013 ≥ 0.350; libdem yoksa kalır,2,False,L1,off,True,,science,10,37.9,COL=0.78,2006 2009 2012,10.94,32.61,2.98,-20.8,31.3,21.4,48.8,20.2,0.182,0.909,2/11,10/11,"{""JPN"": 1.0, ""ISL"": 0.0, ""COL"": 0.0, ""CHE"": 0.0, ""LTU"": 0.0, ""FRA"": 0.0, ""BGR"": 0.0, ""EST"": 0.0, ""BEL"": 0.0, ""TWN"": 0.0}",JPN,1.0,11.4,True,"{""treated_classes"": [], ""ambiguous"": [], ""unscreened"": [], ""paper2015"": [], ""asterisk"": [], ""non_oecd"": [""BGR"", ""TWN""], ""below_tur_libdem13"": [], ""libdem_missing"": []}",,0.35,keep,48.8,False,0.0
E_level_floor_band,S14-lvl20,C1+C4; +libdem_2013 ≥ 0.200,2,False,L1,on,False,,math,12,38.3,JPN=0.70,2003 2006 2009 2012,9.44,33.91,3.59,-8.7,30.2,32.8,50.4,26.2,0.077,0.769,1/13,10/13,"{""CHE"": 0.726, ""JPN"": 0.274, ""FRA"": 0.0, ""NOR"": 0.0, ""BEL"": 0.0, ""LVA"": 0.0, ""IRL"": 0.0, ""ISL"": 0.0, ""CAN"": 0.0, ""NZL"": 0.0, ""DNK"": 0.0, ""AUS"": 0.0}",CHE,0.726,51.5,False,"{""treated_classes"": [], ""ambiguous"": [], ""unscreened"": [], ""paper2015"": [], ""asterisk"": [""AUS:2022"", ""CAN:2022"", ""CAN:2025"", ""DNK:2022"", ""IRL:2022"", ""LVA:2022"", ""NOR:2025"", ""NZL:2022"", ""NZL:2025""], ""non_oecd"": [], ""below_tur_libdem13"": [], ""libdem_missing"": []}",yıldızlı ülke-döngü havuzda (AUS:2022 CAN:2022 CAN:2025 DNK:2022 IRL:2022 LVA:2022 NOR:2025 NZL:2022 NZL:2025),0.2,drop,50.4,False,0.0
E_level_floor_band,S14-lvl20,C1+C4; +libdem_2013 ≥ 0.200,2,False,L1,on,False,,reading,12,53.3,FRA=0.77,2003 2006 2009 2012,2.41,23.58,9.78,-31.4,15.2,-0.6,31.7,3.7,0.462,0.538,6/13,7/13,"{""JPN"": 0.783, ""DNK"": 0.198, ""ISL"": 0.019, ""NZL"": 0.0, ""CAN"": 0.0, ""CHE"": 0.0, ""AUS"": 0.0, ""BEL"": 0.0, ""FRA"": 0.0, ""IRL"": 0.0, ""LVA"": 0.0, ""NOR"": 0.0}",JPN,0.783,31.9,False,"{""treated_classes"": [], ""ambiguous"": [], ""unscreened"": [], ""paper2015"": [], ""asterisk"": [""AUS:2022"", ""CAN:2022"", ""CAN:2025"", ""DNK:2022"", ""IRL:2022"", ""LVA:2022"", ""NOR:2025"", ""NZL:2022"", ""NZL:2025""], ""non_oecd"": [], ""below_tur_libdem13"": [], ""libdem_missing"": []}",yıldızlı ülke-döngü havuzda (AUS:2022 CAN:2022 CAN:2025 DNK:2022 IRL:2022 LVA:2022 NOR:2025 NZL:2022 NZL:2025),0.2,drop,34.1,False,-2.4
E_level_floor_band,S14-lvl20,C1+C4; +libdem_2013 ≥ 0.200,2,False,L1,on,False,,science,17,34.1,COL=0.85,2006 2009 2012,10.94,32.61,2.98,-20.8,31.3,21.4,48.8,20.2,0.111,1.0,2/18,18/18,"{""JPN"": 1.0, ""ISL"": 0.0, ""NOR"": 0.0, ""COL"": 0.0, ""NZL"": 0.0, ""CHE"": 0.0, ""AUS"": 0.0, ""BGR"": 0.0, ""LVA"": 0.0, ""IRL"": 0.0, ""LTU"": 0.0, ""EST"": 0.0, ""FRA"": 0.0, ""DNK"": 0.0, ""BEL"": 0.0, ""CAN"": 0.0, ""TWN"": 0.0}",JPN,1.0,11.4,True,"{""treated_classes"": [], ""ambiguous"": [], ""unscreened"": [], ""paper2015"": [], ""asterisk"": [""AUS:2022"", ""CAN:2022"", ""CAN:2025"", ""DNK:2022"", ""IRL:2022"", ""LVA:2022"", ""NOR:2025"", ""NZL:2022"", ""NZL:2025""], ""non_oecd"": [""BGR"", ""TWN""], ""below_tur_libdem13"": [], ""libdem_missing"": []}",yıldızlı ülke-döngü havuzda (AUS:2022 CAN:2022 CAN:2025 DNK:2022 IRL:2022 LVA:2022 NOR:2025 NZL:2022 NZL:2025),0.2,drop,48.8,False,0.0
E_level_floor_missing_kept,S14-lvl20+nan,C1+C4; +libdem_2013 ≥ 0.200; libdem yoksa kalır,2,False,L1,on,False,,math,12,38.3,JPN=0.70,2003 2006 2009 2012,9.44,33.91,3.59,-8.7,30.2,32.8,50.4,26.2,0.077,0.769,1/13,10/13,"{""CHE"": 0.726, ""JPN"": 0.274, ""FRA"": 0.0, ""NOR"": 0.0, ""BEL"": 0.0, ""LVA"": 0.0, ""IRL"": 0.0, ""ISL"": 0.0, ""CAN"": 0.0, ""NZL"": 0.0, ""DNK"": 0.0, ""AUS"": 0.0}",CHE,0.726,51.5,False,"{""treated_classes"": [], ""ambiguous"": [], ""unscreened"": [], ""paper2015"": [], ""asterisk"": [""AUS:2022"", ""CAN:2022"", ""CAN:2025"", ""DNK:2022"", ""IRL:2022"", ""LVA:2022"", ""NOR:2025"", ""NZL:2022"", ""NZL:2025""], ""non_oecd"": [], ""below_tur_libdem13"": [], ""libdem_missing"": []}",yıldızlı ülke-döngü havuzda (AUS:2022 CAN:2022 CAN:2025 DNK:2022 IRL:2022 LVA:2022 NOR:2025 NZL:2022 NZL:2025),0.2,keep,50.4,False,0.0
E_level_floor_missing_kept,S14-lvl20+nan,C1+C4; +libdem_2013 ≥ 0.200; libdem yoksa kalır,2,False,L1,on,False,,reading,12,53.3,FRA=0.77,2003 2006 2009 2012,2.41,23.58,9.78,-31.4,15.2,-0.6,31.7,3.7,0.462,0.538,6/13,7/13,"{""JPN"": 0.783, ""DNK"": 0.198, ""ISL"": 0.019, ""NZL"": 0.0, ""CAN"": 0.0, ""CHE"": 0.0, ""AUS"": 0.0, ""BEL"": 0.0, ""FRA"": 0.0, ""IRL"": 0.0, ""LVA"": 0.0, ""NOR"": 0.0}",JPN,0.783,31.9,False,"{""treated_classes"": [], ""ambiguous"": [], ""unscreened"": [], ""paper2015"": [], ""asterisk"": [""AUS:2022"", ""CAN:2022"", ""CAN:2025"", ""DNK:2022"", ""IRL:2022"", ""LVA:2022"", ""NOR:2025"", ""NZL:2022"", ""NZL:2025""], ""non_oecd"": [], ""below_tur_libdem13"": [], ""libdem_missing"": []}",yıldızlı ülke-döngü havuzda (AUS:2022 CAN:2022 CAN:2025 DNK:2022 IRL:2022 LVA:2022 NOR:2025 NZL:2022 NZL:2025),0.2,keep,34.1,False,-2.4
E_level_floor_missing_kept,S14-lvl20+nan,C1+C4; +libdem_2013 ≥ 0.200; libdem yoksa kalır,2,False,L1,on,False,,science,17,34.1,COL=0.85,2006 2009 2012,10.94,32.61,2.98,-20.8,31.3,21.4,48.8,20.2,0.111,1.0,2/18,18/18,"{""JPN"": 1.0, ""ISL"": 0.0, ""NOR"": 0.0, ""COL"": 0.0, ""NZL"": 0.0, ""CHE"": 0.0, ""AUS"": 0.0, ""BGR"": 0.0, ""LVA"": 0.0, ""IRL"": 0.0, ""LTU"": 0.0, ""EST"": 0.0, ""FRA"": 0.0, ""DNK"": 0.0, ""BEL"": 0.0, ""CAN"": 0.0, ""TWN"": 0.0}",JPN,1.0,11.4,True,"{""treated_classes"": [], ""ambiguous"": [], ""unscreened"": [], ""paper2015"": [], ""asterisk"": [""AUS:2022"", ""CAN:2022"", ""CAN:2025"", ""DNK:2022"", ""IRL:2022"", ""LVA:2022"", ""NOR:2025"", ""NZL:2022"", ""NZL:2025""], ""non_oecd"": [""BGR"", ""TWN""], ""below_tur_libdem13"": [], ""libdem_missing"": []}",yıldızlı ülke-döngü havuzda (AUS:2022 CAN:2022 CAN:2025 DNK:2022 IRL:2022 LVA:2022 NOR:2025 NZL:2022 NZL:2025),0.2,keep,48.8,False,0.0
E_level_floor_band,S14-lvl25,C1+C4; +libdem_2013 ≥ 0.250,2,False,L1,on,False,,math,12,38.3,JPN=0.70,2003 2006 2009 2012,9.44,33.91,3.59,-8.7,30.2,32.8,50.4,26.2,0.077,0.769,1/13,10/13,"{""CHE"": 0.726, ""JPN"": 0.274, ""FRA"": 0.0, ""NOR"": 0.0, ""BEL"": 0.0, ""LVA"": 0.0, ""IRL"": 0.0, ""ISL"": 0.0, ""CAN"": 0.0, ""NZL"": 0.0, ""DNK"": 0.0, ""AUS"": 0.0}",CHE,0.726,51.5,False,"{""treated_classes"": [], ""ambiguous"": [], ""unscreened"": [], ""paper2015"": [], ""asterisk"": [""AUS:2022"", ""CAN:2022"", ""CAN:2025"", ""DNK:2022"", ""IRL:2022"", ""LVA:2022"", ""NOR:2025"", ""NZL:2022"", ""NZL:2025""], ""non_oecd"": [], ""below_tur_libdem13"": [], ""libdem_missing"": []}",yıldızlı ülke-döngü havuzda (AUS:2022 CAN:2022 CAN:2025 DNK:2022 IRL:2022 LVA:2022 NOR:2025 NZL:2022 NZL:2025),0.25,drop,50.4,False,0.0
E_level_floor_band,S14-lvl25,C1+C4; +libdem_2013 ≥ 0.250,2,False,L1,on,False,,reading,12,53.3,FRA=0.77,2003 2006 2009 2012,2.41,23.58,9.78,-31.4,15.2,-0.6,31.7,3.7,0.462,0.538,6/13,7/13,"{""JPN"": 0.783, ""DNK"": 0.198, ""ISL"": 0.019, ""NZL"": 0.0, ""CAN"": 0.0, ""CHE"": 0.0, ""AUS"": 0.0, ""BEL"": 0.0, ""FRA"": 0.0, ""IRL"": 0.0, ""LVA"": 0.0, ""NOR"": 0.0}",JPN,0.783,31.9,False,"{""treated_classes"": [], ""ambiguous"": [], ""unscreened"": [], ""paper2015"": [], ""asterisk"": [""AUS:2022"", ""CAN:2022"", ""CAN:2025"", ""DNK:2022"", ""IRL:2022"", ""LVA:2022"", ""NOR:2025"", ""NZL:2022"", ""NZL:2025""], ""non_oecd"": [], ""below_tur_libdem13"": [], ""libdem_missing"": []}",yıldızlı ülke-döngü havuzda (AUS:2022 CAN:2022 CAN:2025 DNK:2022 IRL:2022 LVA:2022 NOR:2025 NZL:2022 NZL:2025),0.25,drop,34.1,False,-2.4
E_level_floor_band,S14-lvl25,C1+C4; +libdem_2013 ≥ 0.250,2,False,L1,on,False,,science,17,34.1,COL=0.85,2006 2009 2012,10.94,32.61,2.98,-20.8,31.3,21.4,48.8,20.2,0.111,1.0,2/18,18/18,"{""JPN"": 1.0, ""ISL"": 0.0, ""NOR"": 0.0, ""COL"": 0.0, ""NZL"": 0.0, ""CHE"": 0.0, ""AUS"": 0.0, ""BGR"": 0.0, ""LVA"": 0.0, ""IRL"": 0.0, ""LTU"": 0.0, ""EST"": 0.0, ""FRA"": 0.0, ""DNK"": 0.0, ""BEL"": 0.0, ""CAN"": 0.0, ""TWN"": 0.0}",JPN,1.0,11.4,True,"{""treated_classes"": [], ""ambiguous"": [], ""unscreened"": [], ""paper2015"": [], ""asterisk"": [""AUS:2022"", ""CAN:2022"", ""CAN:2025"", ""DNK:2022"", ""IRL:2022"", ""LVA:2022"", ""NOR:2025"", ""NZL:2022"", ""NZL:2025""], ""non_oecd"": [""BGR"", ""TWN""], ""below_tur_libdem13"": [], ""libdem_missing"": []}",yıldızlı ülke-döngü havuzda (AUS:2022 CAN:2022 CAN:2025 DNK:2022 IRL:2022 LVA:2022 NOR:2025 NZL:2022 NZL:2025),0.25,drop,48.8,False,0.0
E_level_floor_missing_kept,S14-lvl25+nan,C1+C4; +libdem_2013 ≥ 0.250; libdem yoksa kalır,2,False,L1,on,False,,math,12,38.3,JPN=0.70,2003 2006 2009 2012,9.44,33.91,3.59,-8.7,30.2,32.8,50.4,26.2,0.077,0.769,1/13,10/13,"{""CHE"": 0.726, ""JPN"": 0.274, ""FRA"": 0.0, ""NOR"": 0.0, ""BEL"": 0.0, ""LVA"": 0.0, ""IRL"": 0.0, ""ISL"": 0.0, ""CAN"": 0.0, ""NZL"": 0.0, ""DNK"": 0.0, ""AUS"": 0.0}",CHE,0.726,51.5,False,"{""treated_classes"": [], ""ambiguous"": [], ""unscreened"": [], ""paper2015"": [], ""asterisk"": [""AUS:2022"", ""CAN:2022"", ""CAN:2025"", ""DNK:2022"", ""IRL:2022"", ""LVA:2022"", ""NOR:2025"", ""NZL:2022"", ""NZL:2025""], ""non_oecd"": [], ""below_tur_libdem13"": [], ""libdem_missing"": []}",yıldızlı ülke-döngü havuzda (AUS:2022 CAN:2022 CAN:2025 DNK:2022 IRL:2022 LVA:2022 NOR:2025 NZL:2022 NZL:2025),0.25,keep,50.4,False,0.0
E_level_floor_missing_kept,S14-lvl25+nan,C1+C4; +libdem_2013 ≥ 0.250; libdem yoksa kalır,2,False,L1,on,False,,reading,12,53.3,FRA=0.77,2003 2006 2009 2012,2.41,23.58,9.78,-31.4,15.2,-0.6,31.7,3.7,0.462,0.538,6/13,7/13,"{""JPN"": 0.783, ""DNK"": 0.198, ""ISL"": 0.019, ""NZL"": 0.0, ""CAN"": 0.0, ""CHE"": 0.0, ""AUS"": 0.0, ""BEL"": 0.0, ""FRA"": 0.0, ""IRL"": 0.0, ""LVA"": 0.0, ""NOR"": 0.0}",JPN,0.783,31.9,False,"{""treated_classes"": [], ""ambiguous"": [], ""unscreened"": [], ""paper2015"": [], ""asterisk"": [""AUS:2022"", ""CAN:2022"", ""CAN:2025"", ""DNK:2022"", ""IRL:2022"", ""LVA:2022"", ""NOR:2025"", ""NZL:2022"", ""NZL:2025""], ""non_oecd"": [], ""below_tur_libdem13"": [], ""libdem_missing"": []}",yıldızlı ülke-döngü havuzda (AUS:2022 CAN:2022 CAN:2025 DNK:2022 IRL:2022 LVA:2022 NOR:2025 NZL:2022 NZL:2025),0.25,keep,34.1,False,-2.4
E_level_floor_missing_kept,S14-lvl25+nan,C1+C4; +libdem_2013 ≥ 0.250; libdem yoksa kalır,2,False,L1,on,False,,science,17,34.1,COL=0.85,2006 2009 2012,10.94,32.61,2.98,-20.8,31.3,21.4,48.8,20.2,0.111,1.0,2/18,18/18,"{""JPN"": 1.0, ""ISL"": 0.0, ""NOR"": 0.0, ""COL"": 0.0, ""NZL"": 0.0, ""CHE"": 0.0, ""AUS"": 0.0, ""BGR"": 0.0, ""LVA"": 0.0, ""IRL"": 0.0, ""LTU"": 0.0, ""EST"": 0.0, ""FRA"": 0.0, ""DNK"": 0.0, ""BEL"": 0.0, ""CAN"": 0.0, ""TWN"": 0.0}",JPN,1.0,11.4,True,"{""treated_classes"": [], ""ambiguous"": [], ""unscreened"": [], ""paper2015"": [], ""asterisk"": [""AUS:2022"", ""CAN:2022"", ""CAN:2025"", ""DNK:2022"", ""IRL:2022"", ""LVA:2022"", ""NOR:2025"", ""NZL:2022"", ""NZL:2025""], ""non_oecd"": [""BGR"", ""TWN""], ""below_tur_libdem13"": [], ""libdem_missing"": []}",yıldızlı ülke-döngü havuzda (AUS:2022 CAN:2022 CAN:2025 DNK:2022 IRL:2022 LVA:2022 NOR:2025 NZL:2022 NZL:2025),0.25,keep,48.8,False,0.0
E_level_floor,S14-lvl,C1+C4; +libdem_2013 ≥ 0.289,2,False,L1,on,False,,math,12,38.3,JPN=0.70,2003 2006 2009 2012,9.44,33.91,3.59,-8.7,30.2,32.8,50.4,26.2,0.077,0.769,1/13,10/13,"{""CHE"": 0.726, ""JPN"": 0.274, ""FRA"": 0.0, ""NOR"": 0.0, ""BEL"": 0.0, ""LVA"": 0.0, ""IRL"": 0.0, ""ISL"": 0.0, ""CAN"": 0.0, ""NZL"": 0.0, ""DNK"": 0.0, ""AUS"": 0.0}",CHE,0.726,51.5,False,"{""treated_classes"": [], ""ambiguous"": [], ""unscreened"": [], ""paper2015"": [], ""asterisk"": [""AUS:2022"", ""CAN:2022"", ""CAN:2025"", ""DNK:2022"", ""IRL:2022"", ""LVA:2022"", ""NOR:2025"", ""NZL:2022"", ""NZL:2025""], ""non_oecd"": [], ""below_tur_libdem13"": [], ""libdem_missing"": []}",yıldızlı ülke-döngü havuzda (AUS:2022 CAN:2022 CAN:2025 DNK:2022 IRL:2022 LVA:2022 NOR:2025 NZL:2022 NZL:2025),0.289,drop,50.4,False,0.0
E_level_floor,S14-lvl,C1+C4; +libdem_2013 ≥ 0.289,2,False,L1,on,False,,reading,12,53.3,FRA=0.77,2003 2006 2009 2012,2.41,23.58,9.78,-31.4,15.2,-0.6,31.7,3.7,0.462,0.538,6/13,7/13,"{""JPN"": 0.783, ""DNK"": 0.198, ""ISL"": 0.019, ""NZL"": 0.0, ""CAN"": 0.0, ""CHE"": 0.0, ""AUS"": 0.0, ""BEL"": 0.0, ""FRA"": 0.0, ""IRL"": 0.0, ""LVA"": 0.0, ""NOR"": 0.0}",JPN,0.783,31.9,False,"{""treated_classes"": [], ""ambiguous"": [], ""unscreened"": [], ""paper2015"": [], ""asterisk"": [""AUS:2022"", ""CAN:2022"", ""CAN:2025"", ""DNK:2022"", ""IRL:2022"", ""LVA:2022"", ""NOR:2025"", ""NZL:2022"", ""NZL:2025""], ""non_oecd"": [], ""below_tur_libdem13"": [], ""libdem_missing"": []}",yıldızlı ülke-döngü havuzda (AUS:2022 CAN:2022 CAN:2025 DNK:2022 IRL:2022 LVA:2022 NOR:2025 NZL:2022 NZL:2025),0.289,drop,34.1,False,-2.4
E_level_floor,S14-lvl,C1+C4; +libdem_2013 ≥ 0.289,2,False,L1,on,False,,science,17,34.1,COL=0.85,2006 2009 2012,10.94,32.61,2.98,-20.8,31.3,21.4,48.8,20.2,0.111,1.0,2/18,18/18,"{""JPN"": 1.0, ""ISL"": 0.0, ""NOR"": 0.0, ""COL"": 0.0, ""NZL"": 0.0, ""CHE"": 0.0, ""AUS"": 0.0, ""BGR"": 0.0, ""LVA"": 0.0, ""IRL"": 0.0, ""LTU"": 0.0, ""EST"": 0.0, ""FRA"": 0.0, ""DNK"": 0.0, ""BEL"": 0.0, ""CAN"": 0.0, ""TWN"": 0.0}",JPN,1.0,11.4,True,"{""treated_classes"": [], ""ambiguous"": [], ""unscreened"": [], ""paper2015"": [], ""asterisk"": [""AUS:2022"", ""CAN:2022"", ""CAN:2025"", ""DNK:2022"", ""IRL:2022"", ""LVA:2022"", ""NOR:2025"", ""NZL:2022"", ""NZL:2025""], ""non_oecd"": [""BGR"", ""TWN""], ""below_tur_libdem13"": [], ""libdem_missing"": []}",yıldızlı ülke-döngü havuzda (AUS:2022 CAN:2022 CAN:2025 DNK:2022 IRL:2022 LVA:2022 NOR:2025 NZL:2022 NZL:2025),0.289,drop,48.8,False,0.0
E_level_floor_missing_kept,S14-lvl289+nan,C1+C4; +libdem_2013 ≥ 0.289; libdem yoksa kalır,2,False,L1,on,False,,math,12,38.3,JPN=0.70,2003 2006 2009 2012,9.44,33.91,3.59,-8.7,30.2,32.8,50.4,26.2,0.077,0.769,1/13,10/13,"{""CHE"": 0.726, ""JPN"": 0.274, ""FRA"": 0.0, ""NOR"": 0.0, ""BEL"": 0.0, ""LVA"": 0.0, ""IRL"": 0.0, ""ISL"": 0.0, ""CAN"": 0.0, ""NZL"": 0.0, ""DNK"": 0.0, ""AUS"": 0.0}",CHE,0.726,51.5,False,"{""treated_classes"": [], ""ambiguous"": [], ""unscreened"": [], ""paper2015"": [], ""asterisk"": [""AUS:2022"", ""CAN:2022"", ""CAN:2025"", ""DNK:2022"", ""IRL:2022"", ""LVA:2022"", ""NOR:2025"", ""NZL:2022"", ""NZL:2025""], ""non_oecd"": [], ""below_tur_libdem13"": [], ""libdem_missing"": []}",yıldızlı ülke-döngü havuzda (AUS:2022 CAN:2022 CAN:2025 DNK:2022 IRL:2022 LVA:2022 NOR:2025 NZL:2022 NZL:2025),0.289,keep,50.4,False,0.0
E_level_floor_missing_kept,S14-lvl289+nan,C1+C4; +libdem_2013 ≥ 0.289; libdem yoksa kalır,2,False,L1,on,False,,reading,12,53.3,FRA=0.77,2003 2006 2009 2012,2.41,23.58,9.78,-31.4,15.2,-0.6,31.7,3.7,0.462,0.538,6/13,7/13,"{""JPN"": 0.783, ""DNK"": 0.198, ""ISL"": 0.019, ""NZL"": 0.0, ""CAN"": 0.0, ""CHE"": 0.0, ""AUS"": 0.0, ""BEL"": 0.0, ""FRA"": 0.0, ""IRL"": 0.0, ""LVA"": 0.0, ""NOR"": 0.0}",JPN,0.783,31.9,False,"{""treated_classes"": [], ""ambiguous"": [], ""unscreened"": [], ""paper2015"": [], ""asterisk"": [""AUS:2022"", ""CAN:2022"", ""CAN:2025"", ""DNK:2022"", ""IRL:2022"", ""LVA:2022"", ""NOR:2025"", ""NZL:2022"", ""NZL:2025""], ""non_oecd"": [], ""below_tur_libdem13"": [], ""libdem_missing"": []}",yıldızlı ülke-döngü havuzda (AUS:2022 CAN:2022 CAN:2025 DNK:2022 IRL:2022 LVA:2022 NOR:2025 NZL:2022 NZL:2025),0.289,keep,34.1,False,-2.4
E_level_floor_missing_kept,S14-lvl289+nan,C1+C4; +libdem_2013 ≥ 0.289; libdem yoksa kalır,2,False,L1,on,False,,science,17,34.1,COL=0.85,2006 2009 2012,10.94,32.61,2.98,-20.8,31.3,21.4,48.8,20.2,0.111,1.0,2/18,18/18,"{""JPN"": 1.0, ""ISL"": 0.0, ""NOR"": 0.0, ""COL"": 0.0, ""NZL"": 0.0, ""CHE"": 0.0, ""AUS"": 0.0, ""BGR"": 0.0, ""LVA"": 0.0, ""IRL"": 0.0, ""LTU"": 0.0, ""EST"": 0.0, ""FRA"": 0.0, ""DNK"": 0.0, ""BEL"": 0.0, ""CAN"": 0.0, ""TWN"": 0.0}",JPN,1.0,11.4,True,"{""treated_classes"": [], ""ambiguous"": [], ""unscreened"": [], ""paper2015"": [], ""asterisk"": [""AUS:2022"", ""CAN:2022"", ""CAN:2025"", ""DNK:2022"", ""IRL:2022"", ""LVA:2022"", ""NOR:2025"", ""NZL:2022"", ""NZL:2025""], ""non_oecd"": [""BGR"", ""TWN""], ""below_tur_libdem13"": [], ""libdem_missing"": []}",yıldızlı ülke-döngü havuzda (AUS:2022 CAN:2022 CAN:2025 DNK:2022 IRL:2022 LVA:2022 NOR:2025 NZL:2022 NZL:2025),0.289,keep,48.8,False,0.0
E_level_floor_band,S14-lvl35,C1+C4; +libdem_2013 ≥ 0.350,2,False,L1,on,False,,math,12,38.3,JPN=0.70,2003 2006 2009 2012,9.44,33.91,3.59,-8.7,30.2,32.8,50.4,26.2,0.077,0.769,1/13,10/13,"{""CHE"": 0.726, ""JPN"": 0.274, ""FRA"": 0.0, ""NOR"": 0.0, ""BEL"": 0.0, ""LVA"": 0.0, ""IRL"": 0.0, ""ISL"": 0.0, ""CAN"": 0.0, ""NZL"": 0.0, ""DNK"": 0.0, ""AUS"": 0.0}",CHE,0.726,51.5,False,"{""treated_classes"": [], ""ambiguous"": [], ""unscreened"": [], ""paper2015"": [], ""asterisk"": [""AUS:2022"", ""CAN:2022"", ""CAN:2025"", ""DNK:2022"", ""IRL:2022"", ""LVA:2022"", ""NOR:2025"", ""NZL:2022"", ""NZL:2025""], ""non_oecd"": [], ""below_tur_libdem13"": [], ""libdem_missing"": []}",yıldızlı ülke-döngü havuzda (AUS:2022 CAN:2022 CAN:2025 DNK:2022 IRL:2022 LVA:2022 NOR:2025 NZL:2022 NZL:2025),0.35,drop,50.4,False,0.0
E_level_floor_band,S14-lvl35,C1+C4; +libdem_2013 ≥ 0.350,2,False,L1,on,False,,reading,12,53.3,FRA=0.77,2003 2006 2009 2012,2.41,23.58,9.78,-31.4,15.2,-0.6,31.7,3.7,0.462,0.538,6/13,7/13,"{""JPN"": 0.783, ""DNK"": 0.198, ""ISL"": 0.019, ""NZL"": 0.0, ""CAN"": 0.0, ""CHE"": 0.0, ""AUS"": 0.0, ""BEL"": 0.0, ""FRA"": 0.0, ""IRL"": 0.0, ""LVA"": 0.0, ""NOR"": 0.0}",JPN,0.783,31.9,False,"{""treated_classes"": [], ""ambiguous"": [], ""unscreened"": [], ""paper2015"": [], ""asterisk"": [""AUS:2022"", ""CAN:2022"", ""CAN:2025"", ""DNK:2022"", ""IRL:2022"", ""LVA:2022"", ""NOR:2025"", ""NZL:2022"", ""NZL:2025""], ""non_oecd"": [], ""below_tur_libdem13"": [], ""libdem_missing"": []}",yıldızlı ülke-döngü havuzda (AUS:2022 CAN:2022 CAN:2025 DNK:2022 IRL:2022 LVA:2022 NOR:2025 NZL:2022 NZL:2025),0.35,drop,34.1,False,-2.4
E_level_floor_band,S14-lvl35,C1+C4; +libdem_2013 ≥ 0.350,2,False,L1,on,False,,science,17,34.1,COL=0.85,2006 2009 2012,10.94,32.61,2.98,-20.8,31.3,21.4,48.8,20.2,0.111,1.0,2/18,18/18,"{""JPN"": 1.0, ""ISL"": 0.0, ""NOR"": 0.0, ""COL"": 0.0, ""NZL"": 0.0, ""CHE"": 0.0, ""AUS"": 0.0, ""BGR"": 0.0, ""LVA"": 0.0, ""IRL"": 0.0, ""LTU"": 0.0, ""EST"": 0.0, ""FRA"": 0.0, ""DNK"": 0.0, ""BEL"": 0.0, ""CAN"": 0.0, ""TWN"": 0.0}",JPN,1.0,11.4,True,"{""treated_classes"": [], ""ambiguous"": [], ""unscreened"": [], ""paper2015"": [], ""asterisk"": [""AUS:2022"", ""CAN:2022"", ""CAN:2025"", ""DNK:2022"", ""IRL:2022"", ""LVA:2022"", ""NOR:2025"", ""NZL:2022"", ""NZL:2025""], ""non_oecd"": [""BGR"", ""TWN""], ""below_tur_libdem13"": [], ""libdem_missing"": []}",yıldızlı ülke-döngü havuzda (AUS:2022 CAN:2022 CAN:2025 DNK:2022 IRL:2022 LVA:2022 NOR:2025 NZL:2022 NZL:2025),0.35,drop,48.8,False,0.0
E_level_floor_missing_kept,S14-lvl35+nan,C1+C4; +libdem_2013 ≥ 0.350; libdem yoksa kalır,2,False,L1,on,False,,math,12,38.3,JPN=0.70,2003 2006 2009 2012,9.44,33.91,3.59,-8.7,30.2,32.8,50.4,26.2,0.077,0.769,1/13,10/13,"{""CHE"": 0.726, ""JPN"": 0.274, ""FRA"": 0.0, ""NOR"": 0.0, ""BEL"": 0.0, ""LVA"": 0.0, ""IRL"": 0.0, ""ISL"": 0.0, ""CAN"": 0.0, ""NZL"": 0.0, ""DNK"": 0.0, ""AUS"": 0.0}",CHE,0.726,51.5,False,"{""treated_classes"": [], ""ambiguous"": [], ""unscreened"": [], ""paper2015"": [], ""asterisk"": [""AUS:2022"", ""CAN:2022"", ""CAN:2025"", ""DNK:2022"", ""IRL:2022"", ""LVA:2022"", ""NOR:2025"", ""NZL:2022"", ""NZL:2025""], ""non_oecd"": [], ""below_tur_libdem13"": [], ""libdem_missing"": []}",yıldızlı ülke-döngü havuzda (AUS:2022 CAN:2022 CAN:2025 DNK:2022 IRL:2022 LVA:2022 NOR:2025 NZL:2022 NZL:2025),0.35,keep,50.4,False,0.0
E_level_floor_missing_kept,S14-lvl35+nan,C1+C4; +libdem_2013 ≥ 0.350; libdem yoksa kalır,2,False,L1,on,False,,reading,12,53.3,FRA=0.77,2003 2006 2009 2012,2.41,23.58,9.78,-31.4,15.2,-0.6,31.7,3.7,0.462,0.538,6/13,7/13,"{""JPN"": 0.783, ""DNK"": 0.198, ""ISL"": 0.019, ""NZL"": 0.0, ""CAN"": 0.0, ""CHE"": 0.0, ""AUS"": 0.0, ""BEL"": 0.0, ""FRA"": 0.0, ""IRL"": 0.0, ""LVA"": 0.0, ""NOR"": 0.0}",JPN,0.783,31.9,False,"{""treated_classes"": [], ""ambiguous"": [], ""unscreened"": [], ""paper2015"": [], ""asterisk"": [""AUS:2022"", ""CAN:2022"", ""CAN:2025"", ""DNK:2022"", ""IRL:2022"", ""LVA:2022"", ""NOR:2025"", ""NZL:2022"", ""NZL:2025""], ""non_oecd"": [], ""below_tur_libdem13"": [], ""libdem_missing"": []}",yıldızlı ülke-döngü havuzda (AUS:2022 CAN:2022 CAN:2025 DNK:2022 IRL:2022 LVA:2022 NOR:2025 NZL:2022 NZL:2025),0.35,keep,34.1,False,-2.4
E_level_floor_missing_kept,S14-lvl35+nan,C1+C4; +libdem_2013 ≥ 0.350; libdem yoksa kalır,2,False,L1,on,False,,science,17,34.1,COL=0.85,2006 2009 2012,10.94,32.61,2.98,-20.8,31.3,21.4,48.8,20.2,0.111,1.0,2/18,18/18,"{""JPN"": 1.0, ""ISL"": 0.0, ""NOR"": 0.0, ""COL"": 0.0, ""NZL"": 0.0, ""CHE"": 0.0, ""AUS"": 0.0, ""BGR"": 0.0, ""LVA"": 0.0, ""IRL"": 0.0, ""LTU"": 0.0, ""EST"": 0.0, ""FRA"": 0.0, ""DNK"": 0.0, ""BEL"": 0.0, ""CAN"": 0.0, ""TWN"": 0.0}",JPN,1.0,11.4,True,"{""treated_classes"": [], ""ambiguous"": [], ""unscreened"": [], ""paper2015"": [], ""asterisk"": [""AUS:2022"", ""CAN:2022"", ""CAN:2025"", ""DNK:2022"", ""IRL:2022"", ""LVA:2022"", ""NOR:2025"", ""NZL:2022"", ""NZL:2025""], ""non_oecd"": [""BGR"", ""TWN""], ""below_tur_libdem13"": [], ""libdem_missing"": []}",yıldızlı ülke-döngü havuzda (AUS:2022 CAN:2022 CAN:2025 DNK:2022 IRL:2022 LVA:2022 NOR:2025 NZL:2022 NZL:2025),0.35,keep,48.8,False,0.0
E_level_floor_band,S123-lvl20,C1+C2+C3; +libdem_2013 ≥ 0.200,3,False,L3,off,True,,math,20,26.4,BRA=0.74,2003 2006 2009 2012,0.75,22.41,29.77,-26.5,6.8,18.7,30.1,7.3,0.286,0.381,6/21,8/21,"{""ITA"": 0.705, ""BRA"": 0.295, ""IDN"": 0.0, ""FIN"": 0.0, ""MEX"": 0.0, ""GRC"": 0.0, ""URY"": 0.0, ""CZE"": 0.0, ""KOR"": 0.0, ""POL"": 0.0, ""HUN"": 0.0, ""SWE"": 0.0, ""JPN"": 0.0, ""FRA"": 0.0, ""ISL"": 0.0, ""SVK"": 0.0, ""DEU"": 0.0, ""BEL"": 0.0, ""THA"": 0.0, ""CHE"": 0.0}",ITA,0.705,1.0,True,"{""treated_classes"": [""BRA"", ""CZE"", ""GRC"", ""HUN"", ""IDN"", ""ITA"", ""KOR"", ""MEX"", ""POL"", ""SVK"", ""THA""], ""ambiguous"": [""DEU"", ""FIN"", ""SWE"", ""URY""], ""unscreened"": [], ""paper2015"": [""IDN""], ""asterisk"": [], ""non_oecd"": [""BRA"", ""IDN"", ""THA"", ""URY""], ""below_tur_libdem13"": [], ""libdem_missing"": []}",kirlenme: tedavi/otokratikleşen sınıf donörde (11: BRA CZE GRC HUN IDN ITA KOR MEX POL SVK THA); 2015 kâğıt ülkeleri havuzda (IDN) — mod etkisi kontrol grubuna bulaşır; ambiguous sınıf (DEU FIN SWE URY),0.2,drop,50.4,False,-20.3
E_level_floor_band,S123-lvl20,C1+C2+C3; +libdem_2013 ≥ 0.200,3,False,L3,off,True,,reading,20,31.3,MEX=0.65,2003 2006 2009 2012,0.65,21.66,33.07,-33.2,11.8,-1.6,25.2,0.6,0.571,0.476,12/21,10/21,"{""JPN"": 0.579, ""MEX"": 0.369, ""POL"": 0.053, ""KOR"": 0.0, ""IDN"": 0.0, ""FIN"": 0.0, ""DEU"": 0.0, ""CHE"": 0.0, ""HUN"": 0.0, ""THA"": 0.0, ""BEL"": 0.0, ""BRA"": 0.0, ""CZE"": 0.0, ""FRA"": 0.0, ""GRC"": 0.0, ""ISL"": 0.0, ""ITA"": 0.0, ""SVK"": 0.0, ""SWE"": 0.0, ""URY"": 0.0}",JPN,0.579,1.5,True,"{""treated_classes"": [""BRA"", ""CZE"", ""GRC"", ""HUN"", ""IDN"", ""ITA"", ""KOR"", ""MEX"", ""POL"", ""SVK"", ""THA""], ""ambiguous"": [""DEU"", ""FIN"", ""SWE"", ""URY""], ""unscreened"": [], ""paper2015"": [""IDN""], ""asterisk"": [], ""non_oecd"": [""BRA"", ""IDN"", ""THA"", ""URY""], ""below_tur_libdem13"": [], ""libdem_missing"": []}",kirlenme: tedavi/otokratikleşen sınıf donörde (11: BRA CZE GRC HUN IDN ITA KOR MEX POL SVK THA); 2015 kâğıt ülkeleri havuzda (IDN) — mod etkisi kontrol grubuna bulaşır; ambiguous sınıf (DEU FIN SWE URY),0.2,drop,34.1,False,-8.9
E_level_floor_band,S123-lvl20,C1+C2+C3; +libdem_2013 ≥ 0.200,3,False,L3,off,True,,science,31,50.4,ITA=0.71,2006 2009 2012,7.95,38.32,4.82,-10.7,24.0,38.8,60.7,28.2,0.094,0.969,3/32,31/32,"{""POL"": 0.772, ""KOR"": 0.228, ""BRA"": 0.0, ""COL"": 0.0, ""ISL"": 0.0, ""SVK"": 0.0, ""ITA"": 0.0, ""CHL"": 0.0, ""MEX"": 0.0, ""CHE"": 0.0, ""URY"": 0.0, ""JPN"": 0.0, ""ROU"": 0.0, ""HUN"": 0.0, ""DEU"": 0.0, ""FRA"": 0.0, ""BGR"": 0.0, ""LTU"": 0.0, ""BEL"": 0.0, ""CZE"": 0.0, ""EST"": 0.0, ""FIN"": 0.0, ""GRC"": 0.0, ""HRV"": 0.0, ""IDN"": 0.0, ""ISR"": 0.0, ""MNE"": 0.0, ""SVN"": 0.0, ""SWE"": 0.0, ""THA"": 0.0, ""TWN"": 0.0}",POL,0.772,8.9,True,"{""treated_classes"": [""BRA"", ""CZE"", ""GRC"", ""HRV"", ""HUN"", ""IDN"", ""ITA"", ""KOR"", ""MEX"", ""MNE"", ""POL"", ""ROU"", ""SVK"", ""SVN"", ""THA""], ""ambiguous"": [""CHL"", ""DEU"", ""FIN"", ""ISR"", ""SWE"", ""URY""], ""unscreened"": [], ""paper2015"": [""IDN"", ""ROU""], ""asterisk"": [], ""non_oecd"": [""BGR"", ""BRA"", ""HRV"", ""IDN"", ""MNE"", ""ROU"", ""THA"", ""TWN"", ""URY""], ""below_tur_libdem13"": [], ""libdem_missing"": []}",kirlenme: tedavi/otokratikleşen sınıf donörde (15: BRA CZE GRC HRV HUN IDN ITA KOR MEX MNE POL ROU SVK SVN THA); 2015 kâğıt ülkeleri havuzda (IDN ROU) — mod etkisi kontrol grubuna bulaşır; ambiguous sınıf (CHL DEU FIN ISR SWE URY),0.2,drop,48.8,False,11.9
E_level_floor_missing_kept,S123-lvl20+nan,C1+C2+C3; +libdem_2013 ≥ 0.200; libdem yoksa kalır,3,False,L3,off,True,,math,21,26.4,BRA=0.74,2003 2006 2009 2012,0.75,22.41,29.77,-26.5,6.8,18.7,30.1,7.3,0.318,0.409,7/22,9/22,"{""ITA"": 0.705, ""BRA"": 0.295, ""IDN"": 0.0, ""FIN"": 0.0, ""GRC"": 0.0, ""KOR"": 0.0, ""MEX"": 0.0, ""URY"": 0.0, ""SVK"": 0.0, ""POL"": 0.0, ""THA"": 0.0, ""CZE"": 0.0, ""DEU"": 0.0, ""JPN"": 0.0, ""MAC"": 0.0, ""CHE"": 0.0, ""ISL"": 0.0, ""FRA"": 0.0, ""SWE"": 0.0, ""BEL"": 0.0, ""HUN"": 0.0}",ITA,0.705,47.7,True,"{""treated_classes"": [""BRA"", ""CZE"", ""GRC"", ""HUN"", ""IDN"", ""ITA"", ""KOR"", ""MEX"", ""POL"", ""SVK"", ""THA""], ""ambiguous"": [""DEU"", ""FIN"", ""SWE"", ""URY""], ""unscreened"": [""MAC""], ""paper2015"": [""IDN""], ""asterisk"": [], ""non_oecd"": [""BRA"", ""IDN"", ""MAC"", ""THA"", ""URY""], ""below_tur_libdem13"": [], ""libdem_missing"": [""MAC""]}",kirlenme: tedavi/otokratikleşen sınıf donörde (11: BRA CZE GRC HUN IDN ITA KOR MEX POL SVK THA); taramasız ülke (1); 2015 kâğıt ülkeleri havuzda (IDN) — mod etkisi kontrol grubuna bulaşır; ambiguous sınıf (DEU FIN SWE URY),0.2,keep,50.4,False,-20.3
E_level_floor_missing_kept,S123-lvl20+nan,C1+C2+C3; +libdem_2013 ≥ 0.200; libdem yoksa kalır,3,False,L3,off,True,,reading,21,31.3,MEX=0.65,2003 2006 2009 2012,0.65,21.66,33.07,-33.2,11.8,-1.6,25.2,0.6,0.409,0.545,9/22,12/22,"{""JPN"": 0.579, ""MEX"": 0.369, ""POL"": 0.053, ""KOR"": 0.0, ""IDN"": 0.0, ""FIN"": 0.0, ""DEU"": 0.0, ""CHE"": 0.0, ""HUN"": 0.0, ""BEL"": 0.0, ""BRA"": 0.0, ""CZE"": 0.0, ""FRA"": 0.0, ""GRC"": 0.0, ""ISL"": 0.0, ""ITA"": 0.0, ""MAC"": 0.0, ""SVK"": 0.0, ""SWE"": 0.0, ""THA"": 0.0, ""URY"": 0.0}",JPN,0.579,1.5,True,"{""treated_classes"": [""BRA"", ""CZE"", ""GRC"", ""HUN"", ""IDN"", ""ITA"", ""KOR"", ""MEX"", ""POL"", ""SVK"", ""THA""], ""ambiguous"": [""DEU"", ""FIN"", ""SWE"", ""URY""], ""unscreened"": [""MAC""], ""paper2015"": [""IDN""], ""asterisk"": [], ""non_oecd"": [""BRA"", ""IDN"", ""MAC"", ""THA"", ""URY""], ""below_tur_libdem13"": [], ""libdem_missing"": [""MAC""]}",kirlenme: tedavi/otokratikleşen sınıf donörde (11: BRA CZE GRC HUN IDN ITA KOR MEX POL SVK THA); taramasız ülke (1); 2015 kâğıt ülkeleri havuzda (IDN) — mod etkisi kontrol grubuna bulaşır; ambiguous sınıf (DEU FIN SWE URY),0.2,keep,34.1,False,-8.9
E_level_floor_missing_kept,S123-lvl20+nan,C1+C2+C3; +libdem_2013 ≥ 0.200; libdem yoksa kalır,3,False,L3,off,True,,science,32,50.4,ITA=0.71,2006 2009 2012,7.95,38.32,4.82,-10.7,24.0,38.8,60.7,28.2,0.121,0.97,4/33,32/33,"{""POL"": 0.772, ""KOR"": 0.228, ""BRA"": 0.0, ""COL"": 0.0, ""ISL"": 0.0, ""SVK"": 0.0, ""ITA"": 0.0, ""CHL"": 0.0, ""MEX"": 0.0, ""CHE"": 0.0, ""URY"": 0.0, ""JPN"": 0.0, ""ROU"": 0.0, ""HUN"": 0.0, ""DEU"": 0.0, ""FRA"": 0.0, ""BGR"": 0.0, ""LTU"": 0.0, ""BEL"": 0.0, ""CZE"": 0.0, ""EST"": 0.0, ""FIN"": 0.0, ""GRC"": 0.0, ""HRV"": 0.0, ""IDN"": 0.0, ""ISR"": 0.0, ""MAC"": 0.0, ""MNE"": 0.0, ""SVN"": 0.0, ""SWE"": 0.0, ""THA"": 0.0, ""TWN"": 0.0}",POL,0.772,34.9,True,"{""treated_classes"": [""BRA"", ""CZE"", ""GRC"", ""HRV"", ""HUN"", ""IDN"", ""ITA"", ""KOR"", ""MEX"", ""MNE"", ""POL"", ""ROU"", ""SVK"", ""SVN"", ""THA""], ""ambiguous"": [""CHL"", ""DEU"", ""FIN"", ""ISR"", ""SWE"", ""URY""], ""unscreened"": [""MAC""], ""paper2015"": [""IDN"", ""ROU""], ""asterisk"": [], ""non_oecd"": [""BGR"", ""BRA"", ""HRV"", ""IDN"", ""MAC"", ""MNE"", ""ROU"", ""THA"", ""TWN"", ""URY""], ""below_tur_libdem13"": [], ""libdem_missing"": [""MAC""]}",kirlenme: tedavi/otokratikleşen sınıf donörde (15: BRA CZE GRC HRV HUN IDN ITA KOR MEX MNE POL ROU SVK SVN THA); taramasız ülke (1); 2015 kâğıt ülkeleri havuzda (IDN ROU) — mod etkisi kontrol grubuna bulaşır; ambiguous sınıf (CHL DEU FIN ISR SWE URY),0.2,keep,48.8,False,11.9
E_level_floor_band,S123-lvl25,C1+C2+C3; +libdem_2013 ≥ 0.250,3,False,L3,off,True,,math,20,26.4,BRA=0.74,2003 2006 2009 2012,0.75,22.41,29.77,-26.5,6.8,18.7,30.1,7.3,0.286,0.381,6/21,8/21,"{""ITA"": 0.705, ""BRA"": 0.295, ""IDN"": 0.0, ""FIN"": 0.0, ""MEX"": 0.0, ""GRC"": 0.0, ""URY"": 0.0, ""CZE"": 0.0, ""KOR"": 0.0, ""POL"": 0.0, ""HUN"": 0.0, ""SWE"": 0.0, ""JPN"": 0.0, ""FRA"": 0.0, ""ISL"": 0.0, ""SVK"": 0.0, ""DEU"": 0.0, ""BEL"": 0.0, ""THA"": 0.0, ""CHE"": 0.0}",ITA,0.705,1.0,True,"{""treated_classes"": [""BRA"", ""CZE"", ""GRC"", ""HUN"", ""IDN"", ""ITA"", ""KOR"", ""MEX"", ""POL"", ""SVK"", ""THA""], ""ambiguous"": [""DEU"", ""FIN"", ""SWE"", ""URY""], ""unscreened"": [], ""paper2015"": [""IDN""], ""asterisk"": [], ""non_oecd"": [""BRA"", ""IDN"", ""THA"", ""URY""], ""below_tur_libdem13"": [], ""libdem_missing"": []}",kirlenme: tedavi/otokratikleşen sınıf donörde (11: BRA CZE GRC HUN IDN ITA KOR MEX POL SVK THA); 2015 kâğıt ülkeleri havuzda (IDN) — mod etkisi kontrol grubuna bulaşır; ambiguous sınıf (DEU FIN SWE URY),0.25,drop,50.4,False,-20.3
E_level_floor_band,S123-lvl25,C1+C2+C3; +libdem_2013 ≥ 0.250,3,False,L3,off,True,,reading,20,31.3,MEX=0.65,2003 2006 2009 2012,0.65,21.66,33.07,-33.2,11.8,-1.6,25.2,0.6,0.571,0.476,12/21,10/21,"{""JPN"": 0.579, ""MEX"": 0.369, ""POL"": 0.053, ""KOR"": 0.0, ""IDN"": 0.0, ""FIN"": 0.0, ""DEU"": 0.0, ""CHE"": 0.0, ""HUN"": 0.0, ""THA"": 0.0, ""BEL"": 0.0, ""BRA"": 0.0, ""CZE"": 0.0, ""FRA"": 0.0, ""GRC"": 0.0, ""ISL"": 0.0, ""ITA"": 0.0, ""SVK"": 0.0, ""SWE"": 0.0, ""URY"": 0.0}",JPN,0.579,1.5,True,"{""treated_classes"": [""BRA"", ""CZE"", ""GRC"", ""HUN"", ""IDN"", ""ITA"", ""KOR"", ""MEX"", ""POL"", ""SVK"", ""THA""], ""ambiguous"": [""DEU"", ""FIN"", ""SWE"", ""URY""], ""unscreened"": [], ""paper2015"": [""IDN""], ""asterisk"": [], ""non_oecd"": [""BRA"", ""IDN"", ""THA"", ""URY""], ""below_tur_libdem13"": [], ""libdem_missing"": []}",kirlenme: tedavi/otokratikleşen sınıf donörde (11: BRA CZE GRC HUN IDN ITA KOR MEX POL SVK THA); 2015 kâğıt ülkeleri havuzda (IDN) — mod etkisi kontrol grubuna bulaşır; ambiguous sınıf (DEU FIN SWE URY),0.25,drop,34.1,False,-8.9
E_level_floor_band,S123-lvl25,C1+C2+C3; +libdem_2013 ≥ 0.250,3,False,L3,off,True,,science,31,50.4,ITA=0.71,2006 2009 2012,7.95,38.32,4.82,-10.7,24.0,38.8,60.7,28.2,0.094,0.969,3/32,31/32,"{""POL"": 0.772, ""KOR"": 0.228, ""BRA"": 0.0, ""COL"": 0.0, ""ISL"": 0.0, ""SVK"": 0.0, ""ITA"": 0.0, ""CHL"": 0.0, ""MEX"": 0.0, ""CHE"": 0.0, ""URY"": 0.0, ""JPN"": 0.0, ""ROU"": 0.0, ""HUN"": 0.0, ""DEU"": 0.0, ""FRA"": 0.0, ""BGR"": 0.0, ""LTU"": 0.0, ""BEL"": 0.0, ""CZE"": 0.0, ""EST"": 0.0, ""FIN"": 0.0, ""GRC"": 0.0, ""HRV"": 0.0, ""IDN"": 0.0, ""ISR"": 0.0, ""MNE"": 0.0, ""SVN"": 0.0, ""SWE"": 0.0, ""THA"": 0.0, ""TWN"": 0.0}",POL,0.772,8.9,True,"{""treated_classes"": [""BRA"", ""CZE"", ""GRC"", ""HRV"", ""HUN"", ""IDN"", ""ITA"", ""KOR"", ""MEX"", ""MNE"", ""POL"", ""ROU"", ""SVK"", ""SVN"", ""THA""], ""ambiguous"": [""CHL"", ""DEU"", ""FIN"", ""ISR"", ""SWE"", ""URY""], ""unscreened"": [], ""paper2015"": [""IDN"", ""ROU""], ""asterisk"": [], ""non_oecd"": [""BGR"", ""BRA"", ""HRV"", ""IDN"", ""MNE"", ""ROU"", ""THA"", ""TWN"", ""URY""], ""below_tur_libdem13"": [], ""libdem_missing"": []}",kirlenme: tedavi/otokratikleşen sınıf donörde (15: BRA CZE GRC HRV HUN IDN ITA KOR MEX MNE POL ROU SVK SVN THA); 2015 kâğıt ülkeleri havuzda (IDN ROU) — mod etkisi kontrol grubuna bulaşır; ambiguous sınıf (CHL DEU FIN ISR SWE URY),0.25,drop,48.8,False,11.9
E_level_floor_missing_kept,S123-lvl25+nan,C1+C2+C3; +libdem_2013 ≥ 0.250; libdem yoksa kalır,3,False,L3,off,True,,math,21,26.4,BRA=0.74,2003 2006 2009 2012,0.75,22.41,29.77,-26.5,6.8,18.7,30.1,7.3,0.318,0.409,7/22,9/22,"{""ITA"": 0.705, ""BRA"": 0.295, ""IDN"": 0.0, ""FIN"": 0.0, ""GRC"": 0.0, ""KOR"": 0.0, ""MEX"": 0.0, ""URY"": 0.0, ""SVK"": 0.0, ""POL"": 0.0, ""THA"": 0.0, ""CZE"": 0.0, ""DEU"": 0.0, ""JPN"": 0.0, ""MAC"": 0.0, ""CHE"": 0.0, ""ISL"": 0.0, ""FRA"": 0.0, ""SWE"": 0.0, ""BEL"": 0.0, ""HUN"": 0.0}",ITA,0.705,47.7,True,"{""treated_classes"": [""BRA"", ""CZE"", ""GRC"", ""HUN"", ""IDN"", ""ITA"", ""KOR"", ""MEX"", ""POL"", ""SVK"", ""THA""], ""ambiguous"": [""DEU"", ""FIN"", ""SWE"", ""URY""], ""unscreened"": [""MAC""], ""paper2015"": [""IDN""], ""asterisk"": [], ""non_oecd"": [""BRA"", ""IDN"", ""MAC"", ""THA"", ""URY""], ""below_tur_libdem13"": [], ""libdem_missing"": [""MAC""]}",kirlenme: tedavi/otokratikleşen sınıf donörde (11: BRA CZE GRC HUN IDN ITA KOR MEX POL SVK THA); taramasız ülke (1); 2015 kâğıt ülkeleri havuzda (IDN) — mod etkisi kontrol grubuna bulaşır; ambiguous sınıf (DEU FIN SWE URY),0.25,keep,50.4,False,-20.3
E_level_floor_missing_kept,S123-lvl25+nan,C1+C2+C3; +libdem_2013 ≥ 0.250; libdem yoksa kalır,3,False,L3,off,True,,reading,21,31.3,MEX=0.65,2003 2006 2009 2012,0.65,21.66,33.07,-33.2,11.8,-1.6,25.2,0.6,0.409,0.545,9/22,12/22,"{""JPN"": 0.579, ""MEX"": 0.369, ""POL"": 0.053, ""KOR"": 0.0, ""IDN"": 0.0, ""FIN"": 0.0, ""DEU"": 0.0, ""CHE"": 0.0, ""HUN"": 0.0, ""BEL"": 0.0, ""BRA"": 0.0, ""CZE"": 0.0, ""FRA"": 0.0, ""GRC"": 0.0, ""ISL"": 0.0, ""ITA"": 0.0, ""MAC"": 0.0, ""SVK"": 0.0, ""SWE"": 0.0, ""THA"": 0.0, ""URY"": 0.0}",JPN,0.579,1.5,True,"{""treated_classes"": [""BRA"", ""CZE"", ""GRC"", ""HUN"", ""IDN"", ""ITA"", ""KOR"", ""MEX"", ""POL"", ""SVK"", ""THA""], ""ambiguous"": [""DEU"", ""FIN"", ""SWE"", ""URY""], ""unscreened"": [""MAC""], ""paper2015"": [""IDN""], ""asterisk"": [], ""non_oecd"": [""BRA"", ""IDN"", ""MAC"", ""THA"", ""URY""], ""below_tur_libdem13"": [], ""libdem_missing"": [""MAC""]}",kirlenme: tedavi/otokratikleşen sınıf donörde (11: BRA CZE GRC HUN IDN ITA KOR MEX POL SVK THA); taramasız ülke (1); 2015 kâğıt ülkeleri havuzda (IDN) — mod etkisi kontrol grubuna bulaşır; ambiguous sınıf (DEU FIN SWE URY),0.25,keep,34.1,False,-8.9
E_level_floor_missing_kept,S123-lvl25+nan,C1+C2+C3; +libdem_2013 ≥ 0.250; libdem yoksa kalır,3,False,L3,off,True,,science,32,50.4,ITA=0.71,2006 2009 2012,7.95,38.32,4.82,-10.7,24.0,38.8,60.7,28.2,0.121,0.97,4/33,32/33,"{""POL"": 0.772, ""KOR"": 0.228, ""BRA"": 0.0, ""COL"": 0.0, ""ISL"": 0.0, ""SVK"": 0.0, ""ITA"": 0.0, ""CHL"": 0.0, ""MEX"": 0.0, ""CHE"": 0.0, ""URY"": 0.0, ""JPN"": 0.0, ""ROU"": 0.0, ""HUN"": 0.0, ""DEU"": 0.0, ""FRA"": 0.0, ""BGR"": 0.0, ""LTU"": 0.0, ""BEL"": 0.0, ""CZE"": 0.0, ""EST"": 0.0, ""FIN"": 0.0, ""GRC"": 0.0, ""HRV"": 0.0, ""IDN"": 0.0, ""ISR"": 0.0, ""MAC"": 0.0, ""MNE"": 0.0, ""SVN"": 0.0, ""SWE"": 0.0, ""THA"": 0.0, ""TWN"": 0.0}",POL,0.772,34.9,True,"{""treated_classes"": [""BRA"", ""CZE"", ""GRC"", ""HRV"", ""HUN"", ""IDN"", ""ITA"", ""KOR"", ""MEX"", ""MNE"", ""POL"", ""ROU"", ""SVK"", ""SVN"", ""THA""], ""ambiguous"": [""CHL"", ""DEU"", ""FIN"", ""ISR"", ""SWE"", ""URY""], ""unscreened"": [""MAC""], ""paper2015"": [""IDN"", ""ROU""], ""asterisk"": [], ""non_oecd"": [""BGR"", ""BRA"", ""HRV"", ""IDN"", ""MAC"", ""MNE"", ""ROU"", ""THA"", ""TWN"", ""URY""], ""below_tur_libdem13"": [], ""libdem_missing"": [""MAC""]}",kirlenme: tedavi/otokratikleşen sınıf donörde (15: BRA CZE GRC HRV HUN IDN ITA KOR MEX MNE POL ROU SVK SVN THA); taramasız ülke (1); 2015 kâğıt ülkeleri havuzda (IDN ROU) — mod etkisi kontrol grubuna bulaşır; ambiguous sınıf (CHL DEU FIN ISR SWE URY),0.25,keep,48.8,False,11.9
E_level_floor,S123-lvl,C1+C2+C3; +libdem_2013 ≥ 0.289,3,False,L3,off,True,,math,20,26.4,BRA=0.74,2003 2006 2009 2012,0.75,22.41,29.77,-26.5,6.8,18.7,30.1,7.3,0.286,0.381,6/21,8/21,"{""ITA"": 0.705, ""BRA"": 0.295, ""IDN"": 0.0, ""FIN"": 0.0, ""MEX"": 0.0, ""GRC"": 0.0, ""URY"": 0.0, ""CZE"": 0.0, ""KOR"": 0.0, ""POL"": 0.0, ""HUN"": 0.0, ""SWE"": 0.0, ""JPN"": 0.0, ""FRA"": 0.0, ""ISL"": 0.0, ""SVK"": 0.0, ""DEU"": 0.0, ""BEL"": 0.0, ""THA"": 0.0, ""CHE"": 0.0}",ITA,0.705,1.0,True,"{""treated_classes"": [""BRA"", ""CZE"", ""GRC"", ""HUN"", ""IDN"", ""ITA"", ""KOR"", ""MEX"", ""POL"", ""SVK"", ""THA""], ""ambiguous"": [""DEU"", ""FIN"", ""SWE"", ""URY""], ""unscreened"": [], ""paper2015"": [""IDN""], ""asterisk"": [], ""non_oecd"": [""BRA"", ""IDN"", ""THA"", ""URY""], ""below_tur_libdem13"": [], ""libdem_missing"": []}",kirlenme: tedavi/otokratikleşen sınıf donörde (11: BRA CZE GRC HUN IDN ITA KOR MEX POL SVK THA); 2015 kâğıt ülkeleri havuzda (IDN) — mod etkisi kontrol grubuna bulaşır; ambiguous sınıf (DEU FIN SWE URY),0.289,drop,50.4,False,-20.3
E_level_floor,S123-lvl,C1+C2+C3; +libdem_2013 ≥ 0.289,3,False,L3,off,True,,reading,20,31.3,MEX=0.65,2003 2006 2009 2012,0.65,21.66,33.07,-33.2,11.8,-1.6,25.2,0.6,0.571,0.476,12/21,10/21,"{""JPN"": 0.579, ""MEX"": 0.369, ""POL"": 0.053, ""KOR"": 0.0, ""IDN"": 0.0, ""FIN"": 0.0, ""DEU"": 0.0, ""CHE"": 0.0, ""HUN"": 0.0, ""THA"": 0.0, ""BEL"": 0.0, ""BRA"": 0.0, ""CZE"": 0.0, ""FRA"": 0.0, ""GRC"": 0.0, ""ISL"": 0.0, ""ITA"": 0.0, ""SVK"": 0.0, ""SWE"": 0.0, ""URY"": 0.0}",JPN,0.579,1.5,True,"{""treated_classes"": [""BRA"", ""CZE"", ""GRC"", ""HUN"", ""IDN"", ""ITA"", ""KOR"", ""MEX"", ""POL"", ""SVK"", ""THA""], ""ambiguous"": [""DEU"", ""FIN"", ""SWE"", ""URY""], ""unscreened"": [], ""paper2015"": [""IDN""], ""asterisk"": [], ""non_oecd"": [""BRA"", ""IDN"", ""THA"", ""URY""], ""below_tur_libdem13"": [], ""libdem_missing"": []}",kirlenme: tedavi/otokratikleşen sınıf donörde (11: BRA CZE GRC HUN IDN ITA KOR MEX POL SVK THA); 2015 kâğıt ülkeleri havuzda (IDN) — mod etkisi kontrol grubuna bulaşır; ambiguous sınıf (DEU FIN SWE URY),0.289,drop,34.1,False,-8.9
E_level_floor,S123-lvl,C1+C2+C3; +libdem_2013 ≥ 0.289,3,False,L3,off,True,,science,31,50.4,ITA=0.71,2006 2009 2012,7.95,38.32,4.82,-10.7,24.0,38.8,60.7,28.2,0.094,0.969,3/32,31/32,"{""POL"": 0.772, ""KOR"": 0.228, ""BRA"": 0.0, ""COL"": 0.0, ""ISL"": 0.0, ""SVK"": 0.0, ""ITA"": 0.0, ""CHL"": 0.0, ""MEX"": 0.0, ""CHE"": 0.0, ""URY"": 0.0, ""JPN"": 0.0, ""ROU"": 0.0, ""HUN"": 0.0, ""DEU"": 0.0, ""FRA"": 0.0, ""BGR"": 0.0, ""LTU"": 0.0, ""BEL"": 0.0, ""CZE"": 0.0, ""EST"": 0.0, ""FIN"": 0.0, ""GRC"": 0.0, ""HRV"": 0.0, ""IDN"": 0.0, ""ISR"": 0.0, ""MNE"": 0.0, ""SVN"": 0.0, ""SWE"": 0.0, ""THA"": 0.0, ""TWN"": 0.0}",POL,0.772,8.9,True,"{""treated_classes"": [""BRA"", ""CZE"", ""GRC"", ""HRV"", ""HUN"", ""IDN"", ""ITA"", ""KOR"", ""MEX"", ""MNE"", ""POL"", ""ROU"", ""SVK"", ""SVN"", ""THA""], ""ambiguous"": [""CHL"", ""DEU"", ""FIN"", ""ISR"", ""SWE"", ""URY""], ""unscreened"": [], ""paper2015"": [""IDN"", ""ROU""], ""asterisk"": [], ""non_oecd"": [""BGR"", ""BRA"", ""HRV"", ""IDN"", ""MNE"", ""ROU"", ""THA"", ""TWN"", ""URY""], ""below_tur_libdem13"": [], ""libdem_missing"": []}",kirlenme: tedavi/otokratikleşen sınıf donörde (15: BRA CZE GRC HRV HUN IDN ITA KOR MEX MNE POL ROU SVK SVN THA); 2015 kâğıt ülkeleri havuzda (IDN ROU) — mod etkisi kontrol grubuna bulaşır; ambiguous sınıf (CHL DEU FIN ISR SWE URY),0.289,drop,48.8,False,11.9
E_level_floor_missing_kept,S123-lvl289+nan,C1+C2+C3; +libdem_2013 ≥ 0.289; libdem yoksa kalır,3,False,L3,off,True,,math,21,26.4,BRA=0.74,2003 2006 2009 2012,0.75,22.41,29.77,-26.5,6.8,18.7,30.1,7.3,0.318,0.409,7/22,9/22,"{""ITA"": 0.705, ""BRA"": 0.295, ""IDN"": 0.0, ""FIN"": 0.0, ""GRC"": 0.0, ""KOR"": 0.0, ""MEX"": 0.0, ""URY"": 0.0, ""SVK"": 0.0, ""POL"": 0.0, ""THA"": 0.0, ""CZE"": 0.0, ""DEU"": 0.0, ""JPN"": 0.0, ""MAC"": 0.0, ""CHE"": 0.0, ""ISL"": 0.0, ""FRA"": 0.0, ""SWE"": 0.0, ""BEL"": 0.0, ""HUN"": 0.0}",ITA,0.705,47.7,True,"{""treated_classes"": [""BRA"", ""CZE"", ""GRC"", ""HUN"", ""IDN"", ""ITA"", ""KOR"", ""MEX"", ""POL"", ""SVK"", ""THA""], ""ambiguous"": [""DEU"", ""FIN"", ""SWE"", ""URY""], ""unscreened"": [""MAC""], ""paper2015"": [""IDN""], ""asterisk"": [], ""non_oecd"": [""BRA"", ""IDN"", ""MAC"", ""THA"", ""URY""], ""below_tur_libdem13"": [], ""libdem_missing"": [""MAC""]}",kirlenme: tedavi/otokratikleşen sınıf donörde (11: BRA CZE GRC HUN IDN ITA KOR MEX POL SVK THA); taramasız ülke (1); 2015 kâğıt ülkeleri havuzda (IDN) — mod etkisi kontrol grubuna bulaşır; ambiguous sınıf (DEU FIN SWE URY),0.289,keep,50.4,False,-20.3
E_level_floor_missing_kept,S123-lvl289+nan,C1+C2+C3; +libdem_2013 ≥ 0.289; libdem yoksa kalır,3,False,L3,off,True,,reading,21,31.3,MEX=0.65,2003 2006 2009 2012,0.65,21.66,33.07,-33.2,11.8,-1.6,25.2,0.6,0.409,0.545,9/22,12/22,"{""JPN"": 0.579, ""MEX"": 0.369, ""POL"": 0.053, ""KOR"": 0.0, ""IDN"": 0.0, ""FIN"": 0.0, ""DEU"": 0.0, ""CHE"": 0.0, ""HUN"": 0.0, ""BEL"": 0.0, ""BRA"": 0.0, ""CZE"": 0.0, ""FRA"": 0.0, ""GRC"": 0.0, ""ISL"": 0.0, ""ITA"": 0.0, ""MAC"": 0.0, ""SVK"": 0.0, ""SWE"": 0.0, ""THA"": 0.0, ""URY"": 0.0}",JPN,0.579,1.5,True,"{""treated_classes"": [""BRA"", ""CZE"", ""GRC"", ""HUN"", ""IDN"", ""ITA"", ""KOR"", ""MEX"", ""POL"", ""SVK"", ""THA""], ""ambiguous"": [""DEU"", ""FIN"", ""SWE"", ""URY""], ""unscreened"": [""MAC""], ""paper2015"": [""IDN""], ""asterisk"": [], ""non_oecd"": [""BRA"", ""IDN"", ""MAC"", ""THA"", ""URY""], ""below_tur_libdem13"": [], ""libdem_missing"": [""MAC""]}",kirlenme: tedavi/otokratikleşen sınıf donörde (11: BRA CZE GRC HUN IDN ITA KOR MEX POL SVK THA); taramasız ülke (1); 2015 kâğıt ülkeleri havuzda (IDN) — mod etkisi kontrol grubuna bulaşır; ambiguous sınıf (DEU FIN SWE URY),0.289,keep,34.1,False,-8.9
E_level_floor_missing_kept,S123-lvl289+nan,C1+C2+C3; +libdem_2013 ≥ 0.289; libdem yoksa kalır,3,False,L3,off,True,,science,32,50.4,ITA=0.71,2006 2009 2012,7.95,38.32,4.82,-10.7,24.0,38.8,60.7,28.2,0.121,0.97,4/33,32/33,"{""POL"": 0.772, ""KOR"": 0.228, ""BRA"": 0.0, ""COL"": 0.0, ""ISL"": 0.0, ""SVK"": 0.0, ""ITA"": 0.0, ""CHL"": 0.0, ""MEX"": 0.0, ""CHE"": 0.0, ""URY"": 0.0, ""JPN"": 0.0, ""ROU"": 0.0, ""HUN"": 0.0, ""DEU"": 0.0, ""FRA"": 0.0, ""BGR"": 0.0, ""LTU"": 0.0, ""BEL"": 0.0, ""CZE"": 0.0, ""EST"": 0.0, ""FIN"": 0.0, ""GRC"": 0.0, ""HRV"": 0.0, ""IDN"": 0.0, ""ISR"": 0.0, ""MAC"": 0.0, ""MNE"": 0.0, ""SVN"": 0.0, ""SWE"": 0.0, ""THA"": 0.0, ""TWN"": 0.0}",POL,0.772,34.9,True,"{""treated_classes"": [""BRA"", ""CZE"", ""GRC"", ""HRV"", ""HUN"", ""IDN"", ""ITA"", ""KOR"", ""MEX"", ""MNE"", ""POL"", ""ROU"", ""SVK"", ""SVN"", ""THA""], ""ambiguous"": [""CHL"", ""DEU"", ""FIN"", ""ISR"", ""SWE"", ""URY""], ""unscreened"": [""MAC""], ""paper2015"": [""IDN"", ""ROU""], ""asterisk"": [], ""non_oecd"": [""BGR"", ""BRA"", ""HRV"", ""IDN"", ""MAC"", ""MNE"", ""ROU"", ""THA"", ""TWN"", ""URY""], ""below_tur_libdem13"": [], ""libdem_missing"": [""MAC""]}",kirlenme: tedavi/otokratikleşen sınıf donörde (15: BRA CZE GRC HRV HUN IDN ITA KOR MEX MNE POL ROU SVK SVN THA); taramasız ülke (1); 2015 kâğıt ülkeleri havuzda (IDN ROU) — mod etkisi kontrol grubuna bulaşır; ambiguous sınıf (CHL DEU FIN ISR SWE URY),0.289,keep,48.8,False,11.9
E_level_floor_band,S123-lvl35,C1+C2+C3; +libdem_2013 ≥ 0.350,3,False,L3,off,True,,math,20,26.4,BRA=0.74,2003 2006 2009 2012,0.75,22.41,29.77,-26.5,6.8,18.7,30.1,7.3,0.286,0.381,6/21,8/21,"{""ITA"": 0.705, ""BRA"": 0.295, ""IDN"": 0.0, ""FIN"": 0.0, ""MEX"": 0.0, ""GRC"": 0.0, ""URY"": 0.0, ""CZE"": 0.0, ""KOR"": 0.0, ""POL"": 0.0, ""HUN"": 0.0, ""SWE"": 0.0, ""JPN"": 0.0, ""FRA"": 0.0, ""ISL"": 0.0, ""SVK"": 0.0, ""DEU"": 0.0, ""BEL"": 0.0, ""THA"": 0.0, ""CHE"": 0.0}",ITA,0.705,1.0,True,"{""treated_classes"": [""BRA"", ""CZE"", ""GRC"", ""HUN"", ""IDN"", ""ITA"", ""KOR"", ""MEX"", ""POL"", ""SVK"", ""THA""], ""ambiguous"": [""DEU"", ""FIN"", ""SWE"", ""URY""], ""unscreened"": [], ""paper2015"": [""IDN""], ""asterisk"": [], ""non_oecd"": [""BRA"", ""IDN"", ""THA"", ""URY""], ""below_tur_libdem13"": [], ""libdem_missing"": []}",kirlenme: tedavi/otokratikleşen sınıf donörde (11: BRA CZE GRC HUN IDN ITA KOR MEX POL SVK THA); 2015 kâğıt ülkeleri havuzda (IDN) — mod etkisi kontrol grubuna bulaşır; ambiguous sınıf (DEU FIN SWE URY),0.35,drop,50.4,False,-20.3
E_level_floor_band,S123-lvl35,C1+C2+C3; +libdem_2013 ≥ 0.350,3,False,L3,off,True,,reading,20,31.3,MEX=0.65,2003 2006 2009 2012,0.65,21.66,33.07,-33.2,11.8,-1.6,25.2,0.6,0.571,0.476,12/21,10/21,"{""JPN"": 0.579, ""MEX"": 0.369, ""POL"": 0.053, ""KOR"": 0.0, ""IDN"": 0.0, ""FIN"": 0.0, ""DEU"": 0.0, ""CHE"": 0.0, ""HUN"": 0.0, ""THA"": 0.0, ""BEL"": 0.0, ""BRA"": 0.0, ""CZE"": 0.0, ""FRA"": 0.0, ""GRC"": 0.0, ""ISL"": 0.0, ""ITA"": 0.0, ""SVK"": 0.0, ""SWE"": 0.0, ""URY"": 0.0}",JPN,0.579,1.5,True,"{""treated_classes"": [""BRA"", ""CZE"", ""GRC"", ""HUN"", ""IDN"", ""ITA"", ""KOR"", ""MEX"", ""POL"", ""SVK"", ""THA""], ""ambiguous"": [""DEU"", ""FIN"", ""SWE"", ""URY""], ""unscreened"": [], ""paper2015"": [""IDN""], ""asterisk"": [], ""non_oecd"": [""BRA"", ""IDN"", ""THA"", ""URY""], ""below_tur_libdem13"": [], ""libdem_missing"": []}",kirlenme: tedavi/otokratikleşen sınıf donörde (11: BRA CZE GRC HUN IDN ITA KOR MEX POL SVK THA); 2015 kâğıt ülkeleri havuzda (IDN) — mod etkisi kontrol grubuna bulaşır; ambiguous sınıf (DEU FIN SWE URY),0.35,drop,34.1,False,-8.9
E_level_floor_band,S123-lvl35,C1+C2+C3; +libdem_2013 ≥ 0.350,3,False,L3,off,True,,science,31,50.4,ITA=0.71,2006 2009 2012,7.95,38.32,4.82,-10.7,24.0,38.8,60.7,28.2,0.094,0.969,3/32,31/32,"{""POL"": 0.772, ""KOR"": 0.228, ""BRA"": 0.0, ""COL"": 0.0, ""ISL"": 0.0, ""SVK"": 0.0, ""ITA"": 0.0, ""CHL"": 0.0, ""MEX"": 0.0, ""CHE"": 0.0, ""URY"": 0.0, ""JPN"": 0.0, ""ROU"": 0.0, ""HUN"": 0.0, ""DEU"": 0.0, ""FRA"": 0.0, ""BGR"": 0.0, ""LTU"": 0.0, ""BEL"": 0.0, ""CZE"": 0.0, ""EST"": 0.0, ""FIN"": 0.0, ""GRC"": 0.0, ""HRV"": 0.0, ""IDN"": 0.0, ""ISR"": 0.0, ""MNE"": 0.0, ""SVN"": 0.0, ""SWE"": 0.0, ""THA"": 0.0, ""TWN"": 0.0}",POL,0.772,8.9,True,"{""treated_classes"": [""BRA"", ""CZE"", ""GRC"", ""HRV"", ""HUN"", ""IDN"", ""ITA"", ""KOR"", ""MEX"", ""MNE"", ""POL"", ""ROU"", ""SVK"", ""SVN"", ""THA""], ""ambiguous"": [""CHL"", ""DEU"", ""FIN"", ""ISR"", ""SWE"", ""URY""], ""unscreened"": [], ""paper2015"": [""IDN"", ""ROU""], ""asterisk"": [], ""non_oecd"": [""BGR"", ""BRA"", ""HRV"", ""IDN"", ""MNE"", ""ROU"", ""THA"", ""TWN"", ""URY""], ""below_tur_libdem13"": [], ""libdem_missing"": []}",kirlenme: tedavi/otokratikleşen sınıf donörde (15: BRA CZE GRC HRV HUN IDN ITA KOR MEX MNE POL ROU SVK SVN THA); 2015 kâğıt ülkeleri havuzda (IDN ROU) — mod etkisi kontrol grubuna bulaşır; ambiguous sınıf (CHL DEU FIN ISR SWE URY),0.35,drop,48.8,False,11.9
E_level_floor_missing_kept,S123-lvl35+nan,C1+C2+C3; +libdem_2013 ≥ 0.350; libdem yoksa kalır,3,False,L3,off,True,,math,21,26.4,BRA=0.74,2003 2006 2009 2012,0.75,22.41,29.77,-26.5,6.8,18.7,30.1,7.3,0.318,0.409,7/22,9/22,"{""ITA"": 0.705, ""BRA"": 0.295, ""IDN"": 0.0, ""FIN"": 0.0, ""GRC"": 0.0, ""KOR"": 0.0, ""MEX"": 0.0, ""URY"": 0.0, ""SVK"": 0.0, ""POL"": 0.0, ""THA"": 0.0, ""CZE"": 0.0, ""DEU"": 0.0, ""JPN"": 0.0, ""MAC"": 0.0, ""CHE"": 0.0, ""ISL"": 0.0, ""FRA"": 0.0, ""SWE"": 0.0, ""BEL"": 0.0, ""HUN"": 0.0}",ITA,0.705,47.7,True,"{""treated_classes"": [""BRA"", ""CZE"", ""GRC"", ""HUN"", ""IDN"", ""ITA"", ""KOR"", ""MEX"", ""POL"", ""SVK"", ""THA""], ""ambiguous"": [""DEU"", ""FIN"", ""SWE"", ""URY""], ""unscreened"": [""MAC""], ""paper2015"": [""IDN""], ""asterisk"": [], ""non_oecd"": [""BRA"", ""IDN"", ""MAC"", ""THA"", ""URY""], ""below_tur_libdem13"": [], ""libdem_missing"": [""MAC""]}",kirlenme: tedavi/otokratikleşen sınıf donörde (11: BRA CZE GRC HUN IDN ITA KOR MEX POL SVK THA); taramasız ülke (1); 2015 kâğıt ülkeleri havuzda (IDN) — mod etkisi kontrol grubuna bulaşır; ambiguous sınıf (DEU FIN SWE URY),0.35,keep,50.4,False,-20.3
E_level_floor_missing_kept,S123-lvl35+nan,C1+C2+C3; +libdem_2013 ≥ 0.350; libdem yoksa kalır,3,False,L3,off,True,,reading,21,31.3,MEX=0.65,2003 2006 2009 2012,0.65,21.66,33.07,-33.2,11.8,-1.6,25.2,0.6,0.409,0.545,9/22,12/22,"{""JPN"": 0.579, ""MEX"": 0.369, ""POL"": 0.053, ""KOR"": 0.0, ""IDN"": 0.0, ""FIN"": 0.0, ""DEU"": 0.0, ""CHE"": 0.0, ""HUN"": 0.0, ""BEL"": 0.0, ""BRA"": 0.0, ""CZE"": 0.0, ""FRA"": 0.0, ""GRC"": 0.0, ""ISL"": 0.0, ""ITA"": 0.0, ""MAC"": 0.0, ""SVK"": 0.0, ""SWE"": 0.0, ""THA"": 0.0, ""URY"": 0.0}",JPN,0.579,1.5,True,"{""treated_classes"": [""BRA"", ""CZE"", ""GRC"", ""HUN"", ""IDN"", ""ITA"", ""KOR"", ""MEX"", ""POL"", ""SVK"", ""THA""], ""ambiguous"": [""DEU"", ""FIN"", ""SWE"", ""URY""], ""unscreened"": [""MAC""], ""paper2015"": [""IDN""], ""asterisk"": [], ""non_oecd"": [""BRA"", ""IDN"", ""MAC"", ""THA"", ""URY""], ""below_tur_libdem13"": [], ""libdem_missing"": [""MAC""]}",kirlenme: tedavi/otokratikleşen sınıf donörde (11: BRA CZE GRC HUN IDN ITA KOR MEX POL SVK THA); taramasız ülke (1); 2015 kâğıt ülkeleri havuzda (IDN) — mod etkisi kontrol grubuna bulaşır; ambiguous sınıf (DEU FIN SWE URY),0.35,keep,34.1,False,-8.9
E_level_floor_missing_kept,S123-lvl35+nan,C1+C2+C3; +libdem_2013 ≥ 0.350; libdem yoksa kalır,3,False,L3,off,True,,science,32,50.4,ITA=0.71,2006 2009 2012,7.95,38.32,4.82,-10.7,24.0,38.8,60.7,28.2,0.121,0.97,4/33,32/33,"{""POL"": 0.772, ""KOR"": 0.228, ""BRA"": 0.0, ""COL"": 0.0, ""ISL"": 0.0, ""SVK"": 0.0, ""ITA"": 0.0, ""CHL"": 0.0, ""MEX"": 0.0, ""CHE"": 0.0, ""URY"": 0.0, ""JPN"": 0.0, ""ROU"": 0.0, ""HUN"": 0.0, ""DEU"": 0.0, ""FRA"": 0.0, ""BGR"": 0.0, ""LTU"": 0.0, ""BEL"": 0.0, ""CZE"": 0.0, ""EST"": 0.0, ""FIN"": 0.0, ""GRC"": 0.0, ""HRV"": 0.0, ""IDN"": 0.0, ""ISR"": 0.0, ""MAC"": 0.0, ""MNE"": 0.0, ""SVN"": 0.0, ""SWE"": 0.0, ""THA"": 0.0, ""TWN"": 0.0}",POL,0.772,34.9,True,"{""treated_classes"": [""BRA"", ""CZE"", ""GRC"", ""HRV"", ""HUN"", ""IDN"", ""ITA"", ""KOR"", ""MEX"", ""MNE"", ""POL"", ""ROU"", ""SVK"", ""SVN"", ""THA""], ""ambiguous"": [""CHL"", ""DEU"", ""FIN"", ""ISR"", ""SWE"", ""URY""], ""unscreened"": [""MAC""], ""paper2015"": [""IDN"", ""ROU""], ""asterisk"": [], ""non_oecd"": [""BGR"", ""BRA"", ""HRV"", ""IDN"", ""MAC"", ""MNE"", ""ROU"", ""THA"", ""TWN"", ""URY""], ""below_tur_libdem13"": [], ""libdem_missing"": [""MAC""]}",kirlenme: tedavi/otokratikleşen sınıf donörde (15: BRA CZE GRC HRV HUN IDN ITA KOR MEX MNE POL ROU SVK SVN THA); taramasız ülke (1); 2015 kâğıt ülkeleri havuzda (IDN ROU) — mod etkisi kontrol grubuna bulaşır; ambiguous sınıf (CHL DEU FIN ISR SWE URY),0.35,keep,48.8,False,11.9
E_level_floor_band,S124-lvl20,C1+C2+C4; +libdem_2013 ≥ 0.200,3,False,L3,on,False,,math,30,40.8,PRT=0.86,2003 2006 2009 2012,0.75,22.41,29.77,-26.5,6.8,18.7,30.1,7.3,0.194,0.516,6/31,16/31,"{""ITA"": 0.705, ""BRA"": 0.295, ""FIN"": 0.0, ""GRC"": 0.0, ""MEX"": 0.0, ""IRL"": 0.0, ""URY"": 0.0, ""DNK"": 0.0, ""CZE"": 0.0, ""NZL"": 0.0, ""KOR"": 0.0, ""LVA"": 0.0, ""HUN"": 0.0, ""SWE"": 0.0, ""AUS"": 0.0, ""POL"": 0.0, ""CHE"": 0.0, ""USA"": 0.0, ""PRT"": 0.0, ""JPN"": 0.0, ""FRA"": 0.0, ""NOR"": 0.0, ""HKG"": 0.0, ""DEU"": 0.0, ""ISL"": 0.0, ""SVK"": 0.0, ""BEL"": 0.0, ""CAN"": 0.0, ""THA"": 0.0, ""NLD"": 0.0}",ITA,0.705,1.0,True,"{""treated_classes"": [""BRA"", ""CZE"", ""GRC"", ""HKG"", ""HUN"", ""ITA"", ""KOR"", ""MEX"", ""POL"", ""SVK"", ""THA"", ""USA""], ""ambiguous"": [""DEU"", ""FIN"", ""NLD"", ""PRT"", ""SWE"", ""URY""], ""unscreened"": [], ""paper2015"": [], ""asterisk"": [""AUS:2022"", ""CAN:2022"", ""CAN:2025"", ""DNK:2022"", ""HKG:2018"", ""HKG:2022"", ""IRL:2022"", ""LVA:2022"", ""NLD:2018"", ""NLD:2022"", ""NLD:2025"", ""NOR:2025"", ""NZL:2022"", ""NZL:2025"", ""PRT:2018"", ""USA:2018"", ""USA:2022"", ""USA:2025""], ""non_oecd"": [""BRA"", ""HKG"", ""THA"", ""URY""], ""below_tur_libdem13"": [], ""libdem_missing"": []}",kirlenme: tedavi/otokratikleşen sınıf donörde (12: BRA CZE GRC HKG HUN ITA KOR MEX POL SVK THA USA); yıldızlı ülke-döngü havuzda (AUS:2022 CAN:2022 CAN:2025 DNK:2022 HKG:2018 HKG:2022 IRL:2022 LVA:2022 NLD:2018 NLD:2022 NLD:2025 NOR:2025 NZL:2022 NZL:2025 PRT:2018 USA:2018 USA:2022 USA:2025); ambiguous sınıf (DEU FIN NLD PRT SWE URY),0.2,drop,50.4,False,-20.3
E_level_floor_band,S124-lvl20,C1+C2+C4; +libdem_2013 ≥ 0.200,3,False,L3,on,False,,reading,29,33.1,MEX=0.61,2003 2006 2009 2012,0.04,22.69,628.15,-32.2,13.3,1.0,29.1,2.8,0.433,0.6,13/30,18/30,"{""JPN"": 0.583, ""MEX"": 0.308, ""HKG"": 0.109, ""CAN"": 0.0, ""ITA"": 0.0, ""LVA"": 0.0, ""CZE"": 0.0, ""IRL"": 0.0, ""NZL"": 0.0, ""URY"": 0.0, ""POL"": 0.0, ""BRA"": 0.0, ""NOR"": 0.0, ""ISL"": 0.0, ""CHE"": 0.0, ""AUS"": 0.0, ""BEL"": 0.0, ""DEU"": 0.0, ""DNK"": 0.0, ""FIN"": 0.0, ""FRA"": 0.0, ""GRC"": 0.0, ""HUN"": 0.0, ""KOR"": 0.0, ""NLD"": 0.0, ""PRT"": 0.0, ""SVK"": 0.0, ""SWE"": 0.0, ""THA"": 0.0}",JPN,0.583,1.5,True,"{""treated_classes"": [""BRA"", ""CZE"", ""GRC"", ""HKG"", ""HUN"", ""ITA"", ""KOR"", ""MEX"", ""POL"", ""SVK"", ""THA""], ""ambiguous"": [""DEU"", ""FIN"", ""NLD"", ""PRT"", ""SWE"", ""URY""], ""unscreened"": [], ""paper2015"": [], ""asterisk"": [""AUS:2022"", ""CAN:2022"", ""CAN:2025"", ""DNK:2022"", ""HKG:2018"", ""HKG:2022"", ""IRL:2022"", ""LVA:2022"", ""NLD:2018"", ""NLD:2022"", ""NLD:2025"", ""NOR:2025"", ""NZL:2022"", ""NZL:2025"", ""PRT:2018""], ""non_oecd"": [""BRA"", ""HKG"", ""THA"", ""URY""], ""below_tur_libdem13"": [], ""libdem_missing"": []}",kirlenme: tedavi/otokratikleşen sınıf donörde (11: BRA CZE GRC HKG HUN ITA KOR MEX POL SVK THA); yıldızlı ülke-döngü havuzda (AUS:2022 CAN:2022 CAN:2025 DNK:2022 HKG:2018 HKG:2022 IRL:2022 LVA:2022 NLD:2018 NLD:2022 NLD:2025 NOR:2025 NZL:2022 NZL:2025 PRT:2018); ambiguous sınıf (DEU FIN NLD PRT SWE URY),0.2,drop,34.1,False,-5.0
E_level_floor_band,S124-lvl20,C1+C2+C4; +libdem_2013 ≥ 0.200,3,False,L3,on,False,,science,41,49.8,ITA=0.94,2006 2009 2012,7.76,37.69,4.86,-19.2,19.2,37.5,59.5,24.2,0.095,0.976,4/42,41/42,"{""POL"": 0.726, ""PRT"": 0.274, ""CZE"": 0.0, ""MNE"": 0.0, ""TWN"": 0.0, ""EST"": 0.0, ""HRV"": 0.0, ""SVN"": 0.0, ""IRL"": 0.0, ""ISR"": 0.0, ""FIN"": 0.0, ""CAN"": 0.0, ""THA"": 0.0, ""SWE"": 0.0, ""BEL"": 0.0, ""NLD"": 0.0, ""GRC"": 0.0, ""GBR"": 0.0, ""LVA"": 0.0, ""LTU"": 0.0, ""AUS"": 0.0, ""BGR"": 0.0, ""BRA"": 0.0, ""CHE"": 0.0, ""CHL"": 0.0, ""COL"": 0.0, ""DEU"": 0.0, ""DNK"": 0.0, ""FRA"": 0.0, ""HKG"": 0.0, ""HUN"": 0.0, ""ISL"": 0.0, ""ITA"": 0.0, ""JPN"": 0.0, ""KOR"": 0.0, ""MEX"": 0.0, ""NOR"": 0.0, ""NZL"": 0.0, ""SVK"": 0.0, ""URY"": 0.0, ""USA"": 0.0}",POL,0.726,9.1,True,"{""treated_classes"": [""BRA"", ""CZE"", ""GBR"", ""GRC"", ""HKG"", ""HRV"", ""HUN"", ""ITA"", ""KOR"", ""MEX"", ""MNE"", ""POL"", ""SVK"", ""SVN"", ""THA"", ""USA""], ""ambiguous"": [""CHL"", ""DEU"", ""FIN"", ""ISR"", ""NLD"", ""PRT"", ""SWE"", ""URY""], ""unscreened"": [], ""paper2015"": [], ""asterisk"": [""AUS:2022"", ""CAN:2022"", ""CAN:2025"", ""DNK:2022"", ""GBR:2022"", ""HKG:2018"", ""HKG:2022"", ""IRL:2022"", ""LVA:2022"", ""NLD:2018"", ""NLD:2022"", ""NLD:2025"", ""NOR:2025"", ""NZL:2022"", ""NZL:2025"", ""PRT:2018"", ""USA:2018"", ""USA:2022"", ""USA:2025""], ""non_oecd"": [""BGR"", ""BRA"", ""HKG"", ""HRV"", ""MNE"", ""THA"", ""TWN"", ""URY""], ""below_tur_libdem13"": [], ""libdem_missing"": []}",kirlenme: tedavi/otokratikleşen sınıf donörde (16: BRA CZE GBR GRC HKG HRV HUN ITA KOR MEX MNE POL SVK SVN THA USA); yıldızlı ülke-döngü havuzda (AUS:2022 CAN:2022 CAN:2025 DNK:2022 GBR:2022 HKG:2018 HKG:2022 IRL:2022 LVA:2022 NLD:2018 NLD:2022 NLD:2025 NOR:2025 NZL:2022 NZL:2025 PRT:2018 USA:2018 USA:2022 USA:2025); ambiguous sınıf (CHL DEU FIN ISR NLD PRT SWE URY),0.2,drop,48.8,False,10.7
E_level_floor_missing_kept,S124-lvl20+nan,C1+C2+C4; +libdem_2013 ≥ 0.200; libdem yoksa kalır,3,False,L3,on,False,,math,31,40.8,PRT=0.86,2003 2006 2009 2012,0.75,22.41,29.77,-26.5,6.8,18.7,30.1,7.3,0.219,0.531,7/32,17/32,"{""ITA"": 0.705, ""BRA"": 0.295, ""FIN"": 0.0, ""MEX"": 0.0, ""GRC"": 0.0, ""URY"": 0.0, ""IRL"": 0.0, ""CZE"": 0.0, ""DNK"": 0.0, ""NZL"": 0.0, ""SWE"": 0.0, ""KOR"": 0.0, ""HUN"": 0.0, ""LVA"": 0.0, ""AUS"": 0.0, ""POL"": 0.0, ""PRT"": 0.0, ""DEU"": 0.0, ""HKG"": 0.0, ""JPN"": 0.0, ""USA"": 0.0, ""CHE"": 0.0, ""THA"": 0.0, ""MAC"": 0.0, ""NOR"": 0.0, ""CAN"": 0.0, ""FRA"": 0.0, ""ISL"": 0.0, ""SVK"": 0.0, ""BEL"": 0.0, ""NLD"": 0.0}",ITA,0.705,60.2,True,"{""treated_classes"": [""BRA"", ""CZE"", ""GRC"", ""HKG"", ""HUN"", ""ITA"", ""KOR"", ""MEX"", ""POL"", ""SVK"", ""THA"", ""USA""], ""ambiguous"": [""DEU"", ""FIN"", ""NLD"", ""PRT"", ""SWE"", ""URY""], ""unscreened"": [""MAC""], ""paper2015"": [], ""asterisk"": [""AUS:2022"", ""CAN:2022"", ""CAN:2025"", ""DNK:2022"", ""HKG:2018"", ""HKG:2022"", ""IRL:2022"", ""LVA:2022"", ""NLD:2018"", ""NLD:2022"", ""NLD:2025"", ""NOR:2025"", ""NZL:2022"", ""NZL:2025"", ""PRT:2018"", ""USA:2018"", ""USA:2022"", ""USA:2025""], ""non_oecd"": [""BRA"", ""HKG"", ""MAC"", ""THA"", ""URY""], ""below_tur_libdem13"": [], ""libdem_missing"": [""MAC""]}",kirlenme: tedavi/otokratikleşen sınıf donörde (12: BRA CZE GRC HKG HUN ITA KOR MEX POL SVK THA USA); taramasız ülke (1); yıldızlı ülke-döngü havuzda (AUS:2022 CAN:2022 CAN:2025 DNK:2022 HKG:2018 HKG:2022 IRL:2022 LVA:2022 NLD:2018 NLD:2022 NLD:2025 NOR:2025 NZL:2022 NZL:2025 PRT:2018 USA:2018 USA:2022 USA:2025); ambiguous sınıf (DEU FIN NLD PRT SWE URY),0.2,keep,50.4,False,-20.3
E_level_floor_missing_kept,S124-lvl20+nan,C1+C2+C4; +libdem_2013 ≥ 0.200; libdem yoksa kalır,3,False,L3,on,False,,reading,30,33.1,MEX=0.61,2003 2006 2009 2012,0.04,22.69,628.15,-32.2,13.3,1.0,29.1,2.8,0.387,0.613,12/31,19/31,"{""JPN"": 0.583, ""MEX"": 0.308, ""HKG"": 0.109, ""DNK"": 0.0, ""DEU"": 0.0, ""NOR"": 0.0, ""POL"": 0.0, ""ISL"": 0.0, ""PRT"": 0.0, ""THA"": 0.0, ""URY"": 0.0, ""SWE"": 0.0, ""KOR"": 0.0, ""GRC"": 0.0, ""HUN"": 0.0, ""BEL"": 0.0, ""SVK"": 0.0, ""AUS"": 0.0, ""BRA"": 0.0, ""CAN"": 0.0, ""CHE"": 0.0, ""CZE"": 0.0, ""FIN"": 0.0, ""FRA"": 0.0, ""IRL"": 0.0, ""ITA"": 0.0, ""LVA"": 0.0, ""MAC"": 0.0, ""NLD"": 0.0, ""NZL"": 0.0}",JPN,0.583,1.5,True,"{""treated_classes"": [""BRA"", ""CZE"", ""GRC"", ""HKG"", ""HUN"", ""ITA"", ""KOR"", ""MEX"", ""POL"", ""SVK"", ""THA""], ""ambiguous"": [""DEU"", ""FIN"", ""NLD"", ""PRT"", ""SWE"", ""URY""], ""unscreened"": [""MAC""], ""paper2015"": [], ""asterisk"": [""AUS:2022"", ""CAN:2022"", ""CAN:2025"", ""DNK:2022"", ""HKG:2018"", ""HKG:2022"", ""IRL:2022"", ""LVA:2022"", ""NLD:2018"", ""NLD:2022"", ""NLD:2025"", ""NOR:2025"", ""NZL:2022"", ""NZL:2025"", ""PRT:2018""], ""non_oecd"": [""BRA"", ""HKG"", ""MAC"", ""THA"", ""URY""], ""below_tur_libdem13"": [], ""libdem_missing"": [""MAC""]}",kirlenme: tedavi/otokratikleşen sınıf donörde (11: BRA CZE GRC HKG HUN ITA KOR MEX POL SVK THA); taramasız ülke (1); yıldızlı ülke-döngü havuzda (AUS:2022 CAN:2022 CAN:2025 DNK:2022 HKG:2018 HKG:2022 IRL:2022 LVA:2022 NLD:2018 NLD:2022 NLD:2025 NOR:2025 NZL:2022 NZL:2025 PRT:2018); ambiguous sınıf (DEU FIN NLD PRT SWE URY),0.2,keep,34.1,False,-5.0
E_level_floor_missing_kept,S124-lvl20+nan,C1+C2+C4; +libdem_2013 ≥ 0.200; libdem yoksa kalır,3,False,L3,on,False,,science,42,49.8,ITA=0.94,2006 2009 2012,7.76,37.69,4.86,-19.2,19.2,37.5,59.5,24.2,0.116,0.977,5/43,42/43,"{""POL"": 0.726, ""PRT"": 0.274, ""CZE"": 0.0, ""MNE"": 0.0, ""TWN"": 0.0, ""EST"": 0.0, ""HRV"": 0.0, ""SVN"": 0.0, ""IRL"": 0.0, ""ISR"": 0.0, ""FIN"": 0.0, ""THA"": 0.0, ""CAN"": 0.0, ""MAC"": 0.0, ""SWE"": 0.0, ""BEL"": 0.0, ""NLD"": 0.0, ""GRC"": 0.0, ""GBR"": 0.0, ""LVA"": 0.0, ""LTU"": 0.0, ""NOR"": 0.0, ""BRA"": 0.0, ""COL"": 0.0, ""KOR"": 0.0, ""HKG"": 0.0, ""SVK"": 0.0, ""FRA"": 0.0, ""NZL"": 0.0, ""ISL"": 0.0, ""AUS"": 0.0, ""USA"": 0.0, ""BGR"": 0.0, ""MEX"": 0.0, ""CHL"": 0.0, ""URY"": 0.0, ""ITA"": 0.0, ""HUN"": 0.0, ""DEU"": 0.0, ""DNK"": 0.0, ""JPN"": 0.0, ""CHE"": 0.0}",POL,0.726,9.1,True,"{""treated_classes"": [""BRA"", ""CZE"", ""GBR"", ""GRC"", ""HKG"", ""HRV"", ""HUN"", ""ITA"", ""KOR"", ""MEX"", ""MNE"", ""POL"", ""SVK"", ""SVN"", ""THA"", ""USA""], ""ambiguous"": [""CHL"", ""DEU"", ""FIN"", ""ISR"", ""NLD"", ""PRT"", ""SWE"", ""URY""], ""unscreened"": [""MAC""], ""paper2015"": [], ""asterisk"": [""AUS:2022"", ""CAN:2022"", ""CAN:2025"", ""DNK:2022"", ""GBR:2022"", ""HKG:2018"", ""HKG:2022"", ""IRL:2022"", ""LVA:2022"", ""NLD:2018"", ""NLD:2022"", ""NLD:2025"", ""NOR:2025"", ""NZL:2022"", ""NZL:2025"", ""PRT:2018"", ""USA:2018"", ""USA:2022"", ""USA:2025""], ""non_oecd"": [""BGR"", ""BRA"", ""HKG"", ""HRV"", ""MAC"", ""MNE"", ""THA"", ""TWN"", ""URY""], ""below_tur_libdem13"": [], ""libdem_missing"": [""MAC""]}",kirlenme: tedavi/otokratikleşen sınıf donörde (16: BRA CZE GBR GRC HKG HRV HUN ITA KOR MEX MNE POL SVK SVN THA USA); taramasız ülke (1); yıldızlı ülke-döngü havuzda (AUS:2022 CAN:2022 CAN:2025 DNK:2022 GBR:2022 HKG:2018 HKG:2022 IRL:2022 LVA:2022 NLD:2018 NLD:2022 NLD:2025 NOR:2025 NZL:2022 NZL:2025 PRT:2018 USA:2018 USA:2022 USA:2025); ambiguous sınıf (CHL DEU FIN ISR NLD PRT SWE URY),0.2,keep,48.8,False,10.7
E_level_floor_band,S124-lvl25,C1+C2+C4; +libdem_2013 ≥ 0.250,3,False,L3,on,False,,math,30,40.8,PRT=0.86,2003 2006 2009 2012,0.75,22.41,29.77,-26.5,6.8,18.7,30.1,7.3,0.194,0.516,6/31,16/31,"{""ITA"": 0.705, ""BRA"": 0.295, ""FIN"": 0.0, ""GRC"": 0.0, ""MEX"": 0.0, ""IRL"": 0.0, ""URY"": 0.0, ""DNK"": 0.0, ""CZE"": 0.0, ""NZL"": 0.0, ""KOR"": 0.0, ""LVA"": 0.0, ""HUN"": 0.0, ""SWE"": 0.0, ""AUS"": 0.0, ""POL"": 0.0, ""CHE"": 0.0, ""USA"": 0.0, ""PRT"": 0.0, ""JPN"": 0.0, ""FRA"": 0.0, ""NOR"": 0.0, ""HKG"": 0.0, ""DEU"": 0.0, ""ISL"": 0.0, ""SVK"": 0.0, ""BEL"": 0.0, ""CAN"": 0.0, ""THA"": 0.0, ""NLD"": 0.0}",ITA,0.705,1.0,True,"{""treated_classes"": [""BRA"", ""CZE"", ""GRC"", ""HKG"", ""HUN"", ""ITA"", ""KOR"", ""MEX"", ""POL"", ""SVK"", ""THA"", ""USA""], ""ambiguous"": [""DEU"", ""FIN"", ""NLD"", ""PRT"", ""SWE"", ""URY""], ""unscreened"": [], ""paper2015"": [], ""asterisk"": [""AUS:2022"", ""CAN:2022"", ""CAN:2025"", ""DNK:2022"", ""HKG:2018"", ""HKG:2022"", ""IRL:2022"", ""LVA:2022"", ""NLD:2018"", ""NLD:2022"", ""NLD:2025"", ""NOR:2025"", ""NZL:2022"", ""NZL:2025"", ""PRT:2018"", ""USA:2018"", ""USA:2022"", ""USA:2025""], ""non_oecd"": [""BRA"", ""HKG"", ""THA"", ""URY""], ""below_tur_libdem13"": [], ""libdem_missing"": []}",kirlenme: tedavi/otokratikleşen sınıf donörde (12: BRA CZE GRC HKG HUN ITA KOR MEX POL SVK THA USA); yıldızlı ülke-döngü havuzda (AUS:2022 CAN:2022 CAN:2025 DNK:2022 HKG:2018 HKG:2022 IRL:2022 LVA:2022 NLD:2018 NLD:2022 NLD:2025 NOR:2025 NZL:2022 NZL:2025 PRT:2018 USA:2018 USA:2022 USA:2025); ambiguous sınıf (DEU FIN NLD PRT SWE URY),0.25,drop,50.4,False,-20.3
E_level_floor_band,S124-lvl25,C1+C2+C4; +libdem_2013 ≥ 0.250,3,False,L3,on,False,,reading,29,33.1,MEX=0.61,2003 2006 2009 2012,0.04,22.69,628.15,-32.2,13.3,1.0,29.1,2.8,0.433,0.6,13/30,18/30,"{""JPN"": 0.583, ""MEX"": 0.308, ""HKG"": 0.109, ""CAN"": 0.0, ""ITA"": 0.0, ""LVA"": 0.0, ""CZE"": 0.0, ""IRL"": 0.0, ""NZL"": 0.0, ""URY"": 0.0, ""POL"": 0.0, ""BRA"": 0.0, ""NOR"": 0.0, ""ISL"": 0.0, ""CHE"": 0.0, ""AUS"": 0.0, ""BEL"": 0.0, ""DEU"": 0.0, ""DNK"": 0.0, ""FIN"": 0.0, ""FRA"": 0.0, ""GRC"": 0.0, ""HUN"": 0.0, ""KOR"": 0.0, ""NLD"": 0.0, ""PRT"": 0.0, ""SVK"": 0.0, ""SWE"": 0.0, ""THA"": 0.0}",JPN,0.583,1.5,True,"{""treated_classes"": [""BRA"", ""CZE"", ""GRC"", ""HKG"", ""HUN"", ""ITA"", ""KOR"", ""MEX"", ""POL"", ""SVK"", ""THA""], ""ambiguous"": [""DEU"", ""FIN"", ""NLD"", ""PRT"", ""SWE"", ""URY""], ""unscreened"": [], ""paper2015"": [], ""asterisk"": [""AUS:2022"", ""CAN:2022"", ""CAN:2025"", ""DNK:2022"", ""HKG:2018"", ""HKG:2022"", ""IRL:2022"", ""LVA:2022"", ""NLD:2018"", ""NLD:2022"", ""NLD:2025"", ""NOR:2025"", ""NZL:2022"", ""NZL:2025"", ""PRT:2018""], ""non_oecd"": [""BRA"", ""HKG"", ""THA"", ""URY""], ""below_tur_libdem13"": [], ""libdem_missing"": []}",kirlenme: tedavi/otokratikleşen sınıf donörde (11: BRA CZE GRC HKG HUN ITA KOR MEX POL SVK THA); yıldızlı ülke-döngü havuzda (AUS:2022 CAN:2022 CAN:2025 DNK:2022 HKG:2018 HKG:2022 IRL:2022 LVA:2022 NLD:2018 NLD:2022 NLD:2025 NOR:2025 NZL:2022 NZL:2025 PRT:2018); ambiguous sınıf (DEU FIN NLD PRT SWE URY),0.25,drop,34.1,False,-5.0
E_level_floor_band,S124-lvl25,C1+C2+C4; +libdem_2013 ≥ 0.250,3,False,L3,on,False,,science,41,49.8,ITA=0.94,2006 2009 2012,7.76,37.69,4.86,-19.2,19.2,37.5,59.5,24.2,0.095,0.976,4/42,41/42,"{""POL"": 0.726, ""PRT"": 0.274, ""CZE"": 0.0, ""MNE"": 0.0, ""TWN"": 0.0, ""EST"": 0.0, ""HRV"": 0.0, ""SVN"": 0.0, ""IRL"": 0.0, ""ISR"": 0.0, ""FIN"": 0.0, ""CAN"": 0.0, ""THA"": 0.0, ""SWE"": 0.0, ""BEL"": 0.0, ""NLD"": 0.0, ""GRC"": 0.0, ""GBR"": 0.0, ""LVA"": 0.0, ""LTU"": 0.0, ""AUS"": 0.0, ""BGR"": 0.0, ""BRA"": 0.0, ""CHE"": 0.0, ""CHL"": 0.0, ""COL"": 0.0, ""DEU"": 0.0, ""DNK"": 0.0, ""FRA"": 0.0, ""HKG"": 0.0, ""HUN"": 0.0, ""ISL"": 0.0, ""ITA"": 0.0, ""JPN"": 0.0, ""KOR"": 0.0, ""MEX"": 0.0, ""NOR"": 0.0, ""NZL"": 0.0, ""SVK"": 0.0, ""URY"": 0.0, ""USA"": 0.0}",POL,0.726,9.1,True,"{""treated_classes"": [""BRA"", ""CZE"", ""GBR"", ""GRC"", ""HKG"", ""HRV"", ""HUN"", ""ITA"", ""KOR"", ""MEX"", ""MNE"", ""POL"", ""SVK"", ""SVN"", ""THA"", ""USA""], ""ambiguous"": [""CHL"", ""DEU"", ""FIN"", ""ISR"", ""NLD"", ""PRT"", ""SWE"", ""URY""], ""unscreened"": [], ""paper2015"": [], ""asterisk"": [""AUS:2022"", ""CAN:2022"", ""CAN:2025"", ""DNK:2022"", ""GBR:2022"", ""HKG:2018"", ""HKG:2022"", ""IRL:2022"", ""LVA:2022"", ""NLD:2018"", ""NLD:2022"", ""NLD:2025"", ""NOR:2025"", ""NZL:2022"", ""NZL:2025"", ""PRT:2018"", ""USA:2018"", ""USA:2022"", ""USA:2025""], ""non_oecd"": [""BGR"", ""BRA"", ""HKG"", ""HRV"", ""MNE"", ""THA"", ""TWN"", ""URY""], ""below_tur_libdem13"": [], ""libdem_missing"": []}",kirlenme: tedavi/otokratikleşen sınıf donörde (16: BRA CZE GBR GRC HKG HRV HUN ITA KOR MEX MNE POL SVK SVN THA USA); yıldızlı ülke-döngü havuzda (AUS:2022 CAN:2022 CAN:2025 DNK:2022 GBR:2022 HKG:2018 HKG:2022 IRL:2022 LVA:2022 NLD:2018 NLD:2022 NLD:2025 NOR:2025 NZL:2022 NZL:2025 PRT:2018 USA:2018 USA:2022 USA:2025); ambiguous sınıf (CHL DEU FIN ISR NLD PRT SWE URY),0.25,drop,48.8,False,10.7
E_level_floor_missing_kept,S124-lvl25+nan,C1+C2+C4; +libdem_2013 ≥ 0.250; libdem yoksa kalır,3,False,L3,on,False,,math,31,40.8,PRT=0.86,2003 2006 2009 2012,0.75,22.41,29.77,-26.5,6.8,18.7,30.1,7.3,0.219,0.531,7/32,17/32,"{""ITA"": 0.705, ""BRA"": 0.295, ""FIN"": 0.0, ""MEX"": 0.0, ""GRC"": 0.0, ""URY"": 0.0, ""IRL"": 0.0, ""CZE"": 0.0, ""DNK"": 0.0, ""NZL"": 0.0, ""SWE"": 0.0, ""KOR"": 0.0, ""HUN"": 0.0, ""LVA"": 0.0, ""AUS"": 0.0, ""POL"": 0.0, ""PRT"": 0.0, ""DEU"": 0.0, ""HKG"": 0.0, ""JPN"": 0.0, ""USA"": 0.0, ""CHE"": 0.0, ""THA"": 0.0, ""MAC"": 0.0, ""NOR"": 0.0, ""CAN"": 0.0, ""FRA"": 0.0, ""ISL"": 0.0, ""SVK"": 0.0, ""BEL"": 0.0, ""NLD"": 0.0}",ITA,0.705,60.2,True,"{""treated_classes"": [""BRA"", ""CZE"", ""GRC"", ""HKG"", ""HUN"", ""ITA"", ""KOR"", ""MEX"", ""POL"", ""SVK"", ""THA"", ""USA""], ""ambiguous"": [""DEU"", ""FIN"", ""NLD"", ""PRT"", ""SWE"", ""URY""], ""unscreened"": [""MAC""], ""paper2015"": [], ""asterisk"": [""AUS:2022"", ""CAN:2022"", ""CAN:2025"", ""DNK:2022"", ""HKG:2018"", ""HKG:2022"", ""IRL:2022"", ""LVA:2022"", ""NLD:2018"", ""NLD:2022"", ""NLD:2025"", ""NOR:2025"", ""NZL:2022"", ""NZL:2025"", ""PRT:2018"", ""USA:2018"", ""USA:2022"", ""USA:2025""], ""non_oecd"": [""BRA"", ""HKG"", ""MAC"", ""THA"", ""URY""], ""below_tur_libdem13"": [], ""libdem_missing"": [""MAC""]}",kirlenme: tedavi/otokratikleşen sınıf donörde (12: BRA CZE GRC HKG HUN ITA KOR MEX POL SVK THA USA); taramasız ülke (1); yıldızlı ülke-döngü havuzda (AUS:2022 CAN:2022 CAN:2025 DNK:2022 HKG:2018 HKG:2022 IRL:2022 LVA:2022 NLD:2018 NLD:2022 NLD:2025 NOR:2025 NZL:2022 NZL:2025 PRT:2018 USA:2018 USA:2022 USA:2025); ambiguous sınıf (DEU FIN NLD PRT SWE URY),0.25,keep,50.4,False,-20.3
E_level_floor_missing_kept,S124-lvl25+nan,C1+C2+C4; +libdem_2013 ≥ 0.250; libdem yoksa kalır,3,False,L3,on,False,,reading,30,33.1,MEX=0.61,2003 2006 2009 2012,0.04,22.69,628.15,-32.2,13.3,1.0,29.1,2.8,0.387,0.613,12/31,19/31,"{""JPN"": 0.583, ""MEX"": 0.308, ""HKG"": 0.109, ""DNK"": 0.0, ""DEU"": 0.0, ""NOR"": 0.0, ""POL"": 0.0, ""ISL"": 0.0, ""PRT"": 0.0, ""THA"": 0.0, ""URY"": 0.0, ""SWE"": 0.0, ""KOR"": 0.0, ""GRC"": 0.0, ""HUN"": 0.0, ""BEL"": 0.0, ""SVK"": 0.0, ""AUS"": 0.0, ""BRA"": 0.0, ""CAN"": 0.0, ""CHE"": 0.0, ""CZE"": 0.0, ""FIN"": 0.0, ""FRA"": 0.0, ""IRL"": 0.0, ""ITA"": 0.0, ""LVA"": 0.0, ""MAC"": 0.0, ""NLD"": 0.0, ""NZL"": 0.0}",JPN,0.583,1.5,True,"{""treated_classes"": [""BRA"", ""CZE"", ""GRC"", ""HKG"", ""HUN"", ""ITA"", ""KOR"", ""MEX"", ""POL"", ""SVK"", ""THA""], ""ambiguous"": [""DEU"", ""FIN"", ""NLD"", ""PRT"", ""SWE"", ""URY""], ""unscreened"": [""MAC""], ""paper2015"": [], ""asterisk"": [""AUS:2022"", ""CAN:2022"", ""CAN:2025"", ""DNK:2022"", ""HKG:2018"", ""HKG:2022"", ""IRL:2022"", ""LVA:2022"", ""NLD:2018"", ""NLD:2022"", ""NLD:2025"", ""NOR:2025"", ""NZL:2022"", ""NZL:2025"", ""PRT:2018""], ""non_oecd"": [""BRA"", ""HKG"", ""MAC"", ""THA"", ""URY""], ""below_tur_libdem13"": [], ""libdem_missing"": [""MAC""]}",kirlenme: tedavi/otokratikleşen sınıf donörde (11: BRA CZE GRC HKG HUN ITA KOR MEX POL SVK THA); taramasız ülke (1); yıldızlı ülke-döngü havuzda (AUS:2022 CAN:2022 CAN:2025 DNK:2022 HKG:2018 HKG:2022 IRL:2022 LVA:2022 NLD:2018 NLD:2022 NLD:2025 NOR:2025 NZL:2022 NZL:2025 PRT:2018); ambiguous sınıf (DEU FIN NLD PRT SWE URY),0.25,keep,34.1,False,-5.0
E_level_floor_missing_kept,S124-lvl25+nan,C1+C2+C4; +libdem_2013 ≥ 0.250; libdem yoksa kalır,3,False,L3,on,False,,science,42,49.8,ITA=0.94,2006 2009 2012,7.76,37.69,4.86,-19.2,19.2,37.5,59.5,24.2,0.116,0.977,5/43,42/43,"{""POL"": 0.726, ""PRT"": 0.274, ""CZE"": 0.0, ""MNE"": 0.0, ""TWN"": 0.0, ""EST"": 0.0, ""HRV"": 0.0, ""SVN"": 0.0, ""IRL"": 0.0, ""ISR"": 0.0, ""FIN"": 0.0, ""THA"": 0.0, ""CAN"": 0.0, ""MAC"": 0.0, ""SWE"": 0.0, ""BEL"": 0.0, ""NLD"": 0.0, ""GRC"": 0.0, ""GBR"": 0.0, ""LVA"": 0.0, ""LTU"": 0.0, ""NOR"": 0.0, ""BRA"": 0.0, ""COL"": 0.0, ""KOR"": 0.0, ""HKG"": 0.0, ""SVK"": 0.0, ""FRA"": 0.0, ""NZL"": 0.0, ""ISL"": 0.0, ""AUS"": 0.0, ""USA"": 0.0, ""BGR"": 0.0, ""MEX"": 0.0, ""CHL"": 0.0, ""URY"": 0.0, ""ITA"": 0.0, ""HUN"": 0.0, ""DEU"": 0.0, ""DNK"": 0.0, ""JPN"": 0.0, ""CHE"": 0.0}",POL,0.726,9.1,True,"{""treated_classes"": [""BRA"", ""CZE"", ""GBR"", ""GRC"", ""HKG"", ""HRV"", ""HUN"", ""ITA"", ""KOR"", ""MEX"", ""MNE"", ""POL"", ""SVK"", ""SVN"", ""THA"", ""USA""], ""ambiguous"": [""CHL"", ""DEU"", ""FIN"", ""ISR"", ""NLD"", ""PRT"", ""SWE"", ""URY""], ""unscreened"": [""MAC""], ""paper2015"": [], ""asterisk"": [""AUS:2022"", ""CAN:2022"", ""CAN:2025"", ""DNK:2022"", ""GBR:2022"", ""HKG:2018"", ""HKG:2022"", ""IRL:2022"", ""LVA:2022"", ""NLD:2018"", ""NLD:2022"", ""NLD:2025"", ""NOR:2025"", ""NZL:2022"", ""NZL:2025"", ""PRT:2018"", ""USA:2018"", ""USA:2022"", ""USA:2025""], ""non_oecd"": [""BGR"", ""BRA"", ""HKG"", ""HRV"", ""MAC"", ""MNE"", ""THA"", ""TWN"", ""URY""], ""below_tur_libdem13"": [], ""libdem_missing"": [""MAC""]}",kirlenme: tedavi/otokratikleşen sınıf donörde (16: BRA CZE GBR GRC HKG HRV HUN ITA KOR MEX MNE POL SVK SVN THA USA); taramasız ülke (1); yıldızlı ülke-döngü havuzda (AUS:2022 CAN:2022 CAN:2025 DNK:2022 GBR:2022 HKG:2018 HKG:2022 IRL:2022 LVA:2022 NLD:2018 NLD:2022 NLD:2025 NOR:2025 NZL:2022 NZL:2025 PRT:2018 USA:2018 USA:2022 USA:2025); ambiguous sınıf (CHL DEU FIN ISR NLD PRT SWE URY),0.25,keep,48.8,False,10.7
E_level_floor,S124-lvl,C1+C2+C4; +libdem_2013 ≥ 0.289,3,False,L3,on,False,,math,30,40.8,PRT=0.86,2003 2006 2009 2012,0.75,22.41,29.77,-26.5,6.8,18.7,30.1,7.3,0.194,0.516,6/31,16/31,"{""ITA"": 0.705, ""BRA"": 0.295, ""FIN"": 0.0, ""GRC"": 0.0, ""MEX"": 0.0, ""IRL"": 0.0, ""URY"": 0.0, ""DNK"": 0.0, ""CZE"": 0.0, ""NZL"": 0.0, ""KOR"": 0.0, ""LVA"": 0.0, ""HUN"": 0.0, ""SWE"": 0.0, ""AUS"": 0.0, ""POL"": 0.0, ""CHE"": 0.0, ""USA"": 0.0, ""PRT"": 0.0, ""JPN"": 0.0, ""FRA"": 0.0, ""NOR"": 0.0, ""HKG"": 0.0, ""DEU"": 0.0, ""ISL"": 0.0, ""SVK"": 0.0, ""BEL"": 0.0, ""CAN"": 0.0, ""THA"": 0.0, ""NLD"": 0.0}",ITA,0.705,1.0,True,"{""treated_classes"": [""BRA"", ""CZE"", ""GRC"", ""HKG"", ""HUN"", ""ITA"", ""KOR"", ""MEX"", ""POL"", ""SVK"", ""THA"", ""USA""], ""ambiguous"": [""DEU"", ""FIN"", ""NLD"", ""PRT"", ""SWE"", ""URY""], ""unscreened"": [], ""paper2015"": [], ""asterisk"": [""AUS:2022"", ""CAN:2022"", ""CAN:2025"", ""DNK:2022"", ""HKG:2018"", ""HKG:2022"", ""IRL:2022"", ""LVA:2022"", ""NLD:2018"", ""NLD:2022"", ""NLD:2025"", ""NOR:2025"", ""NZL:2022"", ""NZL:2025"", ""PRT:2018"", ""USA:2018"", ""USA:2022"", ""USA:2025""], ""non_oecd"": [""BRA"", ""HKG"", ""THA"", ""URY""], ""below_tur_libdem13"": [], ""libdem_missing"": []}",kirlenme: tedavi/otokratikleşen sınıf donörde (12: BRA CZE GRC HKG HUN ITA KOR MEX POL SVK THA USA); yıldızlı ülke-döngü havuzda (AUS:2022 CAN:2022 CAN:2025 DNK:2022 HKG:2018 HKG:2022 IRL:2022 LVA:2022 NLD:2018 NLD:2022 NLD:2025 NOR:2025 NZL:2022 NZL:2025 PRT:2018 USA:2018 USA:2022 USA:2025); ambiguous sınıf (DEU FIN NLD PRT SWE URY),0.289,drop,50.4,False,-20.3
E_level_floor,S124-lvl,C1+C2+C4; +libdem_2013 ≥ 0.289,3,False,L3,on,False,,reading,29,33.1,MEX=0.61,2003 2006 2009 2012,0.04,22.69,628.15,-32.2,13.3,1.0,29.1,2.8,0.433,0.6,13/30,18/30,"{""JPN"": 0.583, ""MEX"": 0.308, ""HKG"": 0.109, ""CAN"": 0.0, ""ITA"": 0.0, ""LVA"": 0.0, ""CZE"": 0.0, ""IRL"": 0.0, ""NZL"": 0.0, ""URY"": 0.0, ""POL"": 0.0, ""BRA"": 0.0, ""NOR"": 0.0, ""ISL"": 0.0, ""CHE"": 0.0, ""AUS"": 0.0, ""BEL"": 0.0, ""DEU"": 0.0, ""DNK"": 0.0, ""FIN"": 0.0, ""FRA"": 0.0, ""GRC"": 0.0, ""HUN"": 0.0, ""KOR"": 0.0, ""NLD"": 0.0, ""PRT"": 0.0, ""SVK"": 0.0, ""SWE"": 0.0, ""THA"": 0.0}",JPN,0.583,1.5,True,"{""treated_classes"": [""BRA"", ""CZE"", ""GRC"", ""HKG"", ""HUN"", ""ITA"", ""KOR"", ""MEX"", ""POL"", ""SVK"", ""THA""], ""ambiguous"": [""DEU"", ""FIN"", ""NLD"", ""PRT"", ""SWE"", ""URY""], ""unscreened"": [], ""paper2015"": [], ""asterisk"": [""AUS:2022"", ""CAN:2022"", ""CAN:2025"", ""DNK:2022"", ""HKG:2018"", ""HKG:2022"", ""IRL:2022"", ""LVA:2022"", ""NLD:2018"", ""NLD:2022"", ""NLD:2025"", ""NOR:2025"", ""NZL:2022"", ""NZL:2025"", ""PRT:2018""], ""non_oecd"": [""BRA"", ""HKG"", ""THA"", ""URY""], ""below_tur_libdem13"": [], ""libdem_missing"": []}",kirlenme: tedavi/otokratikleşen sınıf donörde (11: BRA CZE GRC HKG HUN ITA KOR MEX POL SVK THA); yıldızlı ülke-döngü havuzda (AUS:2022 CAN:2022 CAN:2025 DNK:2022 HKG:2018 HKG:2022 IRL:2022 LVA:2022 NLD:2018 NLD:2022 NLD:2025 NOR:2025 NZL:2022 NZL:2025 PRT:2018); ambiguous sınıf (DEU FIN NLD PRT SWE URY),0.289,drop,34.1,False,-5.0
E_level_floor,S124-lvl,C1+C2+C4; +libdem_2013 ≥ 0.289,3,False,L3,on,False,,science,41,49.8,ITA=0.94,2006 2009 2012,7.76,37.69,4.86,-19.2,19.2,37.5,59.5,24.2,0.095,0.976,4/42,41/42,"{""POL"": 0.726, ""PRT"": 0.274, ""CZE"": 0.0, ""MNE"": 0.0, ""TWN"": 0.0, ""EST"": 0.0, ""HRV"": 0.0, ""SVN"": 0.0, ""IRL"": 0.0, ""ISR"": 0.0, ""FIN"": 0.0, ""CAN"": 0.0, ""THA"": 0.0, ""SWE"": 0.0, ""BEL"": 0.0, ""NLD"": 0.0, ""GRC"": 0.0, ""GBR"": 0.0, ""LVA"": 0.0, ""LTU"": 0.0, ""AUS"": 0.0, ""BGR"": 0.0, ""BRA"": 0.0, ""CHE"": 0.0, ""CHL"": 0.0, ""COL"": 0.0, ""DEU"": 0.0, ""DNK"": 0.0, ""FRA"": 0.0, ""HKG"": 0.0, ""HUN"": 0.0, ""ISL"": 0.0, ""ITA"": 0.0, ""JPN"": 0.0, ""KOR"": 0.0, ""MEX"": 0.0, ""NOR"": 0.0, ""NZL"": 0.0, ""SVK"": 0.0, ""URY"": 0.0, ""USA"": 0.0}",POL,0.726,9.1,True,"{""treated_classes"": [""BRA"", ""CZE"", ""GBR"", ""GRC"", ""HKG"", ""HRV"", ""HUN"", ""ITA"", ""KOR"", ""MEX"", ""MNE"", ""POL"", ""SVK"", ""SVN"", ""THA"", ""USA""], ""ambiguous"": [""CHL"", ""DEU"", ""FIN"", ""ISR"", ""NLD"", ""PRT"", ""SWE"", ""URY""], ""unscreened"": [], ""paper2015"": [], ""asterisk"": [""AUS:2022"", ""CAN:2022"", ""CAN:2025"", ""DNK:2022"", ""GBR:2022"", ""HKG:2018"", ""HKG:2022"", ""IRL:2022"", ""LVA:2022"", ""NLD:2018"", ""NLD:2022"", ""NLD:2025"", ""NOR:2025"", ""NZL:2022"", ""NZL:2025"", ""PRT:2018"", ""USA:2018"", ""USA:2022"", ""USA:2025""], ""non_oecd"": [""BGR"", ""BRA"", ""HKG"", ""HRV"", ""MNE"", ""THA"", ""TWN"", ""URY""], ""below_tur_libdem13"": [], ""libdem_missing"": []}",kirlenme: tedavi/otokratikleşen sınıf donörde (16: BRA CZE GBR GRC HKG HRV HUN ITA KOR MEX MNE POL SVK SVN THA USA); yıldızlı ülke-döngü havuzda (AUS:2022 CAN:2022 CAN:2025 DNK:2022 GBR:2022 HKG:2018 HKG:2022 IRL:2022 LVA:2022 NLD:2018 NLD:2022 NLD:2025 NOR:2025 NZL:2022 NZL:2025 PRT:2018 USA:2018 USA:2022 USA:2025); ambiguous sınıf (CHL DEU FIN ISR NLD PRT SWE URY),0.289,drop,48.8,False,10.7
E_level_floor_missing_kept,S124-lvl289+nan,C1+C2+C4; +libdem_2013 ≥ 0.289; libdem yoksa kalır,3,False,L3,on,False,,math,31,40.8,PRT=0.86,2003 2006 2009 2012,0.75,22.41,29.77,-26.5,6.8,18.7,30.1,7.3,0.219,0.531,7/32,17/32,"{""ITA"": 0.705, ""BRA"": 0.295, ""FIN"": 0.0, ""MEX"": 0.0, ""GRC"": 0.0, ""URY"": 0.0, ""IRL"": 0.0, ""CZE"": 0.0, ""DNK"": 0.0, ""NZL"": 0.0, ""SWE"": 0.0, ""KOR"": 0.0, ""HUN"": 0.0, ""LVA"": 0.0, ""AUS"": 0.0, ""POL"": 0.0, ""PRT"": 0.0, ""DEU"": 0.0, ""HKG"": 0.0, ""JPN"": 0.0, ""USA"": 0.0, ""CHE"": 0.0, ""THA"": 0.0, ""MAC"": 0.0, ""NOR"": 0.0, ""CAN"": 0.0, ""FRA"": 0.0, ""ISL"": 0.0, ""SVK"": 0.0, ""BEL"": 0.0, ""NLD"": 0.0}",ITA,0.705,60.2,True,"{""treated_classes"": [""BRA"", ""CZE"", ""GRC"", ""HKG"", ""HUN"", ""ITA"", ""KOR"", ""MEX"", ""POL"", ""SVK"", ""THA"", ""USA""], ""ambiguous"": [""DEU"", ""FIN"", ""NLD"", ""PRT"", ""SWE"", ""URY""], ""unscreened"": [""MAC""], ""paper2015"": [], ""asterisk"": [""AUS:2022"", ""CAN:2022"", ""CAN:2025"", ""DNK:2022"", ""HKG:2018"", ""HKG:2022"", ""IRL:2022"", ""LVA:2022"", ""NLD:2018"", ""NLD:2022"", ""NLD:2025"", ""NOR:2025"", ""NZL:2022"", ""NZL:2025"", ""PRT:2018"", ""USA:2018"", ""USA:2022"", ""USA:2025""], ""non_oecd"": [""BRA"", ""HKG"", ""MAC"", ""THA"", ""URY""], ""below_tur_libdem13"": [], ""libdem_missing"": [""MAC""]}",kirlenme: tedavi/otokratikleşen sınıf donörde (12: BRA CZE GRC HKG HUN ITA KOR MEX POL SVK THA USA); taramasız ülke (1); yıldızlı ülke-döngü havuzda (AUS:2022 CAN:2022 CAN:2025 DNK:2022 HKG:2018 HKG:2022 IRL:2022 LVA:2022 NLD:2018 NLD:2022 NLD:2025 NOR:2025 NZL:2022 NZL:2025 PRT:2018 USA:2018 USA:2022 USA:2025); ambiguous sınıf (DEU FIN NLD PRT SWE URY),0.289,keep,50.4,False,-20.3
E_level_floor_missing_kept,S124-lvl289+nan,C1+C2+C4; +libdem_2013 ≥ 0.289; libdem yoksa kalır,3,False,L3,on,False,,reading,30,33.1,MEX=0.61,2003 2006 2009 2012,0.04,22.69,628.15,-32.2,13.3,1.0,29.1,2.8,0.387,0.613,12/31,19/31,"{""JPN"": 0.583, ""MEX"": 0.308, ""HKG"": 0.109, ""DNK"": 0.0, ""DEU"": 0.0, ""NOR"": 0.0, ""POL"": 0.0, ""ISL"": 0.0, ""PRT"": 0.0, ""THA"": 0.0, ""URY"": 0.0, ""SWE"": 0.0, ""KOR"": 0.0, ""GRC"": 0.0, ""HUN"": 0.0, ""BEL"": 0.0, ""SVK"": 0.0, ""AUS"": 0.0, ""BRA"": 0.0, ""CAN"": 0.0, ""CHE"": 0.0, ""CZE"": 0.0, ""FIN"": 0.0, ""FRA"": 0.0, ""IRL"": 0.0, ""ITA"": 0.0, ""LVA"": 0.0, ""MAC"": 0.0, ""NLD"": 0.0, ""NZL"": 0.0}",JPN,0.583,1.5,True,"{""treated_classes"": [""BRA"", ""CZE"", ""GRC"", ""HKG"", ""HUN"", ""ITA"", ""KOR"", ""MEX"", ""POL"", ""SVK"", ""THA""], ""ambiguous"": [""DEU"", ""FIN"", ""NLD"", ""PRT"", ""SWE"", ""URY""], ""unscreened"": [""MAC""], ""paper2015"": [], ""asterisk"": [""AUS:2022"", ""CAN:2022"", ""CAN:2025"", ""DNK:2022"", ""HKG:2018"", ""HKG:2022"", ""IRL:2022"", ""LVA:2022"", ""NLD:2018"", ""NLD:2022"", ""NLD:2025"", ""NOR:2025"", ""NZL:2022"", ""NZL:2025"", ""PRT:2018""], ""non_oecd"": [""BRA"", ""HKG"", ""MAC"", ""THA"", ""URY""], ""below_tur_libdem13"": [], ""libdem_missing"": [""MAC""]}",kirlenme: tedavi/otokratikleşen sınıf donörde (11: BRA CZE GRC HKG HUN ITA KOR MEX POL SVK THA); taramasız ülke (1); yıldızlı ülke-döngü havuzda (AUS:2022 CAN:2022 CAN:2025 DNK:2022 HKG:2018 HKG:2022 IRL:2022 LVA:2022 NLD:2018 NLD:2022 NLD:2025 NOR:2025 NZL:2022 NZL:2025 PRT:2018); ambiguous sınıf (DEU FIN NLD PRT SWE URY),0.289,keep,34.1,False,-5.0
E_level_floor_missing_kept,S124-lvl289+nan,C1+C2+C4; +libdem_2013 ≥ 0.289; libdem yoksa kalır,3,False,L3,on,False,,science,42,49.8,ITA=0.94,2006 2009 2012,7.76,37.69,4.86,-19.2,19.2,37.5,59.5,24.2,0.116,0.977,5/43,42/43,"{""POL"": 0.726, ""PRT"": 0.274, ""CZE"": 0.0, ""MNE"": 0.0, ""TWN"": 0.0, ""EST"": 0.0, ""HRV"": 0.0, ""SVN"": 0.0, ""IRL"": 0.0, ""ISR"": 0.0, ""FIN"": 0.0, ""THA"": 0.0, ""CAN"": 0.0, ""MAC"": 0.0, ""SWE"": 0.0, ""BEL"": 0.0, ""NLD"": 0.0, ""GRC"": 0.0, ""GBR"": 0.0, ""LVA"": 0.0, ""LTU"": 0.0, ""NOR"": 0.0, ""BRA"": 0.0, ""COL"": 0.0, ""KOR"": 0.0, ""HKG"": 0.0, ""SVK"": 0.0, ""FRA"": 0.0, ""NZL"": 0.0, ""ISL"": 0.0, ""AUS"": 0.0, ""USA"": 0.0, ""BGR"": 0.0, ""MEX"": 0.0, ""CHL"": 0.0, ""URY"": 0.0, ""ITA"": 0.0, ""HUN"": 0.0, ""DEU"": 0.0, ""DNK"": 0.0, ""JPN"": 0.0, ""CHE"": 0.0}",POL,0.726,9.1,True,"{""treated_classes"": [""BRA"", ""CZE"", ""GBR"", ""GRC"", ""HKG"", ""HRV"", ""HUN"", ""ITA"", ""KOR"", ""MEX"", ""MNE"", ""POL"", ""SVK"", ""SVN"", ""THA"", ""USA""], ""ambiguous"": [""CHL"", ""DEU"", ""FIN"", ""ISR"", ""NLD"", ""PRT"", ""SWE"", ""URY""], ""unscreened"": [""MAC""], ""paper2015"": [], ""asterisk"": [""AUS:2022"", ""CAN:2022"", ""CAN:2025"", ""DNK:2022"", ""GBR:2022"", ""HKG:2018"", ""HKG:2022"", ""IRL:2022"", ""LVA:2022"", ""NLD:2018"", ""NLD:2022"", ""NLD:2025"", ""NOR:2025"", ""NZL:2022"", ""NZL:2025"", ""PRT:2018"", ""USA:2018"", ""USA:2022"", ""USA:2025""], ""non_oecd"": [""BGR"", ""BRA"", ""HKG"", ""HRV"", ""MAC"", ""MNE"", ""THA"", ""TWN"", ""URY""], ""below_tur_libdem13"": [], ""libdem_missing"": [""MAC""]}",kirlenme: tedavi/otokratikleşen sınıf donörde (16: BRA CZE GBR GRC HKG HRV HUN ITA KOR MEX MNE POL SVK SVN THA USA); taramasız ülke (1); yıldızlı ülke-döngü havuzda (AUS:2022 CAN:2022 CAN:2025 DNK:2022 GBR:2022 HKG:2018 HKG:2022 IRL:2022 LVA:2022 NLD:2018 NLD:2022 NLD:2025 NOR:2025 NZL:2022 NZL:2025 PRT:2018 USA:2018 USA:2022 USA:2025); ambiguous sınıf (CHL DEU FIN ISR NLD PRT SWE URY),0.289,keep,48.8,False,10.7
E_level_floor_band,S124-lvl35,C1+C2+C4; +libdem_2013 ≥ 0.350,3,False,L3,on,False,,math,29,40.8,PRT=0.86,2003 2006 2009 2012,0.75,22.41,29.77,-26.5,6.8,18.7,30.1,7.3,0.2,0.5,6/30,15/30,"{""ITA"": 0.705, ""BRA"": 0.295, ""FIN"": 0.0, ""GRC"": 0.0, ""MEX"": 0.0, ""DNK"": 0.0, ""IRL"": 0.0, ""CZE"": 0.0, ""URY"": 0.0, ""LVA"": 0.0, ""NZL"": 0.0, ""KOR"": 0.0, ""HUN"": 0.0, ""SWE"": 0.0, ""AUS"": 0.0, ""POL"": 0.0, ""CHE"": 0.0, ""USA"": 0.0, ""PRT"": 0.0, ""JPN"": 0.0, ""FRA"": 0.0, ""NOR"": 0.0, ""ISL"": 0.0, ""DEU"": 0.0, ""SVK"": 0.0, ""BEL"": 0.0, ""CAN"": 0.0, ""NLD"": 0.0, ""THA"": 0.0}",ITA,0.705,57.1,True,"{""treated_classes"": [""BRA"", ""CZE"", ""GRC"", ""HUN"", ""ITA"", ""KOR"", ""MEX"", ""POL"", ""SVK"", ""THA"", ""USA""], ""ambiguous"": [""DEU"", ""FIN"", ""NLD"", ""PRT"", ""SWE"", ""URY""], ""unscreened"": [], ""paper2015"": [], ""asterisk"": [""AUS:2022"", ""CAN:2022"", ""CAN:2025"", ""DNK:2022"", ""IRL:2022"", ""LVA:2022"", ""NLD:2018"", ""NLD:2022"", ""NLD:2025"", ""NOR:2025"", ""NZL:2022"", ""NZL:2025"", ""PRT:2018"", ""USA:2018"", ""USA:2022"", ""USA:2025""], ""non_oecd"": [""BRA"", ""THA"", ""URY""], ""below_tur_libdem13"": [], ""libdem_missing"": []}",kirlenme: tedavi/otokratikleşen sınıf donörde (11: BRA CZE GRC HUN ITA KOR MEX POL SVK THA USA); yıldızlı ülke-döngü havuzda (AUS:2022 CAN:2022 CAN:2025 DNK:2022 IRL:2022 LVA:2022 NLD:2018 NLD:2022 NLD:2025 NOR:2025 NZL:2022 NZL:2025 PRT:2018 USA:2018 USA:2022 USA:2025); ambiguous sınıf (DEU FIN NLD PRT SWE URY),0.35,drop,50.4,False,-20.3
E_level_floor_band,S124-lvl35,C1+C2+C4; +libdem_2013 ≥ 0.350,3,False,L3,on,False,,reading,28,31.3,MEX=0.65,2003 2006 2009 2012,0.65,21.66,33.07,-33.2,11.8,-1.6,25.2,0.6,0.483,0.655,14/29,19/29,"{""JPN"": 0.579, ""MEX"": 0.369, ""POL"": 0.053, ""IRL"": 0.0, ""KOR"": 0.0, ""DEU"": 0.0, ""FIN"": 0.0, ""DNK"": 0.0, ""CHE"": 0.0, ""THA"": 0.0, ""CZE"": 0.0, ""CAN"": 0.0, ""SVK"": 0.0, ""NZL"": 0.0, ""HUN"": 0.0, ""URY"": 0.0, ""NOR"": 0.0, ""GRC"": 0.0, ""BRA"": 0.0, ""ISL"": 0.0, ""ITA"": 0.0, ""AUS"": 0.0, ""LVA"": 0.0, ""PRT"": 0.0, ""FRA"": 0.0, ""NLD"": 0.0, ""BEL"": 0.0, ""SWE"": 0.0}",JPN,0.579,1.5,True,"{""treated_classes"": [""BRA"", ""CZE"", ""GRC"", ""HUN"", ""ITA"", ""KOR"", ""MEX"", ""POL"", ""SVK"", ""THA""], ""ambiguous"": [""DEU"", ""FIN"", ""NLD"", ""PRT"", ""SWE"", ""URY""], ""unscreened"": [], ""paper2015"": [], ""asterisk"": [""AUS:2022"", ""CAN:2022"", ""CAN:2025"", ""DNK:2022"", ""IRL:2022"", ""LVA:2022"", ""NLD:2018"", ""NLD:2022"", ""NLD:2025"", ""NOR:2025"", ""NZL:2022"", ""NZL:2025"", ""PRT:2018""], ""non_oecd"": [""BRA"", ""THA"", ""URY""], ""below_tur_libdem13"": [], ""libdem_missing"": []}",kirlenme: tedavi/otokratikleşen sınıf donörde (10: BRA CZE GRC HUN ITA KOR MEX POL SVK THA); yıldızlı ülke-döngü havuzda (AUS:2022 CAN:2022 CAN:2025 DNK:2022 IRL:2022 LVA:2022 NLD:2018 NLD:2022 NLD:2025 NOR:2025 NZL:2022 NZL:2025 PRT:2018); ambiguous sınıf (DEU FIN NLD PRT SWE URY),0.35,drop,34.1,False,-8.9
E_level_floor_band,S124-lvl35,C1+C2+C4; +libdem_2013 ≥ 0.350,3,False,L3,on,False,,science,40,49.8,ITA=0.94,2006 2009 2012,7.76,37.69,4.86,-19.2,19.2,37.5,59.5,24.2,0.098,0.976,4/41,40/41,"{""POL"": 0.726, ""PRT"": 0.274, ""BRA"": 0.0, ""KOR"": 0.0, ""NOR"": 0.0, ""USA"": 0.0, ""COL"": 0.0, ""ISL"": 0.0, ""ITA"": 0.0, ""SVK"": 0.0, ""CHL"": 0.0, ""NZL"": 0.0, ""MEX"": 0.0, ""CHE"": 0.0, ""JPN"": 0.0, ""URY"": 0.0, ""DNK"": 0.0, ""DEU"": 0.0, ""AUS"": 0.0, ""FRA"": 0.0, ""HUN"": 0.0, ""BGR"": 0.0, ""THA"": 0.0, ""LVA"": 0.0, ""ISR"": 0.0, ""IRL"": 0.0, ""LTU"": 0.0, ""CZE"": 0.0, ""MNE"": 0.0, ""TWN"": 0.0, ""EST"": 0.0, ""HRV"": 0.0, ""SVN"": 0.0, ""FIN"": 0.0, ""CAN"": 0.0, ""SWE"": 0.0, ""BEL"": 0.0, ""NLD"": 0.0, ""GRC"": 0.0, ""GBR"": 0.0}",POL,0.726,9.1,True,"{""treated_classes"": [""BRA"", ""CZE"", ""GBR"", ""GRC"", ""HRV"", ""HUN"", ""ITA"", ""KOR"", ""MEX"", ""MNE"", ""POL"", ""SVK"", ""SVN"", ""THA"", ""USA""], ""ambiguous"": [""CHL"", ""DEU"", ""FIN"", ""ISR"", ""NLD"", ""PRT"", ""SWE"", ""URY""], ""unscreened"": [], ""paper2015"": [], ""asterisk"": [""AUS:2022"", ""CAN:2022"", ""CAN:2025"", ""DNK:2022"", ""GBR:2022"", ""IRL:2022"", ""LVA:2022"", ""NLD:2018"", ""NLD:2022"", ""NLD:2025"", ""NOR:2025"", ""NZL:2022"", ""NZL:2025"", ""PRT:2018"", ""USA:2018"", ""USA:2022"", ""USA:2025""], ""non_oecd"": [""BGR"", ""BRA"", ""HRV"", ""MNE"", ""THA"", ""TWN"", ""URY""], ""below_tur_libdem13"": [], ""libdem_missing"": []}",kirlenme: tedavi/otokratikleşen sınıf donörde (15: BRA CZE GBR GRC HRV HUN ITA KOR MEX MNE POL SVK SVN THA USA); yıldızlı ülke-döngü havuzda (AUS:2022 CAN:2022 CAN:2025 DNK:2022 GBR:2022 IRL:2022 LVA:2022 NLD:2018 NLD:2022 NLD:2025 NOR:2025 NZL:2022 NZL:2025 PRT:2018 USA:2018 USA:2022 USA:2025); ambiguous sınıf (CHL DEU FIN ISR NLD PRT SWE URY),0.35,drop,48.8,False,10.7
E_level_floor_missing_kept,S124-lvl35+nan,C1+C2+C4; +libdem_2013 ≥ 0.350; libdem yoksa kalır,3,False,L3,on,False,,math,30,40.8,PRT=0.86,2003 2006 2009 2012,0.75,22.41,29.77,-26.5,6.8,18.7,30.1,7.3,0.226,0.516,7/31,16/31,"{""ITA"": 0.705, ""BRA"": 0.295, ""FIN"": 0.0, ""MEX"": 0.0, ""GRC"": 0.0, ""URY"": 0.0, ""IRL"": 0.0, ""DNK"": 0.0, ""CZE"": 0.0, ""NZL"": 0.0, ""KOR"": 0.0, ""LVA"": 0.0, ""HUN"": 0.0, ""SWE"": 0.0, ""AUS"": 0.0, ""POL"": 0.0, ""PRT"": 0.0, ""DEU"": 0.0, ""USA"": 0.0, ""CHE"": 0.0, ""JPN"": 0.0, ""THA"": 0.0, ""MAC"": 0.0, ""NOR"": 0.0, ""FRA"": 0.0, ""SVK"": 0.0, ""BEL"": 0.0, ""ISL"": 0.0, ""NLD"": 0.0, ""CAN"": 0.0}",ITA,0.705,58.3,True,"{""treated_classes"": [""BRA"", ""CZE"", ""GRC"", ""HUN"", ""ITA"", ""KOR"", ""MEX"", ""POL"", ""SVK"", ""THA"", ""USA""], ""ambiguous"": [""DEU"", ""FIN"", ""NLD"", ""PRT"", ""SWE"", ""URY""], ""unscreened"": [""MAC""], ""paper2015"": [], ""asterisk"": [""AUS:2022"", ""CAN:2022"", ""CAN:2025"", ""DNK:2022"", ""IRL:2022"", ""LVA:2022"", ""NLD:2018"", ""NLD:2022"", ""NLD:2025"", ""NOR:2025"", ""NZL:2022"", ""NZL:2025"", ""PRT:2018"", ""USA:2018"", ""USA:2022"", ""USA:2025""], ""non_oecd"": [""BRA"", ""MAC"", ""THA"", ""URY""], ""below_tur_libdem13"": [], ""libdem_missing"": [""MAC""]}",kirlenme: tedavi/otokratikleşen sınıf donörde (11: BRA CZE GRC HUN ITA KOR MEX POL SVK THA USA); taramasız ülke (1); yıldızlı ülke-döngü havuzda (AUS:2022 CAN:2022 CAN:2025 DNK:2022 IRL:2022 LVA:2022 NLD:2018 NLD:2022 NLD:2025 NOR:2025 NZL:2022 NZL:2025 PRT:2018 USA:2018 USA:2022 USA:2025); ambiguous sınıf (DEU FIN NLD PRT SWE URY),0.35,keep,50.4,False,-20.3
E_level_floor_missing_kept,S124-lvl35+nan,C1+C2+C4; +libdem_2013 ≥ 0.350; libdem yoksa kalır,3,False,L3,on,False,,reading,29,31.3,MEX=0.65,2003 2006 2009 2012,0.65,21.66,33.07,-33.2,11.8,-1.6,25.2,0.6,0.433,0.633,13/30,19/30,"{""JPN"": 0.579, ""MEX"": 0.369, ""POL"": 0.053, ""URY"": 0.0, ""AUS"": 0.0, ""ISL"": 0.0, ""ITA"": 0.0, ""BRA"": 0.0, ""GRC"": 0.0, ""PRT"": 0.0, ""MAC"": 0.0, ""CZE"": 0.0, ""FRA"": 0.0, ""HUN"": 0.0, ""NOR"": 0.0, ""CAN"": 0.0, ""DNK"": 0.0, ""BEL"": 0.0, ""CHE"": 0.0, ""DEU"": 0.0, ""FIN"": 0.0, ""IRL"": 0.0, ""KOR"": 0.0, ""LVA"": 0.0, ""NLD"": 0.0, ""NZL"": 0.0, ""SVK"": 0.0, ""SWE"": 0.0, ""THA"": 0.0}",JPN,0.579,1.5,True,"{""treated_classes"": [""BRA"", ""CZE"", ""GRC"", ""HUN"", ""ITA"", ""KOR"", ""MEX"", ""POL"", ""SVK"", ""THA""], ""ambiguous"": [""DEU"", ""FIN"", ""NLD"", ""PRT"", ""SWE"", ""URY""], ""unscreened"": [""MAC""], ""paper2015"": [], ""asterisk"": [""AUS:2022"", ""CAN:2022"", ""CAN:2025"", ""DNK:2022"", ""IRL:2022"", ""LVA:2022"", ""NLD:2018"", ""NLD:2022"", ""NLD:2025"", ""NOR:2025"", ""NZL:2022"", ""NZL:2025"", ""PRT:2018""], ""non_oecd"": [""BRA"", ""MAC"", ""THA"", ""URY""], ""below_tur_libdem13"": [], ""libdem_missing"": [""MAC""]}",kirlenme: tedavi/otokratikleşen sınıf donörde (10: BRA CZE GRC HUN ITA KOR MEX POL SVK THA); taramasız ülke (1); yıldızlı ülke-döngü havuzda (AUS:2022 CAN:2022 CAN:2025 DNK:2022 IRL:2022 LVA:2022 NLD:2018 NLD:2022 NLD:2025 NOR:2025 NZL:2022 NZL:2025 PRT:2018); ambiguous sınıf (DEU FIN NLD PRT SWE URY),0.35,keep,34.1,False,-8.9
E_level_floor_missing_kept,S124-lvl35+nan,C1+C2+C4; +libdem_2013 ≥ 0.350; libdem yoksa kalır,3,False,L3,on,False,,science,41,49.8,ITA=0.94,2006 2009 2012,7.76,37.69,4.86,-19.2,19.2,37.5,59.5,24.2,0.119,0.976,5/42,41/42,"{""POL"": 0.726, ""PRT"": 0.274, ""SVK"": 0.0, ""USA"": 0.0, ""HUN"": 0.0, ""NZL"": 0.0, ""ISL"": 0.0, ""JPN"": 0.0, ""CHE"": 0.0, ""AUS"": 0.0, ""DEU"": 0.0, ""BRA"": 0.0, ""SWE"": 0.0, ""CHL"": 0.0, ""URY"": 0.0, ""BGR"": 0.0, ""KOR"": 0.0, ""COL"": 0.0, ""LTU"": 0.0, ""GRC"": 0.0, ""ITA"": 0.0, ""FIN"": 0.0, ""THA"": 0.0, ""NOR"": 0.0, ""ISR"": 0.0, ""IRL"": 0.0, ""FRA"": 0.0, ""MAC"": 0.0, ""LVA"": 0.0, ""MEX"": 0.0, ""DNK"": 0.0, ""GBR"": 0.0, ""BEL"": 0.0, ""CAN"": 0.0, ""CZE"": 0.0, ""EST"": 0.0, ""HRV"": 0.0, ""MNE"": 0.0, ""NLD"": 0.0, ""SVN"": 0.0, ""TWN"": 0.0}",POL,0.726,45.7,True,"{""treated_classes"": [""BRA"", ""CZE"", ""GBR"", ""GRC"", ""HRV"", ""HUN"", ""ITA"", ""KOR"", ""MEX"", ""MNE"", ""POL"", ""SVK"", ""SVN"", ""THA"", ""USA""], ""ambiguous"": [""CHL"", ""DEU"", ""FIN"", ""ISR"", ""NLD"", ""PRT"", ""SWE"", ""URY""], ""unscreened"": [""MAC""], ""paper2015"": [], ""asterisk"": [""AUS:2022"", ""CAN:2022"", ""CAN:2025"", ""DNK:2022"", ""GBR:2022"", ""IRL:2022"", ""LVA:2022"", ""NLD:2018"", ""NLD:2022"", ""NLD:2025"", ""NOR:2025"", ""NZL:2022"", ""NZL:2025"", ""PRT:2018"", ""USA:2018"", ""USA:2022"", ""USA:2025""], ""non_oecd"": [""BGR"", ""BRA"", ""HRV"", ""MAC"", ""MNE"", ""THA"", ""TWN"", ""URY""], ""below_tur_libdem13"": [], ""libdem_missing"": [""MAC""]}",kirlenme: tedavi/otokratikleşen sınıf donörde (15: BRA CZE GBR GRC HRV HUN ITA KOR MEX MNE POL SVK SVN THA USA); taramasız ülke (1); yıldızlı ülke-döngü havuzda (AUS:2022 CAN:2022 CAN:2025 DNK:2022 GBR:2022 IRL:2022 LVA:2022 NLD:2018 NLD:2022 NLD:2025 NOR:2025 NZL:2022 NZL:2025 PRT:2018 USA:2018 USA:2022 USA:2025); ambiguous sınıf (CHL DEU FIN ISR NLD PRT SWE URY),0.35,keep,48.8,False,10.7
E_level_floor_band,S134-lvl20,C1+C3+C4; +libdem_2013 ≥ 0.200,3,False,L1,off,False,,math,12,38.3,JPN=0.70,2003 2006 2009 2012,9.44,33.91,3.59,-8.7,30.2,32.8,50.4,26.2,0.077,0.769,1/13,10/13,"{""CHE"": 0.726, ""JPN"": 0.274, ""FRA"": 0.0, ""NOR"": 0.0, ""BEL"": 0.0, ""LVA"": 0.0, ""IRL"": 0.0, ""ISL"": 0.0, ""CAN"": 0.0, ""NZL"": 0.0, ""DNK"": 0.0, ""AUS"": 0.0}",CHE,0.726,51.5,False,"{""treated_classes"": [], ""ambiguous"": [], ""unscreened"": [], ""paper2015"": [], ""asterisk"": [""AUS:2022"", ""CAN:2022"", ""CAN:2025"", ""DNK:2022"", ""IRL:2022"", ""LVA:2022"", ""NOR:2025"", ""NZL:2022"", ""NZL:2025""], ""non_oecd"": [], ""below_tur_libdem13"": [], ""libdem_missing"": []}",yıldızlı ülke-döngü havuzda (AUS:2022 CAN:2022 CAN:2025 DNK:2022 IRL:2022 LVA:2022 NOR:2025 NZL:2022 NZL:2025),0.2,drop,50.4,False,0.0
E_level_floor_band,S134-lvl20,C1+C3+C4; +libdem_2013 ≥ 0.200,3,False,L1,off,False,,reading,12,53.3,FRA=0.77,2003 2006 2009 2012,2.41,23.58,9.78,-31.4,15.2,-0.6,31.7,3.7,0.462,0.538,6/13,7/13,"{""JPN"": 0.783, ""DNK"": 0.198, ""ISL"": 0.019, ""NZL"": 0.0, ""CAN"": 0.0, ""CHE"": 0.0, ""AUS"": 0.0, ""BEL"": 0.0, ""FRA"": 0.0, ""IRL"": 0.0, ""LVA"": 0.0, ""NOR"": 0.0}",JPN,0.783,31.9,False,"{""treated_classes"": [], ""ambiguous"": [], ""unscreened"": [], ""paper2015"": [], ""asterisk"": [""AUS:2022"", ""CAN:2022"", ""CAN:2025"", ""DNK:2022"", ""IRL:2022"", ""LVA:2022"", ""NOR:2025"", ""NZL:2022"", ""NZL:2025""], ""non_oecd"": [], ""below_tur_libdem13"": [], ""libdem_missing"": []}",yıldızlı ülke-döngü havuzda (AUS:2022 CAN:2022 CAN:2025 DNK:2022 IRL:2022 LVA:2022 NOR:2025 NZL:2022 NZL:2025),0.2,drop,34.1,False,-2.4
E_level_floor_band,S134-lvl20,C1+C3+C4; +libdem_2013 ≥ 0.200,3,False,L1,off,False,,science,17,34.1,COL=0.85,2006 2009 2012,10.94,32.61,2.98,-20.8,31.3,21.4,48.8,20.2,0.111,1.0,2/18,18/18,"{""JPN"": 1.0, ""ISL"": 0.0, ""NOR"": 0.0, ""COL"": 0.0, ""NZL"": 0.0, ""CHE"": 0.0, ""AUS"": 0.0, ""BGR"": 0.0, ""LVA"": 0.0, ""IRL"": 0.0, ""LTU"": 0.0, ""EST"": 0.0, ""FRA"": 0.0, ""DNK"": 0.0, ""BEL"": 0.0, ""CAN"": 0.0, ""TWN"": 0.0}",JPN,1.0,11.4,True,"{""treated_classes"": [], ""ambiguous"": [], ""unscreened"": [], ""paper2015"": [], ""asterisk"": [""AUS:2022"", ""CAN:2022"", ""CAN:2025"", ""DNK:2022"", ""IRL:2022"", ""LVA:2022"", ""NOR:2025"", ""NZL:2022"", ""NZL:2025""], ""non_oecd"": [""BGR"", ""TWN""], ""below_tur_libdem13"": [], ""libdem_missing"": []}",yıldızlı ülke-döngü havuzda (AUS:2022 CAN:2022 CAN:2025 DNK:2022 IRL:2022 LVA:2022 NOR:2025 NZL:2022 NZL:2025),0.2,drop,48.8,False,0.0
E_level_floor_missing_kept,S134-lvl20+nan,C1+C3+C4; +libdem_2013 ≥ 0.200; libdem yoksa kalır,3,False,L1,off,False,,math,12,38.3,JPN=0.70,2003 2006 2009 2012,9.44,33.91,3.59,-8.7,30.2,32.8,50.4,26.2,0.077,0.769,1/13,10/13,"{""CHE"": 0.726, ""JPN"": 0.274, ""FRA"": 0.0, ""NOR"": 0.0, ""BEL"": 0.0, ""LVA"": 0.0, ""IRL"": 0.0, ""ISL"": 0.0, ""CAN"": 0.0, ""NZL"": 0.0, ""DNK"": 0.0, ""AUS"": 0.0}",CHE,0.726,51.5,False,"{""treated_classes"": [], ""ambiguous"": [], ""unscreened"": [], ""paper2015"": [], ""asterisk"": [""AUS:2022"", ""CAN:2022"", ""CAN:2025"", ""DNK:2022"", ""IRL:2022"", ""LVA:2022"", ""NOR:2025"", ""NZL:2022"", ""NZL:2025""], ""non_oecd"": [], ""below_tur_libdem13"": [], ""libdem_missing"": []}",yıldızlı ülke-döngü havuzda (AUS:2022 CAN:2022 CAN:2025 DNK:2022 IRL:2022 LVA:2022 NOR:2025 NZL:2022 NZL:2025),0.2,keep,50.4,False,0.0
E_level_floor_missing_kept,S134-lvl20+nan,C1+C3+C4; +libdem_2013 ≥ 0.200; libdem yoksa kalır,3,False,L1,off,False,,reading,12,53.3,FRA=0.77,2003 2006 2009 2012,2.41,23.58,9.78,-31.4,15.2,-0.6,31.7,3.7,0.462,0.538,6/13,7/13,"{""JPN"": 0.783, ""DNK"": 0.198, ""ISL"": 0.019, ""NZL"": 0.0, ""CAN"": 0.0, ""CHE"": 0.0, ""AUS"": 0.0, ""BEL"": 0.0, ""FRA"": 0.0, ""IRL"": 0.0, ""LVA"": 0.0, ""NOR"": 0.0}",JPN,0.783,31.9,False,"{""treated_classes"": [], ""ambiguous"": [], ""unscreened"": [], ""paper2015"": [], ""asterisk"": [""AUS:2022"", ""CAN:2022"", ""CAN:2025"", ""DNK:2022"", ""IRL:2022"", ""LVA:2022"", ""NOR:2025"", ""NZL:2022"", ""NZL:2025""], ""non_oecd"": [], ""below_tur_libdem13"": [], ""libdem_missing"": []}",yıldızlı ülke-döngü havuzda (AUS:2022 CAN:2022 CAN:2025 DNK:2022 IRL:2022 LVA:2022 NOR:2025 NZL:2022 NZL:2025),0.2,keep,34.1,False,-2.4
E_level_floor_missing_kept,S134-lvl20+nan,C1+C3+C4; +libdem_2013 ≥ 0.200; libdem yoksa kalır,3,False,L1,off,False,,science,17,34.1,COL=0.85,2006 2009 2012,10.94,32.61,2.98,-20.8,31.3,21.4,48.8,20.2,0.111,1.0,2/18,18/18,"{""JPN"": 1.0, ""ISL"": 0.0, ""NOR"": 0.0, ""COL"": 0.0, ""NZL"": 0.0, ""CHE"": 0.0, ""AUS"": 0.0, ""BGR"": 0.0, ""LVA"": 0.0, ""IRL"": 0.0, ""LTU"": 0.0, ""EST"": 0.0, ""FRA"": 0.0, ""DNK"": 0.0, ""BEL"": 0.0, ""CAN"": 0.0, ""TWN"": 0.0}",JPN,1.0,11.4,True,"{""treated_classes"": [], ""ambiguous"": [], ""unscreened"": [], ""paper2015"": [], ""asterisk"": [""AUS:2022"", ""CAN:2022"", ""CAN:2025"", ""DNK:2022"", ""IRL:2022"", ""LVA:2022"", ""NOR:2025"", ""NZL:2022"", ""NZL:2025""], ""non_oecd"": [""BGR"", ""TWN""], ""below_tur_libdem13"": [], ""libdem_missing"": []}",yıldızlı ülke-döngü havuzda (AUS:2022 CAN:2022 CAN:2025 DNK:2022 IRL:2022 LVA:2022 NOR:2025 NZL:2022 NZL:2025),0.2,keep,48.8,False,0.0
E_level_floor_band,S134-lvl25,C1+C3+C4; +libdem_2013 ≥ 0.250,3,False,L1,off,False,,math,12,38.3,JPN=0.70,2003 2006 2009 2012,9.44,33.91,3.59,-8.7,30.2,32.8,50.4,26.2,0.077,0.769,1/13,10/13,"{""CHE"": 0.726, ""JPN"": 0.274, ""FRA"": 0.0, ""NOR"": 0.0, ""BEL"": 0.0, ""LVA"": 0.0, ""IRL"": 0.0, ""ISL"": 0.0, ""CAN"": 0.0, ""NZL"": 0.0, ""DNK"": 0.0, ""AUS"": 0.0}",CHE,0.726,51.5,False,"{""treated_classes"": [], ""ambiguous"": [], ""unscreened"": [], ""paper2015"": [], ""asterisk"": [""AUS:2022"", ""CAN:2022"", ""CAN:2025"", ""DNK:2022"", ""IRL:2022"", ""LVA:2022"", ""NOR:2025"", ""NZL:2022"", ""NZL:2025""], ""non_oecd"": [], ""below_tur_libdem13"": [], ""libdem_missing"": []}",yıldızlı ülke-döngü havuzda (AUS:2022 CAN:2022 CAN:2025 DNK:2022 IRL:2022 LVA:2022 NOR:2025 NZL:2022 NZL:2025),0.25,drop,50.4,False,0.0
E_level_floor_band,S134-lvl25,C1+C3+C4; +libdem_2013 ≥ 0.250,3,False,L1,off,False,,reading,12,53.3,FRA=0.77,2003 2006 2009 2012,2.41,23.58,9.78,-31.4,15.2,-0.6,31.7,3.7,0.462,0.538,6/13,7/13,"{""JPN"": 0.783, ""DNK"": 0.198, ""ISL"": 0.019, ""NZL"": 0.0, ""CAN"": 0.0, ""CHE"": 0.0, ""AUS"": 0.0, ""BEL"": 0.0, ""FRA"": 0.0, ""IRL"": 0.0, ""LVA"": 0.0, ""NOR"": 0.0}",JPN,0.783,31.9,False,"{""treated_classes"": [], ""ambiguous"": [], ""unscreened"": [], ""paper2015"": [], ""asterisk"": [""AUS:2022"", ""CAN:2022"", ""CAN:2025"", ""DNK:2022"", ""IRL:2022"", ""LVA:2022"", ""NOR:2025"", ""NZL:2022"", ""NZL:2025""], ""non_oecd"": [], ""below_tur_libdem13"": [], ""libdem_missing"": []}",yıldızlı ülke-döngü havuzda (AUS:2022 CAN:2022 CAN:2025 DNK:2022 IRL:2022 LVA:2022 NOR:2025 NZL:2022 NZL:2025),0.25,drop,34.1,False,-2.4
E_level_floor_band,S134-lvl25,C1+C3+C4; +libdem_2013 ≥ 0.250,3,False,L1,off,False,,science,17,34.1,COL=0.85,2006 2009 2012,10.94,32.61,2.98,-20.8,31.3,21.4,48.8,20.2,0.111,1.0,2/18,18/18,"{""JPN"": 1.0, ""ISL"": 0.0, ""NOR"": 0.0, ""COL"": 0.0, ""NZL"": 0.0, ""CHE"": 0.0, ""AUS"": 0.0, ""BGR"": 0.0, ""LVA"": 0.0, ""IRL"": 0.0, ""LTU"": 0.0, ""EST"": 0.0, ""FRA"": 0.0, ""DNK"": 0.0, ""BEL"": 0.0, ""CAN"": 0.0, ""TWN"": 0.0}",JPN,1.0,11.4,True,"{""treated_classes"": [], ""ambiguous"": [], ""unscreened"": [], ""paper2015"": [], ""asterisk"": [""AUS:2022"", ""CAN:2022"", ""CAN:2025"", ""DNK:2022"", ""IRL:2022"", ""LVA:2022"", ""NOR:2025"", ""NZL:2022"", ""NZL:2025""], ""non_oecd"": [""BGR"", ""TWN""], ""below_tur_libdem13"": [], ""libdem_missing"": []}",yıldızlı ülke-döngü havuzda (AUS:2022 CAN:2022 CAN:2025 DNK:2022 IRL:2022 LVA:2022 NOR:2025 NZL:2022 NZL:2025),0.25,drop,48.8,False,0.0
E_level_floor_missing_kept,S134-lvl25+nan,C1+C3+C4; +libdem_2013 ≥ 0.250; libdem yoksa kalır,3,False,L1,off,False,,math,12,38.3,JPN=0.70,2003 2006 2009 2012,9.44,33.91,3.59,-8.7,30.2,32.8,50.4,26.2,0.077,0.769,1/13,10/13,"{""CHE"": 0.726, ""JPN"": 0.274, ""FRA"": 0.0, ""NOR"": 0.0, ""BEL"": 0.0, ""LVA"": 0.0, ""IRL"": 0.0, ""ISL"": 0.0, ""CAN"": 0.0, ""NZL"": 0.0, ""DNK"": 0.0, ""AUS"": 0.0}",CHE,0.726,51.5,False,"{""treated_classes"": [], ""ambiguous"": [], ""unscreened"": [], ""paper2015"": [], ""asterisk"": [""AUS:2022"", ""CAN:2022"", ""CAN:2025"", ""DNK:2022"", ""IRL:2022"", ""LVA:2022"", ""NOR:2025"", ""NZL:2022"", ""NZL:2025""], ""non_oecd"": [], ""below_tur_libdem13"": [], ""libdem_missing"": []}",yıldızlı ülke-döngü havuzda (AUS:2022 CAN:2022 CAN:2025 DNK:2022 IRL:2022 LVA:2022 NOR:2025 NZL:2022 NZL:2025),0.25,keep,50.4,False,0.0
E_level_floor_missing_kept,S134-lvl25+nan,C1+C3+C4; +libdem_2013 ≥ 0.250; libdem yoksa kalır,3,False,L1,off,False,,reading,12,53.3,FRA=0.77,2003 2006 2009 2012,2.41,23.58,9.78,-31.4,15.2,-0.6,31.7,3.7,0.462,0.538,6/13,7/13,"{""JPN"": 0.783, ""DNK"": 0.198, ""ISL"": 0.019, ""NZL"": 0.0, ""CAN"": 0.0, ""CHE"": 0.0, ""AUS"": 0.0, ""BEL"": 0.0, ""FRA"": 0.0, ""IRL"": 0.0, ""LVA"": 0.0, ""NOR"": 0.0}",JPN,0.783,31.9,False,"{""treated_classes"": [], ""ambiguous"": [], ""unscreened"": [], ""paper2015"": [], ""asterisk"": [""AUS:2022"", ""CAN:2022"", ""CAN:2025"", ""DNK:2022"", ""IRL:2022"", ""LVA:2022"", ""NOR:2025"", ""NZL:2022"", ""NZL:2025""], ""non_oecd"": [], ""below_tur_libdem13"": [], ""libdem_missing"": []}",yıldızlı ülke-döngü havuzda (AUS:2022 CAN:2022 CAN:2025 DNK:2022 IRL:2022 LVA:2022 NOR:2025 NZL:2022 NZL:2025),0.25,keep,34.1,False,-2.4
E_level_floor_missing_kept,S134-lvl25+nan,C1+C3+C4; +libdem_2013 ≥ 0.250; libdem yoksa kalır,3,False,L1,off,False,,science,17,34.1,COL=0.85,2006 2009 2012,10.94,32.61,2.98,-20.8,31.3,21.4,48.8,20.2,0.111,1.0,2/18,18/18,"{""JPN"": 1.0, ""ISL"": 0.0, ""NOR"": 0.0, ""COL"": 0.0, ""NZL"": 0.0, ""CHE"": 0.0, ""AUS"": 0.0, ""BGR"": 0.0, ""LVA"": 0.0, ""IRL"": 0.0, ""LTU"": 0.0, ""EST"": 0.0, ""FRA"": 0.0, ""DNK"": 0.0, ""BEL"": 0.0, ""CAN"": 0.0, ""TWN"": 0.0}",JPN,1.0,11.4,True,"{""treated_classes"": [], ""ambiguous"": [], ""unscreened"": [], ""paper2015"": [], ""asterisk"": [""AUS:2022"", ""CAN:2022"", ""CAN:2025"", ""DNK:2022"", ""IRL:2022"", ""LVA:2022"", ""NOR:2025"", ""NZL:2022"", ""NZL:2025""], ""non_oecd"": [""BGR"", ""TWN""], ""below_tur_libdem13"": [], ""libdem_missing"": []}",yıldızlı ülke-döngü havuzda (AUS:2022 CAN:2022 CAN:2025 DNK:2022 IRL:2022 LVA:2022 NOR:2025 NZL:2022 NZL:2025),0.25,keep,48.8,False,0.0
E_level_floor,S134-lvl,C1+C3+C4; +libdem_2013 ≥ 0.289,3,False,L1,off,False,,math,12,38.3,JPN=0.70,2003 2006 2009 2012,9.44,33.91,3.59,-8.7,30.2,32.8,50.4,26.2,0.077,0.769,1/13,10/13,"{""CHE"": 0.726, ""JPN"": 0.274, ""FRA"": 0.0, ""NOR"": 0.0, ""BEL"": 0.0, ""LVA"": 0.0, ""IRL"": 0.0, ""ISL"": 0.0, ""CAN"": 0.0, ""NZL"": 0.0, ""DNK"": 0.0, ""AUS"": 0.0}",CHE,0.726,51.5,False,"{""treated_classes"": [], ""ambiguous"": [], ""unscreened"": [], ""paper2015"": [], ""asterisk"": [""AUS:2022"", ""CAN:2022"", ""CAN:2025"", ""DNK:2022"", ""IRL:2022"", ""LVA:2022"", ""NOR:2025"", ""NZL:2022"", ""NZL:2025""], ""non_oecd"": [], ""below_tur_libdem13"": [], ""libdem_missing"": []}",yıldızlı ülke-döngü havuzda (AUS:2022 CAN:2022 CAN:2025 DNK:2022 IRL:2022 LVA:2022 NOR:2025 NZL:2022 NZL:2025),0.289,drop,50.4,False,0.0
E_level_floor,S134-lvl,C1+C3+C4; +libdem_2013 ≥ 0.289,3,False,L1,off,False,,reading,12,53.3,FRA=0.77,2003 2006 2009 2012,2.41,23.58,9.78,-31.4,15.2,-0.6,31.7,3.7,0.462,0.538,6/13,7/13,"{""JPN"": 0.783, ""DNK"": 0.198, ""ISL"": 0.019, ""NZL"": 0.0, ""CAN"": 0.0, ""CHE"": 0.0, ""AUS"": 0.0, ""BEL"": 0.0, ""FRA"": 0.0, ""IRL"": 0.0, ""LVA"": 0.0, ""NOR"": 0.0}",JPN,0.783,31.9,False,"{""treated_classes"": [], ""ambiguous"": [], ""unscreened"": [], ""paper2015"": [], ""asterisk"": [""AUS:2022"", ""CAN:2022"", ""CAN:2025"", ""DNK:2022"", ""IRL:2022"", ""LVA:2022"", ""NOR:2025"", ""NZL:2022"", ""NZL:2025""], ""non_oecd"": [], ""below_tur_libdem13"": [], ""libdem_missing"": []}",yıldızlı ülke-döngü havuzda (AUS:2022 CAN:2022 CAN:2025 DNK:2022 IRL:2022 LVA:2022 NOR:2025 NZL:2022 NZL:2025),0.289,drop,34.1,False,-2.4
E_level_floor,S134-lvl,C1+C3+C4; +libdem_2013 ≥ 0.289,3,False,L1,off,False,,science,17,34.1,COL=0.85,2006 2009 2012,10.94,32.61,2.98,-20.8,31.3,21.4,48.8,20.2,0.111,1.0,2/18,18/18,"{""JPN"": 1.0, ""ISL"": 0.0, ""NOR"": 0.0, ""COL"": 0.0, ""NZL"": 0.0, ""CHE"": 0.0, ""AUS"": 0.0, ""BGR"": 0.0, ""LVA"": 0.0, ""IRL"": 0.0, ""LTU"": 0.0, ""EST"": 0.0, ""FRA"": 0.0, ""DNK"": 0.0, ""BEL"": 0.0, ""CAN"": 0.0, ""TWN"": 0.0}",JPN,1.0,11.4,True,"{""treated_classes"": [], ""ambiguous"": [], ""unscreened"": [], ""paper2015"": [], ""asterisk"": [""AUS:2022"", ""CAN:2022"", ""CAN:2025"", ""DNK:2022"", ""IRL:2022"", ""LVA:2022"", ""NOR:2025"", ""NZL:2022"", ""NZL:2025""], ""non_oecd"": [""BGR"", ""TWN""], ""below_tur_libdem13"": [], ""libdem_missing"": []}",yıldızlı ülke-döngü havuzda (AUS:2022 CAN:2022 CAN:2025 DNK:2022 IRL:2022 LVA:2022 NOR:2025 NZL:2022 NZL:2025),0.289,drop,48.8,False,0.0
E_level_floor_missing_kept,S134-lvl289+nan,C1+C3+C4; +libdem_2013 ≥ 0.289; libdem yoksa kalır,3,False,L1,off,False,,math,12,38.3,JPN=0.70,2003 2006 2009 2012,9.44,33.91,3.59,-8.7,30.2,32.8,50.4,26.2,0.077,0.769,1/13,10/13,"{""CHE"": 0.726, ""JPN"": 0.274, ""FRA"": 0.0, ""NOR"": 0.0, ""BEL"": 0.0, ""LVA"": 0.0, ""IRL"": 0.0, ""ISL"": 0.0, ""CAN"": 0.0, ""NZL"": 0.0, ""DNK"": 0.0, ""AUS"": 0.0}",CHE,0.726,51.5,False,"{""treated_classes"": [], ""ambiguous"": [], ""unscreened"": [], ""paper2015"": [], ""asterisk"": [""AUS:2022"", ""CAN:2022"", ""CAN:2025"", ""DNK:2022"", ""IRL:2022"", ""LVA:2022"", ""NOR:2025"", ""NZL:2022"", ""NZL:2025""], ""non_oecd"": [], ""below_tur_libdem13"": [], ""libdem_missing"": []}",yıldızlı ülke-döngü havuzda (AUS:2022 CAN:2022 CAN:2025 DNK:2022 IRL:2022 LVA:2022 NOR:2025 NZL:2022 NZL:2025),0.289,keep,50.4,False,0.0
E_level_floor_missing_kept,S134-lvl289+nan,C1+C3+C4; +libdem_2013 ≥ 0.289; libdem yoksa kalır,3,False,L1,off,False,,reading,12,53.3,FRA=0.77,2003 2006 2009 2012,2.41,23.58,9.78,-31.4,15.2,-0.6,31.7,3.7,0.462,0.538,6/13,7/13,"{""JPN"": 0.783, ""DNK"": 0.198, ""ISL"": 0.019, ""NZL"": 0.0, ""CAN"": 0.0, ""CHE"": 0.0, ""AUS"": 0.0, ""BEL"": 0.0, ""FRA"": 0.0, ""IRL"": 0.0, ""LVA"": 0.0, ""NOR"": 0.0}",JPN,0.783,31.9,False,"{""treated_classes"": [], ""ambiguous"": [], ""unscreened"": [], ""paper2015"": [], ""asterisk"": [""AUS:2022"", ""CAN:2022"", ""CAN:2025"", ""DNK:2022"", ""IRL:2022"", ""LVA:2022"", ""NOR:2025"", ""NZL:2022"", ""NZL:2025""], ""non_oecd"": [], ""below_tur_libdem13"": [], ""libdem_missing"": []}",yıldızlı ülke-döngü havuzda (AUS:2022 CAN:2022 CAN:2025 DNK:2022 IRL:2022 LVA:2022 NOR:2025 NZL:2022 NZL:2025),0.289,keep,34.1,False,-2.4
E_level_floor_missing_kept,S134-lvl289+nan,C1+C3+C4; +libdem_2013 ≥ 0.289; libdem yoksa kalır,3,False,L1,off,False,,science,17,34.1,COL=0.85,2006 2009 2012,10.94,32.61,2.98,-20.8,31.3,21.4,48.8,20.2,0.111,1.0,2/18,18/18,"{""JPN"": 1.0, ""ISL"": 0.0, ""NOR"": 0.0, ""COL"": 0.0, ""NZL"": 0.0, ""CHE"": 0.0, ""AUS"": 0.0, ""BGR"": 0.0, ""LVA"": 0.0, ""IRL"": 0.0, ""LTU"": 0.0, ""EST"": 0.0, ""FRA"": 0.0, ""DNK"": 0.0, ""BEL"": 0.0, ""CAN"": 0.0, ""TWN"": 0.0}",JPN,1.0,11.4,True,"{""treated_classes"": [], ""ambiguous"": [], ""unscreened"": [], ""paper2015"": [], ""asterisk"": [""AUS:2022"", ""CAN:2022"", ""CAN:2025"", ""DNK:2022"", ""IRL:2022"", ""LVA:2022"", ""NOR:2025"", ""NZL:2022"", ""NZL:2025""], ""non_oecd"": [""BGR"", ""TWN""], ""below_tur_libdem13"": [], ""libdem_missing"": []}",yıldızlı ülke-döngü havuzda (AUS:2022 CAN:2022 CAN:2025 DNK:2022 IRL:2022 LVA:2022 NOR:2025 NZL:2022 NZL:2025),0.289,keep,48.8,False,0.0
E_level_floor_band,S134-lvl35,C1+C3+C4; +libdem_2013 ≥ 0.350,3,False,L1,off,False,,math,12,38.3,JPN=0.70,2003 2006 2009 2012,9.44,33.91,3.59,-8.7,30.2,32.8,50.4,26.2,0.077,0.769,1/13,10/13,"{""CHE"": 0.726, ""JPN"": 0.274, ""FRA"": 0.0, ""NOR"": 0.0, ""BEL"": 0.0, ""LVA"": 0.0, ""IRL"": 0.0, ""ISL"": 0.0, ""CAN"": 0.0, ""NZL"": 0.0, ""DNK"": 0.0, ""AUS"": 0.0}",CHE,0.726,51.5,False,"{""treated_classes"": [], ""ambiguous"": [], ""unscreened"": [], ""paper2015"": [], ""asterisk"": [""AUS:2022"", ""CAN:2022"", ""CAN:2025"", ""DNK:2022"", ""IRL:2022"", ""LVA:2022"", ""NOR:2025"", ""NZL:2022"", ""NZL:2025""], ""non_oecd"": [], ""below_tur_libdem13"": [], ""libdem_missing"": []}",yıldızlı ülke-döngü havuzda (AUS:2022 CAN:2022 CAN:2025 DNK:2022 IRL:2022 LVA:2022 NOR:2025 NZL:2022 NZL:2025),0.35,drop,50.4,False,0.0
E_level_floor_band,S134-lvl35,C1+C3+C4; +libdem_2013 ≥ 0.350,3,False,L1,off,False,,reading,12,53.3,FRA=0.77,2003 2006 2009 2012,2.41,23.58,9.78,-31.4,15.2,-0.6,31.7,3.7,0.462,0.538,6/13,7/13,"{""JPN"": 0.783, ""DNK"": 0.198, ""ISL"": 0.019, ""NZL"": 0.0, ""CAN"": 0.0, ""CHE"": 0.0, ""AUS"": 0.0, ""BEL"": 0.0, ""FRA"": 0.0, ""IRL"": 0.0, ""LVA"": 0.0, ""NOR"": 0.0}",JPN,0.783,31.9,False,"{""treated_classes"": [], ""ambiguous"": [], ""unscreened"": [], ""paper2015"": [], ""asterisk"": [""AUS:2022"", ""CAN:2022"", ""CAN:2025"", ""DNK:2022"", ""IRL:2022"", ""LVA:2022"", ""NOR:2025"", ""NZL:2022"", ""NZL:2025""], ""non_oecd"": [], ""below_tur_libdem13"": [], ""libdem_missing"": []}",yıldızlı ülke-döngü havuzda (AUS:2022 CAN:2022 CAN:2025 DNK:2022 IRL:2022 LVA:2022 NOR:2025 NZL:2022 NZL:2025),0.35,drop,34.1,False,-2.4
E_level_floor_band,S134-lvl35,C1+C3+C4; +libdem_2013 ≥ 0.350,3,False,L1,off,False,,science,17,34.1,COL=0.85,2006 2009 2012,10.94,32.61,2.98,-20.8,31.3,21.4,48.8,20.2,0.111,1.0,2/18,18/18,"{""JPN"": 1.0, ""ISL"": 0.0, ""NOR"": 0.0, ""COL"": 0.0, ""NZL"": 0.0, ""CHE"": 0.0, ""AUS"": 0.0, ""BGR"": 0.0, ""LVA"": 0.0, ""IRL"": 0.0, ""LTU"": 0.0, ""EST"": 0.0, ""FRA"": 0.0, ""DNK"": 0.0, ""BEL"": 0.0, ""CAN"": 0.0, ""TWN"": 0.0}",JPN,1.0,11.4,True,"{""treated_classes"": [], ""ambiguous"": [], ""unscreened"": [], ""paper2015"": [], ""asterisk"": [""AUS:2022"", ""CAN:2022"", ""CAN:2025"", ""DNK:2022"", ""IRL:2022"", ""LVA:2022"", ""NOR:2025"", ""NZL:2022"", ""NZL:2025""], ""non_oecd"": [""BGR"", ""TWN""], ""below_tur_libdem13"": [], ""libdem_missing"": []}",yıldızlı ülke-döngü havuzda (AUS:2022 CAN:2022 CAN:2025 DNK:2022 IRL:2022 LVA:2022 NOR:2025 NZL:2022 NZL:2025),0.35,drop,48.8,False,0.0
E_level_floor_missing_kept,S134-lvl35+nan,C1+C3+C4; +libdem_2013 ≥ 0.350; libdem yoksa kalır,3,False,L1,off,False,,math,12,38.3,JPN=0.70,2003 2006 2009 2012,9.44,33.91,3.59,-8.7,30.2,32.8,50.4,26.2,0.077,0.769,1/13,10/13,"{""CHE"": 0.726, ""JPN"": 0.274, ""FRA"": 0.0, ""NOR"": 0.0, ""BEL"": 0.0, ""LVA"": 0.0, ""IRL"": 0.0, ""ISL"": 0.0, ""CAN"": 0.0, ""NZL"": 0.0, ""DNK"": 0.0, ""AUS"": 0.0}",CHE,0.726,51.5,False,"{""treated_classes"": [], ""ambiguous"": [], ""unscreened"": [], ""paper2015"": [], ""asterisk"": [""AUS:2022"", ""CAN:2022"", ""CAN:2025"", ""DNK:2022"", ""IRL:2022"", ""LVA:2022"", ""NOR:2025"", ""NZL:2022"", ""NZL:2025""], ""non_oecd"": [], ""below_tur_libdem13"": [], ""libdem_missing"": []}",yıldızlı ülke-döngü havuzda (AUS:2022 CAN:2022 CAN:2025 DNK:2022 IRL:2022 LVA:2022 NOR:2025 NZL:2022 NZL:2025),0.35,keep,50.4,False,0.0
E_level_floor_missing_kept,S134-lvl35+nan,C1+C3+C4; +libdem_2013 ≥ 0.350; libdem yoksa kalır,3,False,L1,off,False,,reading,12,53.3,FRA=0.77,2003 2006 2009 2012,2.41,23.58,9.78,-31.4,15.2,-0.6,31.7,3.7,0.462,0.538,6/13,7/13,"{""JPN"": 0.783, ""DNK"": 0.198, ""ISL"": 0.019, ""NZL"": 0.0, ""CAN"": 0.0, ""CHE"": 0.0, ""AUS"": 0.0, ""BEL"": 0.0, ""FRA"": 0.0, ""IRL"": 0.0, ""LVA"": 0.0, ""NOR"": 0.0}",JPN,0.783,31.9,False,"{""treated_classes"": [], ""ambiguous"": [], ""unscreened"": [], ""paper2015"": [], ""asterisk"": [""AUS:2022"", ""CAN:2022"", ""CAN:2025"", ""DNK:2022"", ""IRL:2022"", ""LVA:2022"", ""NOR:2025"", ""NZL:2022"", ""NZL:2025""], ""non_oecd"": [], ""below_tur_libdem13"": [], ""libdem_missing"": []}",yıldızlı ülke-döngü havuzda (AUS:2022 CAN:2022 CAN:2025 DNK:2022 IRL:2022 LVA:2022 NOR:2025 NZL:2022 NZL:2025),0.35,keep,34.1,False,-2.4
E_level_floor_missing_kept,S134-lvl35+nan,C1+C3+C4; +libdem_2013 ≥ 0.350; libdem yoksa kalır,3,False,L1,off,False,,science,17,34.1,COL=0.85,2006 2009 2012,10.94,32.61,2.98,-20.8,31.3,21.4,48.8,20.2,0.111,1.0,2/18,18/18,"{""JPN"": 1.0, ""ISL"": 0.0, ""NOR"": 0.0, ""COL"": 0.0, ""NZL"": 0.0, ""CHE"": 0.0, ""AUS"": 0.0, ""BGR"": 0.0, ""LVA"": 0.0, ""IRL"": 0.0, ""LTU"": 0.0, ""EST"": 0.0, ""FRA"": 0.0, ""DNK"": 0.0, ""BEL"": 0.0, ""CAN"": 0.0, ""TWN"": 0.0}",JPN,1.0,11.4,True,"{""treated_classes"": [], ""ambiguous"": [], ""unscreened"": [], ""paper2015"": [], ""asterisk"": [""AUS:2022"", ""CAN:2022"", ""CAN:2025"", ""DNK:2022"", ""IRL:2022"", ""LVA:2022"", ""NOR:2025"", ""NZL:2022"", ""NZL:2025""], ""non_oecd"": [""BGR"", ""TWN""], ""below_tur_libdem13"": [], ""libdem_missing"": []}",yıldızlı ülke-döngü havuzda (AUS:2022 CAN:2022 CAN:2025 DNK:2022 IRL:2022 LVA:2022 NOR:2025 NZL:2022 NZL:2025),0.35,keep,48.8,False,0.0
E_level_floor_band,S1234-lvl20,C1+C2+C3+C4; +libdem_2013 ≥ 0.200,4,False,L3,off,False,,math,31,40.8,PRT=0.86,2003 2006 2009 2012,0.75,22.41,29.77,-26.5,6.8,18.7,30.1,7.3,0.219,0.5,7/32,16/32,"{""ITA"": 0.705, ""BRA"": 0.295, ""IDN"": 0.0, ""FIN"": 0.0, ""GRC"": 0.0, ""MEX"": 0.0, ""IRL"": 0.0, ""URY"": 0.0, ""DNK"": 0.0, ""CZE"": 0.0, ""KOR"": 0.0, ""LVA"": 0.0, ""NZL"": 0.0, ""HUN"": 0.0, ""SWE"": 0.0, ""AUS"": 0.0, ""POL"": 0.0, ""USA"": 0.0, ""JPN"": 0.0, ""PRT"": 0.0, ""FRA"": 0.0, ""NOR"": 0.0, ""HKG"": 0.0, ""ISL"": 0.0, ""SVK"": 0.0, ""DEU"": 0.0, ""BEL"": 0.0, ""CAN"": 0.0, ""NLD"": 0.0, ""THA"": 0.0, ""CHE"": 0.0}",ITA,0.705,55.4,True,"{""treated_classes"": [""BRA"", ""CZE"", ""GRC"", ""HKG"", ""HUN"", ""IDN"", ""ITA"", ""KOR"", ""MEX"", ""POL"", ""SVK"", ""THA"", ""USA""], ""ambiguous"": [""DEU"", ""FIN"", ""NLD"", ""PRT"", ""SWE"", ""URY""], ""unscreened"": [], ""paper2015"": [""IDN""], ""asterisk"": [""AUS:2022"", ""CAN:2022"", ""CAN:2025"", ""DNK:2022"", ""HKG:2018"", ""HKG:2022"", ""IRL:2022"", ""LVA:2022"", ""NLD:2018"", ""NLD:2022"", ""NLD:2025"", ""NOR:2025"", ""NZL:2022"", ""NZL:2025"", ""PRT:2018"", ""USA:2018"", ""USA:2022"", ""USA:2025""], ""non_oecd"": [""BRA"", ""HKG"", ""IDN"", ""THA"", ""URY""], ""below_tur_libdem13"": [], ""libdem_missing"": []}",kirlenme: tedavi/otokratikleşen sınıf donörde (13: BRA CZE GRC HKG HUN IDN ITA KOR MEX POL SVK THA USA); 2015 kâğıt ülkeleri havuzda (IDN) — mod etkisi kontrol grubuna bulaşır; yıldızlı ülke-döngü havuzda (AUS:2022 CAN:2022 CAN:2025 DNK:2022 HKG:2018 HKG:2022 IRL:2022 LVA:2022 NLD:2018 NLD:2022 NLD:2025 NOR:2025 NZL:2022 NZL:2025 PRT:2018 USA:2018 USA:2022 USA:2025); ambiguous sınıf (DEU FIN NLD PRT SWE URY),0.2,drop,50.4,False,-20.3
E_level_floor_band,S1234-lvl20,C1+C2+C3+C4; +libdem_2013 ≥ 0.200,4,False,L3,off,False,,reading,30,33.1,MEX=0.61,2003 2006 2009 2012,0.04,22.69,628.15,-32.2,13.3,1.0,29.1,2.8,0.419,0.581,13/31,18/31,"{""JPN"": 0.583, ""MEX"": 0.308, ""HKG"": 0.109, ""URY"": 0.0, ""FIN"": 0.0, ""HUN"": 0.0, ""DEU"": 0.0, ""GRC"": 0.0, ""ISL"": 0.0, ""NOR"": 0.0, ""THA"": 0.0, ""LVA"": 0.0, ""NZL"": 0.0, ""DNK"": 0.0, ""IDN"": 0.0, ""AUS"": 0.0, ""BEL"": 0.0, ""BRA"": 0.0, ""CAN"": 0.0, ""CHE"": 0.0, ""CZE"": 0.0, ""FRA"": 0.0, ""IRL"": 0.0, ""ITA"": 0.0, ""KOR"": 0.0, ""NLD"": 0.0, ""POL"": 0.0, ""PRT"": 0.0, ""SVK"": 0.0, ""SWE"": 0.0}",JPN,0.583,1.5,True,"{""treated_classes"": [""BRA"", ""CZE"", ""GRC"", ""HKG"", ""HUN"", ""IDN"", ""ITA"", ""KOR"", ""MEX"", ""POL"", ""SVK"", ""THA""], ""ambiguous"": [""DEU"", ""FIN"", ""NLD"", ""PRT"", ""SWE"", ""URY""], ""unscreened"": [], ""paper2015"": [""IDN""], ""asterisk"": [""AUS:2022"", ""CAN:2022"", ""CAN:2025"", ""DNK:2022"", ""HKG:2018"", ""HKG:2022"", ""IRL:2022"", ""LVA:2022"", ""NLD:2018"", ""NLD:2022"", ""NLD:2025"", ""NOR:2025"", ""NZL:2022"", ""NZL:2025"", ""PRT:2018""], ""non_oecd"": [""BRA"", ""HKG"", ""IDN"", ""THA"", ""URY""], ""below_tur_libdem13"": [], ""libdem_missing"": []}",kirlenme: tedavi/otokratikleşen sınıf donörde (12: BRA CZE GRC HKG HUN IDN ITA KOR MEX POL SVK THA); 2015 kâğıt ülkeleri havuzda (IDN) — mod etkisi kontrol grubuna bulaşır; yıldızlı ülke-döngü havuzda (AUS:2022 CAN:2022 CAN:2025 DNK:2022 HKG:2018 HKG:2022 IRL:2022 LVA:2022 NLD:2018 NLD:2022 NLD:2025 NOR:2025 NZL:2022 NZL:2025 PRT:2018); ambiguous sınıf (DEU FIN NLD PRT SWE URY),0.2,drop,34.1,False,-5.0
E_level_floor_band,S1234-lvl20,C1+C2+C3+C4; +libdem_2013 ≥ 0.200,4,False,L3,off,False,,science,43,51.0,ROU=0.71,2006 2009 2012,7.76,37.69,4.86,-19.2,19.2,37.5,59.5,24.2,0.068,0.977,3/44,43/44,"{""POL"": 0.726, ""PRT"": 0.274, ""CHL"": 0.0, ""NOR"": 0.0, ""KOR"": 0.0, ""SVK"": 0.0, ""ROU"": 0.0, ""COL"": 0.0, ""USA"": 0.0, ""CHE"": 0.0, ""HKG"": 0.0, ""BRA"": 0.0, ""DEU"": 0.0, ""JPN"": 0.0, ""HUN"": 0.0, ""LTU"": 0.0, ""NZL"": 0.0, ""SVN"": 0.0, ""ITA"": 0.0, ""BGR"": 0.0, ""ISL"": 0.0, ""LVA"": 0.0, ""THA"": 0.0, ""ISR"": 0.0, ""FRA"": 0.0, ""CAN"": 0.0, ""IRL"": 0.0, ""MEX"": 0.0, ""DNK"": 0.0, ""GRC"": 0.0, ""EST"": 0.0, ""AUS"": 0.0, ""CZE"": 0.0, ""MNE"": 0.0, ""IDN"": 0.0, ""TWN"": 0.0, ""HRV"": 0.0, ""NLD"": 0.0, ""SWE"": 0.0, ""GBR"": 0.0, ""FIN"": 0.0, ""URY"": 0.0, ""BEL"": 0.0}",POL,0.726,42.8,True,"{""treated_classes"": [""BRA"", ""CZE"", ""GBR"", ""GRC"", ""HKG"", ""HRV"", ""HUN"", ""IDN"", ""ITA"", ""KOR"", ""MEX"", ""MNE"", ""POL"", ""ROU"", ""SVK"", ""SVN"", ""THA"", ""USA""], ""ambiguous"": [""CHL"", ""DEU"", ""FIN"", ""ISR"", ""NLD"", ""PRT"", ""SWE"", ""URY""], ""unscreened"": [], ""paper2015"": [""IDN"", ""ROU""], ""asterisk"": [""AUS:2022"", ""CAN:2022"", ""CAN:2025"", ""DNK:2022"", ""GBR:2022"", ""HKG:2018"", ""HKG:2022"", ""IRL:2022"", ""LVA:2022"", ""NLD:2018"", ""NLD:2022"", ""NLD:2025"", ""NOR:2025"", ""NZL:2022"", ""NZL:2025"", ""PRT:2018"", ""USA:2018"", ""USA:2022"", ""USA:2025""], ""non_oecd"": [""BGR"", ""BRA"", ""HKG"", ""HRV"", ""IDN"", ""MNE"", ""ROU"", ""THA"", ""TWN"", ""URY""], ""below_tur_libdem13"": [], ""libdem_missing"": []}",kirlenme: tedavi/otokratikleşen sınıf donörde (18: BRA CZE GBR GRC HKG HRV HUN IDN ITA KOR MEX MNE POL ROU SVK SVN THA USA); 2015 kâğıt ülkeleri havuzda (IDN ROU) — mod etkisi kontrol grubuna bulaşır; yıldızlı ülke-döngü havuzda (AUS:2022 CAN:2022 CAN:2025 DNK:2022 GBR:2022 HKG:2018 HKG:2022 IRL:2022 LVA:2022 NLD:2018 NLD:2022 NLD:2025 NOR:2025 NZL:2022 NZL:2025 PRT:2018 USA:2018 USA:2022 USA:2025); ambiguous sınıf (CHL DEU FIN ISR NLD PRT SWE URY),0.2,drop,48.8,False,10.7
E_level_floor_missing_kept,S1234-lvl20+nan,C1+C2+C3+C4; +libdem_2013 ≥ 0.200; libdem yoksa kalır,4,False,L3,off,False,,math,32,40.8,PRT=0.86,2003 2006 2009 2012,0.75,22.41,29.77,-26.5,6.8,18.7,30.1,7.3,0.242,0.515,8/33,17/33,"{""ITA"": 0.705, ""BRA"": 0.295, ""IDN"": 0.0, ""FIN"": 0.0, ""MEX"": 0.0, ""GRC"": 0.0, ""URY"": 0.0, ""IRL"": 0.0, ""KOR"": 0.0, ""DNK"": 0.0, ""NZL"": 0.0, ""LVA"": 0.0, ""CZE"": 0.0, ""AUS"": 0.0, ""HUN"": 0.0, ""SWE"": 0.0, ""POL"": 0.0, ""USA"": 0.0, ""JPN"": 0.0, ""PRT"": 0.0, ""FRA"": 0.0, ""NOR"": 0.0, ""HKG"": 0.0, ""ISL"": 0.0, ""SVK"": 0.0, ""DEU"": 0.0, ""MAC"": 0.0, ""BEL"": 0.0, ""CAN"": 0.0, ""THA"": 0.0, ""NLD"": 0.0, ""CHE"": 0.0}",ITA,0.705,1.0,True,"{""treated_classes"": [""BRA"", ""CZE"", ""GRC"", ""HKG"", ""HUN"", ""IDN"", ""ITA"", ""KOR"", ""MEX"", ""POL"", ""SVK"", ""THA"", ""USA""], ""ambiguous"": [""DEU"", ""FIN"", ""NLD"", ""PRT"", ""SWE"", ""URY""], ""unscreened"": [""MAC""], ""paper2015"": [""IDN""], ""asterisk"": [""AUS:2022"", ""CAN:2022"", ""CAN:2025"", ""DNK:2022"", ""HKG:2018"", ""HKG:2022"", ""IRL:2022"", ""LVA:2022"", ""NLD:2018"", ""NLD:2022"", ""NLD:2025"", ""NOR:2025"", ""NZL:2022"", ""NZL:2025"", ""PRT:2018"", ""USA:2018"", ""USA:2022"", ""USA:2025""], ""non_oecd"": [""BRA"", ""HKG"", ""IDN"", ""MAC"", ""THA"", ""URY""], ""below_tur_libdem13"": [], ""libdem_missing"": [""MAC""]}",kirlenme: tedavi/otokratikleşen sınıf donörde (13: BRA CZE GRC HKG HUN IDN ITA KOR MEX POL SVK THA USA); taramasız ülke (1); 2015 kâğıt ülkeleri havuzda (IDN) — mod etkisi kontrol grubuna bulaşır; yıldızlı ülke-döngü havuzda (AUS:2022 CAN:2022 CAN:2025 DNK:2022 HKG:2018 HKG:2022 IRL:2022 LVA:2022 NLD:2018 NLD:2022 NLD:2025 NOR:2025 NZL:2022 NZL:2025 PRT:2018 USA:2018 USA:2022 USA:2025); ambiguous sınıf (DEU FIN NLD PRT SWE URY),0.2,keep,50.4,False,-20.3
E_level_floor_missing_kept,S1234-lvl20+nan,C1+C2+C3+C4; +libdem_2013 ≥ 0.200; libdem yoksa kalır,4,False,L3,off,False,,reading,31,33.1,MEX=0.61,2003 2006 2009 2012,0.04,22.69,628.15,-32.2,13.3,1.0,29.1,2.8,0.375,0.594,12/32,19/32,"{""JPN"": 0.583, ""MEX"": 0.308, ""HKG"": 0.109, ""LVA"": 0.0, ""IRL"": 0.0, ""CAN"": 0.0, ""BRA"": 0.0, ""SVK"": 0.0, ""THA"": 0.0, ""FRA"": 0.0, ""ITA"": 0.0, ""HUN"": 0.0, ""KOR"": 0.0, ""NOR"": 0.0, ""CHE"": 0.0, ""GRC"": 0.0, ""AUS"": 0.0, ""BEL"": 0.0, ""CZE"": 0.0, ""DEU"": 0.0, ""DNK"": 0.0, ""FIN"": 0.0, ""IDN"": 0.0, ""ISL"": 0.0, ""MAC"": 0.0, ""NLD"": 0.0, ""NZL"": 0.0, ""POL"": 0.0, ""PRT"": 0.0, ""SWE"": 0.0, ""URY"": 0.0}",JPN,0.583,1.5,True,"{""treated_classes"": [""BRA"", ""CZE"", ""GRC"", ""HKG"", ""HUN"", ""IDN"", ""ITA"", ""KOR"", ""MEX"", ""POL"", ""SVK"", ""THA""], ""ambiguous"": [""DEU"", ""FIN"", ""NLD"", ""PRT"", ""SWE"", ""URY""], ""unscreened"": [""MAC""], ""paper2015"": [""IDN""], ""asterisk"": [""AUS:2022"", ""CAN:2022"", ""CAN:2025"", ""DNK:2022"", ""HKG:2018"", ""HKG:2022"", ""IRL:2022"", ""LVA:2022"", ""NLD:2018"", ""NLD:2022"", ""NLD:2025"", ""NOR:2025"", ""NZL:2022"", ""NZL:2025"", ""PRT:2018""], ""non_oecd"": [""BRA"", ""HKG"", ""IDN"", ""MAC"", ""THA"", ""URY""], ""below_tur_libdem13"": [], ""libdem_missing"": [""MAC""]}",kirlenme: tedavi/otokratikleşen sınıf donörde (12: BRA CZE GRC HKG HUN IDN ITA KOR MEX POL SVK THA); taramasız ülke (1); 2015 kâğıt ülkeleri havuzda (IDN) — mod etkisi kontrol grubuna bulaşır; yıldızlı ülke-döngü havuzda (AUS:2022 CAN:2022 CAN:2025 DNK:2022 HKG:2018 HKG:2022 IRL:2022 LVA:2022 NLD:2018 NLD:2022 NLD:2025 NOR:2025 NZL:2022 NZL:2025 PRT:2018); ambiguous sınıf (DEU FIN NLD PRT SWE URY),0.2,keep,34.1,False,-5.0
E_level_floor_missing_kept,S1234-lvl20+nan,C1+C2+C3+C4; +libdem_2013 ≥ 0.200; libdem yoksa kalır,4,False,L3,off,False,,science,44,51.0,ROU=0.71,2006 2009 2012,7.76,37.69,4.86,-19.2,19.2,37.5,59.5,24.2,0.089,0.978,4/45,44/45,"{""POL"": 0.726, ""PRT"": 0.274, ""MNE"": 0.0, ""BRA"": 0.0, ""THA"": 0.0, ""URY"": 0.0, ""MAC"": 0.0, ""FIN"": 0.0, ""LVA"": 0.0, ""HKG"": 0.0, ""EST"": 0.0, ""BEL"": 0.0, ""BGR"": 0.0, ""IDN"": 0.0, ""IRL"": 0.0, ""GBR"": 0.0, ""MEX"": 0.0, ""ITA"": 0.0, ""DNK"": 0.0, ""ROU"": 0.0, ""HUN"": 0.0, ""ISR"": 0.0, ""DEU"": 0.0, ""HRV"": 0.0, ""FRA"": 0.0, ""CAN"": 0.0, ""AUS"": 0.0, ""CHE"": 0.0, ""CHL"": 0.0, ""COL"": 0.0, ""CZE"": 0.0, ""GRC"": 0.0, ""ISL"": 0.0, ""JPN"": 0.0, ""KOR"": 0.0, ""LTU"": 0.0, ""NLD"": 0.0, ""NOR"": 0.0, ""NZL"": 0.0, ""SVK"": 0.0, ""SVN"": 0.0, ""SWE"": 0.0, ""TWN"": 0.0, ""USA"": 0.0}",POL,0.726,43.4,True,"{""treated_classes"": [""BRA"", ""CZE"", ""GBR"", ""GRC"", ""HKG"", ""HRV"", ""HUN"", ""IDN"", ""ITA"", ""KOR"", ""MEX"", ""MNE"", ""POL"", ""ROU"", ""SVK"", ""SVN"", ""THA"", ""USA""], ""ambiguous"": [""CHL"", ""DEU"", ""FIN"", ""ISR"", ""NLD"", ""PRT"", ""SWE"", ""URY""], ""unscreened"": [""MAC""], ""paper2015"": [""IDN"", ""ROU""], ""asterisk"": [""AUS:2022"", ""CAN:2022"", ""CAN:2025"", ""DNK:2022"", ""GBR:2022"", ""HKG:2018"", ""HKG:2022"", ""IRL:2022"", ""LVA:2022"", ""NLD:2018"", ""NLD:2022"", ""NLD:2025"", ""NOR:2025"", ""NZL:2022"", ""NZL:2025"", ""PRT:2018"", ""USA:2018"", ""USA:2022"", ""USA:2025""], ""non_oecd"": [""BGR"", ""BRA"", ""HKG"", ""HRV"", ""IDN"", ""MAC"", ""MNE"", ""ROU"", ""THA"", ""TWN"", ""URY""], ""below_tur_libdem13"": [], ""libdem_missing"": [""MAC""]}",kirlenme: tedavi/otokratikleşen sınıf donörde (18: BRA CZE GBR GRC HKG HRV HUN IDN ITA KOR MEX MNE POL ROU SVK SVN THA USA); taramasız ülke (1); 2015 kâğıt ülkeleri havuzda (IDN ROU) — mod etkisi kontrol grubuna bulaşır; yıldızlı ülke-döngü havuzda (AUS:2022 CAN:2022 CAN:2025 DNK:2022 GBR:2022 HKG:2018 HKG:2022 IRL:2022 LVA:2022 NLD:2018 NLD:2022 NLD:2025 NOR:2025 NZL:2022 NZL:2025 PRT:2018 USA:2018 USA:2022 USA:2025); ambiguous sınıf (CHL DEU FIN ISR NLD PRT SWE URY),0.2,keep,48.8,False,10.7
E_level_floor_band,S1234-lvl25,C1+C2+C3+C4; +libdem_2013 ≥ 0.250,4,False,L3,off,False,,math,31,40.8,PRT=0.86,2003 2006 2009 2012,0.75,22.41,29.77,-26.5,6.8,18.7,30.1,7.3,0.219,0.5,7/32,16/32,"{""ITA"": 0.705, ""BRA"": 0.295, ""IDN"": 0.0, ""FIN"": 0.0, ""GRC"": 0.0, ""MEX"": 0.0, ""IRL"": 0.0, ""URY"": 0.0, ""DNK"": 0.0, ""CZE"": 0.0, ""KOR"": 0.0, ""LVA"": 0.0, ""NZL"": 0.0, ""HUN"": 0.0, ""SWE"": 0.0, ""AUS"": 0.0, ""POL"": 0.0, ""USA"": 0.0, ""JPN"": 0.0, ""PRT"": 0.0, ""FRA"": 0.0, ""NOR"": 0.0, ""HKG"": 0.0, ""ISL"": 0.0, ""SVK"": 0.0, ""DEU"": 0.0, ""BEL"": 0.0, ""CAN"": 0.0, ""NLD"": 0.0, ""THA"": 0.0, ""CHE"": 0.0}",ITA,0.705,55.4,True,"{""treated_classes"": [""BRA"", ""CZE"", ""GRC"", ""HKG"", ""HUN"", ""IDN"", ""ITA"", ""KOR"", ""MEX"", ""POL"", ""SVK"", ""THA"", ""USA""], ""ambiguous"": [""DEU"", ""FIN"", ""NLD"", ""PRT"", ""SWE"", ""URY""], ""unscreened"": [], ""paper2015"": [""IDN""], ""asterisk"": [""AUS:2022"", ""CAN:2022"", ""CAN:2025"", ""DNK:2022"", ""HKG:2018"", ""HKG:2022"", ""IRL:2022"", ""LVA:2022"", ""NLD:2018"", ""NLD:2022"", ""NLD:2025"", ""NOR:2025"", ""NZL:2022"", ""NZL:2025"", ""PRT:2018"", ""USA:2018"", ""USA:2022"", ""USA:2025""], ""non_oecd"": [""BRA"", ""HKG"", ""IDN"", ""THA"", ""URY""], ""below_tur_libdem13"": [], ""libdem_missing"": []}",kirlenme: tedavi/otokratikleşen sınıf donörde (13: BRA CZE GRC HKG HUN IDN ITA KOR MEX POL SVK THA USA); 2015 kâğıt ülkeleri havuzda (IDN) — mod etkisi kontrol grubuna bulaşır; yıldızlı ülke-döngü havuzda (AUS:2022 CAN:2022 CAN:2025 DNK:2022 HKG:2018 HKG:2022 IRL:2022 LVA:2022 NLD:2018 NLD:2022 NLD:2025 NOR:2025 NZL:2022 NZL:2025 PRT:2018 USA:2018 USA:2022 USA:2025); ambiguous sınıf (DEU FIN NLD PRT SWE URY),0.25,drop,50.4,False,-20.3
E_level_floor_band,S1234-lvl25,C1+C2+C3+C4; +libdem_2013 ≥ 0.250,4,False,L3,off,False,,reading,30,33.1,MEX=0.61,2003 2006 2009 2012,0.04,22.69,628.15,-32.2,13.3,1.0,29.1,2.8,0.419,0.581,13/31,18/31,"{""JPN"": 0.583, ""MEX"": 0.308, ""HKG"": 0.109, ""URY"": 0.0, ""FIN"": 0.0, ""HUN"": 0.0, ""DEU"": 0.0, ""GRC"": 0.0, ""ISL"": 0.0, ""NOR"": 0.0, ""THA"": 0.0, ""LVA"": 0.0, ""NZL"": 0.0, ""DNK"": 0.0, ""IDN"": 0.0, ""AUS"": 0.0, ""BEL"": 0.0, ""BRA"": 0.0, ""CAN"": 0.0, ""CHE"": 0.0, ""CZE"": 0.0, ""FRA"": 0.0, ""IRL"": 0.0, ""ITA"": 0.0, ""KOR"": 0.0, ""NLD"": 0.0, ""POL"": 0.0, ""PRT"": 0.0, ""SVK"": 0.0, ""SWE"": 0.0}",JPN,0.583,1.5,True,"{""treated_classes"": [""BRA"", ""CZE"", ""GRC"", ""HKG"", ""HUN"", ""IDN"", ""ITA"", ""KOR"", ""MEX"", ""POL"", ""SVK"", ""THA""], ""ambiguous"": [""DEU"", ""FIN"", ""NLD"", ""PRT"", ""SWE"", ""URY""], ""unscreened"": [], ""paper2015"": [""IDN""], ""asterisk"": [""AUS:2022"", ""CAN:2022"", ""CAN:2025"", ""DNK:2022"", ""HKG:2018"", ""HKG:2022"", ""IRL:2022"", ""LVA:2022"", ""NLD:2018"", ""NLD:2022"", ""NLD:2025"", ""NOR:2025"", ""NZL:2022"", ""NZL:2025"", ""PRT:2018""], ""non_oecd"": [""BRA"", ""HKG"", ""IDN"", ""THA"", ""URY""], ""below_tur_libdem13"": [], ""libdem_missing"": []}",kirlenme: tedavi/otokratikleşen sınıf donörde (12: BRA CZE GRC HKG HUN IDN ITA KOR MEX POL SVK THA); 2015 kâğıt ülkeleri havuzda (IDN) — mod etkisi kontrol grubuna bulaşır; yıldızlı ülke-döngü havuzda (AUS:2022 CAN:2022 CAN:2025 DNK:2022 HKG:2018 HKG:2022 IRL:2022 LVA:2022 NLD:2018 NLD:2022 NLD:2025 NOR:2025 NZL:2022 NZL:2025 PRT:2018); ambiguous sınıf (DEU FIN NLD PRT SWE URY),0.25,drop,34.1,False,-5.0
E_level_floor_band,S1234-lvl25,C1+C2+C3+C4; +libdem_2013 ≥ 0.250,4,False,L3,off,False,,science,43,51.0,ROU=0.71,2006 2009 2012,7.76,37.69,4.86,-19.2,19.2,37.5,59.5,24.2,0.068,0.977,3/44,43/44,"{""POL"": 0.726, ""PRT"": 0.274, ""CHL"": 0.0, ""NOR"": 0.0, ""KOR"": 0.0, ""SVK"": 0.0, ""ROU"": 0.0, ""COL"": 0.0, ""USA"": 0.0, ""CHE"": 0.0, ""HKG"": 0.0, ""BRA"": 0.0, ""DEU"": 0.0, ""JPN"": 0.0, ""HUN"": 0.0, ""LTU"": 0.0, ""NZL"": 0.0, ""SVN"": 0.0, ""ITA"": 0.0, ""BGR"": 0.0, ""ISL"": 0.0, ""LVA"": 0.0, ""THA"": 0.0, ""ISR"": 0.0, ""FRA"": 0.0, ""CAN"": 0.0, ""IRL"": 0.0, ""MEX"": 0.0, ""DNK"": 0.0, ""GRC"": 0.0, ""EST"": 0.0, ""AUS"": 0.0, ""CZE"": 0.0, ""MNE"": 0.0, ""IDN"": 0.0, ""TWN"": 0.0, ""HRV"": 0.0, ""NLD"": 0.0, ""SWE"": 0.0, ""GBR"": 0.0, ""FIN"": 0.0, ""URY"": 0.0, ""BEL"": 0.0}",POL,0.726,42.8,True,"{""treated_classes"": [""BRA"", ""CZE"", ""GBR"", ""GRC"", ""HKG"", ""HRV"", ""HUN"", ""IDN"", ""ITA"", ""KOR"", ""MEX"", ""MNE"", ""POL"", ""ROU"", ""SVK"", ""SVN"", ""THA"", ""USA""], ""ambiguous"": [""CHL"", ""DEU"", ""FIN"", ""ISR"", ""NLD"", ""PRT"", ""SWE"", ""URY""], ""unscreened"": [], ""paper2015"": [""IDN"", ""ROU""], ""asterisk"": [""AUS:2022"", ""CAN:2022"", ""CAN:2025"", ""DNK:2022"", ""GBR:2022"", ""HKG:2018"", ""HKG:2022"", ""IRL:2022"", ""LVA:2022"", ""NLD:2018"", ""NLD:2022"", ""NLD:2025"", ""NOR:2025"", ""NZL:2022"", ""NZL:2025"", ""PRT:2018"", ""USA:2018"", ""USA:2022"", ""USA:2025""], ""non_oecd"": [""BGR"", ""BRA"", ""HKG"", ""HRV"", ""IDN"", ""MNE"", ""ROU"", ""THA"", ""TWN"", ""URY""], ""below_tur_libdem13"": [], ""libdem_missing"": []}",kirlenme: tedavi/otokratikleşen sınıf donörde (18: BRA CZE GBR GRC HKG HRV HUN IDN ITA KOR MEX MNE POL ROU SVK SVN THA USA); 2015 kâğıt ülkeleri havuzda (IDN ROU) — mod etkisi kontrol grubuna bulaşır; yıldızlı ülke-döngü havuzda (AUS:2022 CAN:2022 CAN:2025 DNK:2022 GBR:2022 HKG:2018 HKG:2022 IRL:2022 LVA:2022 NLD:2018 NLD:2022 NLD:2025 NOR:2025 NZL:2022 NZL:2025 PRT:2018 USA:2018 USA:2022 USA:2025); ambiguous sınıf (CHL DEU FIN ISR NLD PRT SWE URY),0.25,drop,48.8,False,10.7
E_level_floor_missing_kept,S1234-lvl25+nan,C1+C2+C3+C4; +libdem_2013 ≥ 0.250; libdem yoksa kalır,4,False,L3,off,False,,math,32,40.8,PRT=0.86,2003 2006 2009 2012,0.75,22.41,29.77,-26.5,6.8,18.7,30.1,7.3,0.242,0.515,8/33,17/33,"{""ITA"": 0.705, ""BRA"": 0.295, ""IDN"": 0.0, ""FIN"": 0.0, ""MEX"": 0.0, ""GRC"": 0.0, ""URY"": 0.0, ""IRL"": 0.0, ""KOR"": 0.0, ""DNK"": 0.0, ""NZL"": 0.0, ""LVA"": 0.0, ""CZE"": 0.0, ""AUS"": 0.0, ""HUN"": 0.0, ""SWE"": 0.0, ""POL"": 0.0, ""USA"": 0.0, ""JPN"": 0.0, ""PRT"": 0.0, ""FRA"": 0.0, ""NOR"": 0.0, ""HKG"": 0.0, ""ISL"": 0.0, ""SVK"": 0.0, ""DEU"": 0.0, ""MAC"": 0.0, ""BEL"": 0.0, ""CAN"": 0.0, ""THA"": 0.0, ""NLD"": 0.0, ""CHE"": 0.0}",ITA,0.705,1.0,True,"{""treated_classes"": [""BRA"", ""CZE"", ""GRC"", ""HKG"", ""HUN"", ""IDN"", ""ITA"", ""KOR"", ""MEX"", ""POL"", ""SVK"", ""THA"", ""USA""], ""ambiguous"": [""DEU"", ""FIN"", ""NLD"", ""PRT"", ""SWE"", ""URY""], ""unscreened"": [""MAC""], ""paper2015"": [""IDN""], ""asterisk"": [""AUS:2022"", ""CAN:2022"", ""CAN:2025"", ""DNK:2022"", ""HKG:2018"", ""HKG:2022"", ""IRL:2022"", ""LVA:2022"", ""NLD:2018"", ""NLD:2022"", ""NLD:2025"", ""NOR:2025"", ""NZL:2022"", ""NZL:2025"", ""PRT:2018"", ""USA:2018"", ""USA:2022"", ""USA:2025""], ""non_oecd"": [""BRA"", ""HKG"", ""IDN"", ""MAC"", ""THA"", ""URY""], ""below_tur_libdem13"": [], ""libdem_missing"": [""MAC""]}",kirlenme: tedavi/otokratikleşen sınıf donörde (13: BRA CZE GRC HKG HUN IDN ITA KOR MEX POL SVK THA USA); taramasız ülke (1); 2015 kâğıt ülkeleri havuzda (IDN) — mod etkisi kontrol grubuna bulaşır; yıldızlı ülke-döngü havuzda (AUS:2022 CAN:2022 CAN:2025 DNK:2022 HKG:2018 HKG:2022 IRL:2022 LVA:2022 NLD:2018 NLD:2022 NLD:2025 NOR:2025 NZL:2022 NZL:2025 PRT:2018 USA:2018 USA:2022 USA:2025); ambiguous sınıf (DEU FIN NLD PRT SWE URY),0.25,keep,50.4,False,-20.3
E_level_floor_missing_kept,S1234-lvl25+nan,C1+C2+C3+C4; +libdem_2013 ≥ 0.250; libdem yoksa kalır,4,False,L3,off,False,,reading,31,33.1,MEX=0.61,2003 2006 2009 2012,0.04,22.69,628.15,-32.2,13.3,1.0,29.1,2.8,0.375,0.594,12/32,19/32,"{""JPN"": 0.583, ""MEX"": 0.308, ""HKG"": 0.109, ""LVA"": 0.0, ""IRL"": 0.0, ""CAN"": 0.0, ""BRA"": 0.0, ""SVK"": 0.0, ""THA"": 0.0, ""FRA"": 0.0, ""ITA"": 0.0, ""HUN"": 0.0, ""KOR"": 0.0, ""NOR"": 0.0, ""CHE"": 0.0, ""GRC"": 0.0, ""AUS"": 0.0, ""BEL"": 0.0, ""CZE"": 0.0, ""DEU"": 0.0, ""DNK"": 0.0, ""FIN"": 0.0, ""IDN"": 0.0, ""ISL"": 0.0, ""MAC"": 0.0, ""NLD"": 0.0, ""NZL"": 0.0, ""POL"": 0.0, ""PRT"": 0.0, ""SWE"": 0.0, ""URY"": 0.0}",JPN,0.583,1.5,True,"{""treated_classes"": [""BRA"", ""CZE"", ""GRC"", ""HKG"", ""HUN"", ""IDN"", ""ITA"", ""KOR"", ""MEX"", ""POL"", ""SVK"", ""THA""], ""ambiguous"": [""DEU"", ""FIN"", ""NLD"", ""PRT"", ""SWE"", ""URY""], ""unscreened"": [""MAC""], ""paper2015"": [""IDN""], ""asterisk"": [""AUS:2022"", ""CAN:2022"", ""CAN:2025"", ""DNK:2022"", ""HKG:2018"", ""HKG:2022"", ""IRL:2022"", ""LVA:2022"", ""NLD:2018"", ""NLD:2022"", ""NLD:2025"", ""NOR:2025"", ""NZL:2022"", ""NZL:2025"", ""PRT:2018""], ""non_oecd"": [""BRA"", ""HKG"", ""IDN"", ""MAC"", ""THA"", ""URY""], ""below_tur_libdem13"": [], ""libdem_missing"": [""MAC""]}",kirlenme: tedavi/otokratikleşen sınıf donörde (12: BRA CZE GRC HKG HUN IDN ITA KOR MEX POL SVK THA); taramasız ülke (1); 2015 kâğıt ülkeleri havuzda (IDN) — mod etkisi kontrol grubuna bulaşır; yıldızlı ülke-döngü havuzda (AUS:2022 CAN:2022 CAN:2025 DNK:2022 HKG:2018 HKG:2022 IRL:2022 LVA:2022 NLD:2018 NLD:2022 NLD:2025 NOR:2025 NZL:2022 NZL:2025 PRT:2018); ambiguous sınıf (DEU FIN NLD PRT SWE URY),0.25,keep,34.1,False,-5.0
E_level_floor_missing_kept,S1234-lvl25+nan,C1+C2+C3+C4; +libdem_2013 ≥ 0.250; libdem yoksa kalır,4,False,L3,off,False,,science,44,51.0,ROU=0.71,2006 2009 2012,7.76,37.69,4.86,-19.2,19.2,37.5,59.5,24.2,0.089,0.978,4/45,44/45,"{""POL"": 0.726, ""PRT"": 0.274, ""MNE"": 0.0, ""BRA"": 0.0, ""THA"": 0.0, ""URY"": 0.0, ""MAC"": 0.0, ""FIN"": 0.0, ""LVA"": 0.0, ""HKG"": 0.0, ""EST"": 0.0, ""BEL"": 0.0, ""BGR"": 0.0, ""IDN"": 0.0, ""IRL"": 0.0, ""GBR"": 0.0, ""MEX"": 0.0, ""ITA"": 0.0, ""DNK"": 0.0, ""ROU"": 0.0, ""HUN"": 0.0, ""ISR"": 0.0, ""DEU"": 0.0, ""HRV"": 0.0, ""FRA"": 0.0, ""CAN"": 0.0, ""AUS"": 0.0, ""CHE"": 0.0, ""CHL"": 0.0, ""COL"": 0.0, ""CZE"": 0.0, ""GRC"": 0.0, ""ISL"": 0.0, ""JPN"": 0.0, ""KOR"": 0.0, ""LTU"": 0.0, ""NLD"": 0.0, ""NOR"": 0.0, ""NZL"": 0.0, ""SVK"": 0.0, ""SVN"": 0.0, ""SWE"": 0.0, ""TWN"": 0.0, ""USA"": 0.0}",POL,0.726,43.4,True,"{""treated_classes"": [""BRA"", ""CZE"", ""GBR"", ""GRC"", ""HKG"", ""HRV"", ""HUN"", ""IDN"", ""ITA"", ""KOR"", ""MEX"", ""MNE"", ""POL"", ""ROU"", ""SVK"", ""SVN"", ""THA"", ""USA""], ""ambiguous"": [""CHL"", ""DEU"", ""FIN"", ""ISR"", ""NLD"", ""PRT"", ""SWE"", ""URY""], ""unscreened"": [""MAC""], ""paper2015"": [""IDN"", ""ROU""], ""asterisk"": [""AUS:2022"", ""CAN:2022"", ""CAN:2025"", ""DNK:2022"", ""GBR:2022"", ""HKG:2018"", ""HKG:2022"", ""IRL:2022"", ""LVA:2022"", ""NLD:2018"", ""NLD:2022"", ""NLD:2025"", ""NOR:2025"", ""NZL:2022"", ""NZL:2025"", ""PRT:2018"", ""USA:2018"", ""USA:2022"", ""USA:2025""], ""non_oecd"": [""BGR"", ""BRA"", ""HKG"", ""HRV"", ""IDN"", ""MAC"", ""MNE"", ""ROU"", ""THA"", ""TWN"", ""URY""], ""below_tur_libdem13"": [], ""libdem_missing"": [""MAC""]}",kirlenme: tedavi/otokratikleşen sınıf donörde (18: BRA CZE GBR GRC HKG HRV HUN IDN ITA KOR MEX MNE POL ROU SVK SVN THA USA); taramasız ülke (1); 2015 kâğıt ülkeleri havuzda (IDN ROU) — mod etkisi kontrol grubuna bulaşır; yıldızlı ülke-döngü havuzda (AUS:2022 CAN:2022 CAN:2025 DNK:2022 GBR:2022 HKG:2018 HKG:2022 IRL:2022 LVA:2022 NLD:2018 NLD:2022 NLD:2025 NOR:2025 NZL:2022 NZL:2025 PRT:2018 USA:2018 USA:2022 USA:2025); ambiguous sınıf (CHL DEU FIN ISR NLD PRT SWE URY),0.25,keep,48.8,False,10.7
E_level_floor,S1234-lvl,C1+C2+C3+C4; +libdem_2013 ≥ 0.289,4,False,L3,off,False,,math,31,40.8,PRT=0.86,2003 2006 2009 2012,0.75,22.41,29.77,-26.5,6.8,18.7,30.1,7.3,0.219,0.5,7/32,16/32,"{""ITA"": 0.705, ""BRA"": 0.295, ""IDN"": 0.0, ""FIN"": 0.0, ""GRC"": 0.0, ""MEX"": 0.0, ""IRL"": 0.0, ""URY"": 0.0, ""DNK"": 0.0, ""CZE"": 0.0, ""KOR"": 0.0, ""LVA"": 0.0, ""NZL"": 0.0, ""HUN"": 0.0, ""SWE"": 0.0, ""AUS"": 0.0, ""POL"": 0.0, ""USA"": 0.0, ""JPN"": 0.0, ""PRT"": 0.0, ""FRA"": 0.0, ""NOR"": 0.0, ""HKG"": 0.0, ""ISL"": 0.0, ""SVK"": 0.0, ""DEU"": 0.0, ""BEL"": 0.0, ""CAN"": 0.0, ""NLD"": 0.0, ""THA"": 0.0, ""CHE"": 0.0}",ITA,0.705,55.4,True,"{""treated_classes"": [""BRA"", ""CZE"", ""GRC"", ""HKG"", ""HUN"", ""IDN"", ""ITA"", ""KOR"", ""MEX"", ""POL"", ""SVK"", ""THA"", ""USA""], ""ambiguous"": [""DEU"", ""FIN"", ""NLD"", ""PRT"", ""SWE"", ""URY""], ""unscreened"": [], ""paper2015"": [""IDN""], ""asterisk"": [""AUS:2022"", ""CAN:2022"", ""CAN:2025"", ""DNK:2022"", ""HKG:2018"", ""HKG:2022"", ""IRL:2022"", ""LVA:2022"", ""NLD:2018"", ""NLD:2022"", ""NLD:2025"", ""NOR:2025"", ""NZL:2022"", ""NZL:2025"", ""PRT:2018"", ""USA:2018"", ""USA:2022"", ""USA:2025""], ""non_oecd"": [""BRA"", ""HKG"", ""IDN"", ""THA"", ""URY""], ""below_tur_libdem13"": [], ""libdem_missing"": []}",kirlenme: tedavi/otokratikleşen sınıf donörde (13: BRA CZE GRC HKG HUN IDN ITA KOR MEX POL SVK THA USA); 2015 kâğıt ülkeleri havuzda (IDN) — mod etkisi kontrol grubuna bulaşır; yıldızlı ülke-döngü havuzda (AUS:2022 CAN:2022 CAN:2025 DNK:2022 HKG:2018 HKG:2022 IRL:2022 LVA:2022 NLD:2018 NLD:2022 NLD:2025 NOR:2025 NZL:2022 NZL:2025 PRT:2018 USA:2018 USA:2022 USA:2025); ambiguous sınıf (DEU FIN NLD PRT SWE URY),0.289,drop,50.4,False,-20.3
E_level_floor,S1234-lvl,C1+C2+C3+C4; +libdem_2013 ≥ 0.289,4,False,L3,off,False,,reading,30,33.1,MEX=0.61,2003 2006 2009 2012,0.04,22.69,628.15,-32.2,13.3,1.0,29.1,2.8,0.419,0.581,13/31,18/31,"{""JPN"": 0.583, ""MEX"": 0.308, ""HKG"": 0.109, ""URY"": 0.0, ""FIN"": 0.0, ""HUN"": 0.0, ""DEU"": 0.0, ""GRC"": 0.0, ""ISL"": 0.0, ""NOR"": 0.0, ""THA"": 0.0, ""LVA"": 0.0, ""NZL"": 0.0, ""DNK"": 0.0, ""IDN"": 0.0, ""AUS"": 0.0, ""BEL"": 0.0, ""BRA"": 0.0, ""CAN"": 0.0, ""CHE"": 0.0, ""CZE"": 0.0, ""FRA"": 0.0, ""IRL"": 0.0, ""ITA"": 0.0, ""KOR"": 0.0, ""NLD"": 0.0, ""POL"": 0.0, ""PRT"": 0.0, ""SVK"": 0.0, ""SWE"": 0.0}",JPN,0.583,1.5,True,"{""treated_classes"": [""BRA"", ""CZE"", ""GRC"", ""HKG"", ""HUN"", ""IDN"", ""ITA"", ""KOR"", ""MEX"", ""POL"", ""SVK"", ""THA""], ""ambiguous"": [""DEU"", ""FIN"", ""NLD"", ""PRT"", ""SWE"", ""URY""], ""unscreened"": [], ""paper2015"": [""IDN""], ""asterisk"": [""AUS:2022"", ""CAN:2022"", ""CAN:2025"", ""DNK:2022"", ""HKG:2018"", ""HKG:2022"", ""IRL:2022"", ""LVA:2022"", ""NLD:2018"", ""NLD:2022"", ""NLD:2025"", ""NOR:2025"", ""NZL:2022"", ""NZL:2025"", ""PRT:2018""], ""non_oecd"": [""BRA"", ""HKG"", ""IDN"", ""THA"", ""URY""], ""below_tur_libdem13"": [], ""libdem_missing"": []}",kirlenme: tedavi/otokratikleşen sınıf donörde (12: BRA CZE GRC HKG HUN IDN ITA KOR MEX POL SVK THA); 2015 kâğıt ülkeleri havuzda (IDN) — mod etkisi kontrol grubuna bulaşır; yıldızlı ülke-döngü havuzda (AUS:2022 CAN:2022 CAN:2025 DNK:2022 HKG:2018 HKG:2022 IRL:2022 LVA:2022 NLD:2018 NLD:2022 NLD:2025 NOR:2025 NZL:2022 NZL:2025 PRT:2018); ambiguous sınıf (DEU FIN NLD PRT SWE URY),0.289,drop,34.1,False,-5.0
E_level_floor,S1234-lvl,C1+C2+C3+C4; +libdem_2013 ≥ 0.289,4,False,L3,off,False,,science,43,51.0,ROU=0.71,2006 2009 2012,7.76,37.69,4.86,-19.2,19.2,37.5,59.5,24.2,0.068,0.977,3/44,43/44,"{""POL"": 0.726, ""PRT"": 0.274, ""CHL"": 0.0, ""NOR"": 0.0, ""KOR"": 0.0, ""SVK"": 0.0, ""ROU"": 0.0, ""COL"": 0.0, ""USA"": 0.0, ""CHE"": 0.0, ""HKG"": 0.0, ""BRA"": 0.0, ""DEU"": 0.0, ""JPN"": 0.0, ""HUN"": 0.0, ""LTU"": 0.0, ""NZL"": 0.0, ""SVN"": 0.0, ""ITA"": 0.0, ""BGR"": 0.0, ""ISL"": 0.0, ""LVA"": 0.0, ""THA"": 0.0, ""ISR"": 0.0, ""FRA"": 0.0, ""CAN"": 0.0, ""IRL"": 0.0, ""MEX"": 0.0, ""DNK"": 0.0, ""GRC"": 0.0, ""EST"": 0.0, ""AUS"": 0.0, ""CZE"": 0.0, ""MNE"": 0.0, ""IDN"": 0.0, ""TWN"": 0.0, ""HRV"": 0.0, ""NLD"": 0.0, ""SWE"": 0.0, ""GBR"": 0.0, ""FIN"": 0.0, ""URY"": 0.0, ""BEL"": 0.0}",POL,0.726,42.8,True,"{""treated_classes"": [""BRA"", ""CZE"", ""GBR"", ""GRC"", ""HKG"", ""HRV"", ""HUN"", ""IDN"", ""ITA"", ""KOR"", ""MEX"", ""MNE"", ""POL"", ""ROU"", ""SVK"", ""SVN"", ""THA"", ""USA""], ""ambiguous"": [""CHL"", ""DEU"", ""FIN"", ""ISR"", ""NLD"", ""PRT"", ""SWE"", ""URY""], ""unscreened"": [], ""paper2015"": [""IDN"", ""ROU""], ""asterisk"": [""AUS:2022"", ""CAN:2022"", ""CAN:2025"", ""DNK:2022"", ""GBR:2022"", ""HKG:2018"", ""HKG:2022"", ""IRL:2022"", ""LVA:2022"", ""NLD:2018"", ""NLD:2022"", ""NLD:2025"", ""NOR:2025"", ""NZL:2022"", ""NZL:2025"", ""PRT:2018"", ""USA:2018"", ""USA:2022"", ""USA:2025""], ""non_oecd"": [""BGR"", ""BRA"", ""HKG"", ""HRV"", ""IDN"", ""MNE"", ""ROU"", ""THA"", ""TWN"", ""URY""], ""below_tur_libdem13"": [], ""libdem_missing"": []}",kirlenme: tedavi/otokratikleşen sınıf donörde (18: BRA CZE GBR GRC HKG HRV HUN IDN ITA KOR MEX MNE POL ROU SVK SVN THA USA); 2015 kâğıt ülkeleri havuzda (IDN ROU) — mod etkisi kontrol grubuna bulaşır; yıldızlı ülke-döngü havuzda (AUS:2022 CAN:2022 CAN:2025 DNK:2022 GBR:2022 HKG:2018 HKG:2022 IRL:2022 LVA:2022 NLD:2018 NLD:2022 NLD:2025 NOR:2025 NZL:2022 NZL:2025 PRT:2018 USA:2018 USA:2022 USA:2025); ambiguous sınıf (CHL DEU FIN ISR NLD PRT SWE URY),0.289,drop,48.8,False,10.7
E_level_floor_missing_kept,S1234-lvl289+nan,C1+C2+C3+C4; +libdem_2013 ≥ 0.289; libdem yoksa kalır,4,False,L3,off,False,,math,32,40.8,PRT=0.86,2003 2006 2009 2012,0.75,22.41,29.77,-26.5,6.8,18.7,30.1,7.3,0.242,0.515,8/33,17/33,"{""ITA"": 0.705, ""BRA"": 0.295, ""IDN"": 0.0, ""FIN"": 0.0, ""MEX"": 0.0, ""GRC"": 0.0, ""URY"": 0.0, ""IRL"": 0.0, ""KOR"": 0.0, ""DNK"": 0.0, ""NZL"": 0.0, ""LVA"": 0.0, ""CZE"": 0.0, ""AUS"": 0.0, ""HUN"": 0.0, ""SWE"": 0.0, ""POL"": 0.0, ""USA"": 0.0, ""JPN"": 0.0, ""PRT"": 0.0, ""FRA"": 0.0, ""NOR"": 0.0, ""HKG"": 0.0, ""ISL"": 0.0, ""SVK"": 0.0, ""DEU"": 0.0, ""MAC"": 0.0, ""BEL"": 0.0, ""CAN"": 0.0, ""THA"": 0.0, ""NLD"": 0.0, ""CHE"": 0.0}",ITA,0.705,1.0,True,"{""treated_classes"": [""BRA"", ""CZE"", ""GRC"", ""HKG"", ""HUN"", ""IDN"", ""ITA"", ""KOR"", ""MEX"", ""POL"", ""SVK"", ""THA"", ""USA""], ""ambiguous"": [""DEU"", ""FIN"", ""NLD"", ""PRT"", ""SWE"", ""URY""], ""unscreened"": [""MAC""], ""paper2015"": [""IDN""], ""asterisk"": [""AUS:2022"", ""CAN:2022"", ""CAN:2025"", ""DNK:2022"", ""HKG:2018"", ""HKG:2022"", ""IRL:2022"", ""LVA:2022"", ""NLD:2018"", ""NLD:2022"", ""NLD:2025"", ""NOR:2025"", ""NZL:2022"", ""NZL:2025"", ""PRT:2018"", ""USA:2018"", ""USA:2022"", ""USA:2025""], ""non_oecd"": [""BRA"", ""HKG"", ""IDN"", ""MAC"", ""THA"", ""URY""], ""below_tur_libdem13"": [], ""libdem_missing"": [""MAC""]}",kirlenme: tedavi/otokratikleşen sınıf donörde (13: BRA CZE GRC HKG HUN IDN ITA KOR MEX POL SVK THA USA); taramasız ülke (1); 2015 kâğıt ülkeleri havuzda (IDN) — mod etkisi kontrol grubuna bulaşır; yıldızlı ülke-döngü havuzda (AUS:2022 CAN:2022 CAN:2025 DNK:2022 HKG:2018 HKG:2022 IRL:2022 LVA:2022 NLD:2018 NLD:2022 NLD:2025 NOR:2025 NZL:2022 NZL:2025 PRT:2018 USA:2018 USA:2022 USA:2025); ambiguous sınıf (DEU FIN NLD PRT SWE URY),0.289,keep,50.4,False,-20.3
E_level_floor_missing_kept,S1234-lvl289+nan,C1+C2+C3+C4; +libdem_2013 ≥ 0.289; libdem yoksa kalır,4,False,L3,off,False,,reading,31,33.1,MEX=0.61,2003 2006 2009 2012,0.04,22.69,628.15,-32.2,13.3,1.0,29.1,2.8,0.375,0.594,12/32,19/32,"{""JPN"": 0.583, ""MEX"": 0.308, ""HKG"": 0.109, ""LVA"": 0.0, ""IRL"": 0.0, ""CAN"": 0.0, ""BRA"": 0.0, ""SVK"": 0.0, ""THA"": 0.0, ""FRA"": 0.0, ""ITA"": 0.0, ""HUN"": 0.0, ""KOR"": 0.0, ""NOR"": 0.0, ""CHE"": 0.0, ""GRC"": 0.0, ""AUS"": 0.0, ""BEL"": 0.0, ""CZE"": 0.0, ""DEU"": 0.0, ""DNK"": 0.0, ""FIN"": 0.0, ""IDN"": 0.0, ""ISL"": 0.0, ""MAC"": 0.0, ""NLD"": 0.0, ""NZL"": 0.0, ""POL"": 0.0, ""PRT"": 0.0, ""SWE"": 0.0, ""URY"": 0.0}",JPN,0.583,1.5,True,"{""treated_classes"": [""BRA"", ""CZE"", ""GRC"", ""HKG"", ""HUN"", ""IDN"", ""ITA"", ""KOR"", ""MEX"", ""POL"", ""SVK"", ""THA""], ""ambiguous"": [""DEU"", ""FIN"", ""NLD"", ""PRT"", ""SWE"", ""URY""], ""unscreened"": [""MAC""], ""paper2015"": [""IDN""], ""asterisk"": [""AUS:2022"", ""CAN:2022"", ""CAN:2025"", ""DNK:2022"", ""HKG:2018"", ""HKG:2022"", ""IRL:2022"", ""LVA:2022"", ""NLD:2018"", ""NLD:2022"", ""NLD:2025"", ""NOR:2025"", ""NZL:2022"", ""NZL:2025"", ""PRT:2018""], ""non_oecd"": [""BRA"", ""HKG"", ""IDN"", ""MAC"", ""THA"", ""URY""], ""below_tur_libdem13"": [], ""libdem_missing"": [""MAC""]}",kirlenme: tedavi/otokratikleşen sınıf donörde (12: BRA CZE GRC HKG HUN IDN ITA KOR MEX POL SVK THA); taramasız ülke (1); 2015 kâğıt ülkeleri havuzda (IDN) — mod etkisi kontrol grubuna bulaşır; yıldızlı ülke-döngü havuzda (AUS:2022 CAN:2022 CAN:2025 DNK:2022 HKG:2018 HKG:2022 IRL:2022 LVA:2022 NLD:2018 NLD:2022 NLD:2025 NOR:2025 NZL:2022 NZL:2025 PRT:2018); ambiguous sınıf (DEU FIN NLD PRT SWE URY),0.289,keep,34.1,False,-5.0
E_level_floor_missing_kept,S1234-lvl289+nan,C1+C2+C3+C4; +libdem_2013 ≥ 0.289; libdem yoksa kalır,4,False,L3,off,False,,science,44,51.0,ROU=0.71,2006 2009 2012,7.76,37.69,4.86,-19.2,19.2,37.5,59.5,24.2,0.089,0.978,4/45,44/45,"{""POL"": 0.726, ""PRT"": 0.274, ""MNE"": 0.0, ""BRA"": 0.0, ""THA"": 0.0, ""URY"": 0.0, ""MAC"": 0.0, ""FIN"": 0.0, ""LVA"": 0.0, ""HKG"": 0.0, ""EST"": 0.0, ""BEL"": 0.0, ""BGR"": 0.0, ""IDN"": 0.0, ""IRL"": 0.0, ""GBR"": 0.0, ""MEX"": 0.0, ""ITA"": 0.0, ""DNK"": 0.0, ""ROU"": 0.0, ""HUN"": 0.0, ""ISR"": 0.0, ""DEU"": 0.0, ""HRV"": 0.0, ""FRA"": 0.0, ""CAN"": 0.0, ""AUS"": 0.0, ""CHE"": 0.0, ""CHL"": 0.0, ""COL"": 0.0, ""CZE"": 0.0, ""GRC"": 0.0, ""ISL"": 0.0, ""JPN"": 0.0, ""KOR"": 0.0, ""LTU"": 0.0, ""NLD"": 0.0, ""NOR"": 0.0, ""NZL"": 0.0, ""SVK"": 0.0, ""SVN"": 0.0, ""SWE"": 0.0, ""TWN"": 0.0, ""USA"": 0.0}",POL,0.726,43.4,True,"{""treated_classes"": [""BRA"", ""CZE"", ""GBR"", ""GRC"", ""HKG"", ""HRV"", ""HUN"", ""IDN"", ""ITA"", ""KOR"", ""MEX"", ""MNE"", ""POL"", ""ROU"", ""SVK"", ""SVN"", ""THA"", ""USA""], ""ambiguous"": [""CHL"", ""DEU"", ""FIN"", ""ISR"", ""NLD"", ""PRT"", ""SWE"", ""URY""], ""unscreened"": [""MAC""], ""paper2015"": [""IDN"", ""ROU""], ""asterisk"": [""AUS:2022"", ""CAN:2022"", ""CAN:2025"", ""DNK:2022"", ""GBR:2022"", ""HKG:2018"", ""HKG:2022"", ""IRL:2022"", ""LVA:2022"", ""NLD:2018"", ""NLD:2022"", ""NLD:2025"", ""NOR:2025"", ""NZL:2022"", ""NZL:2025"", ""PRT:2018"", ""USA:2018"", ""USA:2022"", ""USA:2025""], ""non_oecd"": [""BGR"", ""BRA"", ""HKG"", ""HRV"", ""IDN"", ""MAC"", ""MNE"", ""ROU"", ""THA"", ""TWN"", ""URY""], ""below_tur_libdem13"": [], ""libdem_missing"": [""MAC""]}",kirlenme: tedavi/otokratikleşen sınıf donörde (18: BRA CZE GBR GRC HKG HRV HUN IDN ITA KOR MEX MNE POL ROU SVK SVN THA USA); taramasız ülke (1); 2015 kâğıt ülkeleri havuzda (IDN ROU) — mod etkisi kontrol grubuna bulaşır; yıldızlı ülke-döngü havuzda (AUS:2022 CAN:2022 CAN:2025 DNK:2022 GBR:2022 HKG:2018 HKG:2022 IRL:2022 LVA:2022 NLD:2018 NLD:2022 NLD:2025 NOR:2025 NZL:2022 NZL:2025 PRT:2018 USA:2018 USA:2022 USA:2025); ambiguous sınıf (CHL DEU FIN ISR NLD PRT SWE URY),0.289,keep,48.8,False,10.7
E_level_floor_band,S1234-lvl35,C1+C2+C3+C4; +libdem_2013 ≥ 0.350,4,False,L3,off,False,,math,30,40.8,PRT=0.86,2003 2006 2009 2012,0.75,22.41,29.77,-26.5,6.8,18.7,30.1,7.3,0.226,0.484,7/31,15/31,"{""ITA"": 0.705, ""BRA"": 0.295, ""IDN"": 0.0, ""FIN"": 0.0, ""MEX"": 0.0, ""GRC"": 0.0, ""IRL"": 0.0, ""URY"": 0.0, ""DNK"": 0.0, ""CZE"": 0.0, ""KOR"": 0.0, ""LVA"": 0.0, ""NZL"": 0.0, ""HUN"": 0.0, ""POL"": 0.0, ""SWE"": 0.0, ""AUS"": 0.0, ""BEL"": 0.0, ""CAN"": 0.0, ""CHE"": 0.0, ""DEU"": 0.0, ""FRA"": 0.0, ""ISL"": 0.0, ""JPN"": 0.0, ""NLD"": 0.0, ""NOR"": 0.0, ""PRT"": 0.0, ""SVK"": 0.0, ""THA"": 0.0, ""USA"": 0.0}",ITA,0.705,53.3,True,"{""treated_classes"": [""BRA"", ""CZE"", ""GRC"", ""HUN"", ""IDN"", ""ITA"", ""KOR"", ""MEX"", ""POL"", ""SVK"", ""THA"", ""USA""], ""ambiguous"": [""DEU"", ""FIN"", ""NLD"", ""PRT"", ""SWE"", ""URY""], ""unscreened"": [], ""paper2015"": [""IDN""], ""asterisk"": [""AUS:2022"", ""CAN:2022"", ""CAN:2025"", ""DNK:2022"", ""IRL:2022"", ""LVA:2022"", ""NLD:2018"", ""NLD:2022"", ""NLD:2025"", ""NOR:2025"", ""NZL:2022"", ""NZL:2025"", ""PRT:2018"", ""USA:2018"", ""USA:2022"", ""USA:2025""], ""non_oecd"": [""BRA"", ""IDN"", ""THA"", ""URY""], ""below_tur_libdem13"": [], ""libdem_missing"": []}",kirlenme: tedavi/otokratikleşen sınıf donörde (12: BRA CZE GRC HUN IDN ITA KOR MEX POL SVK THA USA); 2015 kâğıt ülkeleri havuzda (IDN) — mod etkisi kontrol grubuna bulaşır; yıldızlı ülke-döngü havuzda (AUS:2022 CAN:2022 CAN:2025 DNK:2022 IRL:2022 LVA:2022 NLD:2018 NLD:2022 NLD:2025 NOR:2025 NZL:2022 NZL:2025 PRT:2018 USA:2018 USA:2022 USA:2025); ambiguous sınıf (DEU FIN NLD PRT SWE URY),0.35,drop,50.4,False,-20.3
E_level_floor_band,S1234-lvl35,C1+C2+C3+C4; +libdem_2013 ≥ 0.350,4,False,L3,off,False,,reading,29,31.3,MEX=0.65,2003 2006 2009 2012,0.65,21.66,33.07,-33.2,11.8,-1.6,25.2,0.6,0.467,0.633,14/30,19/30,"{""JPN"": 0.579, ""MEX"": 0.369, ""POL"": 0.053, ""IRL"": 0.0, ""KOR"": 0.0, ""FIN"": 0.0, ""DEU"": 0.0, ""IDN"": 0.0, ""NZL"": 0.0, ""CAN"": 0.0, ""CHE"": 0.0, ""DNK"": 0.0, ""HUN"": 0.0, ""THA"": 0.0, ""URY"": 0.0, ""GRC"": 0.0, ""NOR"": 0.0, ""BRA"": 0.0, ""ISL"": 0.0, ""AUS"": 0.0, ""ITA"": 0.0, ""LVA"": 0.0, ""PRT"": 0.0, ""SVK"": 0.0, ""FRA"": 0.0, ""NLD"": 0.0, ""SWE"": 0.0, ""BEL"": 0.0, ""CZE"": 0.0}",JPN,0.579,1.5,True,"{""treated_classes"": [""BRA"", ""CZE"", ""GRC"", ""HUN"", ""IDN"", ""ITA"", ""KOR"", ""MEX"", ""POL"", ""SVK"", ""THA""], ""ambiguous"": [""DEU"", ""FIN"", ""NLD"", ""PRT"", ""SWE"", ""URY""], ""unscreened"": [], ""paper2015"": [""IDN""], ""asterisk"": [""AUS:2022"", ""CAN:2022"", ""CAN:2025"", ""DNK:2022"", ""IRL:2022"", ""LVA:2022"", ""NLD:2018"", ""NLD:2022"", ""NLD:2025"", ""NOR:2025"", ""NZL:2022"", ""NZL:2025"", ""PRT:2018""], ""non_oecd"": [""BRA"", ""IDN"", ""THA"", ""URY""], ""below_tur_libdem13"": [], ""libdem_missing"": []}",kirlenme: tedavi/otokratikleşen sınıf donörde (11: BRA CZE GRC HUN IDN ITA KOR MEX POL SVK THA); 2015 kâğıt ülkeleri havuzda (IDN) — mod etkisi kontrol grubuna bulaşır; yıldızlı ülke-döngü havuzda (AUS:2022 CAN:2022 CAN:2025 DNK:2022 IRL:2022 LVA:2022 NLD:2018 NLD:2022 NLD:2025 NOR:2025 NZL:2022 NZL:2025 PRT:2018); ambiguous sınıf (DEU FIN NLD PRT SWE URY),0.35,drop,34.1,False,-8.9
E_level_floor_band,S1234-lvl35,C1+C2+C3+C4; +libdem_2013 ≥ 0.350,4,False,L3,off,False,,science,42,51.0,ROU=0.71,2006 2009 2012,7.76,37.69,4.86,-19.2,19.2,37.5,59.5,24.2,0.07,0.977,3/43,42/43,"{""POL"": 0.726, ""PRT"": 0.274, ""ITA"": 0.0, ""ROU"": 0.0, ""KOR"": 0.0, ""LVA"": 0.0, ""CHL"": 0.0, ""CHE"": 0.0, ""NOR"": 0.0, ""COL"": 0.0, ""DNK"": 0.0, ""BEL"": 0.0, ""LTU"": 0.0, ""FRA"": 0.0, ""BRA"": 0.0, ""JPN"": 0.0, ""ISR"": 0.0, ""SVN"": 0.0, ""IRL"": 0.0, ""USA"": 0.0, ""GBR"": 0.0, ""THA"": 0.0, ""MNE"": 0.0, ""DEU"": 0.0, ""HUN"": 0.0, ""SWE"": 0.0, ""MEX"": 0.0, ""NLD"": 0.0, ""IDN"": 0.0, ""FIN"": 0.0, ""HRV"": 0.0, ""GRC"": 0.0, ""TWN"": 0.0, ""AUS"": 0.0, ""NZL"": 0.0, ""CZE"": 0.0, ""CAN"": 0.0, ""SVK"": 0.0, ""URY"": 0.0, ""ISL"": 0.0, ""EST"": 0.0, ""BGR"": 0.0}",POL,0.726,41.5,True,"{""treated_classes"": [""BRA"", ""CZE"", ""GBR"", ""GRC"", ""HRV"", ""HUN"", ""IDN"", ""ITA"", ""KOR"", ""MEX"", ""MNE"", ""POL"", ""ROU"", ""SVK"", ""SVN"", ""THA"", ""USA""], ""ambiguous"": [""CHL"", ""DEU"", ""FIN"", ""ISR"", ""NLD"", ""PRT"", ""SWE"", ""URY""], ""unscreened"": [], ""paper2015"": [""IDN"", ""ROU""], ""asterisk"": [""AUS:2022"", ""CAN:2022"", ""CAN:2025"", ""DNK:2022"", ""GBR:2022"", ""IRL:2022"", ""LVA:2022"", ""NLD:2018"", ""NLD:2022"", ""NLD:2025"", ""NOR:2025"", ""NZL:2022"", ""NZL:2025"", ""PRT:2018"", ""USA:2018"", ""USA:2022"", ""USA:2025""], ""non_oecd"": [""BGR"", ""BRA"", ""HRV"", ""IDN"", ""MNE"", ""ROU"", ""THA"", ""TWN"", ""URY""], ""below_tur_libdem13"": [], ""libdem_missing"": []}",kirlenme: tedavi/otokratikleşen sınıf donörde (17: BRA CZE GBR GRC HRV HUN IDN ITA KOR MEX MNE POL ROU SVK SVN THA USA); 2015 kâğıt ülkeleri havuzda (IDN ROU) — mod etkisi kontrol grubuna bulaşır; yıldızlı ülke-döngü havuzda (AUS:2022 CAN:2022 CAN:2025 DNK:2022 GBR:2022 IRL:2022 LVA:2022 NLD:2018 NLD:2022 NLD:2025 NOR:2025 NZL:2022 NZL:2025 PRT:2018 USA:2018 USA:2022 USA:2025); ambiguous sınıf (CHL DEU FIN ISR NLD PRT SWE URY),0.35,drop,48.8,False,10.7
E_level_floor_missing_kept,S1234-lvl35+nan,C1+C2+C3+C4; +libdem_2013 ≥ 0.350; libdem yoksa kalır,4,False,L3,off,False,,math,31,40.8,PRT=0.86,2003 2006 2009 2012,0.75,22.41,29.77,-26.5,6.8,18.7,30.1,7.3,0.25,0.5,8/32,16/32,"{""ITA"": 0.705, ""BRA"": 0.295, ""USA"": 0.0, ""PRT"": 0.0, ""JPN"": 0.0, ""FRA"": 0.0, ""NOR"": 0.0, ""DEU"": 0.0, ""SVK"": 0.0, ""ISL"": 0.0, ""MAC"": 0.0, ""BEL"": 0.0, ""CAN"": 0.0, ""THA"": 0.0, ""NLD"": 0.0, ""MEX"": 0.0, ""POL"": 0.0, ""GRC"": 0.0, ""KOR"": 0.0, ""CHE"": 0.0, ""IDN"": 0.0, ""LVA"": 0.0, ""FIN"": 0.0, ""URY"": 0.0, ""DNK"": 0.0, ""CZE"": 0.0, ""IRL"": 0.0, ""NZL"": 0.0, ""SWE"": 0.0, ""HUN"": 0.0, ""AUS"": 0.0}",ITA,0.705,54.6,True,"{""treated_classes"": [""BRA"", ""CZE"", ""GRC"", ""HUN"", ""IDN"", ""ITA"", ""KOR"", ""MEX"", ""POL"", ""SVK"", ""THA"", ""USA""], ""ambiguous"": [""DEU"", ""FIN"", ""NLD"", ""PRT"", ""SWE"", ""URY""], ""unscreened"": [""MAC""], ""paper2015"": [""IDN""], ""asterisk"": [""AUS:2022"", ""CAN:2022"", ""CAN:2025"", ""DNK:2022"", ""IRL:2022"", ""LVA:2022"", ""NLD:2018"", ""NLD:2022"", ""NLD:2025"", ""NOR:2025"", ""NZL:2022"", ""NZL:2025"", ""PRT:2018"", ""USA:2018"", ""USA:2022"", ""USA:2025""], ""non_oecd"": [""BRA"", ""IDN"", ""MAC"", ""THA"", ""URY""], ""below_tur_libdem13"": [], ""libdem_missing"": [""MAC""]}",kirlenme: tedavi/otokratikleşen sınıf donörde (12: BRA CZE GRC HUN IDN ITA KOR MEX POL SVK THA USA); taramasız ülke (1); 2015 kâğıt ülkeleri havuzda (IDN) — mod etkisi kontrol grubuna bulaşır; yıldızlı ülke-döngü havuzda (AUS:2022 CAN:2022 CAN:2025 DNK:2022 IRL:2022 LVA:2022 NLD:2018 NLD:2022 NLD:2025 NOR:2025 NZL:2022 NZL:2025 PRT:2018 USA:2018 USA:2022 USA:2025); ambiguous sınıf (DEU FIN NLD PRT SWE URY),0.35,keep,50.4,False,-20.3
E_level_floor_missing_kept,S1234-lvl35+nan,C1+C2+C3+C4; +libdem_2013 ≥ 0.350; libdem yoksa kalır,4,False,L3,off,False,,reading,30,31.3,MEX=0.65,2003 2006 2009 2012,0.65,21.66,33.07,-33.2,11.8,-1.6,25.2,0.6,0.419,0.613,13/31,19/31,"{""JPN"": 0.579, ""MEX"": 0.369, ""POL"": 0.053, ""URY"": 0.0, ""NOR"": 0.0, ""GRC"": 0.0, ""BRA"": 0.0, ""ISL"": 0.0, ""AUS"": 0.0, ""LVA"": 0.0, ""PRT"": 0.0, ""ITA"": 0.0, ""SVK"": 0.0, ""FRA"": 0.0, ""BEL"": 0.0, ""SWE"": 0.0, ""NLD"": 0.0, ""HUN"": 0.0, ""IRL"": 0.0, ""KOR"": 0.0, ""IDN"": 0.0, ""FIN"": 0.0, ""DEU"": 0.0, ""DNK"": 0.0, ""CHE"": 0.0, ""MAC"": 0.0, ""CAN"": 0.0, ""THA"": 0.0, ""CZE"": 0.0, ""NZL"": 0.0}",JPN,0.579,1.5,True,"{""treated_classes"": [""BRA"", ""CZE"", ""GRC"", ""HUN"", ""IDN"", ""ITA"", ""KOR"", ""MEX"", ""POL"", ""SVK"", ""THA""], ""ambiguous"": [""DEU"", ""FIN"", ""NLD"", ""PRT"", ""SWE"", ""URY""], ""unscreened"": [""MAC""], ""paper2015"": [""IDN""], ""asterisk"": [""AUS:2022"", ""CAN:2022"", ""CAN:2025"", ""DNK:2022"", ""IRL:2022"", ""LVA:2022"", ""NLD:2018"", ""NLD:2022"", ""NLD:2025"", ""NOR:2025"", ""NZL:2022"", ""NZL:2025"", ""PRT:2018""], ""non_oecd"": [""BRA"", ""IDN"", ""MAC"", ""THA"", ""URY""], ""below_tur_libdem13"": [], ""libdem_missing"": [""MAC""]}",kirlenme: tedavi/otokratikleşen sınıf donörde (11: BRA CZE GRC HUN IDN ITA KOR MEX POL SVK THA); taramasız ülke (1); 2015 kâğıt ülkeleri havuzda (IDN) — mod etkisi kontrol grubuna bulaşır; yıldızlı ülke-döngü havuzda (AUS:2022 CAN:2022 CAN:2025 DNK:2022 IRL:2022 LVA:2022 NLD:2018 NLD:2022 NLD:2025 NOR:2025 NZL:2022 NZL:2025 PRT:2018); ambiguous sınıf (DEU FIN NLD PRT SWE URY),0.35,keep,34.1,False,-8.9
E_level_floor_missing_kept,S1234-lvl35+nan,C1+C2+C3+C4; +libdem_2013 ≥ 0.350; libdem yoksa kalır,4,False,L3,off,False,,science,43,51.0,ROU=0.71,2006 2009 2012,7.76,37.69,4.86,-19.2,19.2,37.5,59.5,24.2,0.091,0.977,4/44,43/44,"{""POL"": 0.726, ""PRT"": 0.274, ""COL"": 0.0, ""NOR"": 0.0, ""KOR"": 0.0, ""LVA"": 0.0, ""FRA"": 0.0, ""BGR"": 0.0, ""ISL"": 0.0, ""DNK"": 0.0, ""ITA"": 0.0, ""MEX"": 0.0, ""SVK"": 0.0, ""CHE"": 0.0, ""JPN"": 0.0, ""ROU"": 0.0, ""BRA"": 0.0, ""NLD"": 0.0, ""IRL"": 0.0, ""URY"": 0.0, ""NZL"": 0.0, ""THA"": 0.0, ""AUS"": 0.0, ""USA"": 0.0, ""MAC"": 0.0, ""CZE"": 0.0, ""MNE"": 0.0, ""IDN"": 0.0, ""EST"": 0.0, ""TWN"": 0.0, ""GRC"": 0.0, ""CAN"": 0.0, ""HRV"": 0.0, ""SWE"": 0.0, ""GBR"": 0.0, ""ISR"": 0.0, ""SVN"": 0.0, ""FIN"": 0.0, ""BEL"": 0.0, ""DEU"": 0.0, ""CHL"": 0.0, ""HUN"": 0.0, ""LTU"": 0.0}",POL,0.726,8.9,True,"{""treated_classes"": [""BRA"", ""CZE"", ""GBR"", ""GRC"", ""HRV"", ""HUN"", ""IDN"", ""ITA"", ""KOR"", ""MEX"", ""MNE"", ""POL"", ""ROU"", ""SVK"", ""SVN"", ""THA"", ""USA""], ""ambiguous"": [""CHL"", ""DEU"", ""FIN"", ""ISR"", ""NLD"", ""PRT"", ""SWE"", ""URY""], ""unscreened"": [""MAC""], ""paper2015"": [""IDN"", ""ROU""], ""asterisk"": [""AUS:2022"", ""CAN:2022"", ""CAN:2025"", ""DNK:2022"", ""GBR:2022"", ""IRL:2022"", ""LVA:2022"", ""NLD:2018"", ""NLD:2022"", ""NLD:2025"", ""NOR:2025"", ""NZL:2022"", ""NZL:2025"", ""PRT:2018"", ""USA:2018"", ""USA:2022"", ""USA:2025""], ""non_oecd"": [""BGR"", ""BRA"", ""HRV"", ""IDN"", ""MAC"", ""MNE"", ""ROU"", ""THA"", ""TWN"", ""URY""], ""below_tur_libdem13"": [], ""libdem_missing"": [""MAC""]}",kirlenme: tedavi/otokratikleşen sınıf donörde (17: BRA CZE GBR GRC HRV HUN IDN ITA KOR MEX MNE POL ROU SVK SVN THA USA); taramasız ülke (1); 2015 kâğıt ülkeleri havuzda (IDN ROU) — mod etkisi kontrol grubuna bulaşır; yıldızlı ülke-döngü havuzda (AUS:2022 CAN:2022 CAN:2025 DNK:2022 GBR:2022 IRL:2022 LVA:2022 NLD:2018 NLD:2022 NLD:2025 NOR:2025 NZL:2022 NZL:2025 PRT:2018 USA:2018 USA:2022 USA:2025); ambiguous sınıf (CHL DEU FIN ISR NLD PRT SWE URY),0.35,keep,48.8,False,10.7
