cell_id,block,outcome,donors,donors_json
S0,A_ladder,math,BEL CHE FRA ISL JPN,"{""CHE"": 0.726, ""JPN"": 0.274, ""BEL"": 0.0, ""FRA"": 0.0, ""ISL"": 0.0}"
S0,A_ladder,reading,BEL CHE FRA ISL JPN,"{""JPN"": 0.79, ""ISL"": 0.106, ""CHE"": 0.104, ""FRA"": 0.0, ""BEL"": 0.0}"
S0,A_ladder,science,BEL CHE COL EST FRA ISL JPN LTU,"{""JPN"": 1.0, ""COL"": 0.0, ""LTU"": 0.0, ""ISL"": 0.0, ""FRA"": 0.0, ""EST"": 0.0, ""BEL"": 0.0, ""CHE"": 0.0}"
S1,A_ladder,math,BEL CHE FRA ISL JPN,"{""CHE"": 0.726, ""JPN"": 0.274, ""BEL"": 0.0, ""FRA"": 0.0, ""ISL"": 0.0}"
S1,A_ladder,reading,BEL CHE FRA ISL JPN,"{""JPN"": 0.79, ""ISL"": 0.106, ""CHE"": 0.104, ""FRA"": 0.0, ""BEL"": 0.0}"
S1,A_ladder,science,BEL BGR CHE COL EST FRA ISL JPN LTU QAT TWN,"{""QAT"": 1.0, ""EST"": 0.0, ""JPN"": 0.0, ""BGR"": 0.0, ""LTU"": 0.0, ""BEL"": 0.0, ""CHE"": 0.0, ""COL"": 0.0, ""FRA"": 0.0, ""ISL"": 0.0, ""TWN"": 0.0}"
S2,A_ladder,math,BEL CHE CZE DEU FIN FRA GRC HUN ISL ITA JPN KOR MEX POL SVK SWE,"{""ITA"": 0.833, ""MEX"": 0.167, ""POL"": 0.0, ""DEU"": 0.0, ""ISL"": 0.0, ""BEL"": 0.0, ""JPN"": 0.0, ""KOR"": 0.0, ""GRC"": 0.0, ""CHE"": 0.0, ""HUN"": 0.0, ""SVK"": 0.0, ""FIN"": 0.0, ""CZE"": 0.0, ""FRA"": 0.0, ""SWE"": 0.0}"
S2,A_ladder,reading,BEL CHE CZE DEU FIN FRA GRC HUN ISL ITA JPN KOR MEX POL SVK SWE,"{""JPN"": 0.579, ""MEX"": 0.369, ""POL"": 0.053, ""GRC"": 0.0, ""ISL"": 0.0, ""ITA"": 0.0, ""SVK"": 0.0, ""FRA"": 0.0, ""BEL"": 0.0, ""CZE"": 0.0, ""HUN"": 0.0, ""SWE"": 0.0, ""KOR"": 0.0, ""DEU"": 0.0, ""FIN"": 0.0, ""CHE"": 0.0}"
S2,A_ladder,science,BEL CHE CHL COL CZE DEU EST FIN FRA GRC HUN ISL ISR ITA JPN KOR LTU MEX POL SVK SVN SWE,"{""POL"": 0.772, ""KOR"": 0.228, ""COL"": 0.0, ""ISL"": 0.0, ""ITA"": 0.0, ""CHL"": 0.0, ""SVK"": 0.0, ""MEX"": 0.0, ""CHE"": 0.0, ""JPN"": 0.0, ""DEU"": 0.0, ""FRA"": 0.0, ""HUN"": 0.0, ""BEL"": 0.0, ""CZE"": 0.0, ""EST"": 0.0, ""FIN"": 0.0, ""GRC"": 0.0, ""ISR"": 0.0, ""LTU"": 0.0, ""SVN"": 0.0, ""SWE"": 0.0}"
S3,A_ladder,math,BEL CHE FRA ISL JPN,"{""CHE"": 0.726, ""JPN"": 0.274, ""BEL"": 0.0, ""FRA"": 0.0, ""ISL"": 0.0}"
S3,A_ladder,reading,BEL CHE FRA ISL JPN,"{""JPN"": 0.79, ""ISL"": 0.106, ""CHE"": 0.104, ""FRA"": 0.0, ""BEL"": 0.0}"
S3,A_ladder,science,BEL CHE COL EST FRA ISL JPN LTU,"{""JPN"": 1.0, ""COL"": 0.0, ""LTU"": 0.0, ""ISL"": 0.0, ""FRA"": 0.0, ""EST"": 0.0, ""BEL"": 0.0, ""CHE"": 0.0}"
S4,A_ladder,math,AUS BEL CAN CHE DNK FRA IRL ISL JPN LVA NOR NZL,"{""CHE"": 0.726, ""JPN"": 0.274, ""FRA"": 0.0, ""NOR"": 0.0, ""BEL"": 0.0, ""LVA"": 0.0, ""IRL"": 0.0, ""ISL"": 0.0, ""CAN"": 0.0, ""NZL"": 0.0, ""DNK"": 0.0, ""AUS"": 0.0}"
S4,A_ladder,reading,AUS BEL CAN CHE DNK FRA IRL ISL JPN LVA NOR NZL,"{""JPN"": 0.783, ""DNK"": 0.198, ""ISL"": 0.019, ""NZL"": 0.0, ""CAN"": 0.0, ""CHE"": 0.0, ""AUS"": 0.0, ""BEL"": 0.0, ""FRA"": 0.0, ""IRL"": 0.0, ""LVA"": 0.0, ""NOR"": 0.0}"
S4,A_ladder,science,AUS BEL CAN CHE COL DNK EST FRA IRL ISL JPN LTU LVA NOR NZL,"{""JPN"": 1.0, ""EST"": 0.0, ""IRL"": 0.0, ""CAN"": 0.0, ""BEL"": 0.0, ""LVA"": 0.0, ""LTU"": 0.0, ""FRA"": 0.0, ""DNK"": 0.0, ""AUS"": 0.0, ""COL"": 0.0, ""NOR"": 0.0, ""CHE"": 0.0, ""ISL"": 0.0, ""NZL"": 0.0}"
S12,A_ladder,math,BEL BRA CHE CZE DEU FIN FRA GRC HUN ISL ITA JPN KOR MAC MEX POL SVK SWE THA URY,"{""ITA"": 0.705, ""BRA"": 0.295, ""JPN"": 0.0, ""FRA"": 0.0, ""ISL"": 0.0, ""DEU"": 0.0, ""SVK"": 0.0, ""MAC"": 0.0, ""BEL"": 0.0, ""THA"": 0.0, ""MEX"": 0.0, ""POL"": 0.0, ""GRC"": 0.0, ""KOR"": 0.0, ""CHE"": 0.0, ""FIN"": 0.0, ""HUN"": 0.0, ""URY"": 0.0, ""CZE"": 0.0, ""SWE"": 0.0}"
S12,A_ladder,reading,BEL BRA CHE CZE DEU FIN FRA GRC HUN ISL ITA JPN KOR MAC MEX POL SVK SWE THA URY,"{""JPN"": 0.579, ""MEX"": 0.369, ""POL"": 0.053, ""KOR"": 0.0, ""FIN"": 0.0, ""DEU"": 0.0, ""CHE"": 0.0, ""HUN"": 0.0, ""THA"": 0.0, ""MAC"": 0.0, ""ITA"": 0.0, ""BEL"": 0.0, ""BRA"": 0.0, ""CZE"": 0.0, ""FRA"": 0.0, ""GRC"": 0.0, ""ISL"": 0.0, ""SVK"": 0.0, ""SWE"": 0.0, ""URY"": 0.0}"
S12,A_ladder,science,BEL BGR BRA CHE CHL COL CZE DEU EST FIN FRA GRC HRV HUN ISL ISR ITA JPN KOR LTU MAC MEX MNE POL QAT SVK SVN SWE THA TWN URY,"{""QAT"": 0.936, ""POL"": 0.064, ""SVK"": 0.0, ""ISL"": 0.0, ""URY"": 0.0, ""SWE"": 0.0, ""HUN"": 0.0, ""FIN"": 0.0, ""BRA"": 0.0, ""COL"": 0.0, ""CHL"": 0.0, ""GRC"": 0.0, ""KOR"": 0.0, ""CHE"": 0.0, ""MEX"": 0.0, ""BEL"": 0.0, ""THA"": 0.0, ""ISR"": 0.0, ""ITA"": 0.0, ""JPN"": 0.0, ""EST"": 0.0, ""BGR"": 0.0, ""MAC"": 0.0, ""DEU"": 0.0, ""LTU"": 0.0, ""MNE"": 0.0, ""HRV"": 0.0, ""CZE"": 0.0, ""SVN"": 0.0, ""TWN"": 0.0, ""FRA"": 0.0}"
S13,A_ladder,math,BEL CHE FRA ISL JPN,"{""CHE"": 0.726, ""JPN"": 0.274, ""BEL"": 0.0, ""FRA"": 0.0, ""ISL"": 0.0}"
S13,A_ladder,reading,BEL CHE FRA ISL JPN,"{""JPN"": 0.79, ""ISL"": 0.106, ""CHE"": 0.104, ""FRA"": 0.0, ""BEL"": 0.0}"
S13,A_ladder,science,BEL BGR CHE COL EST FRA ISL JPN LTU QAT TWN,"{""QAT"": 1.0, ""EST"": 0.0, ""JPN"": 0.0, ""BGR"": 0.0, ""LTU"": 0.0, ""BEL"": 0.0, ""CHE"": 0.0, ""COL"": 0.0, ""FRA"": 0.0, ""ISL"": 0.0, ""TWN"": 0.0}"
S14,A_ladder,math,AUS BEL CAN CHE DNK FRA IRL ISL JPN LVA NOR NZL,"{""CHE"": 0.726, ""JPN"": 0.274, ""FRA"": 0.0, ""NOR"": 0.0, ""BEL"": 0.0, ""LVA"": 0.0, ""IRL"": 0.0, ""ISL"": 0.0, ""CAN"": 0.0, ""NZL"": 0.0, ""DNK"": 0.0, ""AUS"": 0.0}"
S14,A_ladder,reading,AUS BEL CAN CHE DNK FRA IRL ISL JPN LVA NOR NZL,"{""JPN"": 0.783, ""DNK"": 0.198, ""ISL"": 0.019, ""NZL"": 0.0, ""CAN"": 0.0, ""CHE"": 0.0, ""AUS"": 0.0, ""BEL"": 0.0, ""FRA"": 0.0, ""IRL"": 0.0, ""LVA"": 0.0, ""NOR"": 0.0}"
S14,A_ladder,science,AUS BEL BGR CAN CHE COL DNK EST FRA IRL ISL JPN LTU LVA NOR NZL QAT TWN,"{""QAT"": 1.0, ""EST"": 0.0, ""IRL"": 0.0, ""TWN"": 0.0, ""LVA"": 0.0, ""BGR"": 0.0, ""JPN"": 0.0, ""LTU"": 0.0, ""BEL"": 0.0, ""FRA"": 0.0, ""CAN"": 0.0, ""COL"": 0.0, ""AUS"": 0.0, ""CHE"": 0.0, ""DNK"": 0.0, ""ISL"": 0.0, ""NOR"": 0.0, ""NZL"": 0.0}"
S23,A_ladder,math,BEL CHE CZE DEU FIN FRA GRC HUN ISL ITA JPN KOR MEX POL SVK SWE,"{""ITA"": 0.833, ""MEX"": 0.167, ""POL"": 0.0, ""DEU"": 0.0, ""ISL"": 0.0, ""BEL"": 0.0, ""JPN"": 0.0, ""KOR"": 0.0, ""GRC"": 0.0, ""CHE"": 0.0, ""HUN"": 0.0, ""SVK"": 0.0, ""FIN"": 0.0, ""CZE"": 0.0, ""FRA"": 0.0, ""SWE"": 0.0}"
S23,A_ladder,reading,BEL CHE CZE DEU FIN FRA GRC HUN ISL ITA JPN KOR MEX POL SVK SWE,"{""JPN"": 0.579, ""MEX"": 0.369, ""POL"": 0.053, ""GRC"": 0.0, ""ISL"": 0.0, ""ITA"": 0.0, ""SVK"": 0.0, ""FRA"": 0.0, ""BEL"": 0.0, ""CZE"": 0.0, ""HUN"": 0.0, ""SWE"": 0.0, ""KOR"": 0.0, ""DEU"": 0.0, ""FIN"": 0.0, ""CHE"": 0.0}"
S23,A_ladder,science,BEL CHE CHL COL CZE DEU EST FIN FRA GRC HUN ISL ISR ITA JPN KOR LTU MEX POL SVK SVN SWE,"{""POL"": 0.772, ""KOR"": 0.228, ""COL"": 0.0, ""ISL"": 0.0, ""ITA"": 0.0, ""CHL"": 0.0, ""SVK"": 0.0, ""MEX"": 0.0, ""CHE"": 0.0, ""JPN"": 0.0, ""DEU"": 0.0, ""FRA"": 0.0, ""HUN"": 0.0, ""BEL"": 0.0, ""CZE"": 0.0, ""EST"": 0.0, ""FIN"": 0.0, ""GRC"": 0.0, ""ISR"": 0.0, ""LTU"": 0.0, ""SVN"": 0.0, ""SWE"": 0.0}"
S24,A_ladder,math,AUS BEL CAN CHE CZE DEU DNK FIN FRA GRC HUN IRL ISL ITA JPN KOR LVA MEX NLD NOR NZL POL PRT SVK SWE USA,"{""PRT"": 0.941, ""POL"": 0.033, ""ITA"": 0.026, ""MEX"": 0.0, ""DEU"": 0.0, ""FIN"": 0.0, ""NZL"": 0.0, ""USA"": 0.0, ""SVK"": 0.0, ""GRC"": 0.0, ""SWE"": 0.0, ""ISL"": 0.0, ""HUN"": 0.0, ""JPN"": 0.0, ""NOR"": 0.0, ""AUS"": 0.0, ""KOR"": 0.0, ""LVA"": 0.0, ""CAN"": 0.0, ""CHE"": 0.0, ""IRL"": 0.0, ""CZE"": 0.0, ""BEL"": 0.0, ""DNK"": 0.0, ""NLD"": 0.0, ""FRA"": 0.0}"
S24,A_ladder,reading,AUS BEL CAN CHE CZE DEU DNK FIN FRA GRC HUN IRL ISL ITA JPN KOR LVA MEX NLD NOR NZL POL PRT SVK SWE,"{""JPN"": 0.579, ""MEX"": 0.369, ""POL"": 0.053, ""IRL"": 0.0, ""KOR"": 0.0, ""DNK"": 0.0, ""CZE"": 0.0, ""CHE"": 0.0, ""FIN"": 0.0, ""NLD"": 0.0, ""FRA"": 0.0, ""CAN"": 0.0, ""SWE"": 0.0, ""DEU"": 0.0, ""NZL"": 0.0, ""BEL"": 0.0, ""PRT"": 0.0, ""HUN"": 0.0, ""ITA"": 0.0, ""AUS"": 0.0, ""GRC"": 0.0, ""ISL"": 0.0, ""LVA"": 0.0, ""NOR"": 0.0, ""SVK"": 0.0}"
S24,A_ladder,science,AUS BEL CAN CHE CHL COL CZE DEU DNK EST FIN FRA GBR GRC HUN IRL ISL ISR ITA JPN KOR LTU LVA MEX NLD NOR NZL POL PRT SVK SVN SWE USA,"{""POL"": 0.726, ""PRT"": 0.274, ""KOR"": 0.0, ""NOR"": 0.0, ""COL"": 0.0, ""USA"": 0.0, ""ISL"": 0.0, ""ITA"": 0.0, ""CHL"": 0.0, ""SVK"": 0.0, ""NZL"": 0.0, ""MEX"": 0.0, ""CHE"": 0.0, ""JPN"": 0.0, ""DNK"": 0.0, ""DEU"": 0.0, ""FRA"": 0.0, ""AUS"": 0.0, ""BEL"": 0.0, ""CAN"": 0.0, ""CZE"": 0.0, ""EST"": 0.0, ""FIN"": 0.0, ""GBR"": 0.0, ""GRC"": 0.0, ""HUN"": 0.0, ""IRL"": 0.0, ""ISR"": 0.0, ""LTU"": 0.0, ""LVA"": 0.0, ""NLD"": 0.0, ""SVN"": 0.0, ""SWE"": 0.0}"
S34,A_ladder,math,AUS BEL CAN CHE DNK FRA IRL ISL JPN LVA NOR NZL,"{""CHE"": 0.726, ""JPN"": 0.274, ""FRA"": 0.0, ""NOR"": 0.0, ""BEL"": 0.0, ""LVA"": 0.0, ""IRL"": 0.0, ""ISL"": 0.0, ""CAN"": 0.0, ""NZL"": 0.0, ""DNK"": 0.0, ""AUS"": 0.0}"
S34,A_ladder,reading,AUS BEL CAN CHE DNK FRA IRL ISL JPN LVA NOR NZL,"{""JPN"": 0.783, ""DNK"": 0.198, ""ISL"": 0.019, ""NZL"": 0.0, ""CAN"": 0.0, ""CHE"": 0.0, ""AUS"": 0.0, ""BEL"": 0.0, ""FRA"": 0.0, ""IRL"": 0.0, ""LVA"": 0.0, ""NOR"": 0.0}"
S34,A_ladder,science,AUS BEL CAN CHE COL DNK EST FRA IRL ISL JPN LTU LVA NOR NZL,"{""JPN"": 1.0, ""EST"": 0.0, ""IRL"": 0.0, ""CAN"": 0.0, ""BEL"": 0.0, ""LVA"": 0.0, ""LTU"": 0.0, ""FRA"": 0.0, ""DNK"": 0.0, ""AUS"": 0.0, ""COL"": 0.0, ""NOR"": 0.0, ""CHE"": 0.0, ""ISL"": 0.0, ""NZL"": 0.0}"
S123,A_ladder,math,BEL BRA CHE CZE DEU FIN FRA GRC HUN IDN ISL ITA JPN KOR MAC MEX POL SVK SWE THA URY,"{""ITA"": 0.705, ""BRA"": 0.295, ""IDN"": 0.0, ""FIN"": 0.0, ""GRC"": 0.0, ""KOR"": 0.0, ""MEX"": 0.0, ""URY"": 0.0, ""SVK"": 0.0, ""POL"": 0.0, ""THA"": 0.0, ""CZE"": 0.0, ""DEU"": 0.0, ""JPN"": 0.0, ""MAC"": 0.0, ""CHE"": 0.0, ""ISL"": 0.0, ""FRA"": 0.0, ""SWE"": 0.0, ""BEL"": 0.0, ""HUN"": 0.0}"
S123,A_ladder,reading,BEL BRA CHE CZE DEU FIN FRA GRC HUN IDN ISL ITA JPN KOR MAC MEX POL SVK SWE THA URY,"{""JPN"": 0.579, ""MEX"": 0.369, ""POL"": 0.053, ""KOR"": 0.0, ""IDN"": 0.0, ""FIN"": 0.0, ""DEU"": 0.0, ""CHE"": 0.0, ""HUN"": 0.0, ""BEL"": 0.0, ""BRA"": 0.0, ""CZE"": 0.0, ""FRA"": 0.0, ""GRC"": 0.0, ""ISL"": 0.0, ""ITA"": 0.0, ""MAC"": 0.0, ""SVK"": 0.0, ""SWE"": 0.0, ""THA"": 0.0, ""URY"": 0.0}"
S123,A_ladder,science,BEL BGR BRA CHE CHL COL CZE DEU EST FIN FRA GRC HRV HUN IDN ISL ISR ITA JPN KOR LTU MAC MEX MNE POL QAT ROU SVK SVN SWE THA TWN URY,"{""QAT"": 0.936, ""POL"": 0.064, ""MNE"": 0.0, ""MAC"": 0.0, ""ISR"": 0.0, ""DEU"": 0.0, ""THA"": 0.0, ""EST"": 0.0, ""HRV"": 0.0, ""BGR"": 0.0, ""JPN"": 0.0, ""CZE"": 0.0, ""SVN"": 0.0, ""LTU"": 0.0, ""FIN"": 0.0, ""HUN"": 0.0, ""TWN"": 0.0, ""GRC"": 0.0, ""CHE"": 0.0, ""ROU"": 0.0, ""BEL"": 0.0, ""SVK"": 0.0, ""ITA"": 0.0, ""ISL"": 0.0, ""MEX"": 0.0, ""KOR"": 0.0, ""BRA"": 0.0, ""COL"": 0.0, ""URY"": 0.0, ""SWE"": 0.0, ""FRA"": 0.0, ""CHL"": 0.0, ""IDN"": 0.0}"
S124,A_ladder,math,AUS BEL BRA CAN CHE CZE DEU DNK FIN FRA GRC HKG HUN IRL ISL ITA JPN KOR LVA MAC MEX NLD NOR NZL POL PRT SVK SWE THA URY USA,"{""ITA"": 0.705, ""BRA"": 0.295, ""FIN"": 0.0, ""MEX"": 0.0, ""GRC"": 0.0, ""URY"": 0.0, ""IRL"": 0.0, ""CZE"": 0.0, ""DNK"": 0.0, ""NZL"": 0.0, ""SWE"": 0.0, ""KOR"": 0.0, ""HUN"": 0.0, ""LVA"": 0.0, ""AUS"": 0.0, ""POL"": 0.0, ""PRT"": 0.0, ""DEU"": 0.0, ""HKG"": 0.0, ""JPN"": 0.0, ""USA"": 0.0, ""CHE"": 0.0, ""THA"": 0.0, ""MAC"": 0.0, ""NOR"": 0.0, ""CAN"": 0.0, ""FRA"": 0.0, ""ISL"": 0.0, ""SVK"": 0.0, ""BEL"": 0.0, ""NLD"": 0.0}"
S124,A_ladder,reading,AUS BEL BRA CAN CHE CZE DEU DNK FIN FRA GRC HKG HUN IRL ISL ITA JPN KOR LVA MAC MEX NLD NOR NZL POL PRT SVK SWE THA URY,"{""JPN"": 0.583, ""MEX"": 0.308, ""HKG"": 0.109, ""DNK"": 0.0, ""DEU"": 0.0, ""NOR"": 0.0, ""POL"": 0.0, ""ISL"": 0.0, ""PRT"": 0.0, ""THA"": 0.0, ""URY"": 0.0, ""SWE"": 0.0, ""KOR"": 0.0, ""GRC"": 0.0, ""HUN"": 0.0, ""BEL"": 0.0, ""SVK"": 0.0, ""AUS"": 0.0, ""BRA"": 0.0, ""CAN"": 0.0, ""CHE"": 0.0, ""CZE"": 0.0, ""FIN"": 0.0, ""FRA"": 0.0, ""IRL"": 0.0, ""ITA"": 0.0, ""LVA"": 0.0, ""MAC"": 0.0, ""NLD"": 0.0, ""NZL"": 0.0}"
S124,A_ladder,science,AUS BEL BGR BRA CAN CHE CHL COL CZE DEU DNK EST FIN FRA GBR GRC HKG HRV HUN IRL ISL ISR ITA JPN KOR LTU LVA MAC MEX MNE NLD NOR NZL POL PRT QAT SVK SVN SWE THA TWN URY USA,"{""QAT"": 0.936, ""POL"": 0.064, ""THA"": 0.0, ""IRL"": 0.0, ""EST"": 0.0, ""ISR"": 0.0, ""MAC"": 0.0, ""JPN"": 0.0, ""HKG"": 0.0, ""BGR"": 0.0, ""MNE"": 0.0, ""USA"": 0.0, ""LTU"": 0.0, ""FRA"": 0.0, ""LVA"": 0.0, ""TWN"": 0.0, ""GBR"": 0.0, ""SVN"": 0.0, ""CZE"": 0.0, ""MEX"": 0.0, ""DNK"": 0.0, ""COL"": 0.0, ""ITA"": 0.0, ""SVK"": 0.0, ""SWE"": 0.0, ""NZL"": 0.0, ""ISL"": 0.0, ""BRA"": 0.0, ""URY"": 0.0, ""CAN"": 0.0, ""HUN"": 0.0, ""FIN"": 0.0, ""NLD"": 0.0, ""KOR"": 0.0, ""AUS"": 0.0, ""DEU"": 0.0, ""CHE"": 0.0, ""HRV"": 0.0, ""PRT"": 0.0, ""NOR"": 0.0, ""CHL"": 0.0, ""BEL"": 0.0, ""GRC"": 0.0}"
S134,A_ladder,math,AUS BEL CAN CHE DNK FRA IRL ISL JPN LVA NOR NZL,"{""CHE"": 0.726, ""JPN"": 0.274, ""FRA"": 0.0, ""NOR"": 0.0, ""BEL"": 0.0, ""LVA"": 0.0, ""IRL"": 0.0, ""ISL"": 0.0, ""CAN"": 0.0, ""NZL"": 0.0, ""DNK"": 0.0, ""AUS"": 0.0}"
S134,A_ladder,reading,AUS BEL CAN CHE DNK FRA IRL ISL JPN LVA NOR NZL,"{""JPN"": 0.783, ""DNK"": 0.198, ""ISL"": 0.019, ""NZL"": 0.0, ""CAN"": 0.0, ""CHE"": 0.0, ""AUS"": 0.0, ""BEL"": 0.0, ""FRA"": 0.0, ""IRL"": 0.0, ""LVA"": 0.0, ""NOR"": 0.0}"
S134,A_ladder,science,AUS BEL BGR CAN CHE COL DNK EST FRA IRL ISL JPN LTU LVA NOR NZL QAT TWN,"{""QAT"": 1.0, ""EST"": 0.0, ""IRL"": 0.0, ""TWN"": 0.0, ""LVA"": 0.0, ""BGR"": 0.0, ""JPN"": 0.0, ""LTU"": 0.0, ""BEL"": 0.0, ""FRA"": 0.0, ""CAN"": 0.0, ""COL"": 0.0, ""AUS"": 0.0, ""CHE"": 0.0, ""DNK"": 0.0, ""ISL"": 0.0, ""NOR"": 0.0, ""NZL"": 0.0}"
S234,A_ladder,math,AUS BEL CAN CHE CZE DEU DNK FIN FRA GRC HUN IRL ISL ITA JPN KOR LVA MEX NLD NOR NZL POL PRT SVK SWE USA,"{""PRT"": 0.941, ""POL"": 0.033, ""ITA"": 0.026, ""MEX"": 0.0, ""DEU"": 0.0, ""FIN"": 0.0, ""NZL"": 0.0, ""USA"": 0.0, ""SVK"": 0.0, ""GRC"": 0.0, ""SWE"": 0.0, ""ISL"": 0.0, ""HUN"": 0.0, ""JPN"": 0.0, ""NOR"": 0.0, ""AUS"": 0.0, ""KOR"": 0.0, ""LVA"": 0.0, ""CAN"": 0.0, ""CHE"": 0.0, ""IRL"": 0.0, ""CZE"": 0.0, ""BEL"": 0.0, ""DNK"": 0.0, ""NLD"": 0.0, ""FRA"": 0.0}"
S234,A_ladder,reading,AUS BEL CAN CHE CZE DEU DNK FIN FRA GRC HUN IRL ISL ITA JPN KOR LVA MEX NLD NOR NZL POL PRT SVK SWE,"{""JPN"": 0.579, ""MEX"": 0.369, ""POL"": 0.053, ""IRL"": 0.0, ""KOR"": 0.0, ""DNK"": 0.0, ""CZE"": 0.0, ""CHE"": 0.0, ""FIN"": 0.0, ""NLD"": 0.0, ""FRA"": 0.0, ""CAN"": 0.0, ""SWE"": 0.0, ""DEU"": 0.0, ""NZL"": 0.0, ""BEL"": 0.0, ""PRT"": 0.0, ""HUN"": 0.0, ""ITA"": 0.0, ""AUS"": 0.0, ""GRC"": 0.0, ""ISL"": 0.0, ""LVA"": 0.0, ""NOR"": 0.0, ""SVK"": 0.0}"
S234,A_ladder,science,AUS BEL CAN CHE CHL COL CZE DEU DNK EST FIN FRA GBR GRC HUN IRL ISL ISR ITA JPN KOR LTU LVA MEX NLD NOR NZL POL PRT SVK SVN SWE USA,"{""POL"": 0.726, ""PRT"": 0.274, ""KOR"": 0.0, ""NOR"": 0.0, ""COL"": 0.0, ""USA"": 0.0, ""ISL"": 0.0, ""ITA"": 0.0, ""CHL"": 0.0, ""SVK"": 0.0, ""NZL"": 0.0, ""MEX"": 0.0, ""CHE"": 0.0, ""JPN"": 0.0, ""DNK"": 0.0, ""DEU"": 0.0, ""FRA"": 0.0, ""AUS"": 0.0, ""BEL"": 0.0, ""CAN"": 0.0, ""CZE"": 0.0, ""EST"": 0.0, ""FIN"": 0.0, ""GBR"": 0.0, ""GRC"": 0.0, ""HUN"": 0.0, ""IRL"": 0.0, ""ISR"": 0.0, ""LTU"": 0.0, ""LVA"": 0.0, ""NLD"": 0.0, ""SVN"": 0.0, ""SWE"": 0.0}"
S1234,A_ladder,math,AUS BEL BRA CAN CHE CZE DEU DNK FIN FRA GRC HKG HUN IDN IRL ISL ITA JPN KOR LVA MAC MEX NLD NOR NZL POL PRT SVK SWE THA URY USA,"{""ITA"": 0.705, ""BRA"": 0.295, ""IDN"": 0.0, ""FIN"": 0.0, ""MEX"": 0.0, ""GRC"": 0.0, ""URY"": 0.0, ""IRL"": 0.0, ""KOR"": 0.0, ""DNK"": 0.0, ""NZL"": 0.0, ""LVA"": 0.0, ""CZE"": 0.0, ""AUS"": 0.0, ""HUN"": 0.0, ""SWE"": 0.0, ""POL"": 0.0, ""USA"": 0.0, ""JPN"": 0.0, ""PRT"": 0.0, ""FRA"": 0.0, ""NOR"": 0.0, ""HKG"": 0.0, ""ISL"": 0.0, ""SVK"": 0.0, ""DEU"": 0.0, ""MAC"": 0.0, ""BEL"": 0.0, ""CAN"": 0.0, ""THA"": 0.0, ""NLD"": 0.0, ""CHE"": 0.0}"
S1234,A_ladder,reading,AUS BEL BRA CAN CHE CZE DEU DNK FIN FRA GRC HKG HUN IDN IRL ISL ITA JPN KOR LVA MAC MEX NLD NOR NZL POL PRT SVK SWE THA URY,"{""JPN"": 0.583, ""MEX"": 0.308, ""HKG"": 0.109, ""LVA"": 0.0, ""IRL"": 0.0, ""CAN"": 0.0, ""BRA"": 0.0, ""SVK"": 0.0, ""THA"": 0.0, ""FRA"": 0.0, ""ITA"": 0.0, ""HUN"": 0.0, ""KOR"": 0.0, ""NOR"": 0.0, ""CHE"": 0.0, ""GRC"": 0.0, ""AUS"": 0.0, ""BEL"": 0.0, ""CZE"": 0.0, ""DEU"": 0.0, ""DNK"": 0.0, ""FIN"": 0.0, ""IDN"": 0.0, ""ISL"": 0.0, ""MAC"": 0.0, ""NLD"": 0.0, ""NZL"": 0.0, ""POL"": 0.0, ""PRT"": 0.0, ""SWE"": 0.0, ""URY"": 0.0}"
S1234,A_ladder,science,AUS BEL BGR BRA CAN CHE CHL COL CZE DEU DNK EST FIN FRA GBR GRC HKG HRV HUN IDN IRL ISL ISR ITA JPN KOR LTU LVA MAC MEX MNE NLD NOR NZL POL PRT QAT ROU SVK SVN SWE THA TWN URY USA,"{""QAT"": 0.936, ""POL"": 0.064, ""SVK"": 0.0, ""ISL"": 0.0, ""NZL"": 0.0, ""URY"": 0.0, ""HUN"": 0.0, ""FIN"": 0.0, ""SWE"": 0.0, ""NOR"": 0.0, ""PRT"": 0.0, ""BRA"": 0.0, ""AUS"": 0.0, ""USA"": 0.0, ""CHL"": 0.0, ""CAN"": 0.0, ""GRC"": 0.0, ""COL"": 0.0, ""DNK"": 0.0, ""BEL"": 0.0, ""MEX"": 0.0, ""THA"": 0.0, ""ROU"": 0.0, ""ISR"": 0.0, ""ITA"": 0.0, ""IRL"": 0.0, ""JPN"": 0.0, ""LVA"": 0.0, ""BGR"": 0.0, ""EST"": 0.0, ""KOR"": 0.0, ""HKG"": 0.0, ""MAC"": 0.0, ""LTU"": 0.0, ""DEU"": 0.0, ""FRA"": 0.0, ""IDN"": 0.0, ""TWN"": 0.0, ""SVN"": 0.0, ""NLD"": 0.0, ""CZE"": 0.0, ""GBR"": 0.0, ""HRV"": 0.0, ""MNE"": 0.0, ""CHE"": 0.0}"
B-L0,B_screen_ladder,math,BEL CHE FRA ISL JPN,"{""CHE"": 0.726, ""JPN"": 0.274, ""BEL"": 0.0, ""FRA"": 0.0, ""ISL"": 0.0}"
B-L0,B_screen_ladder,reading,BEL CHE FRA ISL JPN,"{""JPN"": 0.79, ""ISL"": 0.106, ""CHE"": 0.104, ""FRA"": 0.0, ""BEL"": 0.0}"
B-L0,B_screen_ladder,science,BEL CHE EST FRA ISL JPN LTU,"{""JPN"": 1.0, ""ISL"": 0.0, ""BEL"": 0.0, ""CHE"": 0.0, ""EST"": 0.0, ""FRA"": 0.0, ""LTU"": 0.0}"
B-L1,B_screen_ladder,math,BEL CHE FRA ISL JPN,"{""CHE"": 0.726, ""JPN"": 0.274, ""BEL"": 0.0, ""FRA"": 0.0, ""ISL"": 0.0}"
B-L1,B_screen_ladder,reading,BEL CHE FRA ISL JPN,"{""JPN"": 0.79, ""ISL"": 0.106, ""CHE"": 0.104, ""FRA"": 0.0, ""BEL"": 0.0}"
B-L1,B_screen_ladder,science,BEL CHE COL EST FRA ISL JPN LTU,"{""JPN"": 1.0, ""COL"": 0.0, ""LTU"": 0.0, ""ISL"": 0.0, ""FRA"": 0.0, ""EST"": 0.0, ""BEL"": 0.0, ""CHE"": 0.0}"
B-L2,B_screen_ladder,math,BEL CHE DEU FIN FRA ISL JPN SWE,"{""DEU"": 1.0, ""ISL"": 0.0, ""FIN"": 0.0, ""BEL"": 0.0, ""CHE"": 0.0, ""FRA"": 0.0, ""JPN"": 0.0, ""SWE"": 0.0}"
B-L2,B_screen_ladder,reading,BEL CHE DEU FIN FRA ISL JPN SWE,"{""JPN"": 0.864, ""FIN"": 0.136, ""ISL"": 0.0, ""DEU"": 0.0, ""BEL"": 0.0, ""CHE"": 0.0, ""FRA"": 0.0, ""SWE"": 0.0}"
B-L2,B_screen_ladder,science,BEL CHE CHL COL DEU EST FIN FRA ISL ISR JPN LTU SWE,"{""JPN"": 1.0, ""ISL"": 0.0, ""COL"": 0.0, ""CHL"": 0.0, ""CHE"": 0.0, ""BEL"": 0.0, ""DEU"": 0.0, ""EST"": 0.0, ""FIN"": 0.0, ""FRA"": 0.0, ""ISR"": 0.0, ""LTU"": 0.0, ""SWE"": 0.0}"
B-L3,B_screen_ladder,math,BEL CHE CZE DEU FIN FRA GRC HUN ISL ITA JPN KOR MEX POL SVK SWE,"{""ITA"": 0.833, ""MEX"": 0.167, ""POL"": 0.0, ""DEU"": 0.0, ""ISL"": 0.0, ""BEL"": 0.0, ""JPN"": 0.0, ""KOR"": 0.0, ""GRC"": 0.0, ""CHE"": 0.0, ""HUN"": 0.0, ""SVK"": 0.0, ""FIN"": 0.0, ""CZE"": 0.0, ""FRA"": 0.0, ""SWE"": 0.0}"
B-L3,B_screen_ladder,reading,BEL CHE CZE DEU FIN FRA GRC HUN ISL ITA JPN KOR MEX POL SVK SWE,"{""JPN"": 0.579, ""MEX"": 0.369, ""POL"": 0.053, ""GRC"": 0.0, ""ISL"": 0.0, ""ITA"": 0.0, ""SVK"": 0.0, ""FRA"": 0.0, ""BEL"": 0.0, ""CZE"": 0.0, ""HUN"": 0.0, ""SWE"": 0.0, ""KOR"": 0.0, ""DEU"": 0.0, ""FIN"": 0.0, ""CHE"": 0.0}"
B-L3,B_screen_ladder,science,BEL CHE CHL COL CZE DEU EST FIN FRA GRC HUN ISL ISR ITA JPN KOR LTU MEX POL SVK SVN SWE,"{""POL"": 0.772, ""KOR"": 0.228, ""COL"": 0.0, ""ISL"": 0.0, ""ITA"": 0.0, ""CHL"": 0.0, ""SVK"": 0.0, ""MEX"": 0.0, ""CHE"": 0.0, ""JPN"": 0.0, ""DEU"": 0.0, ""FRA"": 0.0, ""HUN"": 0.0, ""BEL"": 0.0, ""CZE"": 0.0, ""EST"": 0.0, ""FIN"": 0.0, ""GRC"": 0.0, ""ISR"": 0.0, ""LTU"": 0.0, ""SVN"": 0.0, ""SWE"": 0.0}"
C3-adj,C_mode_adjusted,math,BEL CHE FRA ISL JPN,"{""CHE"": 0.726, ""JPN"": 0.274, ""BEL"": 0.0, ""FRA"": 0.0, ""ISL"": 0.0}"
C3-adj,C_mode_adjusted,reading,BEL CHE FRA ISL JPN,"{""JPN"": 0.79, ""ISL"": 0.106, ""CHE"": 0.104, ""FRA"": 0.0, ""BEL"": 0.0}"
C3-adj,C_mode_adjusted,science,BEL CHE COL EST FRA ISL JPN LTU,"{""JPN"": 1.0, ""COL"": 0.0, ""LTU"": 0.0, ""ISL"": 0.0, ""FRA"": 0.0, ""EST"": 0.0, ""BEL"": 0.0, ""CHE"": 0.0}"
C3-adj+TUR,C_mode_adjusted,math,BEL CHE FRA ISL JPN,"{""CHE"": 0.726, ""JPN"": 0.274, ""BEL"": 0.0, ""FRA"": 0.0, ""ISL"": 0.0}"
C3-adj+TUR,C_mode_adjusted,reading,BEL CHE FRA ISL JPN,"{""JPN"": 0.79, ""ISL"": 0.106, ""CHE"": 0.104, ""FRA"": 0.0, ""BEL"": 0.0}"
C3-adj+TUR,C_mode_adjusted,science,BEL CHE COL EST FRA ISL JPN LTU,"{""JPN"": 1.0, ""COL"": 0.0, ""LTU"": 0.0, ""ISL"": 0.0, ""FRA"": 0.0, ""EST"": 0.0, ""BEL"": 0.0, ""CHE"": 0.0}"
S3-adj,A_ladder_adj_twin,math,BEL CHE FRA ISL JPN,"{""CHE"": 0.726, ""JPN"": 0.274, ""BEL"": 0.0, ""FRA"": 0.0, ""ISL"": 0.0}"
S3-adj,A_ladder_adj_twin,reading,BEL CHE FRA ISL JPN,"{""JPN"": 0.79, ""ISL"": 0.106, ""CHE"": 0.104, ""FRA"": 0.0, ""BEL"": 0.0}"
S3-adj,A_ladder_adj_twin,science,BEL CHE COL EST FRA ISL JPN LTU,"{""JPN"": 1.0, ""COL"": 0.0, ""LTU"": 0.0, ""ISL"": 0.0, ""FRA"": 0.0, ""EST"": 0.0, ""BEL"": 0.0, ""CHE"": 0.0}"
S13-adj,A_ladder_adj_twin,math,BEL CHE FRA ISL JPN,"{""CHE"": 0.726, ""JPN"": 0.274, ""BEL"": 0.0, ""FRA"": 0.0, ""ISL"": 0.0}"
S13-adj,A_ladder_adj_twin,reading,BEL CHE FRA ISL JPN,"{""JPN"": 0.79, ""ISL"": 0.106, ""CHE"": 0.104, ""FRA"": 0.0, ""BEL"": 0.0}"
S13-adj,A_ladder_adj_twin,science,BEL BGR CHE COL EST FRA ISL JPN LTU QAT TWN,"{""QAT"": 1.0, ""EST"": 0.0, ""JPN"": 0.0, ""BGR"": 0.0, ""LTU"": 0.0, ""BEL"": 0.0, ""CHE"": 0.0, ""COL"": 0.0, ""FRA"": 0.0, ""ISL"": 0.0, ""TWN"": 0.0}"
S23-adj,A_ladder_adj_twin,math,BEL CHE CZE DEU FIN FRA GRC HUN ISL ITA JPN KOR MEX POL SVK SWE,"{""ITA"": 0.833, ""MEX"": 0.167, ""POL"": 0.0, ""DEU"": 0.0, ""ISL"": 0.0, ""BEL"": 0.0, ""JPN"": 0.0, ""KOR"": 0.0, ""GRC"": 0.0, ""CHE"": 0.0, ""HUN"": 0.0, ""SVK"": 0.0, ""FIN"": 0.0, ""CZE"": 0.0, ""FRA"": 0.0, ""SWE"": 0.0}"
S23-adj,A_ladder_adj_twin,reading,BEL CHE CZE DEU FIN FRA GRC HUN ISL ITA JPN KOR MEX POL SVK SWE,"{""JPN"": 0.579, ""MEX"": 0.369, ""POL"": 0.053, ""GRC"": 0.0, ""ISL"": 0.0, ""ITA"": 0.0, ""SVK"": 0.0, ""FRA"": 0.0, ""BEL"": 0.0, ""CZE"": 0.0, ""HUN"": 0.0, ""SWE"": 0.0, ""KOR"": 0.0, ""DEU"": 0.0, ""FIN"": 0.0, ""CHE"": 0.0}"
S23-adj,A_ladder_adj_twin,science,BEL CHE CHL COL CZE DEU EST FIN FRA GRC HUN ISL ISR ITA JPN KOR LTU MEX POL SVK SVN SWE,"{""POL"": 0.772, ""KOR"": 0.228, ""COL"": 0.0, ""ISL"": 0.0, ""ITA"": 0.0, ""CHL"": 0.0, ""SVK"": 0.0, ""MEX"": 0.0, ""CHE"": 0.0, ""JPN"": 0.0, ""DEU"": 0.0, ""FRA"": 0.0, ""HUN"": 0.0, ""BEL"": 0.0, ""CZE"": 0.0, ""EST"": 0.0, ""FIN"": 0.0, ""GRC"": 0.0, ""ISR"": 0.0, ""LTU"": 0.0, ""SVN"": 0.0, ""SWE"": 0.0}"
S34-adj,A_ladder_adj_twin,math,AUS BEL CAN CHE DNK FRA IRL ISL JPN LVA NOR NZL,"{""CHE"": 0.726, ""JPN"": 0.274, ""FRA"": 0.0, ""NOR"": 0.0, ""BEL"": 0.0, ""LVA"": 0.0, ""IRL"": 0.0, ""ISL"": 0.0, ""CAN"": 0.0, ""NZL"": 0.0, ""DNK"": 0.0, ""AUS"": 0.0}"
S34-adj,A_ladder_adj_twin,reading,AUS BEL CAN CHE DNK FRA IRL ISL JPN LVA NOR NZL,"{""JPN"": 0.783, ""DNK"": 0.198, ""ISL"": 0.019, ""NZL"": 0.0, ""CAN"": 0.0, ""CHE"": 0.0, ""AUS"": 0.0, ""BEL"": 0.0, ""FRA"": 0.0, ""IRL"": 0.0, ""LVA"": 0.0, ""NOR"": 0.0}"
S34-adj,A_ladder_adj_twin,science,AUS BEL CAN CHE COL DNK EST FRA IRL ISL JPN LTU LVA NOR NZL,"{""JPN"": 1.0, ""EST"": 0.0, ""IRL"": 0.0, ""CAN"": 0.0, ""BEL"": 0.0, ""LVA"": 0.0, ""LTU"": 0.0, ""FRA"": 0.0, ""DNK"": 0.0, ""AUS"": 0.0, ""COL"": 0.0, ""NOR"": 0.0, ""CHE"": 0.0, ""ISL"": 0.0, ""NZL"": 0.0}"
S123-adj,A_ladder_adj_twin,math,BEL BRA CHE CZE DEU FIN FRA GRC HUN IDN ISL ITA JPN KOR MAC MEX POL SVK SWE THA URY,"{""ITA"": 0.705, ""BRA"": 0.295, ""IDN"": 0.0, ""FIN"": 0.0, ""GRC"": 0.0, ""KOR"": 0.0, ""MEX"": 0.0, ""URY"": 0.0, ""SVK"": 0.0, ""POL"": 0.0, ""THA"": 0.0, ""CZE"": 0.0, ""DEU"": 0.0, ""JPN"": 0.0, ""MAC"": 0.0, ""CHE"": 0.0, ""ISL"": 0.0, ""FRA"": 0.0, ""SWE"": 0.0, ""BEL"": 0.0, ""HUN"": 0.0}"
S123-adj,A_ladder_adj_twin,reading,BEL BRA CHE CZE DEU FIN FRA GRC HUN IDN ISL ITA JPN KOR MAC MEX POL SVK SWE THA URY,"{""JPN"": 0.579, ""MEX"": 0.369, ""POL"": 0.053, ""KOR"": 0.0, ""IDN"": 0.0, ""FIN"": 0.0, ""DEU"": 0.0, ""CHE"": 0.0, ""HUN"": 0.0, ""BEL"": 0.0, ""BRA"": 0.0, ""CZE"": 0.0, ""FRA"": 0.0, ""GRC"": 0.0, ""ISL"": 0.0, ""ITA"": 0.0, ""MAC"": 0.0, ""SVK"": 0.0, ""SWE"": 0.0, ""THA"": 0.0, ""URY"": 0.0}"
S123-adj,A_ladder_adj_twin,science,BEL BGR BRA CHE CHL COL CZE DEU EST FIN FRA GRC HRV HUN IDN ISL ISR ITA JPN KOR LTU MAC MEX MNE POL QAT ROU SVK SVN SWE THA TWN URY,"{""QAT"": 0.936, ""POL"": 0.064, ""MNE"": 0.0, ""MAC"": 0.0, ""ISR"": 0.0, ""DEU"": 0.0, ""THA"": 0.0, ""EST"": 0.0, ""HRV"": 0.0, ""BGR"": 0.0, ""JPN"": 0.0, ""CZE"": 0.0, ""SVN"": 0.0, ""LTU"": 0.0, ""FIN"": 0.0, ""HUN"": 0.0, ""TWN"": 0.0, ""GRC"": 0.0, ""CHE"": 0.0, ""ROU"": 0.0, ""BEL"": 0.0, ""SVK"": 0.0, ""ITA"": 0.0, ""ISL"": 0.0, ""MEX"": 0.0, ""KOR"": 0.0, ""BRA"": 0.0, ""COL"": 0.0, ""URY"": 0.0, ""SWE"": 0.0, ""FRA"": 0.0, ""CHL"": 0.0, ""IDN"": 0.0}"
S134-adj,A_ladder_adj_twin,math,AUS BEL CAN CHE DNK FRA IRL ISL JPN LVA NOR NZL,"{""CHE"": 0.726, ""JPN"": 0.274, ""FRA"": 0.0, ""NOR"": 0.0, ""BEL"": 0.0, ""LVA"": 0.0, ""IRL"": 0.0, ""ISL"": 0.0, ""CAN"": 0.0, ""NZL"": 0.0, ""DNK"": 0.0, ""AUS"": 0.0}"
S134-adj,A_ladder_adj_twin,reading,AUS BEL CAN CHE DNK FRA IRL ISL JPN LVA NOR NZL,"{""JPN"": 0.783, ""DNK"": 0.198, ""ISL"": 0.019, ""NZL"": 0.0, ""CAN"": 0.0, ""CHE"": 0.0, ""AUS"": 0.0, ""BEL"": 0.0, ""FRA"": 0.0, ""IRL"": 0.0, ""LVA"": 0.0, ""NOR"": 0.0}"
S134-adj,A_ladder_adj_twin,science,AUS BEL BGR CAN CHE COL DNK EST FRA IRL ISL JPN LTU LVA NOR NZL QAT TWN,"{""QAT"": 1.0, ""EST"": 0.0, ""IRL"": 0.0, ""TWN"": 0.0, ""LVA"": 0.0, ""BGR"": 0.0, ""JPN"": 0.0, ""LTU"": 0.0, ""BEL"": 0.0, ""FRA"": 0.0, ""CAN"": 0.0, ""COL"": 0.0, ""AUS"": 0.0, ""CHE"": 0.0, ""DNK"": 0.0, ""ISL"": 0.0, ""NOR"": 0.0, ""NZL"": 0.0}"
S234-adj,A_ladder_adj_twin,math,AUS BEL CAN CHE CZE DEU DNK FIN FRA GRC HUN IRL ISL ITA JPN KOR LVA MEX NLD NOR NZL POL PRT SVK SWE USA,"{""PRT"": 0.941, ""POL"": 0.033, ""ITA"": 0.026, ""MEX"": 0.0, ""DEU"": 0.0, ""FIN"": 0.0, ""NZL"": 0.0, ""USA"": 0.0, ""SVK"": 0.0, ""GRC"": 0.0, ""SWE"": 0.0, ""ISL"": 0.0, ""HUN"": 0.0, ""JPN"": 0.0, ""NOR"": 0.0, ""AUS"": 0.0, ""KOR"": 0.0, ""LVA"": 0.0, ""CAN"": 0.0, ""CHE"": 0.0, ""IRL"": 0.0, ""CZE"": 0.0, ""BEL"": 0.0, ""DNK"": 0.0, ""NLD"": 0.0, ""FRA"": 0.0}"
S234-adj,A_ladder_adj_twin,reading,AUS BEL CAN CHE CZE DEU DNK FIN FRA GRC HUN IRL ISL ITA JPN KOR LVA MEX NLD NOR NZL POL PRT SVK SWE,"{""JPN"": 0.579, ""MEX"": 0.369, ""POL"": 0.053, ""IRL"": 0.0, ""KOR"": 0.0, ""DNK"": 0.0, ""CZE"": 0.0, ""CHE"": 0.0, ""FIN"": 0.0, ""NLD"": 0.0, ""FRA"": 0.0, ""CAN"": 0.0, ""SWE"": 0.0, ""DEU"": 0.0, ""NZL"": 0.0, ""BEL"": 0.0, ""PRT"": 0.0, ""HUN"": 0.0, ""ITA"": 0.0, ""AUS"": 0.0, ""GRC"": 0.0, ""ISL"": 0.0, ""LVA"": 0.0, ""NOR"": 0.0, ""SVK"": 0.0}"
S234-adj,A_ladder_adj_twin,science,AUS BEL CAN CHE CHL COL CZE DEU DNK EST FIN FRA GBR GRC HUN IRL ISL ISR ITA JPN KOR LTU LVA MEX NLD NOR NZL POL PRT SVK SVN SWE USA,"{""POL"": 0.726, ""PRT"": 0.274, ""KOR"": 0.0, ""NOR"": 0.0, ""COL"": 0.0, ""USA"": 0.0, ""ISL"": 0.0, ""ITA"": 0.0, ""CHL"": 0.0, ""SVK"": 0.0, ""NZL"": 0.0, ""MEX"": 0.0, ""CHE"": 0.0, ""JPN"": 0.0, ""DNK"": 0.0, ""DEU"": 0.0, ""FRA"": 0.0, ""AUS"": 0.0, ""BEL"": 0.0, ""CAN"": 0.0, ""CZE"": 0.0, ""EST"": 0.0, ""FIN"": 0.0, ""GBR"": 0.0, ""GRC"": 0.0, ""HUN"": 0.0, ""IRL"": 0.0, ""ISR"": 0.0, ""LTU"": 0.0, ""LVA"": 0.0, ""NLD"": 0.0, ""SVN"": 0.0, ""SWE"": 0.0}"
S1234-adj,A_ladder_adj_twin,math,AUS BEL BRA CAN CHE CZE DEU DNK FIN FRA GRC HKG HUN IDN IRL ISL ITA JPN KOR LVA MAC MEX NLD NOR NZL POL PRT SVK SWE THA URY USA,"{""ITA"": 0.705, ""BRA"": 0.295, ""IDN"": 0.0, ""FIN"": 0.0, ""MEX"": 0.0, ""GRC"": 0.0, ""URY"": 0.0, ""IRL"": 0.0, ""KOR"": 0.0, ""DNK"": 0.0, ""NZL"": 0.0, ""LVA"": 0.0, ""CZE"": 0.0, ""AUS"": 0.0, ""HUN"": 0.0, ""SWE"": 0.0, ""POL"": 0.0, ""USA"": 0.0, ""JPN"": 0.0, ""PRT"": 0.0, ""FRA"": 0.0, ""NOR"": 0.0, ""HKG"": 0.0, ""ISL"": 0.0, ""SVK"": 0.0, ""DEU"": 0.0, ""MAC"": 0.0, ""BEL"": 0.0, ""CAN"": 0.0, ""THA"": 0.0, ""NLD"": 0.0, ""CHE"": 0.0}"
S1234-adj,A_ladder_adj_twin,reading,AUS BEL BRA CAN CHE CZE DEU DNK FIN FRA GRC HKG HUN IDN IRL ISL ITA JPN KOR LVA MAC MEX NLD NOR NZL POL PRT SVK SWE THA URY,"{""JPN"": 0.583, ""MEX"": 0.308, ""HKG"": 0.109, ""LVA"": 0.0, ""IRL"": 0.0, ""CAN"": 0.0, ""BRA"": 0.0, ""SVK"": 0.0, ""THA"": 0.0, ""FRA"": 0.0, ""ITA"": 0.0, ""HUN"": 0.0, ""KOR"": 0.0, ""NOR"": 0.0, ""CHE"": 0.0, ""GRC"": 0.0, ""AUS"": 0.0, ""BEL"": 0.0, ""CZE"": 0.0, ""DEU"": 0.0, ""DNK"": 0.0, ""FIN"": 0.0, ""IDN"": 0.0, ""ISL"": 0.0, ""MAC"": 0.0, ""NLD"": 0.0, ""NZL"": 0.0, ""POL"": 0.0, ""PRT"": 0.0, ""SWE"": 0.0, ""URY"": 0.0}"
S1234-adj,A_ladder_adj_twin,science,AUS BEL BGR BRA CAN CHE CHL COL CZE DEU DNK EST FIN FRA GBR GRC HKG HRV HUN IDN IRL ISL ISR ITA JPN KOR LTU LVA MAC MEX MNE NLD NOR NZL POL PRT QAT ROU SVK SVN SWE THA TWN URY USA,"{""QAT"": 0.936, ""POL"": 0.064, ""SVK"": 0.0, ""ISL"": 0.0, ""NZL"": 0.0, ""URY"": 0.0, ""HUN"": 0.0, ""FIN"": 0.0, ""SWE"": 0.0, ""NOR"": 0.0, ""PRT"": 0.0, ""BRA"": 0.0, ""AUS"": 0.0, ""USA"": 0.0, ""CHL"": 0.0, ""CAN"": 0.0, ""GRC"": 0.0, ""COL"": 0.0, ""DNK"": 0.0, ""BEL"": 0.0, ""MEX"": 0.0, ""THA"": 0.0, ""ROU"": 0.0, ""ISR"": 0.0, ""ITA"": 0.0, ""IRL"": 0.0, ""JPN"": 0.0, ""LVA"": 0.0, ""BGR"": 0.0, ""EST"": 0.0, ""KOR"": 0.0, ""HKG"": 0.0, ""MAC"": 0.0, ""LTU"": 0.0, ""DEU"": 0.0, ""FRA"": 0.0, ""IDN"": 0.0, ""TWN"": 0.0, ""SVN"": 0.0, ""NLD"": 0.0, ""CZE"": 0.0, ""GBR"": 0.0, ""HRV"": 0.0, ""MNE"": 0.0, ""CHE"": 0.0}"
S13-adj+TUR,C_mode_adjusted,math,BEL CHE FRA ISL JPN,"{""CHE"": 0.726, ""JPN"": 0.274, ""BEL"": 0.0, ""FRA"": 0.0, ""ISL"": 0.0}"
S13-adj+TUR,C_mode_adjusted,reading,BEL CHE FRA ISL JPN,"{""JPN"": 0.79, ""ISL"": 0.106, ""CHE"": 0.104, ""FRA"": 0.0, ""BEL"": 0.0}"
S13-adj+TUR,C_mode_adjusted,science,BEL BGR CHE COL EST FRA ISL JPN LTU QAT TWN,"{""QAT"": 1.0, ""EST"": 0.0, ""JPN"": 0.0, ""BGR"": 0.0, ""LTU"": 0.0, ""BEL"": 0.0, ""CHE"": 0.0, ""COL"": 0.0, ""FRA"": 0.0, ""ISL"": 0.0, ""TWN"": 0.0}"
S0-lvl20,E_level_floor_band,math,BEL CHE FRA ISL JPN,"{""CHE"": 0.726, ""JPN"": 0.274, ""BEL"": 0.0, ""FRA"": 0.0, ""ISL"": 0.0}"
S0-lvl20,E_level_floor_band,reading,BEL CHE FRA ISL JPN,"{""JPN"": 0.79, ""ISL"": 0.106, ""CHE"": 0.104, ""FRA"": 0.0, ""BEL"": 0.0}"
S0-lvl20,E_level_floor_band,science,BEL CHE COL EST FRA ISL JPN LTU,"{""JPN"": 1.0, ""COL"": 0.0, ""LTU"": 0.0, ""ISL"": 0.0, ""FRA"": 0.0, ""EST"": 0.0, ""BEL"": 0.0, ""CHE"": 0.0}"
S0-lvl20+nan,E_level_floor_missing_kept,math,BEL CHE FRA ISL JPN,"{""CHE"": 0.726, ""JPN"": 0.274, ""BEL"": 0.0, ""FRA"": 0.0, ""ISL"": 0.0}"
S0-lvl20+nan,E_level_floor_missing_kept,reading,BEL CHE FRA ISL JPN,"{""JPN"": 0.79, ""ISL"": 0.106, ""CHE"": 0.104, ""FRA"": 0.0, ""BEL"": 0.0}"
S0-lvl20+nan,E_level_floor_missing_kept,science,BEL CHE COL EST FRA ISL JPN LTU,"{""JPN"": 1.0, ""COL"": 0.0, ""LTU"": 0.0, ""ISL"": 0.0, ""FRA"": 0.0, ""EST"": 0.0, ""BEL"": 0.0, ""CHE"": 0.0}"
S0-lvl25,E_level_floor_band,math,BEL CHE FRA ISL JPN,"{""CHE"": 0.726, ""JPN"": 0.274, ""BEL"": 0.0, ""FRA"": 0.0, ""ISL"": 0.0}"
S0-lvl25,E_level_floor_band,reading,BEL CHE FRA ISL JPN,"{""JPN"": 0.79, ""ISL"": 0.106, ""CHE"": 0.104, ""FRA"": 0.0, ""BEL"": 0.0}"
S0-lvl25,E_level_floor_band,science,BEL CHE COL EST FRA ISL JPN LTU,"{""JPN"": 1.0, ""COL"": 0.0, ""LTU"": 0.0, ""ISL"": 0.0, ""FRA"": 0.0, ""EST"": 0.0, ""BEL"": 0.0, ""CHE"": 0.0}"
S0-lvl25+nan,E_level_floor_missing_kept,math,BEL CHE FRA ISL JPN,"{""CHE"": 0.726, ""JPN"": 0.274, ""BEL"": 0.0, ""FRA"": 0.0, ""ISL"": 0.0}"
S0-lvl25+nan,E_level_floor_missing_kept,reading,BEL CHE FRA ISL JPN,"{""JPN"": 0.79, ""ISL"": 0.106, ""CHE"": 0.104, ""FRA"": 0.0, ""BEL"": 0.0}"
S0-lvl25+nan,E_level_floor_missing_kept,science,BEL CHE COL EST FRA ISL JPN LTU,"{""JPN"": 1.0, ""COL"": 0.0, ""LTU"": 0.0, ""ISL"": 0.0, ""FRA"": 0.0, ""EST"": 0.0, ""BEL"": 0.0, ""CHE"": 0.0}"
S0-lvl,E_level_floor,math,BEL CHE FRA ISL JPN,"{""CHE"": 0.726, ""JPN"": 0.274, ""BEL"": 0.0, ""FRA"": 0.0, ""ISL"": 0.0}"
S0-lvl,E_level_floor,reading,BEL CHE FRA ISL JPN,"{""JPN"": 0.79, ""ISL"": 0.106, ""CHE"": 0.104, ""FRA"": 0.0, ""BEL"": 0.0}"
S0-lvl,E_level_floor,science,BEL CHE COL EST FRA ISL JPN LTU,"{""JPN"": 1.0, ""COL"": 0.0, ""LTU"": 0.0, ""ISL"": 0.0, ""FRA"": 0.0, ""EST"": 0.0, ""BEL"": 0.0, ""CHE"": 0.0}"
S0-lvl289+nan,E_level_floor_missing_kept,math,BEL CHE FRA ISL JPN,"{""CHE"": 0.726, ""JPN"": 0.274, ""BEL"": 0.0, ""FRA"": 0.0, ""ISL"": 0.0}"
S0-lvl289+nan,E_level_floor_missing_kept,reading,BEL CHE FRA ISL JPN,"{""JPN"": 0.79, ""ISL"": 0.106, ""CHE"": 0.104, ""FRA"": 0.0, ""BEL"": 0.0}"
S0-lvl289+nan,E_level_floor_missing_kept,science,BEL CHE COL EST FRA ISL JPN LTU,"{""JPN"": 1.0, ""COL"": 0.0, ""LTU"": 0.0, ""ISL"": 0.0, ""FRA"": 0.0, ""EST"": 0.0, ""BEL"": 0.0, ""CHE"": 0.0}"
S0-lvl35,E_level_floor_band,math,BEL CHE FRA ISL JPN,"{""CHE"": 0.726, ""JPN"": 0.274, ""BEL"": 0.0, ""FRA"": 0.0, ""ISL"": 0.0}"
S0-lvl35,E_level_floor_band,reading,BEL CHE FRA ISL JPN,"{""JPN"": 0.79, ""ISL"": 0.106, ""CHE"": 0.104, ""FRA"": 0.0, ""BEL"": 0.0}"
S0-lvl35,E_level_floor_band,science,BEL CHE COL EST FRA ISL JPN LTU,"{""JPN"": 1.0, ""COL"": 0.0, ""LTU"": 0.0, ""ISL"": 0.0, ""FRA"": 0.0, ""EST"": 0.0, ""BEL"": 0.0, ""CHE"": 0.0}"
S0-lvl35+nan,E_level_floor_missing_kept,math,BEL CHE FRA ISL JPN,"{""CHE"": 0.726, ""JPN"": 0.274, ""BEL"": 0.0, ""FRA"": 0.0, ""ISL"": 0.0}"
S0-lvl35+nan,E_level_floor_missing_kept,reading,BEL CHE FRA ISL JPN,"{""JPN"": 0.79, ""ISL"": 0.106, ""CHE"": 0.104, ""FRA"": 0.0, ""BEL"": 0.0}"
S0-lvl35+nan,E_level_floor_missing_kept,science,BEL CHE COL EST FRA ISL JPN LTU,"{""JPN"": 1.0, ""COL"": 0.0, ""LTU"": 0.0, ""ISL"": 0.0, ""FRA"": 0.0, ""EST"": 0.0, ""BEL"": 0.0, ""CHE"": 0.0}"
S1-lvl20,E_level_floor_band,math,BEL CHE FRA ISL JPN,"{""CHE"": 0.726, ""JPN"": 0.274, ""BEL"": 0.0, ""FRA"": 0.0, ""ISL"": 0.0}"
S1-lvl20,E_level_floor_band,reading,BEL CHE FRA ISL JPN,"{""JPN"": 0.79, ""ISL"": 0.106, ""CHE"": 0.104, ""FRA"": 0.0, ""BEL"": 0.0}"
S1-lvl20,E_level_floor_band,science,BEL BGR CHE COL EST FRA ISL JPN LTU TWN,"{""JPN"": 1.0, ""ISL"": 0.0, ""COL"": 0.0, ""CHE"": 0.0, ""LTU"": 0.0, ""FRA"": 0.0, ""BGR"": 0.0, ""EST"": 0.0, ""BEL"": 0.0, ""TWN"": 0.0}"
S1-lvl20+nan,E_level_floor_missing_kept,math,BEL CHE FRA ISL JPN,"{""CHE"": 0.726, ""JPN"": 0.274, ""BEL"": 0.0, ""FRA"": 0.0, ""ISL"": 0.0}"
S1-lvl20+nan,E_level_floor_missing_kept,reading,BEL CHE FRA ISL JPN,"{""JPN"": 0.79, ""ISL"": 0.106, ""CHE"": 0.104, ""FRA"": 0.0, ""BEL"": 0.0}"
S1-lvl20+nan,E_level_floor_missing_kept,science,BEL BGR CHE COL EST FRA ISL JPN LTU TWN,"{""JPN"": 1.0, ""ISL"": 0.0, ""COL"": 0.0, ""CHE"": 0.0, ""LTU"": 0.0, ""FRA"": 0.0, ""BGR"": 0.0, ""EST"": 0.0, ""BEL"": 0.0, ""TWN"": 0.0}"
S1-lvl25,E_level_floor_band,math,BEL CHE FRA ISL JPN,"{""CHE"": 0.726, ""JPN"": 0.274, ""BEL"": 0.0, ""FRA"": 0.0, ""ISL"": 0.0}"
S1-lvl25,E_level_floor_band,reading,BEL CHE FRA ISL JPN,"{""JPN"": 0.79, ""ISL"": 0.106, ""CHE"": 0.104, ""FRA"": 0.0, ""BEL"": 0.0}"
S1-lvl25,E_level_floor_band,science,BEL BGR CHE COL EST FRA ISL JPN LTU TWN,"{""JPN"": 1.0, ""ISL"": 0.0, ""COL"": 0.0, ""CHE"": 0.0, ""LTU"": 0.0, ""FRA"": 0.0, ""BGR"": 0.0, ""EST"": 0.0, ""BEL"": 0.0, ""TWN"": 0.0}"
S1-lvl25+nan,E_level_floor_missing_kept,math,BEL CHE FRA ISL JPN,"{""CHE"": 0.726, ""JPN"": 0.274, ""BEL"": 0.0, ""FRA"": 0.0, ""ISL"": 0.0}"
S1-lvl25+nan,E_level_floor_missing_kept,reading,BEL CHE FRA ISL JPN,"{""JPN"": 0.79, ""ISL"": 0.106, ""CHE"": 0.104, ""FRA"": 0.0, ""BEL"": 0.0}"
S1-lvl25+nan,E_level_floor_missing_kept,science,BEL BGR CHE COL EST FRA ISL JPN LTU TWN,"{""JPN"": 1.0, ""ISL"": 0.0, ""COL"": 0.0, ""CHE"": 0.0, ""LTU"": 0.0, ""FRA"": 0.0, ""BGR"": 0.0, ""EST"": 0.0, ""BEL"": 0.0, ""TWN"": 0.0}"
S1-lvl,E_level_floor,math,BEL CHE FRA ISL JPN,"{""CHE"": 0.726, ""JPN"": 0.274, ""BEL"": 0.0, ""FRA"": 0.0, ""ISL"": 0.0}"
S1-lvl,E_level_floor,reading,BEL CHE FRA ISL JPN,"{""JPN"": 0.79, ""ISL"": 0.106, ""CHE"": 0.104, ""FRA"": 0.0, ""BEL"": 0.0}"
S1-lvl,E_level_floor,science,BEL BGR CHE COL EST FRA ISL JPN LTU TWN,"{""JPN"": 1.0, ""ISL"": 0.0, ""COL"": 0.0, ""CHE"": 0.0, ""LTU"": 0.0, ""FRA"": 0.0, ""BGR"": 0.0, ""EST"": 0.0, ""BEL"": 0.0, ""TWN"": 0.0}"
S1-lvl289+nan,E_level_floor_missing_kept,math,BEL CHE FRA ISL JPN,"{""CHE"": 0.726, ""JPN"": 0.274, ""BEL"": 0.0, ""FRA"": 0.0, ""ISL"": 0.0}"
S1-lvl289+nan,E_level_floor_missing_kept,reading,BEL CHE FRA ISL JPN,"{""JPN"": 0.79, ""ISL"": 0.106, ""CHE"": 0.104, ""FRA"": 0.0, ""BEL"": 0.0}"
S1-lvl289+nan,E_level_floor_missing_kept,science,BEL BGR CHE COL EST FRA ISL JPN LTU TWN,"{""JPN"": 1.0, ""ISL"": 0.0, ""COL"": 0.0, ""CHE"": 0.0, ""LTU"": 0.0, ""FRA"": 0.0, ""BGR"": 0.0, ""EST"": 0.0, ""BEL"": 0.0, ""TWN"": 0.0}"
S1-lvl35,E_level_floor_band,math,BEL CHE FRA ISL JPN,"{""CHE"": 0.726, ""JPN"": 0.274, ""BEL"": 0.0, ""FRA"": 0.0, ""ISL"": 0.0}"
S1-lvl35,E_level_floor_band,reading,BEL CHE FRA ISL JPN,"{""JPN"": 0.79, ""ISL"": 0.106, ""CHE"": 0.104, ""FRA"": 0.0, ""BEL"": 0.0}"
S1-lvl35,E_level_floor_band,science,BEL BGR CHE COL EST FRA ISL JPN LTU TWN,"{""JPN"": 1.0, ""ISL"": 0.0, ""COL"": 0.0, ""CHE"": 0.0, ""LTU"": 0.0, ""FRA"": 0.0, ""BGR"": 0.0, ""EST"": 0.0, ""BEL"": 0.0, ""TWN"": 0.0}"
S1-lvl35+nan,E_level_floor_missing_kept,math,BEL CHE FRA ISL JPN,"{""CHE"": 0.726, ""JPN"": 0.274, ""BEL"": 0.0, ""FRA"": 0.0, ""ISL"": 0.0}"
S1-lvl35+nan,E_level_floor_missing_kept,reading,BEL CHE FRA ISL JPN,"{""JPN"": 0.79, ""ISL"": 0.106, ""CHE"": 0.104, ""FRA"": 0.0, ""BEL"": 0.0}"
S1-lvl35+nan,E_level_floor_missing_kept,science,BEL BGR CHE COL EST FRA ISL JPN LTU TWN,"{""JPN"": 1.0, ""ISL"": 0.0, ""COL"": 0.0, ""CHE"": 0.0, ""LTU"": 0.0, ""FRA"": 0.0, ""BGR"": 0.0, ""EST"": 0.0, ""BEL"": 0.0, ""TWN"": 0.0}"
S12-lvl20,E_level_floor_band,math,BEL BRA CHE CZE DEU FIN FRA GRC HUN ISL ITA JPN KOR MEX POL SVK SWE THA URY,"{""ITA"": 0.705, ""BRA"": 0.295, ""FIN"": 0.0, ""GRC"": 0.0, ""MEX"": 0.0, ""CZE"": 0.0, ""URY"": 0.0, ""KOR"": 0.0, ""HUN"": 0.0, ""SWE"": 0.0, ""POL"": 0.0, ""CHE"": 0.0, ""DEU"": 0.0, ""JPN"": 0.0, ""THA"": 0.0, ""FRA"": 0.0, ""ISL"": 0.0, ""SVK"": 0.0, ""BEL"": 0.0}"
S12-lvl20,E_level_floor_band,reading,BEL BRA CHE CZE DEU FIN FRA GRC HUN ISL ITA JPN KOR MEX POL SVK SWE THA URY,"{""JPN"": 0.579, ""MEX"": 0.369, ""POL"": 0.053, ""URY"": 0.0, ""SWE"": 0.0, ""ISL"": 0.0, ""GRC"": 0.0, ""FIN"": 0.0, ""BRA"": 0.0, ""SVK"": 0.0, ""BEL"": 0.0, ""FRA"": 0.0, ""CZE"": 0.0, ""KOR"": 0.0, ""DEU"": 0.0, ""THA"": 0.0, ""CHE"": 0.0, ""HUN"": 0.0, ""ITA"": 0.0}"
S12-lvl20,E_level_floor_band,science,BEL BGR BRA CHE CHL COL CZE DEU EST FIN FRA GRC HRV HUN ISL ISR ITA JPN KOR LTU MEX MNE POL SVK SVN SWE THA TWN URY,"{""POL"": 0.772, ""KOR"": 0.228, ""BRA"": 0.0, ""COL"": 0.0, ""ISL"": 0.0, ""SVK"": 0.0, ""ITA"": 0.0, ""CHL"": 0.0, ""MEX"": 0.0, ""CHE"": 0.0, ""URY"": 0.0, ""JPN"": 0.0, ""HUN"": 0.0, ""DEU"": 0.0, ""FRA"": 0.0, ""BGR"": 0.0, ""LTU"": 0.0, ""THA"": 0.0, ""SWE"": 0.0, ""MNE"": 0.0, ""EST"": 0.0, ""CZE"": 0.0, ""SVN"": 0.0, ""TWN"": 0.0, ""HRV"": 0.0, ""BEL"": 0.0, ""ISR"": 0.0, ""FIN"": 0.0, ""GRC"": 0.0}"
S12-lvl20+nan,E_level_floor_missing_kept,math,BEL BRA CHE CZE DEU FIN FRA GRC HUN ISL ITA JPN KOR MAC MEX POL SVK SWE THA URY,"{""ITA"": 0.705, ""BRA"": 0.295, ""JPN"": 0.0, ""FRA"": 0.0, ""ISL"": 0.0, ""DEU"": 0.0, ""SVK"": 0.0, ""MAC"": 0.0, ""BEL"": 0.0, ""THA"": 0.0, ""MEX"": 0.0, ""POL"": 0.0, ""GRC"": 0.0, ""KOR"": 0.0, ""CHE"": 0.0, ""FIN"": 0.0, ""HUN"": 0.0, ""URY"": 0.0, ""CZE"": 0.0, ""SWE"": 0.0}"
S12-lvl20+nan,E_level_floor_missing_kept,reading,BEL BRA CHE CZE DEU FIN FRA GRC HUN ISL ITA JPN KOR MAC MEX POL SVK SWE THA URY,"{""JPN"": 0.579, ""MEX"": 0.369, ""POL"": 0.053, ""KOR"": 0.0, ""FIN"": 0.0, ""DEU"": 0.0, ""CHE"": 0.0, ""HUN"": 0.0, ""THA"": 0.0, ""MAC"": 0.0, ""ITA"": 0.0, ""BEL"": 0.0, ""BRA"": 0.0, ""CZE"": 0.0, ""FRA"": 0.0, ""GRC"": 0.0, ""ISL"": 0.0, ""SVK"": 0.0, ""SWE"": 0.0, ""URY"": 0.0}"
S12-lvl20+nan,E_level_floor_missing_kept,science,BEL BGR BRA CHE CHL COL CZE DEU EST FIN FRA GRC HRV HUN ISL ISR ITA JPN KOR LTU MAC MEX MNE POL SVK SVN SWE THA TWN URY,"{""POL"": 0.772, ""KOR"": 0.228, ""BRA"": 0.0, ""COL"": 0.0, ""ISL"": 0.0, ""SVK"": 0.0, ""ITA"": 0.0, ""CHL"": 0.0, ""MEX"": 0.0, ""CHE"": 0.0, ""URY"": 0.0, ""JPN"": 0.0, ""HUN"": 0.0, ""DEU"": 0.0, ""FRA"": 0.0, ""BGR"": 0.0, ""LTU"": 0.0, ""CZE"": 0.0, ""MNE"": 0.0, ""TWN"": 0.0, ""EST"": 0.0, ""HRV"": 0.0, ""SVN"": 0.0, ""ISR"": 0.0, ""THA"": 0.0, ""MAC"": 0.0, ""FIN"": 0.0, ""BEL"": 0.0, ""SWE"": 0.0, ""GRC"": 0.0}"
S12-lvl25,E_level_floor_band,math,BEL BRA CHE CZE DEU FIN FRA GRC HUN ISL ITA JPN KOR MEX POL SVK SWE THA URY,"{""ITA"": 0.705, ""BRA"": 0.295, ""FIN"": 0.0, ""GRC"": 0.0, ""MEX"": 0.0, ""CZE"": 0.0, ""URY"": 0.0, ""KOR"": 0.0, ""HUN"": 0.0, ""SWE"": 0.0, ""POL"": 0.0, ""CHE"": 0.0, ""DEU"": 0.0, ""JPN"": 0.0, ""THA"": 0.0, ""FRA"": 0.0, ""ISL"": 0.0, ""SVK"": 0.0, ""BEL"": 0.0}"
S12-lvl25,E_level_floor_band,reading,BEL BRA CHE CZE DEU FIN FRA GRC HUN ISL ITA JPN KOR MEX POL SVK SWE THA URY,"{""JPN"": 0.579, ""MEX"": 0.369, ""POL"": 0.053, ""URY"": 0.0, ""SWE"": 0.0, ""ISL"": 0.0, ""GRC"": 0.0, ""FIN"": 0.0, ""BRA"": 0.0, ""SVK"": 0.0, ""BEL"": 0.0, ""FRA"": 0.0, ""CZE"": 0.0, ""KOR"": 0.0, ""DEU"": 0.0, ""THA"": 0.0, ""CHE"": 0.0, ""HUN"": 0.0, ""ITA"": 0.0}"
S12-lvl25,E_level_floor_band,science,BEL BGR BRA CHE CHL COL CZE DEU EST FIN FRA GRC HRV HUN ISL ISR ITA JPN KOR LTU MEX MNE POL SVK SVN SWE THA TWN URY,"{""POL"": 0.772, ""KOR"": 0.228, ""BRA"": 0.0, ""COL"": 0.0, ""ISL"": 0.0, ""SVK"": 0.0, ""ITA"": 0.0, ""CHL"": 0.0, ""MEX"": 0.0, ""CHE"": 0.0, ""URY"": 0.0, ""JPN"": 0.0, ""HUN"": 0.0, ""DEU"": 0.0, ""FRA"": 0.0, ""BGR"": 0.0, ""LTU"": 0.0, ""THA"": 0.0, ""SWE"": 0.0, ""MNE"": 0.0, ""EST"": 0.0, ""CZE"": 0.0, ""SVN"": 0.0, ""TWN"": 0.0, ""HRV"": 0.0, ""BEL"": 0.0, ""ISR"": 0.0, ""FIN"": 0.0, ""GRC"": 0.0}"
S12-lvl25+nan,E_level_floor_missing_kept,math,BEL BRA CHE CZE DEU FIN FRA GRC HUN ISL ITA JPN KOR MAC MEX POL SVK SWE THA URY,"{""ITA"": 0.705, ""BRA"": 0.295, ""JPN"": 0.0, ""FRA"": 0.0, ""ISL"": 0.0, ""DEU"": 0.0, ""SVK"": 0.0, ""MAC"": 0.0, ""BEL"": 0.0, ""THA"": 0.0, ""MEX"": 0.0, ""POL"": 0.0, ""GRC"": 0.0, ""KOR"": 0.0, ""CHE"": 0.0, ""FIN"": 0.0, ""HUN"": 0.0, ""URY"": 0.0, ""CZE"": 0.0, ""SWE"": 0.0}"
S12-lvl25+nan,E_level_floor_missing_kept,reading,BEL BRA CHE CZE DEU FIN FRA GRC HUN ISL ITA JPN KOR MAC MEX POL SVK SWE THA URY,"{""JPN"": 0.579, ""MEX"": 0.369, ""POL"": 0.053, ""KOR"": 0.0, ""FIN"": 0.0, ""DEU"": 0.0, ""CHE"": 0.0, ""HUN"": 0.0, ""THA"": 0.0, ""MAC"": 0.0, ""ITA"": 0.0, ""BEL"": 0.0, ""BRA"": 0.0, ""CZE"": 0.0, ""FRA"": 0.0, ""GRC"": 0.0, ""ISL"": 0.0, ""SVK"": 0.0, ""SWE"": 0.0, ""URY"": 0.0}"
S12-lvl25+nan,E_level_floor_missing_kept,science,BEL BGR BRA CHE CHL COL CZE DEU EST FIN FRA GRC HRV HUN ISL ISR ITA JPN KOR LTU MAC MEX MNE POL SVK SVN SWE THA TWN URY,"{""POL"": 0.772, ""KOR"": 0.228, ""BRA"": 0.0, ""COL"": 0.0, ""ISL"": 0.0, ""SVK"": 0.0, ""ITA"": 0.0, ""CHL"": 0.0, ""MEX"": 0.0, ""CHE"": 0.0, ""URY"": 0.0, ""JPN"": 0.0, ""HUN"": 0.0, ""DEU"": 0.0, ""FRA"": 0.0, ""BGR"": 0.0, ""LTU"": 0.0, ""CZE"": 0.0, ""MNE"": 0.0, ""TWN"": 0.0, ""EST"": 0.0, ""HRV"": 0.0, ""SVN"": 0.0, ""ISR"": 0.0, ""THA"": 0.0, ""MAC"": 0.0, ""FIN"": 0.0, ""BEL"": 0.0, ""SWE"": 0.0, ""GRC"": 0.0}"
S12-lvl,E_level_floor,math,BEL BRA CHE CZE DEU FIN FRA GRC HUN ISL ITA JPN KOR MEX POL SVK SWE THA URY,"{""ITA"": 0.705, ""BRA"": 0.295, ""FIN"": 0.0, ""GRC"": 0.0, ""MEX"": 0.0, ""CZE"": 0.0, ""URY"": 0.0, ""KOR"": 0.0, ""HUN"": 0.0, ""SWE"": 0.0, ""POL"": 0.0, ""CHE"": 0.0, ""DEU"": 0.0, ""JPN"": 0.0, ""THA"": 0.0, ""FRA"": 0.0, ""ISL"": 0.0, ""SVK"": 0.0, ""BEL"": 0.0}"
S12-lvl,E_level_floor,reading,BEL BRA CHE CZE DEU FIN FRA GRC HUN ISL ITA JPN KOR MEX POL SVK SWE THA URY,"{""JPN"": 0.579, ""MEX"": 0.369, ""POL"": 0.053, ""URY"": 0.0, ""SWE"": 0.0, ""ISL"": 0.0, ""GRC"": 0.0, ""FIN"": 0.0, ""BRA"": 0.0, ""SVK"": 0.0, ""BEL"": 0.0, ""FRA"": 0.0, ""CZE"": 0.0, ""KOR"": 0.0, ""DEU"": 0.0, ""THA"": 0.0, ""CHE"": 0.0, ""HUN"": 0.0, ""ITA"": 0.0}"
S12-lvl,E_level_floor,science,BEL BGR BRA CHE CHL COL CZE DEU EST FIN FRA GRC HRV HUN ISL ISR ITA JPN KOR LTU MEX MNE POL SVK SVN SWE THA TWN URY,"{""POL"": 0.772, ""KOR"": 0.228, ""BRA"": 0.0, ""COL"": 0.0, ""ISL"": 0.0, ""SVK"": 0.0, ""ITA"": 0.0, ""CHL"": 0.0, ""MEX"": 0.0, ""CHE"": 0.0, ""URY"": 0.0, ""JPN"": 0.0, ""HUN"": 0.0, ""DEU"": 0.0, ""FRA"": 0.0, ""BGR"": 0.0, ""LTU"": 0.0, ""THA"": 0.0, ""SWE"": 0.0, ""MNE"": 0.0, ""EST"": 0.0, ""CZE"": 0.0, ""SVN"": 0.0, ""TWN"": 0.0, ""HRV"": 0.0, ""BEL"": 0.0, ""ISR"": 0.0, ""FIN"": 0.0, ""GRC"": 0.0}"
S12-lvl289+nan,E_level_floor_missing_kept,math,BEL BRA CHE CZE DEU FIN FRA GRC HUN ISL ITA JPN KOR MAC MEX POL SVK SWE THA URY,"{""ITA"": 0.705, ""BRA"": 0.295, ""JPN"": 0.0, ""FRA"": 0.0, ""ISL"": 0.0, ""DEU"": 0.0, ""SVK"": 0.0, ""MAC"": 0.0, ""BEL"": 0.0, ""THA"": 0.0, ""MEX"": 0.0, ""POL"": 0.0, ""GRC"": 0.0, ""KOR"": 0.0, ""CHE"": 0.0, ""FIN"": 0.0, ""HUN"": 0.0, ""URY"": 0.0, ""CZE"": 0.0, ""SWE"": 0.0}"
S12-lvl289+nan,E_level_floor_missing_kept,reading,BEL BRA CHE CZE DEU FIN FRA GRC HUN ISL ITA JPN KOR MAC MEX POL SVK SWE THA URY,"{""JPN"": 0.579, ""MEX"": 0.369, ""POL"": 0.053, ""KOR"": 0.0, ""FIN"": 0.0, ""DEU"": 0.0, ""CHE"": 0.0, ""HUN"": 0.0, ""THA"": 0.0, ""MAC"": 0.0, ""ITA"": 0.0, ""BEL"": 0.0, ""BRA"": 0.0, ""CZE"": 0.0, ""FRA"": 0.0, ""GRC"": 0.0, ""ISL"": 0.0, ""SVK"": 0.0, ""SWE"": 0.0, ""URY"": 0.0}"
S12-lvl289+nan,E_level_floor_missing_kept,science,BEL BGR BRA CHE CHL COL CZE DEU EST FIN FRA GRC HRV HUN ISL ISR ITA JPN KOR LTU MAC MEX MNE POL SVK SVN SWE THA TWN URY,"{""POL"": 0.772, ""KOR"": 0.228, ""BRA"": 0.0, ""COL"": 0.0, ""ISL"": 0.0, ""SVK"": 0.0, ""ITA"": 0.0, ""CHL"": 0.0, ""MEX"": 0.0, ""CHE"": 0.0, ""URY"": 0.0, ""JPN"": 0.0, ""HUN"": 0.0, ""DEU"": 0.0, ""FRA"": 0.0, ""BGR"": 0.0, ""LTU"": 0.0, ""CZE"": 0.0, ""MNE"": 0.0, ""TWN"": 0.0, ""EST"": 0.0, ""HRV"": 0.0, ""SVN"": 0.0, ""ISR"": 0.0, ""THA"": 0.0, ""MAC"": 0.0, ""FIN"": 0.0, ""BEL"": 0.0, ""SWE"": 0.0, ""GRC"": 0.0}"
S12-lvl35,E_level_floor_band,math,BEL BRA CHE CZE DEU FIN FRA GRC HUN ISL ITA JPN KOR MEX POL SVK SWE THA URY,"{""ITA"": 0.705, ""BRA"": 0.295, ""FIN"": 0.0, ""GRC"": 0.0, ""MEX"": 0.0, ""CZE"": 0.0, ""URY"": 0.0, ""KOR"": 0.0, ""HUN"": 0.0, ""SWE"": 0.0, ""POL"": 0.0, ""CHE"": 0.0, ""DEU"": 0.0, ""JPN"": 0.0, ""THA"": 0.0, ""FRA"": 0.0, ""ISL"": 0.0, ""SVK"": 0.0, ""BEL"": 0.0}"
S12-lvl35,E_level_floor_band,reading,BEL BRA CHE CZE DEU FIN FRA GRC HUN ISL ITA JPN KOR MEX POL SVK SWE THA URY,"{""JPN"": 0.579, ""MEX"": 0.369, ""POL"": 0.053, ""URY"": 0.0, ""SWE"": 0.0, ""ISL"": 0.0, ""GRC"": 0.0, ""FIN"": 0.0, ""BRA"": 0.0, ""SVK"": 0.0, ""BEL"": 0.0, ""FRA"": 0.0, ""CZE"": 0.0, ""KOR"": 0.0, ""DEU"": 0.0, ""THA"": 0.0, ""CHE"": 0.0, ""HUN"": 0.0, ""ITA"": 0.0}"
S12-lvl35,E_level_floor_band,science,BEL BGR BRA CHE CHL COL CZE DEU EST FIN FRA GRC HRV HUN ISL ISR ITA JPN KOR LTU MEX MNE POL SVK SVN SWE THA TWN URY,"{""POL"": 0.772, ""KOR"": 0.228, ""BRA"": 0.0, ""COL"": 0.0, ""ISL"": 0.0, ""SVK"": 0.0, ""ITA"": 0.0, ""CHL"": 0.0, ""MEX"": 0.0, ""CHE"": 0.0, ""URY"": 0.0, ""JPN"": 0.0, ""HUN"": 0.0, ""DEU"": 0.0, ""FRA"": 0.0, ""BGR"": 0.0, ""LTU"": 0.0, ""THA"": 0.0, ""SWE"": 0.0, ""MNE"": 0.0, ""EST"": 0.0, ""CZE"": 0.0, ""SVN"": 0.0, ""TWN"": 0.0, ""HRV"": 0.0, ""BEL"": 0.0, ""ISR"": 0.0, ""FIN"": 0.0, ""GRC"": 0.0}"
S12-lvl35+nan,E_level_floor_missing_kept,math,BEL BRA CHE CZE DEU FIN FRA GRC HUN ISL ITA JPN KOR MAC MEX POL SVK SWE THA URY,"{""ITA"": 0.705, ""BRA"": 0.295, ""JPN"": 0.0, ""FRA"": 0.0, ""ISL"": 0.0, ""DEU"": 0.0, ""SVK"": 0.0, ""MAC"": 0.0, ""BEL"": 0.0, ""THA"": 0.0, ""MEX"": 0.0, ""POL"": 0.0, ""GRC"": 0.0, ""KOR"": 0.0, ""CHE"": 0.0, ""FIN"": 0.0, ""HUN"": 0.0, ""URY"": 0.0, ""CZE"": 0.0, ""SWE"": 0.0}"
S12-lvl35+nan,E_level_floor_missing_kept,reading,BEL BRA CHE CZE DEU FIN FRA GRC HUN ISL ITA JPN KOR MAC MEX POL SVK SWE THA URY,"{""JPN"": 0.579, ""MEX"": 0.369, ""POL"": 0.053, ""KOR"": 0.0, ""FIN"": 0.0, ""DEU"": 0.0, ""CHE"": 0.0, ""HUN"": 0.0, ""THA"": 0.0, ""MAC"": 0.0, ""ITA"": 0.0, ""BEL"": 0.0, ""BRA"": 0.0, ""CZE"": 0.0, ""FRA"": 0.0, ""GRC"": 0.0, ""ISL"": 0.0, ""SVK"": 0.0, ""SWE"": 0.0, ""URY"": 0.0}"
S12-lvl35+nan,E_level_floor_missing_kept,science,BEL BGR BRA CHE CHL COL CZE DEU EST FIN FRA GRC HRV HUN ISL ISR ITA JPN KOR LTU MAC MEX MNE POL SVK SVN SWE THA TWN URY,"{""POL"": 0.772, ""KOR"": 0.228, ""BRA"": 0.0, ""COL"": 0.0, ""ISL"": 0.0, ""SVK"": 0.0, ""ITA"": 0.0, ""CHL"": 0.0, ""MEX"": 0.0, ""CHE"": 0.0, ""URY"": 0.0, ""JPN"": 0.0, ""HUN"": 0.0, ""DEU"": 0.0, ""FRA"": 0.0, ""BGR"": 0.0, ""LTU"": 0.0, ""CZE"": 0.0, ""MNE"": 0.0, ""TWN"": 0.0, ""EST"": 0.0, ""HRV"": 0.0, ""SVN"": 0.0, ""ISR"": 0.0, ""THA"": 0.0, ""MAC"": 0.0, ""FIN"": 0.0, ""BEL"": 0.0, ""SWE"": 0.0, ""GRC"": 0.0}"
S13-lvl20,E_level_floor_band,math,BEL CHE FRA ISL JPN,"{""CHE"": 0.726, ""JPN"": 0.274, ""BEL"": 0.0, ""FRA"": 0.0, ""ISL"": 0.0}"
S13-lvl20,E_level_floor_band,reading,BEL CHE FRA ISL JPN,"{""JPN"": 0.79, ""ISL"": 0.106, ""CHE"": 0.104, ""FRA"": 0.0, ""BEL"": 0.0}"
S13-lvl20,E_level_floor_band,science,BEL BGR CHE COL EST FRA ISL JPN LTU TWN,"{""JPN"": 1.0, ""ISL"": 0.0, ""COL"": 0.0, ""CHE"": 0.0, ""LTU"": 0.0, ""FRA"": 0.0, ""BGR"": 0.0, ""EST"": 0.0, ""BEL"": 0.0, ""TWN"": 0.0}"
S13-lvl20+nan,E_level_floor_missing_kept,math,BEL CHE FRA ISL JPN,"{""CHE"": 0.726, ""JPN"": 0.274, ""BEL"": 0.0, ""FRA"": 0.0, ""ISL"": 0.0}"
S13-lvl20+nan,E_level_floor_missing_kept,reading,BEL CHE FRA ISL JPN,"{""JPN"": 0.79, ""ISL"": 0.106, ""CHE"": 0.104, ""FRA"": 0.0, ""BEL"": 0.0}"
S13-lvl20+nan,E_level_floor_missing_kept,science,BEL BGR CHE COL EST FRA ISL JPN LTU TWN,"{""JPN"": 1.0, ""ISL"": 0.0, ""COL"": 0.0, ""CHE"": 0.0, ""LTU"": 0.0, ""FRA"": 0.0, ""BGR"": 0.0, ""EST"": 0.0, ""BEL"": 0.0, ""TWN"": 0.0}"
S13-lvl25,E_level_floor_band,math,BEL CHE FRA ISL JPN,"{""CHE"": 0.726, ""JPN"": 0.274, ""BEL"": 0.0, ""FRA"": 0.0, ""ISL"": 0.0}"
S13-lvl25,E_level_floor_band,reading,BEL CHE FRA ISL JPN,"{""JPN"": 0.79, ""ISL"": 0.106, ""CHE"": 0.104, ""FRA"": 0.0, ""BEL"": 0.0}"
S13-lvl25,E_level_floor_band,science,BEL BGR CHE COL EST FRA ISL JPN LTU TWN,"{""JPN"": 1.0, ""ISL"": 0.0, ""COL"": 0.0, ""CHE"": 0.0, ""LTU"": 0.0, ""FRA"": 0.0, ""BGR"": 0.0, ""EST"": 0.0, ""BEL"": 0.0, ""TWN"": 0.0}"
S13-lvl25+nan,E_level_floor_missing_kept,math,BEL CHE FRA ISL JPN,"{""CHE"": 0.726, ""JPN"": 0.274, ""BEL"": 0.0, ""FRA"": 0.0, ""ISL"": 0.0}"
S13-lvl25+nan,E_level_floor_missing_kept,reading,BEL CHE FRA ISL JPN,"{""JPN"": 0.79, ""ISL"": 0.106, ""CHE"": 0.104, ""FRA"": 0.0, ""BEL"": 0.0}"
S13-lvl25+nan,E_level_floor_missing_kept,science,BEL BGR CHE COL EST FRA ISL JPN LTU TWN,"{""JPN"": 1.0, ""ISL"": 0.0, ""COL"": 0.0, ""CHE"": 0.0, ""LTU"": 0.0, ""FRA"": 0.0, ""BGR"": 0.0, ""EST"": 0.0, ""BEL"": 0.0, ""TWN"": 0.0}"
S13-lvl,E_level_floor,math,BEL CHE FRA ISL JPN,"{""CHE"": 0.726, ""JPN"": 0.274, ""BEL"": 0.0, ""FRA"": 0.0, ""ISL"": 0.0}"
S13-lvl,E_level_floor,reading,BEL CHE FRA ISL JPN,"{""JPN"": 0.79, ""ISL"": 0.106, ""CHE"": 0.104, ""FRA"": 0.0, ""BEL"": 0.0}"
S13-lvl,E_level_floor,science,BEL BGR CHE COL EST FRA ISL JPN LTU TWN,"{""JPN"": 1.0, ""ISL"": 0.0, ""COL"": 0.0, ""CHE"": 0.0, ""LTU"": 0.0, ""FRA"": 0.0, ""BGR"": 0.0, ""EST"": 0.0, ""BEL"": 0.0, ""TWN"": 0.0}"
S13-lvl289+nan,E_level_floor_missing_kept,math,BEL CHE FRA ISL JPN,"{""CHE"": 0.726, ""JPN"": 0.274, ""BEL"": 0.0, ""FRA"": 0.0, ""ISL"": 0.0}"
S13-lvl289+nan,E_level_floor_missing_kept,reading,BEL CHE FRA ISL JPN,"{""JPN"": 0.79, ""ISL"": 0.106, ""CHE"": 0.104, ""FRA"": 0.0, ""BEL"": 0.0}"
S13-lvl289+nan,E_level_floor_missing_kept,science,BEL BGR CHE COL EST FRA ISL JPN LTU TWN,"{""JPN"": 1.0, ""ISL"": 0.0, ""COL"": 0.0, ""CHE"": 0.0, ""LTU"": 0.0, ""FRA"": 0.0, ""BGR"": 0.0, ""EST"": 0.0, ""BEL"": 0.0, ""TWN"": 0.0}"
S13-lvl35,E_level_floor_band,math,BEL CHE FRA ISL JPN,"{""CHE"": 0.726, ""JPN"": 0.274, ""BEL"": 0.0, ""FRA"": 0.0, ""ISL"": 0.0}"
S13-lvl35,E_level_floor_band,reading,BEL CHE FRA ISL JPN,"{""JPN"": 0.79, ""ISL"": 0.106, ""CHE"": 0.104, ""FRA"": 0.0, ""BEL"": 0.0}"
S13-lvl35,E_level_floor_band,science,BEL BGR CHE COL EST FRA ISL JPN LTU TWN,"{""JPN"": 1.0, ""ISL"": 0.0, ""COL"": 0.0, ""CHE"": 0.0, ""LTU"": 0.0, ""FRA"": 0.0, ""BGR"": 0.0, ""EST"": 0.0, ""BEL"": 0.0, ""TWN"": 0.0}"
S13-lvl35+nan,E_level_floor_missing_kept,math,BEL CHE FRA ISL JPN,"{""CHE"": 0.726, ""JPN"": 0.274, ""BEL"": 0.0, ""FRA"": 0.0, ""ISL"": 0.0}"
S13-lvl35+nan,E_level_floor_missing_kept,reading,BEL CHE FRA ISL JPN,"{""JPN"": 0.79, ""ISL"": 0.106, ""CHE"": 0.104, ""FRA"": 0.0, ""BEL"": 0.0}"
S13-lvl35+nan,E_level_floor_missing_kept,science,BEL BGR CHE COL EST FRA ISL JPN LTU TWN,"{""JPN"": 1.0, ""ISL"": 0.0, ""COL"": 0.0, ""CHE"": 0.0, ""LTU"": 0.0, ""FRA"": 0.0, ""BGR"": 0.0, ""EST"": 0.0, ""BEL"": 0.0, ""TWN"": 0.0}"
S14-lvl20,E_level_floor_band,math,AUS BEL CAN CHE DNK FRA IRL ISL JPN LVA NOR NZL,"{""CHE"": 0.726, ""JPN"": 0.274, ""FRA"": 0.0, ""NOR"": 0.0, ""BEL"": 0.0, ""LVA"": 0.0, ""IRL"": 0.0, ""ISL"": 0.0, ""CAN"": 0.0, ""NZL"": 0.0, ""DNK"": 0.0, ""AUS"": 0.0}"
S14-lvl20,E_level_floor_band,reading,AUS BEL CAN CHE DNK FRA IRL ISL JPN LVA NOR NZL,"{""JPN"": 0.783, ""DNK"": 0.198, ""ISL"": 0.019, ""NZL"": 0.0, ""CAN"": 0.0, ""CHE"": 0.0, ""AUS"": 0.0, ""BEL"": 0.0, ""FRA"": 0.0, ""IRL"": 0.0, ""LVA"": 0.0, ""NOR"": 0.0}"
S14-lvl20,E_level_floor_band,science,AUS BEL BGR CAN CHE COL DNK EST FRA IRL ISL JPN LTU LVA NOR NZL TWN,"{""JPN"": 1.0, ""ISL"": 0.0, ""NOR"": 0.0, ""COL"": 0.0, ""NZL"": 0.0, ""CHE"": 0.0, ""AUS"": 0.0, ""BGR"": 0.0, ""LVA"": 0.0, ""IRL"": 0.0, ""LTU"": 0.0, ""EST"": 0.0, ""FRA"": 0.0, ""DNK"": 0.0, ""BEL"": 0.0, ""CAN"": 0.0, ""TWN"": 0.0}"
S14-lvl20+nan,E_level_floor_missing_kept,math,AUS BEL CAN CHE DNK FRA IRL ISL JPN LVA NOR NZL,"{""CHE"": 0.726, ""JPN"": 0.274, ""FRA"": 0.0, ""NOR"": 0.0, ""BEL"": 0.0, ""LVA"": 0.0, ""IRL"": 0.0, ""ISL"": 0.0, ""CAN"": 0.0, ""NZL"": 0.0, ""DNK"": 0.0, ""AUS"": 0.0}"
S14-lvl20+nan,E_level_floor_missing_kept,reading,AUS BEL CAN CHE DNK FRA IRL ISL JPN LVA NOR NZL,"{""JPN"": 0.783, ""DNK"": 0.198, ""ISL"": 0.019, ""NZL"": 0.0, ""CAN"": 0.0, ""CHE"": 0.0, ""AUS"": 0.0, ""BEL"": 0.0, ""FRA"": 0.0, ""IRL"": 0.0, ""LVA"": 0.0, ""NOR"": 0.0}"
S14-lvl20+nan,E_level_floor_missing_kept,science,AUS BEL BGR CAN CHE COL DNK EST FRA IRL ISL JPN LTU LVA NOR NZL TWN,"{""JPN"": 1.0, ""ISL"": 0.0, ""NOR"": 0.0, ""COL"": 0.0, ""NZL"": 0.0, ""CHE"": 0.0, ""AUS"": 0.0, ""BGR"": 0.0, ""LVA"": 0.0, ""IRL"": 0.0, ""LTU"": 0.0, ""EST"": 0.0, ""FRA"": 0.0, ""DNK"": 0.0, ""BEL"": 0.0, ""CAN"": 0.0, ""TWN"": 0.0}"
S14-lvl25,E_level_floor_band,math,AUS BEL CAN CHE DNK FRA IRL ISL JPN LVA NOR NZL,"{""CHE"": 0.726, ""JPN"": 0.274, ""FRA"": 0.0, ""NOR"": 0.0, ""BEL"": 0.0, ""LVA"": 0.0, ""IRL"": 0.0, ""ISL"": 0.0, ""CAN"": 0.0, ""NZL"": 0.0, ""DNK"": 0.0, ""AUS"": 0.0}"
S14-lvl25,E_level_floor_band,reading,AUS BEL CAN CHE DNK FRA IRL ISL JPN LVA NOR NZL,"{""JPN"": 0.783, ""DNK"": 0.198, ""ISL"": 0.019, ""NZL"": 0.0, ""CAN"": 0.0, ""CHE"": 0.0, ""AUS"": 0.0, ""BEL"": 0.0, ""FRA"": 0.0, ""IRL"": 0.0, ""LVA"": 0.0, ""NOR"": 0.0}"
S14-lvl25,E_level_floor_band,science,AUS BEL BGR CAN CHE COL DNK EST FRA IRL ISL JPN LTU LVA NOR NZL TWN,"{""JPN"": 1.0, ""ISL"": 0.0, ""NOR"": 0.0, ""COL"": 0.0, ""NZL"": 0.0, ""CHE"": 0.0, ""AUS"": 0.0, ""BGR"": 0.0, ""LVA"": 0.0, ""IRL"": 0.0, ""LTU"": 0.0, ""EST"": 0.0, ""FRA"": 0.0, ""DNK"": 0.0, ""BEL"": 0.0, ""CAN"": 0.0, ""TWN"": 0.0}"
S14-lvl25+nan,E_level_floor_missing_kept,math,AUS BEL CAN CHE DNK FRA IRL ISL JPN LVA NOR NZL,"{""CHE"": 0.726, ""JPN"": 0.274, ""FRA"": 0.0, ""NOR"": 0.0, ""BEL"": 0.0, ""LVA"": 0.0, ""IRL"": 0.0, ""ISL"": 0.0, ""CAN"": 0.0, ""NZL"": 0.0, ""DNK"": 0.0, ""AUS"": 0.0}"
S14-lvl25+nan,E_level_floor_missing_kept,reading,AUS BEL CAN CHE DNK FRA IRL ISL JPN LVA NOR NZL,"{""JPN"": 0.783, ""DNK"": 0.198, ""ISL"": 0.019, ""NZL"": 0.0, ""CAN"": 0.0, ""CHE"": 0.0, ""AUS"": 0.0, ""BEL"": 0.0, ""FRA"": 0.0, ""IRL"": 0.0, ""LVA"": 0.0, ""NOR"": 0.0}"
S14-lvl25+nan,E_level_floor_missing_kept,science,AUS BEL BGR CAN CHE COL DNK EST FRA IRL ISL JPN LTU LVA NOR NZL TWN,"{""JPN"": 1.0, ""ISL"": 0.0, ""NOR"": 0.0, ""COL"": 0.0, ""NZL"": 0.0, ""CHE"": 0.0, ""AUS"": 0.0, ""BGR"": 0.0, ""LVA"": 0.0, ""IRL"": 0.0, ""LTU"": 0.0, ""EST"": 0.0, ""FRA"": 0.0, ""DNK"": 0.0, ""BEL"": 0.0, ""CAN"": 0.0, ""TWN"": 0.0}"
S14-lvl,E_level_floor,math,AUS BEL CAN CHE DNK FRA IRL ISL JPN LVA NOR NZL,"{""CHE"": 0.726, ""JPN"": 0.274, ""FRA"": 0.0, ""NOR"": 0.0, ""BEL"": 0.0, ""LVA"": 0.0, ""IRL"": 0.0, ""ISL"": 0.0, ""CAN"": 0.0, ""NZL"": 0.0, ""DNK"": 0.0, ""AUS"": 0.0}"
S14-lvl,E_level_floor,reading,AUS BEL CAN CHE DNK FRA IRL ISL JPN LVA NOR NZL,"{""JPN"": 0.783, ""DNK"": 0.198, ""ISL"": 0.019, ""NZL"": 0.0, ""CAN"": 0.0, ""CHE"": 0.0, ""AUS"": 0.0, ""BEL"": 0.0, ""FRA"": 0.0, ""IRL"": 0.0, ""LVA"": 0.0, ""NOR"": 0.0}"
S14-lvl,E_level_floor,science,AUS BEL BGR CAN CHE COL DNK EST FRA IRL ISL JPN LTU LVA NOR NZL TWN,"{""JPN"": 1.0, ""ISL"": 0.0, ""NOR"": 0.0, ""COL"": 0.0, ""NZL"": 0.0, ""CHE"": 0.0, ""AUS"": 0.0, ""BGR"": 0.0, ""LVA"": 0.0, ""IRL"": 0.0, ""LTU"": 0.0, ""EST"": 0.0, ""FRA"": 0.0, ""DNK"": 0.0, ""BEL"": 0.0, ""CAN"": 0.0, ""TWN"": 0.0}"
S14-lvl289+nan,E_level_floor_missing_kept,math,AUS BEL CAN CHE DNK FRA IRL ISL JPN LVA NOR NZL,"{""CHE"": 0.726, ""JPN"": 0.274, ""FRA"": 0.0, ""NOR"": 0.0, ""BEL"": 0.0, ""LVA"": 0.0, ""IRL"": 0.0, ""ISL"": 0.0, ""CAN"": 0.0, ""NZL"": 0.0, ""DNK"": 0.0, ""AUS"": 0.0}"
S14-lvl289+nan,E_level_floor_missing_kept,reading,AUS BEL CAN CHE DNK FRA IRL ISL JPN LVA NOR NZL,"{""JPN"": 0.783, ""DNK"": 0.198, ""ISL"": 0.019, ""NZL"": 0.0, ""CAN"": 0.0, ""CHE"": 0.0, ""AUS"": 0.0, ""BEL"": 0.0, ""FRA"": 0.0, ""IRL"": 0.0, ""LVA"": 0.0, ""NOR"": 0.0}"
S14-lvl289+nan,E_level_floor_missing_kept,science,AUS BEL BGR CAN CHE COL DNK EST FRA IRL ISL JPN LTU LVA NOR NZL TWN,"{""JPN"": 1.0, ""ISL"": 0.0, ""NOR"": 0.0, ""COL"": 0.0, ""NZL"": 0.0, ""CHE"": 0.0, ""AUS"": 0.0, ""BGR"": 0.0, ""LVA"": 0.0, ""IRL"": 0.0, ""LTU"": 0.0, ""EST"": 0.0, ""FRA"": 0.0, ""DNK"": 0.0, ""BEL"": 0.0, ""CAN"": 0.0, ""TWN"": 0.0}"
S14-lvl35,E_level_floor_band,math,AUS BEL CAN CHE DNK FRA IRL ISL JPN LVA NOR NZL,"{""CHE"": 0.726, ""JPN"": 0.274, ""FRA"": 0.0, ""NOR"": 0.0, ""BEL"": 0.0, ""LVA"": 0.0, ""IRL"": 0.0, ""ISL"": 0.0, ""CAN"": 0.0, ""NZL"": 0.0, ""DNK"": 0.0, ""AUS"": 0.0}"
S14-lvl35,E_level_floor_band,reading,AUS BEL CAN CHE DNK FRA IRL ISL JPN LVA NOR NZL,"{""JPN"": 0.783, ""DNK"": 0.198, ""ISL"": 0.019, ""NZL"": 0.0, ""CAN"": 0.0, ""CHE"": 0.0, ""AUS"": 0.0, ""BEL"": 0.0, ""FRA"": 0.0, ""IRL"": 0.0, ""LVA"": 0.0, ""NOR"": 0.0}"
S14-lvl35,E_level_floor_band,science,AUS BEL BGR CAN CHE COL DNK EST FRA IRL ISL JPN LTU LVA NOR NZL TWN,"{""JPN"": 1.0, ""ISL"": 0.0, ""NOR"": 0.0, ""COL"": 0.0, ""NZL"": 0.0, ""CHE"": 0.0, ""AUS"": 0.0, ""BGR"": 0.0, ""LVA"": 0.0, ""IRL"": 0.0, ""LTU"": 0.0, ""EST"": 0.0, ""FRA"": 0.0, ""DNK"": 0.0, ""BEL"": 0.0, ""CAN"": 0.0, ""TWN"": 0.0}"
S14-lvl35+nan,E_level_floor_missing_kept,math,AUS BEL CAN CHE DNK FRA IRL ISL JPN LVA NOR NZL,"{""CHE"": 0.726, ""JPN"": 0.274, ""FRA"": 0.0, ""NOR"": 0.0, ""BEL"": 0.0, ""LVA"": 0.0, ""IRL"": 0.0, ""ISL"": 0.0, ""CAN"": 0.0, ""NZL"": 0.0, ""DNK"": 0.0, ""AUS"": 0.0}"
S14-lvl35+nan,E_level_floor_missing_kept,reading,AUS BEL CAN CHE DNK FRA IRL ISL JPN LVA NOR NZL,"{""JPN"": 0.783, ""DNK"": 0.198, ""ISL"": 0.019, ""NZL"": 0.0, ""CAN"": 0.0, ""CHE"": 0.0, ""AUS"": 0.0, ""BEL"": 0.0, ""FRA"": 0.0, ""IRL"": 0.0, ""LVA"": 0.0, ""NOR"": 0.0}"
S14-lvl35+nan,E_level_floor_missing_kept,science,AUS BEL BGR CAN CHE COL DNK EST FRA IRL ISL JPN LTU LVA NOR NZL TWN,"{""JPN"": 1.0, ""ISL"": 0.0, ""NOR"": 0.0, ""COL"": 0.0, ""NZL"": 0.0, ""CHE"": 0.0, ""AUS"": 0.0, ""BGR"": 0.0, ""LVA"": 0.0, ""IRL"": 0.0, ""LTU"": 0.0, ""EST"": 0.0, ""FRA"": 0.0, ""DNK"": 0.0, ""BEL"": 0.0, ""CAN"": 0.0, ""TWN"": 0.0}"
S123-lvl20,E_level_floor_band,math,BEL BRA CHE CZE DEU FIN FRA GRC HUN IDN ISL ITA JPN KOR MEX POL SVK SWE THA URY,"{""ITA"": 0.705, ""BRA"": 0.295, ""IDN"": 0.0, ""FIN"": 0.0, ""MEX"": 0.0, ""GRC"": 0.0, ""URY"": 0.0, ""CZE"": 0.0, ""KOR"": 0.0, ""POL"": 0.0, ""HUN"": 0.0, ""SWE"": 0.0, ""JPN"": 0.0, ""FRA"": 0.0, ""ISL"": 0.0, ""SVK"": 0.0, ""DEU"": 0.0, ""BEL"": 0.0, ""THA"": 0.0, ""CHE"": 0.0}"
S123-lvl20,E_level_floor_band,reading,BEL BRA CHE CZE DEU FIN FRA GRC HUN IDN ISL ITA JPN KOR MEX POL SVK SWE THA URY,"{""JPN"": 0.579, ""MEX"": 0.369, ""POL"": 0.053, ""KOR"": 0.0, ""IDN"": 0.0, ""FIN"": 0.0, ""DEU"": 0.0, ""CHE"": 0.0, ""HUN"": 0.0, ""THA"": 0.0, ""BEL"": 0.0, ""BRA"": 0.0, ""CZE"": 0.0, ""FRA"": 0.0, ""GRC"": 0.0, ""ISL"": 0.0, ""ITA"": 0.0, ""SVK"": 0.0, ""SWE"": 0.0, ""URY"": 0.0}"
S123-lvl20,E_level_floor_band,science,BEL BGR BRA CHE CHL COL CZE DEU EST FIN FRA GRC HRV HUN IDN ISL ISR ITA JPN KOR LTU MEX MNE POL ROU SVK SVN SWE THA TWN URY,"{""POL"": 0.772, ""KOR"": 0.228, ""BRA"": 0.0, ""COL"": 0.0, ""ISL"": 0.0, ""SVK"": 0.0, ""ITA"": 0.0, ""CHL"": 0.0, ""MEX"": 0.0, ""CHE"": 0.0, ""URY"": 0.0, ""JPN"": 0.0, ""ROU"": 0.0, ""HUN"": 0.0, ""DEU"": 0.0, ""FRA"": 0.0, ""BGR"": 0.0, ""LTU"": 0.0, ""BEL"": 0.0, ""CZE"": 0.0, ""EST"": 0.0, ""FIN"": 0.0, ""GRC"": 0.0, ""HRV"": 0.0, ""IDN"": 0.0, ""ISR"": 0.0, ""MNE"": 0.0, ""SVN"": 0.0, ""SWE"": 0.0, ""THA"": 0.0, ""TWN"": 0.0}"
S123-lvl20+nan,E_level_floor_missing_kept,math,BEL BRA CHE CZE DEU FIN FRA GRC HUN IDN ISL ITA JPN KOR MAC MEX POL SVK SWE THA URY,"{""ITA"": 0.705, ""BRA"": 0.295, ""IDN"": 0.0, ""FIN"": 0.0, ""GRC"": 0.0, ""KOR"": 0.0, ""MEX"": 0.0, ""URY"": 0.0, ""SVK"": 0.0, ""POL"": 0.0, ""THA"": 0.0, ""CZE"": 0.0, ""DEU"": 0.0, ""JPN"": 0.0, ""MAC"": 0.0, ""CHE"": 0.0, ""ISL"": 0.0, ""FRA"": 0.0, ""SWE"": 0.0, ""BEL"": 0.0, ""HUN"": 0.0}"
S123-lvl20+nan,E_level_floor_missing_kept,reading,BEL BRA CHE CZE DEU FIN FRA GRC HUN IDN ISL ITA JPN KOR MAC MEX POL SVK SWE THA URY,"{""JPN"": 0.579, ""MEX"": 0.369, ""POL"": 0.053, ""KOR"": 0.0, ""IDN"": 0.0, ""FIN"": 0.0, ""DEU"": 0.0, ""CHE"": 0.0, ""HUN"": 0.0, ""BEL"": 0.0, ""BRA"": 0.0, ""CZE"": 0.0, ""FRA"": 0.0, ""GRC"": 0.0, ""ISL"": 0.0, ""ITA"": 0.0, ""MAC"": 0.0, ""SVK"": 0.0, ""SWE"": 0.0, ""THA"": 0.0, ""URY"": 0.0}"
S123-lvl20+nan,E_level_floor_missing_kept,science,BEL BGR BRA CHE CHL COL CZE DEU EST FIN FRA GRC HRV HUN IDN ISL ISR ITA JPN KOR LTU MAC MEX MNE POL ROU SVK SVN SWE THA TWN URY,"{""POL"": 0.772, ""KOR"": 0.228, ""BRA"": 0.0, ""COL"": 0.0, ""ISL"": 0.0, ""SVK"": 0.0, ""ITA"": 0.0, ""CHL"": 0.0, ""MEX"": 0.0, ""CHE"": 0.0, ""URY"": 0.0, ""JPN"": 0.0, ""ROU"": 0.0, ""HUN"": 0.0, ""DEU"": 0.0, ""FRA"": 0.0, ""BGR"": 0.0, ""LTU"": 0.0, ""BEL"": 0.0, ""CZE"": 0.0, ""EST"": 0.0, ""FIN"": 0.0, ""GRC"": 0.0, ""HRV"": 0.0, ""IDN"": 0.0, ""ISR"": 0.0, ""MAC"": 0.0, ""MNE"": 0.0, ""SVN"": 0.0, ""SWE"": 0.0, ""THA"": 0.0, ""TWN"": 0.0}"
S123-lvl25,E_level_floor_band,math,BEL BRA CHE CZE DEU FIN FRA GRC HUN IDN ISL ITA JPN KOR MEX POL SVK SWE THA URY,"{""ITA"": 0.705, ""BRA"": 0.295, ""IDN"": 0.0, ""FIN"": 0.0, ""MEX"": 0.0, ""GRC"": 0.0, ""URY"": 0.0, ""CZE"": 0.0, ""KOR"": 0.0, ""POL"": 0.0, ""HUN"": 0.0, ""SWE"": 0.0, ""JPN"": 0.0, ""FRA"": 0.0, ""ISL"": 0.0, ""SVK"": 0.0, ""DEU"": 0.0, ""BEL"": 0.0, ""THA"": 0.0, ""CHE"": 0.0}"
S123-lvl25,E_level_floor_band,reading,BEL BRA CHE CZE DEU FIN FRA GRC HUN IDN ISL ITA JPN KOR MEX POL SVK SWE THA URY,"{""JPN"": 0.579, ""MEX"": 0.369, ""POL"": 0.053, ""KOR"": 0.0, ""IDN"": 0.0, ""FIN"": 0.0, ""DEU"": 0.0, ""CHE"": 0.0, ""HUN"": 0.0, ""THA"": 0.0, ""BEL"": 0.0, ""BRA"": 0.0, ""CZE"": 0.0, ""FRA"": 0.0, ""GRC"": 0.0, ""ISL"": 0.0, ""ITA"": 0.0, ""SVK"": 0.0, ""SWE"": 0.0, ""URY"": 0.0}"
S123-lvl25,E_level_floor_band,science,BEL BGR BRA CHE CHL COL CZE DEU EST FIN FRA GRC HRV HUN IDN ISL ISR ITA JPN KOR LTU MEX MNE POL ROU SVK SVN SWE THA TWN URY,"{""POL"": 0.772, ""KOR"": 0.228, ""BRA"": 0.0, ""COL"": 0.0, ""ISL"": 0.0, ""SVK"": 0.0, ""ITA"": 0.0, ""CHL"": 0.0, ""MEX"": 0.0, ""CHE"": 0.0, ""URY"": 0.0, ""JPN"": 0.0, ""ROU"": 0.0, ""HUN"": 0.0, ""DEU"": 0.0, ""FRA"": 0.0, ""BGR"": 0.0, ""LTU"": 0.0, ""BEL"": 0.0, ""CZE"": 0.0, ""EST"": 0.0, ""FIN"": 0.0, ""GRC"": 0.0, ""HRV"": 0.0, ""IDN"": 0.0, ""ISR"": 0.0, ""MNE"": 0.0, ""SVN"": 0.0, ""SWE"": 0.0, ""THA"": 0.0, ""TWN"": 0.0}"
S123-lvl25+nan,E_level_floor_missing_kept,math,BEL BRA CHE CZE DEU FIN FRA GRC HUN IDN ISL ITA JPN KOR MAC MEX POL SVK SWE THA URY,"{""ITA"": 0.705, ""BRA"": 0.295, ""IDN"": 0.0, ""FIN"": 0.0, ""GRC"": 0.0, ""KOR"": 0.0, ""MEX"": 0.0, ""URY"": 0.0, ""SVK"": 0.0, ""POL"": 0.0, ""THA"": 0.0, ""CZE"": 0.0, ""DEU"": 0.0, ""JPN"": 0.0, ""MAC"": 0.0, ""CHE"": 0.0, ""ISL"": 0.0, ""FRA"": 0.0, ""SWE"": 0.0, ""BEL"": 0.0, ""HUN"": 0.0}"
S123-lvl25+nan,E_level_floor_missing_kept,reading,BEL BRA CHE CZE DEU FIN FRA GRC HUN IDN ISL ITA JPN KOR MAC MEX POL SVK SWE THA URY,"{""JPN"": 0.579, ""MEX"": 0.369, ""POL"": 0.053, ""KOR"": 0.0, ""IDN"": 0.0, ""FIN"": 0.0, ""DEU"": 0.0, ""CHE"": 0.0, ""HUN"": 0.0, ""BEL"": 0.0, ""BRA"": 0.0, ""CZE"": 0.0, ""FRA"": 0.0, ""GRC"": 0.0, ""ISL"": 0.0, ""ITA"": 0.0, ""MAC"": 0.0, ""SVK"": 0.0, ""SWE"": 0.0, ""THA"": 0.0, ""URY"": 0.0}"
S123-lvl25+nan,E_level_floor_missing_kept,science,BEL BGR BRA CHE CHL COL CZE DEU EST FIN FRA GRC HRV HUN IDN ISL ISR ITA JPN KOR LTU MAC MEX MNE POL ROU SVK SVN SWE THA TWN URY,"{""POL"": 0.772, ""KOR"": 0.228, ""BRA"": 0.0, ""COL"": 0.0, ""ISL"": 0.0, ""SVK"": 0.0, ""ITA"": 0.0, ""CHL"": 0.0, ""MEX"": 0.0, ""CHE"": 0.0, ""URY"": 0.0, ""JPN"": 0.0, ""ROU"": 0.0, ""HUN"": 0.0, ""DEU"": 0.0, ""FRA"": 0.0, ""BGR"": 0.0, ""LTU"": 0.0, ""BEL"": 0.0, ""CZE"": 0.0, ""EST"": 0.0, ""FIN"": 0.0, ""GRC"": 0.0, ""HRV"": 0.0, ""IDN"": 0.0, ""ISR"": 0.0, ""MAC"": 0.0, ""MNE"": 0.0, ""SVN"": 0.0, ""SWE"": 0.0, ""THA"": 0.0, ""TWN"": 0.0}"
S123-lvl,E_level_floor,math,BEL BRA CHE CZE DEU FIN FRA GRC HUN IDN ISL ITA JPN KOR MEX POL SVK SWE THA URY,"{""ITA"": 0.705, ""BRA"": 0.295, ""IDN"": 0.0, ""FIN"": 0.0, ""MEX"": 0.0, ""GRC"": 0.0, ""URY"": 0.0, ""CZE"": 0.0, ""KOR"": 0.0, ""POL"": 0.0, ""HUN"": 0.0, ""SWE"": 0.0, ""JPN"": 0.0, ""FRA"": 0.0, ""ISL"": 0.0, ""SVK"": 0.0, ""DEU"": 0.0, ""BEL"": 0.0, ""THA"": 0.0, ""CHE"": 0.0}"
S123-lvl,E_level_floor,reading,BEL BRA CHE CZE DEU FIN FRA GRC HUN IDN ISL ITA JPN KOR MEX POL SVK SWE THA URY,"{""JPN"": 0.579, ""MEX"": 0.369, ""POL"": 0.053, ""KOR"": 0.0, ""IDN"": 0.0, ""FIN"": 0.0, ""DEU"": 0.0, ""CHE"": 0.0, ""HUN"": 0.0, ""THA"": 0.0, ""BEL"": 0.0, ""BRA"": 0.0, ""CZE"": 0.0, ""FRA"": 0.0, ""GRC"": 0.0, ""ISL"": 0.0, ""ITA"": 0.0, ""SVK"": 0.0, ""SWE"": 0.0, ""URY"": 0.0}"
S123-lvl,E_level_floor,science,BEL BGR BRA CHE CHL COL CZE DEU EST FIN FRA GRC HRV HUN IDN ISL ISR ITA JPN KOR LTU MEX MNE POL ROU SVK SVN SWE THA TWN URY,"{""POL"": 0.772, ""KOR"": 0.228, ""BRA"": 0.0, ""COL"": 0.0, ""ISL"": 0.0, ""SVK"": 0.0, ""ITA"": 0.0, ""CHL"": 0.0, ""MEX"": 0.0, ""CHE"": 0.0, ""URY"": 0.0, ""JPN"": 0.0, ""ROU"": 0.0, ""HUN"": 0.0, ""DEU"": 0.0, ""FRA"": 0.0, ""BGR"": 0.0, ""LTU"": 0.0, ""BEL"": 0.0, ""CZE"": 0.0, ""EST"": 0.0, ""FIN"": 0.0, ""GRC"": 0.0, ""HRV"": 0.0, ""IDN"": 0.0, ""ISR"": 0.0, ""MNE"": 0.0, ""SVN"": 0.0, ""SWE"": 0.0, ""THA"": 0.0, ""TWN"": 0.0}"
S123-lvl289+nan,E_level_floor_missing_kept,math,BEL BRA CHE CZE DEU FIN FRA GRC HUN IDN ISL ITA JPN KOR MAC MEX POL SVK SWE THA URY,"{""ITA"": 0.705, ""BRA"": 0.295, ""IDN"": 0.0, ""FIN"": 0.0, ""GRC"": 0.0, ""KOR"": 0.0, ""MEX"": 0.0, ""URY"": 0.0, ""SVK"": 0.0, ""POL"": 0.0, ""THA"": 0.0, ""CZE"": 0.0, ""DEU"": 0.0, ""JPN"": 0.0, ""MAC"": 0.0, ""CHE"": 0.0, ""ISL"": 0.0, ""FRA"": 0.0, ""SWE"": 0.0, ""BEL"": 0.0, ""HUN"": 0.0}"
S123-lvl289+nan,E_level_floor_missing_kept,reading,BEL BRA CHE CZE DEU FIN FRA GRC HUN IDN ISL ITA JPN KOR MAC MEX POL SVK SWE THA URY,"{""JPN"": 0.579, ""MEX"": 0.369, ""POL"": 0.053, ""KOR"": 0.0, ""IDN"": 0.0, ""FIN"": 0.0, ""DEU"": 0.0, ""CHE"": 0.0, ""HUN"": 0.0, ""BEL"": 0.0, ""BRA"": 0.0, ""CZE"": 0.0, ""FRA"": 0.0, ""GRC"": 0.0, ""ISL"": 0.0, ""ITA"": 0.0, ""MAC"": 0.0, ""SVK"": 0.0, ""SWE"": 0.0, ""THA"": 0.0, ""URY"": 0.0}"
S123-lvl289+nan,E_level_floor_missing_kept,science,BEL BGR BRA CHE CHL COL CZE DEU EST FIN FRA GRC HRV HUN IDN ISL ISR ITA JPN KOR LTU MAC MEX MNE POL ROU SVK SVN SWE THA TWN URY,"{""POL"": 0.772, ""KOR"": 0.228, ""BRA"": 0.0, ""COL"": 0.0, ""ISL"": 0.0, ""SVK"": 0.0, ""ITA"": 0.0, ""CHL"": 0.0, ""MEX"": 0.0, ""CHE"": 0.0, ""URY"": 0.0, ""JPN"": 0.0, ""ROU"": 0.0, ""HUN"": 0.0, ""DEU"": 0.0, ""FRA"": 0.0, ""BGR"": 0.0, ""LTU"": 0.0, ""BEL"": 0.0, ""CZE"": 0.0, ""EST"": 0.0, ""FIN"": 0.0, ""GRC"": 0.0, ""HRV"": 0.0, ""IDN"": 0.0, ""ISR"": 0.0, ""MAC"": 0.0, ""MNE"": 0.0, ""SVN"": 0.0, ""SWE"": 0.0, ""THA"": 0.0, ""TWN"": 0.0}"
S123-lvl35,E_level_floor_band,math,BEL BRA CHE CZE DEU FIN FRA GRC HUN IDN ISL ITA JPN KOR MEX POL SVK SWE THA URY,"{""ITA"": 0.705, ""BRA"": 0.295, ""IDN"": 0.0, ""FIN"": 0.0, ""MEX"": 0.0, ""GRC"": 0.0, ""URY"": 0.0, ""CZE"": 0.0, ""KOR"": 0.0, ""POL"": 0.0, ""HUN"": 0.0, ""SWE"": 0.0, ""JPN"": 0.0, ""FRA"": 0.0, ""ISL"": 0.0, ""SVK"": 0.0, ""DEU"": 0.0, ""BEL"": 0.0, ""THA"": 0.0, ""CHE"": 0.0}"
S123-lvl35,E_level_floor_band,reading,BEL BRA CHE CZE DEU FIN FRA GRC HUN IDN ISL ITA JPN KOR MEX POL SVK SWE THA URY,"{""JPN"": 0.579, ""MEX"": 0.369, ""POL"": 0.053, ""KOR"": 0.0, ""IDN"": 0.0, ""FIN"": 0.0, ""DEU"": 0.0, ""CHE"": 0.0, ""HUN"": 0.0, ""THA"": 0.0, ""BEL"": 0.0, ""BRA"": 0.0, ""CZE"": 0.0, ""FRA"": 0.0, ""GRC"": 0.0, ""ISL"": 0.0, ""ITA"": 0.0, ""SVK"": 0.0, ""SWE"": 0.0, ""URY"": 0.0}"
S123-lvl35,E_level_floor_band,science,BEL BGR BRA CHE CHL COL CZE DEU EST FIN FRA GRC HRV HUN IDN ISL ISR ITA JPN KOR LTU MEX MNE POL ROU SVK SVN SWE THA TWN URY,"{""POL"": 0.772, ""KOR"": 0.228, ""BRA"": 0.0, ""COL"": 0.0, ""ISL"": 0.0, ""SVK"": 0.0, ""ITA"": 0.0, ""CHL"": 0.0, ""MEX"": 0.0, ""CHE"": 0.0, ""URY"": 0.0, ""JPN"": 0.0, ""ROU"": 0.0, ""HUN"": 0.0, ""DEU"": 0.0, ""FRA"": 0.0, ""BGR"": 0.0, ""LTU"": 0.0, ""BEL"": 0.0, ""CZE"": 0.0, ""EST"": 0.0, ""FIN"": 0.0, ""GRC"": 0.0, ""HRV"": 0.0, ""IDN"": 0.0, ""ISR"": 0.0, ""MNE"": 0.0, ""SVN"": 0.0, ""SWE"": 0.0, ""THA"": 0.0, ""TWN"": 0.0}"
S123-lvl35+nan,E_level_floor_missing_kept,math,BEL BRA CHE CZE DEU FIN FRA GRC HUN IDN ISL ITA JPN KOR MAC MEX POL SVK SWE THA URY,"{""ITA"": 0.705, ""BRA"": 0.295, ""IDN"": 0.0, ""FIN"": 0.0, ""GRC"": 0.0, ""KOR"": 0.0, ""MEX"": 0.0, ""URY"": 0.0, ""SVK"": 0.0, ""POL"": 0.0, ""THA"": 0.0, ""CZE"": 0.0, ""DEU"": 0.0, ""JPN"": 0.0, ""MAC"": 0.0, ""CHE"": 0.0, ""ISL"": 0.0, ""FRA"": 0.0, ""SWE"": 0.0, ""BEL"": 0.0, ""HUN"": 0.0}"
S123-lvl35+nan,E_level_floor_missing_kept,reading,BEL BRA CHE CZE DEU FIN FRA GRC HUN IDN ISL ITA JPN KOR MAC MEX POL SVK SWE THA URY,"{""JPN"": 0.579, ""MEX"": 0.369, ""POL"": 0.053, ""KOR"": 0.0, ""IDN"": 0.0, ""FIN"": 0.0, ""DEU"": 0.0, ""CHE"": 0.0, ""HUN"": 0.0, ""BEL"": 0.0, ""BRA"": 0.0, ""CZE"": 0.0, ""FRA"": 0.0, ""GRC"": 0.0, ""ISL"": 0.0, ""ITA"": 0.0, ""MAC"": 0.0, ""SVK"": 0.0, ""SWE"": 0.0, ""THA"": 0.0, ""URY"": 0.0}"
S123-lvl35+nan,E_level_floor_missing_kept,science,BEL BGR BRA CHE CHL COL CZE DEU EST FIN FRA GRC HRV HUN IDN ISL ISR ITA JPN KOR LTU MAC MEX MNE POL ROU SVK SVN SWE THA TWN URY,"{""POL"": 0.772, ""KOR"": 0.228, ""BRA"": 0.0, ""COL"": 0.0, ""ISL"": 0.0, ""SVK"": 0.0, ""ITA"": 0.0, ""CHL"": 0.0, ""MEX"": 0.0, ""CHE"": 0.0, ""URY"": 0.0, ""JPN"": 0.0, ""ROU"": 0.0, ""HUN"": 0.0, ""DEU"": 0.0, ""FRA"": 0.0, ""BGR"": 0.0, ""LTU"": 0.0, ""BEL"": 0.0, ""CZE"": 0.0, ""EST"": 0.0, ""FIN"": 0.0, ""GRC"": 0.0, ""HRV"": 0.0, ""IDN"": 0.0, ""ISR"": 0.0, ""MAC"": 0.0, ""MNE"": 0.0, ""SVN"": 0.0, ""SWE"": 0.0, ""THA"": 0.0, ""TWN"": 0.0}"
S124-lvl20,E_level_floor_band,math,AUS BEL BRA CAN CHE CZE DEU DNK FIN FRA GRC HKG HUN IRL ISL ITA JPN KOR LVA MEX NLD NOR NZL POL PRT SVK SWE THA URY USA,"{""ITA"": 0.705, ""BRA"": 0.295, ""FIN"": 0.0, ""GRC"": 0.0, ""MEX"": 0.0, ""IRL"": 0.0, ""URY"": 0.0, ""DNK"": 0.0, ""CZE"": 0.0, ""NZL"": 0.0, ""KOR"": 0.0, ""LVA"": 0.0, ""HUN"": 0.0, ""SWE"": 0.0, ""AUS"": 0.0, ""POL"": 0.0, ""CHE"": 0.0, ""USA"": 0.0, ""PRT"": 0.0, ""JPN"": 0.0, ""FRA"": 0.0, ""NOR"": 0.0, ""HKG"": 0.0, ""DEU"": 0.0, ""ISL"": 0.0, ""SVK"": 0.0, ""BEL"": 0.0, ""CAN"": 0.0, ""THA"": 0.0, ""NLD"": 0.0}"
S124-lvl20,E_level_floor_band,reading,AUS BEL BRA CAN CHE CZE DEU DNK FIN FRA GRC HKG HUN IRL ISL ITA JPN KOR LVA MEX NLD NOR NZL POL PRT SVK SWE THA URY,"{""JPN"": 0.583, ""MEX"": 0.308, ""HKG"": 0.109, ""CAN"": 0.0, ""ITA"": 0.0, ""LVA"": 0.0, ""CZE"": 0.0, ""IRL"": 0.0, ""NZL"": 0.0, ""URY"": 0.0, ""POL"": 0.0, ""BRA"": 0.0, ""NOR"": 0.0, ""ISL"": 0.0, ""CHE"": 0.0, ""AUS"": 0.0, ""BEL"": 0.0, ""DEU"": 0.0, ""DNK"": 0.0, ""FIN"": 0.0, ""FRA"": 0.0, ""GRC"": 0.0, ""HUN"": 0.0, ""KOR"": 0.0, ""NLD"": 0.0, ""PRT"": 0.0, ""SVK"": 0.0, ""SWE"": 0.0, ""THA"": 0.0}"
S124-lvl20,E_level_floor_band,science,AUS BEL BGR BRA CAN CHE CHL COL CZE DEU DNK EST FIN FRA GBR GRC HKG HRV HUN IRL ISL ISR ITA JPN KOR LTU LVA MEX MNE NLD NOR NZL POL PRT SVK SVN SWE THA TWN URY USA,"{""POL"": 0.726, ""PRT"": 0.274, ""CZE"": 0.0, ""MNE"": 0.0, ""TWN"": 0.0, ""EST"": 0.0, ""HRV"": 0.0, ""SVN"": 0.0, ""IRL"": 0.0, ""ISR"": 0.0, ""FIN"": 0.0, ""CAN"": 0.0, ""THA"": 0.0, ""SWE"": 0.0, ""BEL"": 0.0, ""NLD"": 0.0, ""GRC"": 0.0, ""GBR"": 0.0, ""LVA"": 0.0, ""LTU"": 0.0, ""AUS"": 0.0, ""BGR"": 0.0, ""BRA"": 0.0, ""CHE"": 0.0, ""CHL"": 0.0, ""COL"": 0.0, ""DEU"": 0.0, ""DNK"": 0.0, ""FRA"": 0.0, ""HKG"": 0.0, ""HUN"": 0.0, ""ISL"": 0.0, ""ITA"": 0.0, ""JPN"": 0.0, ""KOR"": 0.0, ""MEX"": 0.0, ""NOR"": 0.0, ""NZL"": 0.0, ""SVK"": 0.0, ""URY"": 0.0, ""USA"": 0.0}"
S124-lvl20+nan,E_level_floor_missing_kept,math,AUS BEL BRA CAN CHE CZE DEU DNK FIN FRA GRC HKG HUN IRL ISL ITA JPN KOR LVA MAC MEX NLD NOR NZL POL PRT SVK SWE THA URY USA,"{""ITA"": 0.705, ""BRA"": 0.295, ""FIN"": 0.0, ""MEX"": 0.0, ""GRC"": 0.0, ""URY"": 0.0, ""IRL"": 0.0, ""CZE"": 0.0, ""DNK"": 0.0, ""NZL"": 0.0, ""SWE"": 0.0, ""KOR"": 0.0, ""HUN"": 0.0, ""LVA"": 0.0, ""AUS"": 0.0, ""POL"": 0.0, ""PRT"": 0.0, ""DEU"": 0.0, ""HKG"": 0.0, ""JPN"": 0.0, ""USA"": 0.0, ""CHE"": 0.0, ""THA"": 0.0, ""MAC"": 0.0, ""NOR"": 0.0, ""CAN"": 0.0, ""FRA"": 0.0, ""ISL"": 0.0, ""SVK"": 0.0, ""BEL"": 0.0, ""NLD"": 0.0}"
S124-lvl20+nan,E_level_floor_missing_kept,reading,AUS BEL BRA CAN CHE CZE DEU DNK FIN FRA GRC HKG HUN IRL ISL ITA JPN KOR LVA MAC MEX NLD NOR NZL POL PRT SVK SWE THA URY,"{""JPN"": 0.583, ""MEX"": 0.308, ""HKG"": 0.109, ""DNK"": 0.0, ""DEU"": 0.0, ""NOR"": 0.0, ""POL"": 0.0, ""ISL"": 0.0, ""PRT"": 0.0, ""THA"": 0.0, ""URY"": 0.0, ""SWE"": 0.0, ""KOR"": 0.0, ""GRC"": 0.0, ""HUN"": 0.0, ""BEL"": 0.0, ""SVK"": 0.0, ""AUS"": 0.0, ""BRA"": 0.0, ""CAN"": 0.0, ""CHE"": 0.0, ""CZE"": 0.0, ""FIN"": 0.0, ""FRA"": 0.0, ""IRL"": 0.0, ""ITA"": 0.0, ""LVA"": 0.0, ""MAC"": 0.0, ""NLD"": 0.0, ""NZL"": 0.0}"
S124-lvl20+nan,E_level_floor_missing_kept,science,AUS BEL BGR BRA CAN CHE CHL COL CZE DEU DNK EST FIN FRA GBR GRC HKG HRV HUN IRL ISL ISR ITA JPN KOR LTU LVA MAC MEX MNE NLD NOR NZL POL PRT SVK SVN SWE THA TWN URY USA,"{""POL"": 0.726, ""PRT"": 0.274, ""CZE"": 0.0, ""MNE"": 0.0, ""TWN"": 0.0, ""EST"": 0.0, ""HRV"": 0.0, ""SVN"": 0.0, ""IRL"": 0.0, ""ISR"": 0.0, ""FIN"": 0.0, ""THA"": 0.0, ""CAN"": 0.0, ""MAC"": 0.0, ""SWE"": 0.0, ""BEL"": 0.0, ""NLD"": 0.0, ""GRC"": 0.0, ""GBR"": 0.0, ""LVA"": 0.0, ""LTU"": 0.0, ""NOR"": 0.0, ""BRA"": 0.0, ""COL"": 0.0, ""KOR"": 0.0, ""HKG"": 0.0, ""SVK"": 0.0, ""FRA"": 0.0, ""NZL"": 0.0, ""ISL"": 0.0, ""AUS"": 0.0, ""USA"": 0.0, ""BGR"": 0.0, ""MEX"": 0.0, ""CHL"": 0.0, ""URY"": 0.0, ""ITA"": 0.0, ""HUN"": 0.0, ""DEU"": 0.0, ""DNK"": 0.0, ""JPN"": 0.0, ""CHE"": 0.0}"
S124-lvl25,E_level_floor_band,math,AUS BEL BRA CAN CHE CZE DEU DNK FIN FRA GRC HKG HUN IRL ISL ITA JPN KOR LVA MEX NLD NOR NZL POL PRT SVK SWE THA URY USA,"{""ITA"": 0.705, ""BRA"": 0.295, ""FIN"": 0.0, ""GRC"": 0.0, ""MEX"": 0.0, ""IRL"": 0.0, ""URY"": 0.0, ""DNK"": 0.0, ""CZE"": 0.0, ""NZL"": 0.0, ""KOR"": 0.0, ""LVA"": 0.0, ""HUN"": 0.0, ""SWE"": 0.0, ""AUS"": 0.0, ""POL"": 0.0, ""CHE"": 0.0, ""USA"": 0.0, ""PRT"": 0.0, ""JPN"": 0.0, ""FRA"": 0.0, ""NOR"": 0.0, ""HKG"": 0.0, ""DEU"": 0.0, ""ISL"": 0.0, ""SVK"": 0.0, ""BEL"": 0.0, ""CAN"": 0.0, ""THA"": 0.0, ""NLD"": 0.0}"
S124-lvl25,E_level_floor_band,reading,AUS BEL BRA CAN CHE CZE DEU DNK FIN FRA GRC HKG HUN IRL ISL ITA JPN KOR LVA MEX NLD NOR NZL POL PRT SVK SWE THA URY,"{""JPN"": 0.583, ""MEX"": 0.308, ""HKG"": 0.109, ""CAN"": 0.0, ""ITA"": 0.0, ""LVA"": 0.0, ""CZE"": 0.0, ""IRL"": 0.0, ""NZL"": 0.0, ""URY"": 0.0, ""POL"": 0.0, ""BRA"": 0.0, ""NOR"": 0.0, ""ISL"": 0.0, ""CHE"": 0.0, ""AUS"": 0.0, ""BEL"": 0.0, ""DEU"": 0.0, ""DNK"": 0.0, ""FIN"": 0.0, ""FRA"": 0.0, ""GRC"": 0.0, ""HUN"": 0.0, ""KOR"": 0.0, ""NLD"": 0.0, ""PRT"": 0.0, ""SVK"": 0.0, ""SWE"": 0.0, ""THA"": 0.0}"
S124-lvl25,E_level_floor_band,science,AUS BEL BGR BRA CAN CHE CHL COL CZE DEU DNK EST FIN FRA GBR GRC HKG HRV HUN IRL ISL ISR ITA JPN KOR LTU LVA MEX MNE NLD NOR NZL POL PRT SVK SVN SWE THA TWN URY USA,"{""POL"": 0.726, ""PRT"": 0.274, ""CZE"": 0.0, ""MNE"": 0.0, ""TWN"": 0.0, ""EST"": 0.0, ""HRV"": 0.0, ""SVN"": 0.0, ""IRL"": 0.0, ""ISR"": 0.0, ""FIN"": 0.0, ""CAN"": 0.0, ""THA"": 0.0, ""SWE"": 0.0, ""BEL"": 0.0, ""NLD"": 0.0, ""GRC"": 0.0, ""GBR"": 0.0, ""LVA"": 0.0, ""LTU"": 0.0, ""AUS"": 0.0, ""BGR"": 0.0, ""BRA"": 0.0, ""CHE"": 0.0, ""CHL"": 0.0, ""COL"": 0.0, ""DEU"": 0.0, ""DNK"": 0.0, ""FRA"": 0.0, ""HKG"": 0.0, ""HUN"": 0.0, ""ISL"": 0.0, ""ITA"": 0.0, ""JPN"": 0.0, ""KOR"": 0.0, ""MEX"": 0.0, ""NOR"": 0.0, ""NZL"": 0.0, ""SVK"": 0.0, ""URY"": 0.0, ""USA"": 0.0}"
S124-lvl25+nan,E_level_floor_missing_kept,math,AUS BEL BRA CAN CHE CZE DEU DNK FIN FRA GRC HKG HUN IRL ISL ITA JPN KOR LVA MAC MEX NLD NOR NZL POL PRT SVK SWE THA URY USA,"{""ITA"": 0.705, ""BRA"": 0.295, ""FIN"": 0.0, ""MEX"": 0.0, ""GRC"": 0.0, ""URY"": 0.0, ""IRL"": 0.0, ""CZE"": 0.0, ""DNK"": 0.0, ""NZL"": 0.0, ""SWE"": 0.0, ""KOR"": 0.0, ""HUN"": 0.0, ""LVA"": 0.0, ""AUS"": 0.0, ""POL"": 0.0, ""PRT"": 0.0, ""DEU"": 0.0, ""HKG"": 0.0, ""JPN"": 0.0, ""USA"": 0.0, ""CHE"": 0.0, ""THA"": 0.0, ""MAC"": 0.0, ""NOR"": 0.0, ""CAN"": 0.0, ""FRA"": 0.0, ""ISL"": 0.0, ""SVK"": 0.0, ""BEL"": 0.0, ""NLD"": 0.0}"
S124-lvl25+nan,E_level_floor_missing_kept,reading,AUS BEL BRA CAN CHE CZE DEU DNK FIN FRA GRC HKG HUN IRL ISL ITA JPN KOR LVA MAC MEX NLD NOR NZL POL PRT SVK SWE THA URY,"{""JPN"": 0.583, ""MEX"": 0.308, ""HKG"": 0.109, ""DNK"": 0.0, ""DEU"": 0.0, ""NOR"": 0.0, ""POL"": 0.0, ""ISL"": 0.0, ""PRT"": 0.0, ""THA"": 0.0, ""URY"": 0.0, ""SWE"": 0.0, ""KOR"": 0.0, ""GRC"": 0.0, ""HUN"": 0.0, ""BEL"": 0.0, ""SVK"": 0.0, ""AUS"": 0.0, ""BRA"": 0.0, ""CAN"": 0.0, ""CHE"": 0.0, ""CZE"": 0.0, ""FIN"": 0.0, ""FRA"": 0.0, ""IRL"": 0.0, ""ITA"": 0.0, ""LVA"": 0.0, ""MAC"": 0.0, ""NLD"": 0.0, ""NZL"": 0.0}"
S124-lvl25+nan,E_level_floor_missing_kept,science,AUS BEL BGR BRA CAN CHE CHL COL CZE DEU DNK EST FIN FRA GBR GRC HKG HRV HUN IRL ISL ISR ITA JPN KOR LTU LVA MAC MEX MNE NLD NOR NZL POL PRT SVK SVN SWE THA TWN URY USA,"{""POL"": 0.726, ""PRT"": 0.274, ""CZE"": 0.0, ""MNE"": 0.0, ""TWN"": 0.0, ""EST"": 0.0, ""HRV"": 0.0, ""SVN"": 0.0, ""IRL"": 0.0, ""ISR"": 0.0, ""FIN"": 0.0, ""THA"": 0.0, ""CAN"": 0.0, ""MAC"": 0.0, ""SWE"": 0.0, ""BEL"": 0.0, ""NLD"": 0.0, ""GRC"": 0.0, ""GBR"": 0.0, ""LVA"": 0.0, ""LTU"": 0.0, ""NOR"": 0.0, ""BRA"": 0.0, ""COL"": 0.0, ""KOR"": 0.0, ""HKG"": 0.0, ""SVK"": 0.0, ""FRA"": 0.0, ""NZL"": 0.0, ""ISL"": 0.0, ""AUS"": 0.0, ""USA"": 0.0, ""BGR"": 0.0, ""MEX"": 0.0, ""CHL"": 0.0, ""URY"": 0.0, ""ITA"": 0.0, ""HUN"": 0.0, ""DEU"": 0.0, ""DNK"": 0.0, ""JPN"": 0.0, ""CHE"": 0.0}"
S124-lvl,E_level_floor,math,AUS BEL BRA CAN CHE CZE DEU DNK FIN FRA GRC HKG HUN IRL ISL ITA JPN KOR LVA MEX NLD NOR NZL POL PRT SVK SWE THA URY USA,"{""ITA"": 0.705, ""BRA"": 0.295, ""FIN"": 0.0, ""GRC"": 0.0, ""MEX"": 0.0, ""IRL"": 0.0, ""URY"": 0.0, ""DNK"": 0.0, ""CZE"": 0.0, ""NZL"": 0.0, ""KOR"": 0.0, ""LVA"": 0.0, ""HUN"": 0.0, ""SWE"": 0.0, ""AUS"": 0.0, ""POL"": 0.0, ""CHE"": 0.0, ""USA"": 0.0, ""PRT"": 0.0, ""JPN"": 0.0, ""FRA"": 0.0, ""NOR"": 0.0, ""HKG"": 0.0, ""DEU"": 0.0, ""ISL"": 0.0, ""SVK"": 0.0, ""BEL"": 0.0, ""CAN"": 0.0, ""THA"": 0.0, ""NLD"": 0.0}"
S124-lvl,E_level_floor,reading,AUS BEL BRA CAN CHE CZE DEU DNK FIN FRA GRC HKG HUN IRL ISL ITA JPN KOR LVA MEX NLD NOR NZL POL PRT SVK SWE THA URY,"{""JPN"": 0.583, ""MEX"": 0.308, ""HKG"": 0.109, ""CAN"": 0.0, ""ITA"": 0.0, ""LVA"": 0.0, ""CZE"": 0.0, ""IRL"": 0.0, ""NZL"": 0.0, ""URY"": 0.0, ""POL"": 0.0, ""BRA"": 0.0, ""NOR"": 0.0, ""ISL"": 0.0, ""CHE"": 0.0, ""AUS"": 0.0, ""BEL"": 0.0, ""DEU"": 0.0, ""DNK"": 0.0, ""FIN"": 0.0, ""FRA"": 0.0, ""GRC"": 0.0, ""HUN"": 0.0, ""KOR"": 0.0, ""NLD"": 0.0, ""PRT"": 0.0, ""SVK"": 0.0, ""SWE"": 0.0, ""THA"": 0.0}"
S124-lvl,E_level_floor,science,AUS BEL BGR BRA CAN CHE CHL COL CZE DEU DNK EST FIN FRA GBR GRC HKG HRV HUN IRL ISL ISR ITA JPN KOR LTU LVA MEX MNE NLD NOR NZL POL PRT SVK SVN SWE THA TWN URY USA,"{""POL"": 0.726, ""PRT"": 0.274, ""CZE"": 0.0, ""MNE"": 0.0, ""TWN"": 0.0, ""EST"": 0.0, ""HRV"": 0.0, ""SVN"": 0.0, ""IRL"": 0.0, ""ISR"": 0.0, ""FIN"": 0.0, ""CAN"": 0.0, ""THA"": 0.0, ""SWE"": 0.0, ""BEL"": 0.0, ""NLD"": 0.0, ""GRC"": 0.0, ""GBR"": 0.0, ""LVA"": 0.0, ""LTU"": 0.0, ""AUS"": 0.0, ""BGR"": 0.0, ""BRA"": 0.0, ""CHE"": 0.0, ""CHL"": 0.0, ""COL"": 0.0, ""DEU"": 0.0, ""DNK"": 0.0, ""FRA"": 0.0, ""HKG"": 0.0, ""HUN"": 0.0, ""ISL"": 0.0, ""ITA"": 0.0, ""JPN"": 0.0, ""KOR"": 0.0, ""MEX"": 0.0, ""NOR"": 0.0, ""NZL"": 0.0, ""SVK"": 0.0, ""URY"": 0.0, ""USA"": 0.0}"
S124-lvl289+nan,E_level_floor_missing_kept,math,AUS BEL BRA CAN CHE CZE DEU DNK FIN FRA GRC HKG HUN IRL ISL ITA JPN KOR LVA MAC MEX NLD NOR NZL POL PRT SVK SWE THA URY USA,"{""ITA"": 0.705, ""BRA"": 0.295, ""FIN"": 0.0, ""MEX"": 0.0, ""GRC"": 0.0, ""URY"": 0.0, ""IRL"": 0.0, ""CZE"": 0.0, ""DNK"": 0.0, ""NZL"": 0.0, ""SWE"": 0.0, ""KOR"": 0.0, ""HUN"": 0.0, ""LVA"": 0.0, ""AUS"": 0.0, ""POL"": 0.0, ""PRT"": 0.0, ""DEU"": 0.0, ""HKG"": 0.0, ""JPN"": 0.0, ""USA"": 0.0, ""CHE"": 0.0, ""THA"": 0.0, ""MAC"": 0.0, ""NOR"": 0.0, ""CAN"": 0.0, ""FRA"": 0.0, ""ISL"": 0.0, ""SVK"": 0.0, ""BEL"": 0.0, ""NLD"": 0.0}"
S124-lvl289+nan,E_level_floor_missing_kept,reading,AUS BEL BRA CAN CHE CZE DEU DNK FIN FRA GRC HKG HUN IRL ISL ITA JPN KOR LVA MAC MEX NLD NOR NZL POL PRT SVK SWE THA URY,"{""JPN"": 0.583, ""MEX"": 0.308, ""HKG"": 0.109, ""DNK"": 0.0, ""DEU"": 0.0, ""NOR"": 0.0, ""POL"": 0.0, ""ISL"": 0.0, ""PRT"": 0.0, ""THA"": 0.0, ""URY"": 0.0, ""SWE"": 0.0, ""KOR"": 0.0, ""GRC"": 0.0, ""HUN"": 0.0, ""BEL"": 0.0, ""SVK"": 0.0, ""AUS"": 0.0, ""BRA"": 0.0, ""CAN"": 0.0, ""CHE"": 0.0, ""CZE"": 0.0, ""FIN"": 0.0, ""FRA"": 0.0, ""IRL"": 0.0, ""ITA"": 0.0, ""LVA"": 0.0, ""MAC"": 0.0, ""NLD"": 0.0, ""NZL"": 0.0}"
S124-lvl289+nan,E_level_floor_missing_kept,science,AUS BEL BGR BRA CAN CHE CHL COL CZE DEU DNK EST FIN FRA GBR GRC HKG HRV HUN IRL ISL ISR ITA JPN KOR LTU LVA MAC MEX MNE NLD NOR NZL POL PRT SVK SVN SWE THA TWN URY USA,"{""POL"": 0.726, ""PRT"": 0.274, ""CZE"": 0.0, ""MNE"": 0.0, ""TWN"": 0.0, ""EST"": 0.0, ""HRV"": 0.0, ""SVN"": 0.0, ""IRL"": 0.0, ""ISR"": 0.0, ""FIN"": 0.0, ""THA"": 0.0, ""CAN"": 0.0, ""MAC"": 0.0, ""SWE"": 0.0, ""BEL"": 0.0, ""NLD"": 0.0, ""GRC"": 0.0, ""GBR"": 0.0, ""LVA"": 0.0, ""LTU"": 0.0, ""NOR"": 0.0, ""BRA"": 0.0, ""COL"": 0.0, ""KOR"": 0.0, ""HKG"": 0.0, ""SVK"": 0.0, ""FRA"": 0.0, ""NZL"": 0.0, ""ISL"": 0.0, ""AUS"": 0.0, ""USA"": 0.0, ""BGR"": 0.0, ""MEX"": 0.0, ""CHL"": 0.0, ""URY"": 0.0, ""ITA"": 0.0, ""HUN"": 0.0, ""DEU"": 0.0, ""DNK"": 0.0, ""JPN"": 0.0, ""CHE"": 0.0}"
S124-lvl35,E_level_floor_band,math,AUS BEL BRA CAN CHE CZE DEU DNK FIN FRA GRC HUN IRL ISL ITA JPN KOR LVA MEX NLD NOR NZL POL PRT SVK SWE THA URY USA,"{""ITA"": 0.705, ""BRA"": 0.295, ""FIN"": 0.0, ""GRC"": 0.0, ""MEX"": 0.0, ""DNK"": 0.0, ""IRL"": 0.0, ""CZE"": 0.0, ""URY"": 0.0, ""LVA"": 0.0, ""NZL"": 0.0, ""KOR"": 0.0, ""HUN"": 0.0, ""SWE"": 0.0, ""AUS"": 0.0, ""POL"": 0.0, ""CHE"": 0.0, ""USA"": 0.0, ""PRT"": 0.0, ""JPN"": 0.0, ""FRA"": 0.0, ""NOR"": 0.0, ""ISL"": 0.0, ""DEU"": 0.0, ""SVK"": 0.0, ""BEL"": 0.0, ""CAN"": 0.0, ""NLD"": 0.0, ""THA"": 0.0}"
S124-lvl35,E_level_floor_band,reading,AUS BEL BRA CAN CHE CZE DEU DNK FIN FRA GRC HUN IRL ISL ITA JPN KOR LVA MEX NLD NOR NZL POL PRT SVK SWE THA URY,"{""JPN"": 0.579, ""MEX"": 0.369, ""POL"": 0.053, ""IRL"": 0.0, ""KOR"": 0.0, ""DEU"": 0.0, ""FIN"": 0.0, ""DNK"": 0.0, ""CHE"": 0.0, ""THA"": 0.0, ""CZE"": 0.0, ""CAN"": 0.0, ""SVK"": 0.0, ""NZL"": 0.0, ""HUN"": 0.0, ""URY"": 0.0, ""NOR"": 0.0, ""GRC"": 0.0, ""BRA"": 0.0, ""ISL"": 0.0, ""ITA"": 0.0, ""AUS"": 0.0, ""LVA"": 0.0, ""PRT"": 0.0, ""FRA"": 0.0, ""NLD"": 0.0, ""BEL"": 0.0, ""SWE"": 0.0}"
S124-lvl35,E_level_floor_band,science,AUS BEL BGR BRA CAN CHE CHL COL CZE DEU DNK EST FIN FRA GBR GRC HRV HUN IRL ISL ISR ITA JPN KOR LTU LVA MEX MNE NLD NOR NZL POL PRT SVK SVN SWE THA TWN URY USA,"{""POL"": 0.726, ""PRT"": 0.274, ""BRA"": 0.0, ""KOR"": 0.0, ""NOR"": 0.0, ""USA"": 0.0, ""COL"": 0.0, ""ISL"": 0.0, ""ITA"": 0.0, ""SVK"": 0.0, ""CHL"": 0.0, ""NZL"": 0.0, ""MEX"": 0.0, ""CHE"": 0.0, ""JPN"": 0.0, ""URY"": 0.0, ""DNK"": 0.0, ""DEU"": 0.0, ""AUS"": 0.0, ""FRA"": 0.0, ""HUN"": 0.0, ""BGR"": 0.0, ""THA"": 0.0, ""LVA"": 0.0, ""ISR"": 0.0, ""IRL"": 0.0, ""LTU"": 0.0, ""CZE"": 0.0, ""MNE"": 0.0, ""TWN"": 0.0, ""EST"": 0.0, ""HRV"": 0.0, ""SVN"": 0.0, ""FIN"": 0.0, ""CAN"": 0.0, ""SWE"": 0.0, ""BEL"": 0.0, ""NLD"": 0.0, ""GRC"": 0.0, ""GBR"": 0.0}"
S124-lvl35+nan,E_level_floor_missing_kept,math,AUS BEL BRA CAN CHE CZE DEU DNK FIN FRA GRC HUN IRL ISL ITA JPN KOR LVA MAC MEX NLD NOR NZL POL PRT SVK SWE THA URY USA,"{""ITA"": 0.705, ""BRA"": 0.295, ""FIN"": 0.0, ""MEX"": 0.0, ""GRC"": 0.0, ""URY"": 0.0, ""IRL"": 0.0, ""DNK"": 0.0, ""CZE"": 0.0, ""NZL"": 0.0, ""KOR"": 0.0, ""LVA"": 0.0, ""HUN"": 0.0, ""SWE"": 0.0, ""AUS"": 0.0, ""POL"": 0.0, ""PRT"": 0.0, ""DEU"": 0.0, ""USA"": 0.0, ""CHE"": 0.0, ""JPN"": 0.0, ""THA"": 0.0, ""MAC"": 0.0, ""NOR"": 0.0, ""FRA"": 0.0, ""SVK"": 0.0, ""BEL"": 0.0, ""ISL"": 0.0, ""NLD"": 0.0, ""CAN"": 0.0}"
S124-lvl35+nan,E_level_floor_missing_kept,reading,AUS BEL BRA CAN CHE CZE DEU DNK FIN FRA GRC HUN IRL ISL ITA JPN KOR LVA MAC MEX NLD NOR NZL POL PRT SVK SWE THA URY,"{""JPN"": 0.579, ""MEX"": 0.369, ""POL"": 0.053, ""URY"": 0.0, ""AUS"": 0.0, ""ISL"": 0.0, ""ITA"": 0.0, ""BRA"": 0.0, ""GRC"": 0.0, ""PRT"": 0.0, ""MAC"": 0.0, ""CZE"": 0.0, ""FRA"": 0.0, ""HUN"": 0.0, ""NOR"": 0.0, ""CAN"": 0.0, ""DNK"": 0.0, ""BEL"": 0.0, ""CHE"": 0.0, ""DEU"": 0.0, ""FIN"": 0.0, ""IRL"": 0.0, ""KOR"": 0.0, ""LVA"": 0.0, ""NLD"": 0.0, ""NZL"": 0.0, ""SVK"": 0.0, ""SWE"": 0.0, ""THA"": 0.0}"
S124-lvl35+nan,E_level_floor_missing_kept,science,AUS BEL BGR BRA CAN CHE CHL COL CZE DEU DNK EST FIN FRA GBR GRC HRV HUN IRL ISL ISR ITA JPN KOR LTU LVA MAC MEX MNE NLD NOR NZL POL PRT SVK SVN SWE THA TWN URY USA,"{""POL"": 0.726, ""PRT"": 0.274, ""SVK"": 0.0, ""USA"": 0.0, ""HUN"": 0.0, ""NZL"": 0.0, ""ISL"": 0.0, ""JPN"": 0.0, ""CHE"": 0.0, ""AUS"": 0.0, ""DEU"": 0.0, ""BRA"": 0.0, ""SWE"": 0.0, ""CHL"": 0.0, ""URY"": 0.0, ""BGR"": 0.0, ""KOR"": 0.0, ""COL"": 0.0, ""LTU"": 0.0, ""GRC"": 0.0, ""ITA"": 0.0, ""FIN"": 0.0, ""THA"": 0.0, ""NOR"": 0.0, ""ISR"": 0.0, ""IRL"": 0.0, ""FRA"": 0.0, ""MAC"": 0.0, ""LVA"": 0.0, ""MEX"": 0.0, ""DNK"": 0.0, ""GBR"": 0.0, ""BEL"": 0.0, ""CAN"": 0.0, ""CZE"": 0.0, ""EST"": 0.0, ""HRV"": 0.0, ""MNE"": 0.0, ""NLD"": 0.0, ""SVN"": 0.0, ""TWN"": 0.0}"
S134-lvl20,E_level_floor_band,math,AUS BEL CAN CHE DNK FRA IRL ISL JPN LVA NOR NZL,"{""CHE"": 0.726, ""JPN"": 0.274, ""FRA"": 0.0, ""NOR"": 0.0, ""BEL"": 0.0, ""LVA"": 0.0, ""IRL"": 0.0, ""ISL"": 0.0, ""CAN"": 0.0, ""NZL"": 0.0, ""DNK"": 0.0, ""AUS"": 0.0}"
S134-lvl20,E_level_floor_band,reading,AUS BEL CAN CHE DNK FRA IRL ISL JPN LVA NOR NZL,"{""JPN"": 0.783, ""DNK"": 0.198, ""ISL"": 0.019, ""NZL"": 0.0, ""CAN"": 0.0, ""CHE"": 0.0, ""AUS"": 0.0, ""BEL"": 0.0, ""FRA"": 0.0, ""IRL"": 0.0, ""LVA"": 0.0, ""NOR"": 0.0}"
S134-lvl20,E_level_floor_band,science,AUS BEL BGR CAN CHE COL DNK EST FRA IRL ISL JPN LTU LVA NOR NZL TWN,"{""JPN"": 1.0, ""ISL"": 0.0, ""NOR"": 0.0, ""COL"": 0.0, ""NZL"": 0.0, ""CHE"": 0.0, ""AUS"": 0.0, ""BGR"": 0.0, ""LVA"": 0.0, ""IRL"": 0.0, ""LTU"": 0.0, ""EST"": 0.0, ""FRA"": 0.0, ""DNK"": 0.0, ""BEL"": 0.0, ""CAN"": 0.0, ""TWN"": 0.0}"
S134-lvl20+nan,E_level_floor_missing_kept,math,AUS BEL CAN CHE DNK FRA IRL ISL JPN LVA NOR NZL,"{""CHE"": 0.726, ""JPN"": 0.274, ""FRA"": 0.0, ""NOR"": 0.0, ""BEL"": 0.0, ""LVA"": 0.0, ""IRL"": 0.0, ""ISL"": 0.0, ""CAN"": 0.0, ""NZL"": 0.0, ""DNK"": 0.0, ""AUS"": 0.0}"
S134-lvl20+nan,E_level_floor_missing_kept,reading,AUS BEL CAN CHE DNK FRA IRL ISL JPN LVA NOR NZL,"{""JPN"": 0.783, ""DNK"": 0.198, ""ISL"": 0.019, ""NZL"": 0.0, ""CAN"": 0.0, ""CHE"": 0.0, ""AUS"": 0.0, ""BEL"": 0.0, ""FRA"": 0.0, ""IRL"": 0.0, ""LVA"": 0.0, ""NOR"": 0.0}"
S134-lvl20+nan,E_level_floor_missing_kept,science,AUS BEL BGR CAN CHE COL DNK EST FRA IRL ISL JPN LTU LVA NOR NZL TWN,"{""JPN"": 1.0, ""ISL"": 0.0, ""NOR"": 0.0, ""COL"": 0.0, ""NZL"": 0.0, ""CHE"": 0.0, ""AUS"": 0.0, ""BGR"": 0.0, ""LVA"": 0.0, ""IRL"": 0.0, ""LTU"": 0.0, ""EST"": 0.0, ""FRA"": 0.0, ""DNK"": 0.0, ""BEL"": 0.0, ""CAN"": 0.0, ""TWN"": 0.0}"
S134-lvl25,E_level_floor_band,math,AUS BEL CAN CHE DNK FRA IRL ISL JPN LVA NOR NZL,"{""CHE"": 0.726, ""JPN"": 0.274, ""FRA"": 0.0, ""NOR"": 0.0, ""BEL"": 0.0, ""LVA"": 0.0, ""IRL"": 0.0, ""ISL"": 0.0, ""CAN"": 0.0, ""NZL"": 0.0, ""DNK"": 0.0, ""AUS"": 0.0}"
S134-lvl25,E_level_floor_band,reading,AUS BEL CAN CHE DNK FRA IRL ISL JPN LVA NOR NZL,"{""JPN"": 0.783, ""DNK"": 0.198, ""ISL"": 0.019, ""NZL"": 0.0, ""CAN"": 0.0, ""CHE"": 0.0, ""AUS"": 0.0, ""BEL"": 0.0, ""FRA"": 0.0, ""IRL"": 0.0, ""LVA"": 0.0, ""NOR"": 0.0}"
S134-lvl25,E_level_floor_band,science,AUS BEL BGR CAN CHE COL DNK EST FRA IRL ISL JPN LTU LVA NOR NZL TWN,"{""JPN"": 1.0, ""ISL"": 0.0, ""NOR"": 0.0, ""COL"": 0.0, ""NZL"": 0.0, ""CHE"": 0.0, ""AUS"": 0.0, ""BGR"": 0.0, ""LVA"": 0.0, ""IRL"": 0.0, ""LTU"": 0.0, ""EST"": 0.0, ""FRA"": 0.0, ""DNK"": 0.0, ""BEL"": 0.0, ""CAN"": 0.0, ""TWN"": 0.0}"
S134-lvl25+nan,E_level_floor_missing_kept,math,AUS BEL CAN CHE DNK FRA IRL ISL JPN LVA NOR NZL,"{""CHE"": 0.726, ""JPN"": 0.274, ""FRA"": 0.0, ""NOR"": 0.0, ""BEL"": 0.0, ""LVA"": 0.0, ""IRL"": 0.0, ""ISL"": 0.0, ""CAN"": 0.0, ""NZL"": 0.0, ""DNK"": 0.0, ""AUS"": 0.0}"
S134-lvl25+nan,E_level_floor_missing_kept,reading,AUS BEL CAN CHE DNK FRA IRL ISL JPN LVA NOR NZL,"{""JPN"": 0.783, ""DNK"": 0.198, ""ISL"": 0.019, ""NZL"": 0.0, ""CAN"": 0.0, ""CHE"": 0.0, ""AUS"": 0.0, ""BEL"": 0.0, ""FRA"": 0.0, ""IRL"": 0.0, ""LVA"": 0.0, ""NOR"": 0.0}"
S134-lvl25+nan,E_level_floor_missing_kept,science,AUS BEL BGR CAN CHE COL DNK EST FRA IRL ISL JPN LTU LVA NOR NZL TWN,"{""JPN"": 1.0, ""ISL"": 0.0, ""NOR"": 0.0, ""COL"": 0.0, ""NZL"": 0.0, ""CHE"": 0.0, ""AUS"": 0.0, ""BGR"": 0.0, ""LVA"": 0.0, ""IRL"": 0.0, ""LTU"": 0.0, ""EST"": 0.0, ""FRA"": 0.0, ""DNK"": 0.0, ""BEL"": 0.0, ""CAN"": 0.0, ""TWN"": 0.0}"
S134-lvl,E_level_floor,math,AUS BEL CAN CHE DNK FRA IRL ISL JPN LVA NOR NZL,"{""CHE"": 0.726, ""JPN"": 0.274, ""FRA"": 0.0, ""NOR"": 0.0, ""BEL"": 0.0, ""LVA"": 0.0, ""IRL"": 0.0, ""ISL"": 0.0, ""CAN"": 0.0, ""NZL"": 0.0, ""DNK"": 0.0, ""AUS"": 0.0}"
S134-lvl,E_level_floor,reading,AUS BEL CAN CHE DNK FRA IRL ISL JPN LVA NOR NZL,"{""JPN"": 0.783, ""DNK"": 0.198, ""ISL"": 0.019, ""NZL"": 0.0, ""CAN"": 0.0, ""CHE"": 0.0, ""AUS"": 0.0, ""BEL"": 0.0, ""FRA"": 0.0, ""IRL"": 0.0, ""LVA"": 0.0, ""NOR"": 0.0}"
S134-lvl,E_level_floor,science,AUS BEL BGR CAN CHE COL DNK EST FRA IRL ISL JPN LTU LVA NOR NZL TWN,"{""JPN"": 1.0, ""ISL"": 0.0, ""NOR"": 0.0, ""COL"": 0.0, ""NZL"": 0.0, ""CHE"": 0.0, ""AUS"": 0.0, ""BGR"": 0.0, ""LVA"": 0.0, ""IRL"": 0.0, ""LTU"": 0.0, ""EST"": 0.0, ""FRA"": 0.0, ""DNK"": 0.0, ""BEL"": 0.0, ""CAN"": 0.0, ""TWN"": 0.0}"
S134-lvl289+nan,E_level_floor_missing_kept,math,AUS BEL CAN CHE DNK FRA IRL ISL JPN LVA NOR NZL,"{""CHE"": 0.726, ""JPN"": 0.274, ""FRA"": 0.0, ""NOR"": 0.0, ""BEL"": 0.0, ""LVA"": 0.0, ""IRL"": 0.0, ""ISL"": 0.0, ""CAN"": 0.0, ""NZL"": 0.0, ""DNK"": 0.0, ""AUS"": 0.0}"
S134-lvl289+nan,E_level_floor_missing_kept,reading,AUS BEL CAN CHE DNK FRA IRL ISL JPN LVA NOR NZL,"{""JPN"": 0.783, ""DNK"": 0.198, ""ISL"": 0.019, ""NZL"": 0.0, ""CAN"": 0.0, ""CHE"": 0.0, ""AUS"": 0.0, ""BEL"": 0.0, ""FRA"": 0.0, ""IRL"": 0.0, ""LVA"": 0.0, ""NOR"": 0.0}"
S134-lvl289+nan,E_level_floor_missing_kept,science,AUS BEL BGR CAN CHE COL DNK EST FRA IRL ISL JPN LTU LVA NOR NZL TWN,"{""JPN"": 1.0, ""ISL"": 0.0, ""NOR"": 0.0, ""COL"": 0.0, ""NZL"": 0.0, ""CHE"": 0.0, ""AUS"": 0.0, ""BGR"": 0.0, ""LVA"": 0.0, ""IRL"": 0.0, ""LTU"": 0.0, ""EST"": 0.0, ""FRA"": 0.0, ""DNK"": 0.0, ""BEL"": 0.0, ""CAN"": 0.0, ""TWN"": 0.0}"
S134-lvl35,E_level_floor_band,math,AUS BEL CAN CHE DNK FRA IRL ISL JPN LVA NOR NZL,"{""CHE"": 0.726, ""JPN"": 0.274, ""FRA"": 0.0, ""NOR"": 0.0, ""BEL"": 0.0, ""LVA"": 0.0, ""IRL"": 0.0, ""ISL"": 0.0, ""CAN"": 0.0, ""NZL"": 0.0, ""DNK"": 0.0, ""AUS"": 0.0}"
S134-lvl35,E_level_floor_band,reading,AUS BEL CAN CHE DNK FRA IRL ISL JPN LVA NOR NZL,"{""JPN"": 0.783, ""DNK"": 0.198, ""ISL"": 0.019, ""NZL"": 0.0, ""CAN"": 0.0, ""CHE"": 0.0, ""AUS"": 0.0, ""BEL"": 0.0, ""FRA"": 0.0, ""IRL"": 0.0, ""LVA"": 0.0, ""NOR"": 0.0}"
S134-lvl35,E_level_floor_band,science,AUS BEL BGR CAN CHE COL DNK EST FRA IRL ISL JPN LTU LVA NOR NZL TWN,"{""JPN"": 1.0, ""ISL"": 0.0, ""NOR"": 0.0, ""COL"": 0.0, ""NZL"": 0.0, ""CHE"": 0.0, ""AUS"": 0.0, ""BGR"": 0.0, ""LVA"": 0.0, ""IRL"": 0.0, ""LTU"": 0.0, ""EST"": 0.0, ""FRA"": 0.0, ""DNK"": 0.0, ""BEL"": 0.0, ""CAN"": 0.0, ""TWN"": 0.0}"
S134-lvl35+nan,E_level_floor_missing_kept,math,AUS BEL CAN CHE DNK FRA IRL ISL JPN LVA NOR NZL,"{""CHE"": 0.726, ""JPN"": 0.274, ""FRA"": 0.0, ""NOR"": 0.0, ""BEL"": 0.0, ""LVA"": 0.0, ""IRL"": 0.0, ""ISL"": 0.0, ""CAN"": 0.0, ""NZL"": 0.0, ""DNK"": 0.0, ""AUS"": 0.0}"
S134-lvl35+nan,E_level_floor_missing_kept,reading,AUS BEL CAN CHE DNK FRA IRL ISL JPN LVA NOR NZL,"{""JPN"": 0.783, ""DNK"": 0.198, ""ISL"": 0.019, ""NZL"": 0.0, ""CAN"": 0.0, ""CHE"": 0.0, ""AUS"": 0.0, ""BEL"": 0.0, ""FRA"": 0.0, ""IRL"": 0.0, ""LVA"": 0.0, ""NOR"": 0.0}"
S134-lvl35+nan,E_level_floor_missing_kept,science,AUS BEL BGR CAN CHE COL DNK EST FRA IRL ISL JPN LTU LVA NOR NZL TWN,"{""JPN"": 1.0, ""ISL"": 0.0, ""NOR"": 0.0, ""COL"": 0.0, ""NZL"": 0.0, ""CHE"": 0.0, ""AUS"": 0.0, ""BGR"": 0.0, ""LVA"": 0.0, ""IRL"": 0.0, ""LTU"": 0.0, ""EST"": 0.0, ""FRA"": 0.0, ""DNK"": 0.0, ""BEL"": 0.0, ""CAN"": 0.0, ""TWN"": 0.0}"
S1234-lvl20,E_level_floor_band,math,AUS BEL BRA CAN CHE CZE DEU DNK FIN FRA GRC HKG HUN IDN IRL ISL ITA JPN KOR LVA MEX NLD NOR NZL POL PRT SVK SWE THA URY USA,"{""ITA"": 0.705, ""BRA"": 0.295, ""IDN"": 0.0, ""FIN"": 0.0, ""GRC"": 0.0, ""MEX"": 0.0, ""IRL"": 0.0, ""URY"": 0.0, ""DNK"": 0.0, ""CZE"": 0.0, ""KOR"": 0.0, ""LVA"": 0.0, ""NZL"": 0.0, ""HUN"": 0.0, ""SWE"": 0.0, ""AUS"": 0.0, ""POL"": 0.0, ""USA"": 0.0, ""JPN"": 0.0, ""PRT"": 0.0, ""FRA"": 0.0, ""NOR"": 0.0, ""HKG"": 0.0, ""ISL"": 0.0, ""SVK"": 0.0, ""DEU"": 0.0, ""BEL"": 0.0, ""CAN"": 0.0, ""NLD"": 0.0, ""THA"": 0.0, ""CHE"": 0.0}"
S1234-lvl20,E_level_floor_band,reading,AUS BEL BRA CAN CHE CZE DEU DNK FIN FRA GRC HKG HUN IDN IRL ISL ITA JPN KOR LVA MEX NLD NOR NZL POL PRT SVK SWE THA URY,"{""JPN"": 0.583, ""MEX"": 0.308, ""HKG"": 0.109, ""URY"": 0.0, ""FIN"": 0.0, ""HUN"": 0.0, ""DEU"": 0.0, ""GRC"": 0.0, ""ISL"": 0.0, ""NOR"": 0.0, ""THA"": 0.0, ""LVA"": 0.0, ""NZL"": 0.0, ""DNK"": 0.0, ""IDN"": 0.0, ""AUS"": 0.0, ""BEL"": 0.0, ""BRA"": 0.0, ""CAN"": 0.0, ""CHE"": 0.0, ""CZE"": 0.0, ""FRA"": 0.0, ""IRL"": 0.0, ""ITA"": 0.0, ""KOR"": 0.0, ""NLD"": 0.0, ""POL"": 0.0, ""PRT"": 0.0, ""SVK"": 0.0, ""SWE"": 0.0}"
S1234-lvl20,E_level_floor_band,science,AUS BEL BGR BRA CAN CHE CHL COL CZE DEU DNK EST FIN FRA GBR GRC HKG HRV HUN IDN IRL ISL ISR ITA JPN KOR LTU LVA MEX MNE NLD NOR NZL POL PRT ROU SVK SVN SWE THA TWN URY USA,"{""POL"": 0.726, ""PRT"": 0.274, ""CHL"": 0.0, ""NOR"": 0.0, ""KOR"": 0.0, ""SVK"": 0.0, ""ROU"": 0.0, ""COL"": 0.0, ""USA"": 0.0, ""CHE"": 0.0, ""HKG"": 0.0, ""BRA"": 0.0, ""DEU"": 0.0, ""JPN"": 0.0, ""HUN"": 0.0, ""LTU"": 0.0, ""NZL"": 0.0, ""SVN"": 0.0, ""ITA"": 0.0, ""BGR"": 0.0, ""ISL"": 0.0, ""LVA"": 0.0, ""THA"": 0.0, ""ISR"": 0.0, ""FRA"": 0.0, ""CAN"": 0.0, ""IRL"": 0.0, ""MEX"": 0.0, ""DNK"": 0.0, ""GRC"": 0.0, ""EST"": 0.0, ""AUS"": 0.0, ""CZE"": 0.0, ""MNE"": 0.0, ""IDN"": 0.0, ""TWN"": 0.0, ""HRV"": 0.0, ""NLD"": 0.0, ""SWE"": 0.0, ""GBR"": 0.0, ""FIN"": 0.0, ""URY"": 0.0, ""BEL"": 0.0}"
S1234-lvl20+nan,E_level_floor_missing_kept,math,AUS BEL BRA CAN CHE CZE DEU DNK FIN FRA GRC HKG HUN IDN IRL ISL ITA JPN KOR LVA MAC MEX NLD NOR NZL POL PRT SVK SWE THA URY USA,"{""ITA"": 0.705, ""BRA"": 0.295, ""IDN"": 0.0, ""FIN"": 0.0, ""MEX"": 0.0, ""GRC"": 0.0, ""URY"": 0.0, ""IRL"": 0.0, ""KOR"": 0.0, ""DNK"": 0.0, ""NZL"": 0.0, ""LVA"": 0.0, ""CZE"": 0.0, ""AUS"": 0.0, ""HUN"": 0.0, ""SWE"": 0.0, ""POL"": 0.0, ""USA"": 0.0, ""JPN"": 0.0, ""PRT"": 0.0, ""FRA"": 0.0, ""NOR"": 0.0, ""HKG"": 0.0, ""ISL"": 0.0, ""SVK"": 0.0, ""DEU"": 0.0, ""MAC"": 0.0, ""BEL"": 0.0, ""CAN"": 0.0, ""THA"": 0.0, ""NLD"": 0.0, ""CHE"": 0.0}"
S1234-lvl20+nan,E_level_floor_missing_kept,reading,AUS BEL BRA CAN CHE CZE DEU DNK FIN FRA GRC HKG HUN IDN IRL ISL ITA JPN KOR LVA MAC MEX NLD NOR NZL POL PRT SVK SWE THA URY,"{""JPN"": 0.583, ""MEX"": 0.308, ""HKG"": 0.109, ""LVA"": 0.0, ""IRL"": 0.0, ""CAN"": 0.0, ""BRA"": 0.0, ""SVK"": 0.0, ""THA"": 0.0, ""FRA"": 0.0, ""ITA"": 0.0, ""HUN"": 0.0, ""KOR"": 0.0, ""NOR"": 0.0, ""CHE"": 0.0, ""GRC"": 0.0, ""AUS"": 0.0, ""BEL"": 0.0, ""CZE"": 0.0, ""DEU"": 0.0, ""DNK"": 0.0, ""FIN"": 0.0, ""IDN"": 0.0, ""ISL"": 0.0, ""MAC"": 0.0, ""NLD"": 0.0, ""NZL"": 0.0, ""POL"": 0.0, ""PRT"": 0.0, ""SWE"": 0.0, ""URY"": 0.0}"
S1234-lvl20+nan,E_level_floor_missing_kept,science,AUS BEL BGR BRA CAN CHE CHL COL CZE DEU DNK EST FIN FRA GBR GRC HKG HRV HUN IDN IRL ISL ISR ITA JPN KOR LTU LVA MAC MEX MNE NLD NOR NZL POL PRT ROU SVK SVN SWE THA TWN URY USA,"{""POL"": 0.726, ""PRT"": 0.274, ""MNE"": 0.0, ""BRA"": 0.0, ""THA"": 0.0, ""URY"": 0.0, ""MAC"": 0.0, ""FIN"": 0.0, ""LVA"": 0.0, ""HKG"": 0.0, ""EST"": 0.0, ""BEL"": 0.0, ""BGR"": 0.0, ""IDN"": 0.0, ""IRL"": 0.0, ""GBR"": 0.0, ""MEX"": 0.0, ""ITA"": 0.0, ""DNK"": 0.0, ""ROU"": 0.0, ""HUN"": 0.0, ""ISR"": 0.0, ""DEU"": 0.0, ""HRV"": 0.0, ""FRA"": 0.0, ""CAN"": 0.0, ""AUS"": 0.0, ""CHE"": 0.0, ""CHL"": 0.0, ""COL"": 0.0, ""CZE"": 0.0, ""GRC"": 0.0, ""ISL"": 0.0, ""JPN"": 0.0, ""KOR"": 0.0, ""LTU"": 0.0, ""NLD"": 0.0, ""NOR"": 0.0, ""NZL"": 0.0, ""SVK"": 0.0, ""SVN"": 0.0, ""SWE"": 0.0, ""TWN"": 0.0, ""USA"": 0.0}"
S1234-lvl25,E_level_floor_band,math,AUS BEL BRA CAN CHE CZE DEU DNK FIN FRA GRC HKG HUN IDN IRL ISL ITA JPN KOR LVA MEX NLD NOR NZL POL PRT SVK SWE THA URY USA,"{""ITA"": 0.705, ""BRA"": 0.295, ""IDN"": 0.0, ""FIN"": 0.0, ""GRC"": 0.0, ""MEX"": 0.0, ""IRL"": 0.0, ""URY"": 0.0, ""DNK"": 0.0, ""CZE"": 0.0, ""KOR"": 0.0, ""LVA"": 0.0, ""NZL"": 0.0, ""HUN"": 0.0, ""SWE"": 0.0, ""AUS"": 0.0, ""POL"": 0.0, ""USA"": 0.0, ""JPN"": 0.0, ""PRT"": 0.0, ""FRA"": 0.0, ""NOR"": 0.0, ""HKG"": 0.0, ""ISL"": 0.0, ""SVK"": 0.0, ""DEU"": 0.0, ""BEL"": 0.0, ""CAN"": 0.0, ""NLD"": 0.0, ""THA"": 0.0, ""CHE"": 0.0}"
S1234-lvl25,E_level_floor_band,reading,AUS BEL BRA CAN CHE CZE DEU DNK FIN FRA GRC HKG HUN IDN IRL ISL ITA JPN KOR LVA MEX NLD NOR NZL POL PRT SVK SWE THA URY,"{""JPN"": 0.583, ""MEX"": 0.308, ""HKG"": 0.109, ""URY"": 0.0, ""FIN"": 0.0, ""HUN"": 0.0, ""DEU"": 0.0, ""GRC"": 0.0, ""ISL"": 0.0, ""NOR"": 0.0, ""THA"": 0.0, ""LVA"": 0.0, ""NZL"": 0.0, ""DNK"": 0.0, ""IDN"": 0.0, ""AUS"": 0.0, ""BEL"": 0.0, ""BRA"": 0.0, ""CAN"": 0.0, ""CHE"": 0.0, ""CZE"": 0.0, ""FRA"": 0.0, ""IRL"": 0.0, ""ITA"": 0.0, ""KOR"": 0.0, ""NLD"": 0.0, ""POL"": 0.0, ""PRT"": 0.0, ""SVK"": 0.0, ""SWE"": 0.0}"
S1234-lvl25,E_level_floor_band,science,AUS BEL BGR BRA CAN CHE CHL COL CZE DEU DNK EST FIN FRA GBR GRC HKG HRV HUN IDN IRL ISL ISR ITA JPN KOR LTU LVA MEX MNE NLD NOR NZL POL PRT ROU SVK SVN SWE THA TWN URY USA,"{""POL"": 0.726, ""PRT"": 0.274, ""CHL"": 0.0, ""NOR"": 0.0, ""KOR"": 0.0, ""SVK"": 0.0, ""ROU"": 0.0, ""COL"": 0.0, ""USA"": 0.0, ""CHE"": 0.0, ""HKG"": 0.0, ""BRA"": 0.0, ""DEU"": 0.0, ""JPN"": 0.0, ""HUN"": 0.0, ""LTU"": 0.0, ""NZL"": 0.0, ""SVN"": 0.0, ""ITA"": 0.0, ""BGR"": 0.0, ""ISL"": 0.0, ""LVA"": 0.0, ""THA"": 0.0, ""ISR"": 0.0, ""FRA"": 0.0, ""CAN"": 0.0, ""IRL"": 0.0, ""MEX"": 0.0, ""DNK"": 0.0, ""GRC"": 0.0, ""EST"": 0.0, ""AUS"": 0.0, ""CZE"": 0.0, ""MNE"": 0.0, ""IDN"": 0.0, ""TWN"": 0.0, ""HRV"": 0.0, ""NLD"": 0.0, ""SWE"": 0.0, ""GBR"": 0.0, ""FIN"": 0.0, ""URY"": 0.0, ""BEL"": 0.0}"
S1234-lvl25+nan,E_level_floor_missing_kept,math,AUS BEL BRA CAN CHE CZE DEU DNK FIN FRA GRC HKG HUN IDN IRL ISL ITA JPN KOR LVA MAC MEX NLD NOR NZL POL PRT SVK SWE THA URY USA,"{""ITA"": 0.705, ""BRA"": 0.295, ""IDN"": 0.0, ""FIN"": 0.0, ""MEX"": 0.0, ""GRC"": 0.0, ""URY"": 0.0, ""IRL"": 0.0, ""KOR"": 0.0, ""DNK"": 0.0, ""NZL"": 0.0, ""LVA"": 0.0, ""CZE"": 0.0, ""AUS"": 0.0, ""HUN"": 0.0, ""SWE"": 0.0, ""POL"": 0.0, ""USA"": 0.0, ""JPN"": 0.0, ""PRT"": 0.0, ""FRA"": 0.0, ""NOR"": 0.0, ""HKG"": 0.0, ""ISL"": 0.0, ""SVK"": 0.0, ""DEU"": 0.0, ""MAC"": 0.0, ""BEL"": 0.0, ""CAN"": 0.0, ""THA"": 0.0, ""NLD"": 0.0, ""CHE"": 0.0}"
S1234-lvl25+nan,E_level_floor_missing_kept,reading,AUS BEL BRA CAN CHE CZE DEU DNK FIN FRA GRC HKG HUN IDN IRL ISL ITA JPN KOR LVA MAC MEX NLD NOR NZL POL PRT SVK SWE THA URY,"{""JPN"": 0.583, ""MEX"": 0.308, ""HKG"": 0.109, ""LVA"": 0.0, ""IRL"": 0.0, ""CAN"": 0.0, ""BRA"": 0.0, ""SVK"": 0.0, ""THA"": 0.0, ""FRA"": 0.0, ""ITA"": 0.0, ""HUN"": 0.0, ""KOR"": 0.0, ""NOR"": 0.0, ""CHE"": 0.0, ""GRC"": 0.0, ""AUS"": 0.0, ""BEL"": 0.0, ""CZE"": 0.0, ""DEU"": 0.0, ""DNK"": 0.0, ""FIN"": 0.0, ""IDN"": 0.0, ""ISL"": 0.0, ""MAC"": 0.0, ""NLD"": 0.0, ""NZL"": 0.0, ""POL"": 0.0, ""PRT"": 0.0, ""SWE"": 0.0, ""URY"": 0.0}"
S1234-lvl25+nan,E_level_floor_missing_kept,science,AUS BEL BGR BRA CAN CHE CHL COL CZE DEU DNK EST FIN FRA GBR GRC HKG HRV HUN IDN IRL ISL ISR ITA JPN KOR LTU LVA MAC MEX MNE NLD NOR NZL POL PRT ROU SVK SVN SWE THA TWN URY USA,"{""POL"": 0.726, ""PRT"": 0.274, ""MNE"": 0.0, ""BRA"": 0.0, ""THA"": 0.0, ""URY"": 0.0, ""MAC"": 0.0, ""FIN"": 0.0, ""LVA"": 0.0, ""HKG"": 0.0, ""EST"": 0.0, ""BEL"": 0.0, ""BGR"": 0.0, ""IDN"": 0.0, ""IRL"": 0.0, ""GBR"": 0.0, ""MEX"": 0.0, ""ITA"": 0.0, ""DNK"": 0.0, ""ROU"": 0.0, ""HUN"": 0.0, ""ISR"": 0.0, ""DEU"": 0.0, ""HRV"": 0.0, ""FRA"": 0.0, ""CAN"": 0.0, ""AUS"": 0.0, ""CHE"": 0.0, ""CHL"": 0.0, ""COL"": 0.0, ""CZE"": 0.0, ""GRC"": 0.0, ""ISL"": 0.0, ""JPN"": 0.0, ""KOR"": 0.0, ""LTU"": 0.0, ""NLD"": 0.0, ""NOR"": 0.0, ""NZL"": 0.0, ""SVK"": 0.0, ""SVN"": 0.0, ""SWE"": 0.0, ""TWN"": 0.0, ""USA"": 0.0}"
S1234-lvl,E_level_floor,math,AUS BEL BRA CAN CHE CZE DEU DNK FIN FRA GRC HKG HUN IDN IRL ISL ITA JPN KOR LVA MEX NLD NOR NZL POL PRT SVK SWE THA URY USA,"{""ITA"": 0.705, ""BRA"": 0.295, ""IDN"": 0.0, ""FIN"": 0.0, ""GRC"": 0.0, ""MEX"": 0.0, ""IRL"": 0.0, ""URY"": 0.0, ""DNK"": 0.0, ""CZE"": 0.0, ""KOR"": 0.0, ""LVA"": 0.0, ""NZL"": 0.0, ""HUN"": 0.0, ""SWE"": 0.0, ""AUS"": 0.0, ""POL"": 0.0, ""USA"": 0.0, ""JPN"": 0.0, ""PRT"": 0.0, ""FRA"": 0.0, ""NOR"": 0.0, ""HKG"": 0.0, ""ISL"": 0.0, ""SVK"": 0.0, ""DEU"": 0.0, ""BEL"": 0.0, ""CAN"": 0.0, ""NLD"": 0.0, ""THA"": 0.0, ""CHE"": 0.0}"
S1234-lvl,E_level_floor,reading,AUS BEL BRA CAN CHE CZE DEU DNK FIN FRA GRC HKG HUN IDN IRL ISL ITA JPN KOR LVA MEX NLD NOR NZL POL PRT SVK SWE THA URY,"{""JPN"": 0.583, ""MEX"": 0.308, ""HKG"": 0.109, ""URY"": 0.0, ""FIN"": 0.0, ""HUN"": 0.0, ""DEU"": 0.0, ""GRC"": 0.0, ""ISL"": 0.0, ""NOR"": 0.0, ""THA"": 0.0, ""LVA"": 0.0, ""NZL"": 0.0, ""DNK"": 0.0, ""IDN"": 0.0, ""AUS"": 0.0, ""BEL"": 0.0, ""BRA"": 0.0, ""CAN"": 0.0, ""CHE"": 0.0, ""CZE"": 0.0, ""FRA"": 0.0, ""IRL"": 0.0, ""ITA"": 0.0, ""KOR"": 0.0, ""NLD"": 0.0, ""POL"": 0.0, ""PRT"": 0.0, ""SVK"": 0.0, ""SWE"": 0.0}"
S1234-lvl,E_level_floor,science,AUS BEL BGR BRA CAN CHE CHL COL CZE DEU DNK EST FIN FRA GBR GRC HKG HRV HUN IDN IRL ISL ISR ITA JPN KOR LTU LVA MEX MNE NLD NOR NZL POL PRT ROU SVK SVN SWE THA TWN URY USA,"{""POL"": 0.726, ""PRT"": 0.274, ""CHL"": 0.0, ""NOR"": 0.0, ""KOR"": 0.0, ""SVK"": 0.0, ""ROU"": 0.0, ""COL"": 0.0, ""USA"": 0.0, ""CHE"": 0.0, ""HKG"": 0.0, ""BRA"": 0.0, ""DEU"": 0.0, ""JPN"": 0.0, ""HUN"": 0.0, ""LTU"": 0.0, ""NZL"": 0.0, ""SVN"": 0.0, ""ITA"": 0.0, ""BGR"": 0.0, ""ISL"": 0.0, ""LVA"": 0.0, ""THA"": 0.0, ""ISR"": 0.0, ""FRA"": 0.0, ""CAN"": 0.0, ""IRL"": 0.0, ""MEX"": 0.0, ""DNK"": 0.0, ""GRC"": 0.0, ""EST"": 0.0, ""AUS"": 0.0, ""CZE"": 0.0, ""MNE"": 0.0, ""IDN"": 0.0, ""TWN"": 0.0, ""HRV"": 0.0, ""NLD"": 0.0, ""SWE"": 0.0, ""GBR"": 0.0, ""FIN"": 0.0, ""URY"": 0.0, ""BEL"": 0.0}"
S1234-lvl289+nan,E_level_floor_missing_kept,math,AUS BEL BRA CAN CHE CZE DEU DNK FIN FRA GRC HKG HUN IDN IRL ISL ITA JPN KOR LVA MAC MEX NLD NOR NZL POL PRT SVK SWE THA URY USA,"{""ITA"": 0.705, ""BRA"": 0.295, ""IDN"": 0.0, ""FIN"": 0.0, ""MEX"": 0.0, ""GRC"": 0.0, ""URY"": 0.0, ""IRL"": 0.0, ""KOR"": 0.0, ""DNK"": 0.0, ""NZL"": 0.0, ""LVA"": 0.0, ""CZE"": 0.0, ""AUS"": 0.0, ""HUN"": 0.0, ""SWE"": 0.0, ""POL"": 0.0, ""USA"": 0.0, ""JPN"": 0.0, ""PRT"": 0.0, ""FRA"": 0.0, ""NOR"": 0.0, ""HKG"": 0.0, ""ISL"": 0.0, ""SVK"": 0.0, ""DEU"": 0.0, ""MAC"": 0.0, ""BEL"": 0.0, ""CAN"": 0.0, ""THA"": 0.0, ""NLD"": 0.0, ""CHE"": 0.0}"
S1234-lvl289+nan,E_level_floor_missing_kept,reading,AUS BEL BRA CAN CHE CZE DEU DNK FIN FRA GRC HKG HUN IDN IRL ISL ITA JPN KOR LVA MAC MEX NLD NOR NZL POL PRT SVK SWE THA URY,"{""JPN"": 0.583, ""MEX"": 0.308, ""HKG"": 0.109, ""LVA"": 0.0, ""IRL"": 0.0, ""CAN"": 0.0, ""BRA"": 0.0, ""SVK"": 0.0, ""THA"": 0.0, ""FRA"": 0.0, ""ITA"": 0.0, ""HUN"": 0.0, ""KOR"": 0.0, ""NOR"": 0.0, ""CHE"": 0.0, ""GRC"": 0.0, ""AUS"": 0.0, ""BEL"": 0.0, ""CZE"": 0.0, ""DEU"": 0.0, ""DNK"": 0.0, ""FIN"": 0.0, ""IDN"": 0.0, ""ISL"": 0.0, ""MAC"": 0.0, ""NLD"": 0.0, ""NZL"": 0.0, ""POL"": 0.0, ""PRT"": 0.0, ""SWE"": 0.0, ""URY"": 0.0}"
S1234-lvl289+nan,E_level_floor_missing_kept,science,AUS BEL BGR BRA CAN CHE CHL COL CZE DEU DNK EST FIN FRA GBR GRC HKG HRV HUN IDN IRL ISL ISR ITA JPN KOR LTU LVA MAC MEX MNE NLD NOR NZL POL PRT ROU SVK SVN SWE THA TWN URY USA,"{""POL"": 0.726, ""PRT"": 0.274, ""MNE"": 0.0, ""BRA"": 0.0, ""THA"": 0.0, ""URY"": 0.0, ""MAC"": 0.0, ""FIN"": 0.0, ""LVA"": 0.0, ""HKG"": 0.0, ""EST"": 0.0, ""BEL"": 0.0, ""BGR"": 0.0, ""IDN"": 0.0, ""IRL"": 0.0, ""GBR"": 0.0, ""MEX"": 0.0, ""ITA"": 0.0, ""DNK"": 0.0, ""ROU"": 0.0, ""HUN"": 0.0, ""ISR"": 0.0, ""DEU"": 0.0, ""HRV"": 0.0, ""FRA"": 0.0, ""CAN"": 0.0, ""AUS"": 0.0, ""CHE"": 0.0, ""CHL"": 0.0, ""COL"": 0.0, ""CZE"": 0.0, ""GRC"": 0.0, ""ISL"": 0.0, ""JPN"": 0.0, ""KOR"": 0.0, ""LTU"": 0.0, ""NLD"": 0.0, ""NOR"": 0.0, ""NZL"": 0.0, ""SVK"": 0.0, ""SVN"": 0.0, ""SWE"": 0.0, ""TWN"": 0.0, ""USA"": 0.0}"
S1234-lvl35,E_level_floor_band,math,AUS BEL BRA CAN CHE CZE DEU DNK FIN FRA GRC HUN IDN IRL ISL ITA JPN KOR LVA MEX NLD NOR NZL POL PRT SVK SWE THA URY USA,"{""ITA"": 0.705, ""BRA"": 0.295, ""IDN"": 0.0, ""FIN"": 0.0, ""MEX"": 0.0, ""GRC"": 0.0, ""IRL"": 0.0, ""URY"": 0.0, ""DNK"": 0.0, ""CZE"": 0.0, ""KOR"": 0.0, ""LVA"": 0.0, ""NZL"": 0.0, ""HUN"": 0.0, ""POL"": 0.0, ""SWE"": 0.0, ""AUS"": 0.0, ""BEL"": 0.0, ""CAN"": 0.0, ""CHE"": 0.0, ""DEU"": 0.0, ""FRA"": 0.0, ""ISL"": 0.0, ""JPN"": 0.0, ""NLD"": 0.0, ""NOR"": 0.0, ""PRT"": 0.0, ""SVK"": 0.0, ""THA"": 0.0, ""USA"": 0.0}"
S1234-lvl35,E_level_floor_band,reading,AUS BEL BRA CAN CHE CZE DEU DNK FIN FRA GRC HUN IDN IRL ISL ITA JPN KOR LVA MEX NLD NOR NZL POL PRT SVK SWE THA URY,"{""JPN"": 0.579, ""MEX"": 0.369, ""POL"": 0.053, ""IRL"": 0.0, ""KOR"": 0.0, ""FIN"": 0.0, ""DEU"": 0.0, ""IDN"": 0.0, ""NZL"": 0.0, ""CAN"": 0.0, ""CHE"": 0.0, ""DNK"": 0.0, ""HUN"": 0.0, ""THA"": 0.0, ""URY"": 0.0, ""GRC"": 0.0, ""NOR"": 0.0, ""BRA"": 0.0, ""ISL"": 0.0, ""AUS"": 0.0, ""ITA"": 0.0, ""LVA"": 0.0, ""PRT"": 0.0, ""SVK"": 0.0, ""FRA"": 0.0, ""NLD"": 0.0, ""SWE"": 0.0, ""BEL"": 0.0, ""CZE"": 0.0}"
S1234-lvl35,E_level_floor_band,science,AUS BEL BGR BRA CAN CHE CHL COL CZE DEU DNK EST FIN FRA GBR GRC HRV HUN IDN IRL ISL ISR ITA JPN KOR LTU LVA MEX MNE NLD NOR NZL POL PRT ROU SVK SVN SWE THA TWN URY USA,"{""POL"": 0.726, ""PRT"": 0.274, ""ITA"": 0.0, ""ROU"": 0.0, ""KOR"": 0.0, ""LVA"": 0.0, ""CHL"": 0.0, ""CHE"": 0.0, ""NOR"": 0.0, ""COL"": 0.0, ""DNK"": 0.0, ""BEL"": 0.0, ""LTU"": 0.0, ""FRA"": 0.0, ""BRA"": 0.0, ""JPN"": 0.0, ""ISR"": 0.0, ""SVN"": 0.0, ""IRL"": 0.0, ""USA"": 0.0, ""GBR"": 0.0, ""THA"": 0.0, ""MNE"": 0.0, ""DEU"": 0.0, ""HUN"": 0.0, ""SWE"": 0.0, ""MEX"": 0.0, ""NLD"": 0.0, ""IDN"": 0.0, ""FIN"": 0.0, ""HRV"": 0.0, ""GRC"": 0.0, ""TWN"": 0.0, ""AUS"": 0.0, ""NZL"": 0.0, ""CZE"": 0.0, ""CAN"": 0.0, ""SVK"": 0.0, ""URY"": 0.0, ""ISL"": 0.0, ""EST"": 0.0, ""BGR"": 0.0}"
S1234-lvl35+nan,E_level_floor_missing_kept,math,AUS BEL BRA CAN CHE CZE DEU DNK FIN FRA GRC HUN IDN IRL ISL ITA JPN KOR LVA MAC MEX NLD NOR NZL POL PRT SVK SWE THA URY USA,"{""ITA"": 0.705, ""BRA"": 0.295, ""USA"": 0.0, ""PRT"": 0.0, ""JPN"": 0.0, ""FRA"": 0.0, ""NOR"": 0.0, ""DEU"": 0.0, ""SVK"": 0.0, ""ISL"": 0.0, ""MAC"": 0.0, ""BEL"": 0.0, ""CAN"": 0.0, ""THA"": 0.0, ""NLD"": 0.0, ""MEX"": 0.0, ""POL"": 0.0, ""GRC"": 0.0, ""KOR"": 0.0, ""CHE"": 0.0, ""IDN"": 0.0, ""LVA"": 0.0, ""FIN"": 0.0, ""URY"": 0.0, ""DNK"": 0.0, ""CZE"": 0.0, ""IRL"": 0.0, ""NZL"": 0.0, ""SWE"": 0.0, ""HUN"": 0.0, ""AUS"": 0.0}"
S1234-lvl35+nan,E_level_floor_missing_kept,reading,AUS BEL BRA CAN CHE CZE DEU DNK FIN FRA GRC HUN IDN IRL ISL ITA JPN KOR LVA MAC MEX NLD NOR NZL POL PRT SVK SWE THA URY,"{""JPN"": 0.579, ""MEX"": 0.369, ""POL"": 0.053, ""URY"": 0.0, ""NOR"": 0.0, ""GRC"": 0.0, ""BRA"": 0.0, ""ISL"": 0.0, ""AUS"": 0.0, ""LVA"": 0.0, ""PRT"": 0.0, ""ITA"": 0.0, ""SVK"": 0.0, ""FRA"": 0.0, ""BEL"": 0.0, ""SWE"": 0.0, ""NLD"": 0.0, ""HUN"": 0.0, ""IRL"": 0.0, ""KOR"": 0.0, ""IDN"": 0.0, ""FIN"": 0.0, ""DEU"": 0.0, ""DNK"": 0.0, ""CHE"": 0.0, ""MAC"": 0.0, ""CAN"": 0.0, ""THA"": 0.0, ""CZE"": 0.0, ""NZL"": 0.0}"
S1234-lvl35+nan,E_level_floor_missing_kept,science,AUS BEL BGR BRA CAN CHE CHL COL CZE DEU DNK EST FIN FRA GBR GRC HRV HUN IDN IRL ISL ISR ITA JPN KOR LTU LVA MAC MEX MNE NLD NOR NZL POL PRT ROU SVK SVN SWE THA TWN URY USA,"{""POL"": 0.726, ""PRT"": 0.274, ""COL"": 0.0, ""NOR"": 0.0, ""KOR"": 0.0, ""LVA"": 0.0, ""FRA"": 0.0, ""BGR"": 0.0, ""ISL"": 0.0, ""DNK"": 0.0, ""ITA"": 0.0, ""MEX"": 0.0, ""SVK"": 0.0, ""CHE"": 0.0, ""JPN"": 0.0, ""ROU"": 0.0, ""BRA"": 0.0, ""NLD"": 0.0, ""IRL"": 0.0, ""URY"": 0.0, ""NZL"": 0.0, ""THA"": 0.0, ""AUS"": 0.0, ""USA"": 0.0, ""MAC"": 0.0, ""CZE"": 0.0, ""MNE"": 0.0, ""IDN"": 0.0, ""EST"": 0.0, ""TWN"": 0.0, ""GRC"": 0.0, ""CAN"": 0.0, ""HRV"": 0.0, ""SWE"": 0.0, ""GBR"": 0.0, ""ISR"": 0.0, ""SVN"": 0.0, ""FIN"": 0.0, ""BEL"": 0.0, ""DEU"": 0.0, ""CHL"": 0.0, ""HUN"": 0.0, ""LTU"": 0.0}"
